<?xml version="1.0" encoding="UTF-8"?>
<!-- 

  ancora-2.0
       
			Copyright (C) 2007, 2008, 2009, 2010, 2011 UB - CLiC
			Centre de Llenguatge i Computació - Universitat de Barcelona
 
  This file is part of ancora-2.0.
 
  ancora-2.0 is free software and data: you can redistribute it and/or modify
  it under the terms of the GNU General Public License as published
  by the Free Software Foundation, either version 3 of the License,
  or (at your option) any later version.

  ancora-2.0 is distributed in the hope that it will be useful,
  but WITHOUT ANY WARRANTY; without even the implied warranty of
  MERCHANTABILITY or FITNESS FOR A PARTICULAR PURPOSE.  See the
  GNU General Public License for more details.
 
  You should have received a copy of the GNU General Public License
  along with ancora-2.0.  If not, see &lt;http://www.gnu.org/licenses/&gt;.
 
  Check a text in catalan explaining the terms of the license at http://www.softcatala.cat/wiki/GPL3.
  In spanish at http://www.viti.es/gnu/licenses/gpl.html
 

  The following paper must be cited when using this corpus:

 * Taulé, M., M.A. Martí, M. Recasens (2008) 'Ancora: Multilevel Annotated Corpora for Catalan and Spanish',
   Proceedings of 6th International Conference on Language Resources and Evaluation. Marrakesh (Morocco).

  In addition, the following paper must be cited if coreference information (attributes entity, coreftype,
  corefsubtype, homophoricDD or entityref) is used:

 * Recasens, Marta, M. Antònia Martí (2010) ‘AnCora-CO: Coreferentially annotated corpora for Spanish and
   Catalan’. Language Resources and Evaluation, Springer Science.

  Additionally, the following paper must be cited when argumental attributes in "sn" or "grup.nom"
  (attributes func, arg, tem or lexicalid) are used:

 * Peris, Aina, Mariona Taulé, Horacio Rodríguez (2010) ‘Semantic Annotation of Deverbal Nominalizations in the
   Spanish AnCora corpus’. Treebanks and Linguistic Theories (TLT-2010), Estonia.
-->
<article lng="es">
  <sentence>
    <sn arg="arg0" entity="entity3" entityref="nne" func="suj" homophoricDD="yes" tem="agt">
      <spec gen="m" num="p">
        <d gen="m" lem="el" num="p" pos="da0mp0" postype="article" wd="Los"/>
      </spec>
      <grup.nom gen="m" num="p">
        <n gen="m" lem="ministro" num="p" pos="ncmp000" postype="common" sense="16:07412658" wd="ministros"/>
        <sp>
          <prep>
            <s lem="de" pos="sps00" postype="preposition" wd="de"/>
          </prep>
          <sn entity="entity26" entityref="ne" ne="organization">
            <grup.nom>
              <n lem="Transporte_de_América" ne="organization" pos="np0000o" postype="proper" sense="16:cs1" wd="Transporte_de_América"/>
            </grup.nom>
          </sn>
        </sp>
      </grup.nom>
    </sn>
    <grup.verb>
      <v lem="subrayar" lss="A21.transitive-agentive-patient" mood="indicative" num="p" person="3" pos="vmis3p0" postype="main" tense="past" wd="subrayaron"/>
    </grup.verb>
    <sadv arg="argM" func="cc" tem="tmp">
      <grup.adv>
        <r lem="hoy" pos="rg" wd="hoy"/>
      </grup.adv>
    </sadv>
    <sp arg="argM" func="cc" tem="loc">
      <prep>
        <s lem="en" pos="sps00" postype="preposition" wd="en"/>
      </prep>
      <sn entity="entity5" entityref="ne" ne="location">
        <grup.nom>
          <n lem="Washington" ne="location" pos="np0000l" postype="proper" wd="Washington"/>
        </grup.nom>
      </sn>
    </sp>
    <sn arg="arg1" entity="entity1" entityref="nne" func="cd" homophoricDD="yes" tem="pat">
      <spec gen="f" num="s">
        <d gen="f" lem="el" num="s" pos="da0fs0" postype="article" wd="la"/>
      </spec>
      <grup.nom gen="f" num="s">
        <n gen="f" lem="importancia" lexicalid="noun.importancia.1.default" num="s" origin="deverbal" pos="ncfs000" postype="common" sense="16:04025511" wd="importancia"/>
        <s.a func="cn" gen="f" num="s">
          <grup.a gen="f" num="s">
            <f lem="&quot;" pos="fe" punct="quotation" wd="&quot;"/>
            <a gen="c" lem="vital" num="s" pos="aq0cs0" postype="qualificative" wd="vital"/>
            <f lem="&quot;" pos="fe" punct="quotation" wd="&quot;"/>
          </grup.a>
        </s.a>
        <S clausetype="relative" func="cn">
          <relatiu arg="arg2" coreftype="ident" entity="entity1" entityref="nne" func="cd" functype="quantitative" tem="atr">
            <p gen="c" lem="que" num="c" pos="pr0cn000" postype="relative" wd="que"/>
          </relatiu>
          <sn arg="arg1" entity="entity12" entityref="nne" func="suj" homophoricDD="yes" tem="tem">
            <spec gen="m" num="s">
              <d gen="m" lem="el" num="s" pos="da0ms0" postype="article" wd="el"/>
            </spec>
            <grup.nom gen="m" num="s">
              <n gen="m" lem="desarrollo" lexicalid="noun.desarrollo.5.default" num="s" origin="deverbal" pos="ncms000" postype="common" sense="16:10348212" wd="desarrollo"/>
              <sp arg="arg1" func="cn" tem="pat">
                <prep>
                  <s lem="de" pos="sps00" postype="preposition" wd="de"/>
                </prep>
                <sn entity="entity11" entityref="nne" homophoricDD="yes">
                  <spec gen="f" num="p">
                    <d gen="f" lem="el" num="p" pos="da0fp0" postype="article" wd="las"/>
                  </spec>
                  <grup.nom gen="f" num="p">
                    <n gen="f" lem="infraestructura" num="p" pos="ncfp000" postype="common" sense="16:02855978" wd="infraestructuras"/>
                    <sp>
                      <prep>
                        <s lem="de" pos="sps00" postype="preposition" wd="de"/>
                      </prep>
                      <sn>
                        <grup.nom gen="m" num="p">
                          <n gen="m" lem="transporte" lexicalid="noun.transporte.1.default" num="p" origin="deverbal" pos="ncmp000" postype="common" sense="16:03532413" wd="transportes"/>
                        </grup.nom>
                      </sn>
                    </sp>
                  </grup.nom>
                </sn>
              </sp>
            </grup.nom>
          </sn>
          <grup.verb>
            <v lem="tener" lss="C21.state-attributive" mood="indicative" num="p" person="3" pos="vmip3p0" postype="main" tense="present" wd="tienen"/>
          </grup.verb>
          <sp arg="argM" func="cc" tem="fin">
            <prep>
              <s lem="para" pos="sps00" postype="preposition" wd="para"/>
            </prep>
            <sn entityref="nne" homophoricDD="yes">
              <spec gen="m" num="s">
                <d gen="m" lem="el" num="s" pos="da0ms0" postype="article" wd="el"/>
              </spec>
              <grup.nom gen="m" num="s">
                <n gen="m" lem="crecimiento" lexicalid="noun.crecimiento.1.default" num="s" origin="deverbal" pos="ncms000" postype="common" sense="16:00233535" wd="crecimiento"/>
                <s.a arg="arg1" func="cn" gen="m" num="s" tem="tem">
                  <grup.a gen="m" num="s">
                    <a gen="m" lem="económico" num="s" pos="aq0ms0" postype="qualificative" wd="económico"/>
                  </grup.a>
                </s.a>
                <sp func="cn">
                  <prep>
                    <s lem="de" pos="sps00" postype="preposition" wd="de"/>
                  </prep>
                  <sn entity="entity10" entityref="nne" homophoricDD="yes">
                    <spec gen="m" num="p">
                      <d gen="m" lem="el" num="p" pos="da0mp0" postype="article" wd="los"/>
                    </spec>
                    <grup.nom gen="m" num="p">
                      <n gen="m" lem="país" num="p" pos="ncmp000" postype="common" sense="16:06074189" wd="países"/>
                      <s.a gen="m" num="p">
                        <grup.a gen="m" num="p">
                          <a gen="m" lem="pequeño" num="p" pos="aq0mp0" postype="qualificative" wd="pequeños"/>
                        </grup.a>
                      </s.a>
                      <sp>
                        <prep>
                          <s contracted="yes" gen="m" lem="del" num="s" pos="spcms" postype="preposition" wd="del"/>
                        </prep>
                        <sn entity="entity9" entityref="spec">
                          <grup.nom gen="m" num="s">
                            <n gen="m" lem="continente" num="s" pos="ncms000" postype="common" sense="16:06835944" wd="continente"/>
                          </grup.nom>
                        </sn>
                      </sp>
                    </grup.nom>
                  </sn>
                </sp>
              </grup.nom>
            </sn>
          </sp>
        </S>
      </grup.nom>
    </sn>
    <f lem="." pos="fp" punct="period" wd="."/>
  </sentence>
  <sentence>
    <sn arg="arg0" func="suj" tem="agt">
      <S adjunct="yes" clausetype="participle" impersonal="yes">
        <participi>
          <a gen="m" lem="reunido" lss="B12.unaccusative-passive-ditransitive" num="p" pos="aq0mpp" posfunction="participle" postype="qualificative" wd="Reunidos"/>
        </participi>
        <sp arg="argM" func="cc" tem="cau">
          <prep>
            <s lem="a" pos="sps00" postype="preposition" wd="a"/>
          </prep>
          <sn>
            <grup.nom gen="f" num="s">
              <n gen="f" lem="invitación" lexicalid="noun.invitación.1.default" num="s" origin="deverbal" pos="ncfs000" postype="common" sense="16:05371036" wd="invitación"/>
              <sp arg="arg0" func="cn" tem="agt">
                <prep>
                  <s contracted="yes" gen="m" lem="del" num="s" pos="spcms" postype="preposition" wd="del"/>
                </prep>
                <sn entity="entity2" entityref="ne" ne="person">
                  <grup.nom gen="m" num="s">
                    <n gen="m" lem="secretario" num="s" pos="ncms000" postype="common" sense="16:07556911" wd="secretario"/>
                    <sp>
                      <prep>
                        <s lem="de" pos="sps00" postype="preposition" wd="de"/>
                      </prep>
                      <sn entity="entity16" entityref="ne" ne="organization">
                        <grup.nom>
                          <n lem="Transporte_de_EEUU" ne="organization" pos="np0000o" postype="proper" sense="16:cs1" wd="Transporte_de_EEUU"/>
                        </grup.nom>
                      </sn>
                    </sp>
                    <sn corefsubtype="definit" coreftype="pred" entity="entity2" entityref="ne" ne="person">
                      <f lem="," pos="fc" punct="comma" wd=","/>
                      <grup.nom gen="m" num="s">
                        <n lem="Rodney_Slater" ne="person" pos="np0000p" postype="proper" sense="16:cs1" wd="Rodney_Slater"/>
                      </grup.nom>
                      <f lem="," pos="fc" punct="comma" wd=","/>
                    </sn>
                  </grup.nom>
                </sn>
              </sp>
            </grup.nom>
          </sn>
        </sp>
      </S>
      <sn coreftype="ident" entity="entity3" entityref="nne">
        <spec gen="m" num="p">
          <d gen="m" lem="el" num="p" pos="da0mp0" postype="article" wd="los"/>
        </spec>
        <grup.nom gen="m" num="p">
          <n gen="m" lem="ministro" num="p" pos="ncmp000" postype="common" sense="16:07412658" wd="ministros"/>
        </grup.nom>
      </sn>
    </sn>
    <grup.verb>
      <v lem="participar" lss="A22.transitive-agentive-theme" mood="indicative" num="p" person="3" pos="vmis3p0" postype="main" tense="past" wd="participaron"/>
    </grup.verb>
    <sp arg="arg1" func="creg" tem="tem">
      <prep>
        <s lem="en" pos="sps00" postype="preposition" wd="en"/>
      </prep>
      <sn entity="entity7" entityref="nne">
        <spec gen="f" num="s">
          <d gen="f" lem="uno" num="s" pos="di0fs0" postype="indefinite" wd="una"/>
        </spec>
        <grup.nom gen="f" num="s">
          <n gen="f" lem="mesa" num="s" pos="ncfs000" postype="common" sense="16:03461269" wd="mesa"/>
          <s.a gen="f" num="s">
            <grup.a gen="f" num="s">
              <a gen="f" lem="redondo" num="s" pos="aq0fs0" postype="qualificative" wd="redonda"/>
            </grup.a>
          </s.a>
        </grup.nom>
      </sn>
    </sp>
    <sp arg="argM" func="cc" tem="loc">
      <prep>
        <s lem="en" pos="sps00" postype="preposition" wd="en"/>
      </prep>
      <sn entityref="ne" ne="location">
        <spec gen="f" num="s">
          <d gen="f" lem="el" num="s" pos="da0fs0" postype="article" wd="la"/>
        </spec>
        <grup.nom gen="f" num="s">
          <n gen="f" lem="sede" num="s" pos="ncfs000" postype="common" sense="16:06331456" wd="sede"/>
          <sp>
            <prep>
              <s contracted="yes" gen="m" lem="del" num="s" pos="spcms" postype="preposition" wd="del"/>
            </prep>
            <sn entity="entity4" entityref="ne" ne="organization">
              <grup.nom gen="m" num="s">
                <n lem="Banco_Interamericano_de_Desarrollo" ne="organization" pos="np0000o" postype="proper" sense="16:cs1" wd="Banco_Interamericano_de_Desarrollo"/>
                <sn corefsubtype="definit" coreftype="pred" entity="entity4" entityref="ne" ne="organization">
                  <grup.nom gen="m" num="s">
                    <f lem="(" pos="fpa" punct="bracket" punctenclose="open" wd="("/>
                    <n lem="BID" ne="organization" pos="np0000o" postype="proper" sense="16:cs1" wd="BID"/>
                    <f lem=")" pos="fpt" punct="bracket" punctenclose="close" wd=")"/>
                  </grup.nom>
                </sn>
              </grup.nom>
            </sn>
          </sp>
          <sp>
            <prep>
              <s lem="en" pos="sps00" postype="preposition" wd="en"/>
            </prep>
            <sn coreftype="ident" entity="entity5" entityref="ne" ne="location">
              <grup.nom>
                <n lem="Washington" ne="location" pos="np0000l" postype="proper" wd="Washington"/>
              </grup.nom>
            </sn>
          </sp>
        </grup.nom>
      </sn>
    </sp>
    <f lem="." pos="fp" punct="period" wd="."/>
  </sentence>
  <sentence>
    <sn arg="arg0" entity="entity6" entityref="ne" func="suj" ne="person" tem="agt">
      <spec gen="m" num="s">
        <d gen="m" lem="el" num="s" pos="da0ms0" postype="article" wd="El"/>
      </spec>
      <grup.nom gen="m" num="s">
        <n gen="m" lem="presidente" num="s" pos="ncms000" postype="common" sense="16:07496197" wd="presidente"/>
        <sp>
          <prep>
            <s contracted="yes" gen="m" lem="del" num="s" pos="spcms" postype="preposition" wd="del"/>
          </prep>
          <sn coreftype="ident" entity="entity4" entityref="ne" ne="organization">
            <grup.nom gen="m" num="s">
              <n lem="BID" ne="organization" pos="np0000o" postype="proper" sense="16:cs1" wd="BID"/>
            </grup.nom>
          </sn>
        </sp>
        <sn corefsubtype="definit" coreftype="pred" entity="entity6" entityref="ne" ne="person">
          <f lem="," pos="fc" punct="comma" wd=","/>
          <spec gen="m" num="s">
            <d gen="m" lem="el" num="s" pos="da0ms0" postype="article" wd="el"/>
          </spec>
          <grup.nom gen="m" num="s">
            <s.a gen="m" num="s">
              <grup.a gen="m" num="s">
                <a gen="m" lem="uruguayo" num="s" pos="aq0ms0" postype="qualificative" wd="uruguayo"/>
              </grup.a>
            </s.a>
            <n lem="Enrique_Iglesias" ne="person" pos="np0000p" postype="proper" sense="16:cs1" wd="Enrique_Iglesias"/>
          </grup.nom>
          <f lem="," pos="fc" punct="comma" wd=","/>
        </sn>
      </grup.nom>
    </sn>
    <grup.verb>
      <v lem="pronunciar" lss="A21.transitive-agentive-patient" mood="indicative" num="s" person="3" pos="vmis3s0" postype="main" tense="past" wd="pronunció"/>
    </grup.verb>
    <sn arg="arg1" entity="entity18" entityref="nne" func="cd" tem="pat">
      <spec gen="m" num="s">
        <d gen="m" lem="uno" num="s" pos="di0ms0" postype="indefinite" wd="un"/>
      </spec>
      <grup.nom gen="m" num="s">
        <n gen="m" lem="discurso" num="s" pos="ncms000" postype="common" sense="16:05404801" wd="discurso"/>
        <sp>
          <prep>
            <s lem="de" pos="sps00" postype="preposition" wd="de"/>
          </prep>
          <sn>
            <grup.nom gen="f" num="s">
              <n gen="f" lem="bienvenida" num="s" pos="ncfs000" postype="common" sense="16:04974979" wd="bienvenida"/>
            </grup.nom>
          </sn>
        </sp>
      </grup.nom>
    </sn>
    <sp arg="arg2" func="ci" tem="ben">
      <prep>
        <s lem="a" pos="sps00" postype="preposition" wd="a"/>
      </prep>
      <sn coreftype="ident" entity="entity3" entityref="nne" homophoricDD="yes">
        <spec gen="m" num="p">
          <d gen="m" lem="el" num="p" pos="da0mp0" postype="article" wd="los"/>
        </spec>
        <grup.nom gen="m" num="p">
          <n gen="c" lem="participante" num="p" pos="nccp000" postype="common" sense="16:07458879" wd="participantes"/>
          <sp>
            <prep>
              <s lem="de" pos="sps00" postype="preposition" wd="de"/>
            </prep>
            <sn coreftype="ident" entity="entity7" entityref="nne">
              <spec gen="f" num="s">
                <d gen="f" lem="el" num="s" pos="da0fs0" postype="article" wd="la"/>
              </spec>
              <grup.nom gen="f" num="s">
                <n gen="f" lem="mesa" num="s" pos="ncfs000" postype="common" sense="16:03461269" wd="mesa"/>
                <s.a gen="f" num="s">
                  <grup.a gen="f" num="s">
                    <a gen="f" lem="redondo" num="s" pos="aq0fs0" postype="qualificative" wd="redonda"/>
                  </grup.a>
                </s.a>
              </grup.nom>
            </sn>
          </sp>
          <S clausetype="relative">
            <f lem="," pos="fc" punct="comma" wd=","/>
            <sp arg="arg2" func="cc" tem="loc">
              <prep>
                <s lem="entre" pos="sps00" postype="preposition" wd="entre"/>
              </prep>
              <relatiu coreftype="ident" entity="entity3" entityref="nne">
                <d gen="m" lem="el" num="p" pos="da0mp0" postype="article" wd="los"/>
                <p gen="c" lem="que" num="c" pos="pr0cn000" postype="relative" wd="que"/>
              </relatiu>
            </sp>
            <grup.verb>
              <v lem="figurar" lss="C11.state-existential" mood="indicative" num="p" person="3" pos="vmis3p0" postype="main" tense="past" wd="figuraron"/>
            </grup.verb>
            <sn arg="arg1" entityref="nne" func="suj" homophoricDD="yes" tem="tem">
              <spec gen="m" num="p">
                <d gen="m" lem="el" num="p" pos="da0mp0" postype="article" wd="los"/>
              </spec>
              <grup.nom gen="m" num="p">
                <n gen="m" lem="ministro" num="p" pos="ncmp000" postype="common" sense="16:07412658" wd="ministros"/>
                <sp>
                  <prep>
                    <s lem="de" pos="sps00" postype="preposition" wd="de"/>
                  </prep>
                  <sn complex="yes">
                    <grup.nom coord="yes">
                      <grup.nom>
                        <n lem="Barbados" ne="organization" pos="np0000o" postype="proper" sense="16:06435521" wd="Barbados"/>
                      </grup.nom>
                      <f lem="," pos="fc" punct="comma" wd=","/>
                      <grup.nom>
                        <n lem="Brasil" ne="organization" pos="np0000o" postype="proper" sense="16:06493148" wd="Brasil"/>
                      </grup.nom>
                      <f lem="," pos="fc" punct="comma" wd=","/>
                      <grup.nom>
                        <n lem="Canadá" ne="organization" pos="np0000o" postype="proper" sense="16:06471164" wd="Canadá"/>
                      </grup.nom>
                      <f lem="," pos="fc" punct="comma" wd=","/>
                      <grup.nom>
                        <n lem="El_Salvador" ne="organization" pos="np0000o" postype="proper" wd="El_Salvador"/>
                      </grup.nom>
                      <f lem="," pos="fc" punct="comma" wd=","/>
                      <grup.nom>
                        <n lem="Estados_Unidos" ne="organization" pos="np0000o" postype="proper" wd="Estados_Unidos"/>
                      </grup.nom>
                      <f lem="," pos="fc" punct="comma" wd=","/>
                      <grup.nom>
                        <n lem="Guyana" ne="organization" pos="np0000o" postype="proper" sense="16:cs1" wd="Guyana"/>
                      </grup.nom>
                      <f lem="," pos="fc" punct="comma" wd=","/>
                      <grup.nom>
                        <n lem="Haití" ne="organization" pos="np0000o" postype="proper" wd="Haití"/>
                      </grup.nom>
                      <f lem="," pos="fc" punct="comma" wd=","/>
                      <grup.nom>
                        <n lem="Honduras" ne="organization" pos="np0000o" postype="proper" sense="16:06426151" wd="Honduras"/>
                      </grup.nom>
                      <f lem="," pos="fc" punct="comma" wd=","/>
                      <grup.nom>
                        <n lem="Jamaica" ne="organization" pos="np0000o" postype="proper" wd="Jamaica"/>
                      </grup.nom>
                      <f lem="," pos="fc" punct="comma" wd=","/>
                      <grup.nom>
                        <n lem="México" ne="organization" pos="np0000o" postype="proper" sense="16:cs1" wd="México"/>
                      </grup.nom>
                      <f lem="," pos="fc" punct="comma" wd=","/>
                      <grup.nom>
                        <n lem="Panamá" ne="organization" pos="np0000o" postype="proper" wd="Panamá"/>
                      </grup.nom>
                      <conj conjunctiontype="coordinating">
                        <c lem="y" pos="cc" postype="coordinating" wd="y"/>
                      </conj>
                      <grup.nom>
                        <n lem="Uruguay" ne="organization" pos="np0000o" postype="proper" sense="16:06648794" wd="Uruguay"/>
                      </grup.nom>
                    </grup.nom>
                  </sn>
                </sp>
              </grup.nom>
            </sn>
          </S>
        </grup.nom>
      </sn>
    </sp>
    <f lem="." pos="fp" punct="period" wd="."/>
  </sentence>
  <sentence>
    <sn arg="arg1" coord="yes" entity="entity27" func="suj" tem="tem">
      <sn complex="yes">
        <grup.nom coord="yes">
          <grup.nom>
            <n lem="Argentina" ne="organization" pos="np0000o" postype="proper" sense="16:06410305" wd="Argentina"/>
          </grup.nom>
          <f lem="," pos="fc" punct="comma" wd=","/>
          <grup.nom>
            <n lem="Bolivia" ne="organization" pos="np0000o" postype="proper" sense="16:06492677" wd="Bolivia"/>
          </grup.nom>
          <f lem="," pos="fc" punct="comma" wd=","/>
          <grup.nom>
            <n lem="Chile" ne="organization" pos="np0000o" postype="proper" sense="16:06416037" wd="Chile"/>
          </grup.nom>
          <f lem="," pos="fc" punct="comma" wd=","/>
          <grup.nom>
            <n lem="Costa_Rica" ne="organization" pos="np0000o" postype="proper" sense="16:06424874" wd="Costa_Rica"/>
          </grup.nom>
          <f lem="," pos="fc" punct="comma" wd=","/>
          <grup.nom>
            <n lem="Ecuador" ne="organization" pos="np0000o" postype="proper" sense="16:06447085" wd="Ecuador"/>
          </grup.nom>
          <f lem="," pos="fc" punct="comma" wd=","/>
          <grup.nom>
            <n lem="Guatemala" ne="organization" pos="np0000o" postype="proper" wd="Guatemala"/>
          </grup.nom>
          <f lem="," pos="fc" punct="comma" wd=","/>
          <grup.nom>
            <n lem="Santa_Lucía" ne="organization" pos="np0000o" postype="proper" sense="16:06560812" wd="Santa_Lucía"/>
          </grup.nom>
          <f lem="," pos="fc" punct="comma" wd=","/>
          <grup.nom>
            <n lem="San_Vicente" ne="organization" pos="np0000o" postype="proper" sense="16:cs1" wd="San_Vicente"/>
          </grup.nom>
        </grup.nom>
      </sn>
      <conj conjunctiontype="coordinating">
        <c lem="y" pos="cc" postype="coordinating" wd="y"/>
      </conj>
      <sn coord="yes">
        <sn entityref="ne" ne="organization">
          <spec gen="f" num="p">
            <d gen="f" lem="el" num="p" pos="da0fp0" postype="article" wd="las"/>
          </spec>
          <grup.nom gen="f" num="p">
            <n lem="Granadinas" ne="organization" pos="np0000o" postype="proper" sense="16:cs1" wd="Granadinas"/>
          </grup.nom>
        </sn>
        <conj conjunctiontype="coordinating">
          <c lem="y" pos="cc" postype="coordinating" wd="y"/>
        </conj>
        <sn entityref="ne" ne="organization">
          <grup.nom>
            <n lem="Venezuela" ne="organization" pos="np0000o" postype="proper" sense="16:06649698" wd="Venezuela"/>
          </grup.nom>
        </sn>
      </sn>
    </sn>
    <grup.verb>
      <v lem="estar" lss="C21.state-attributive" mood="indicative" num="p" person="3" pos="vmis3p0" postype="main" tense="past" wd="estuvieron"/>
    </grup.verb>
    <S arg="arg2" clausetype="participle" func="atr" impersonal="yes" tem="atr">
      <participi>
        <a gen="m" lem="representado" lss="B22.unaccusative-passive-transitive" num="p" pos="aq0mpp" posfunction="participle" postype="qualificative" wd="representados"/>
      </participi>
      <sp arg="arg0" func="cag" tem="agt">
        <prep>
          <s lem="por" pos="sps00" postype="preposition" wd="por"/>
        </prep>
        <sn coord="yes">
          <sn entityref="nne">
            <spec gen="m" num="p">
              <d coreftype="ident" entity="entity27" entityref="spec" gen="c" lem="su" num="p" person="3" pos="dp3cp0" postype="possessive" wd="sus"/>
            </spec>
            <grup.nom gen="m" num="p">
              <n gen="m" lem="viceministro" num="p" pos="ncmp000" postype="common" sense="16:50004208" wd="viceministros"/>
            </grup.nom>
          </sn>
          <f lem="," pos="fc" punct="comma" wd=","/>
          <sn entityref="nne">
            <grup.nom gen="m" num="p">
              <n gen="m" lem="embajador" num="p" pos="ncmp000" postype="common" sense="16:07072843" wd="embajadores"/>
            </grup.nom>
          </sn>
          <conj conjunctiontype="coordinating">
            <c lem="u" pos="cc" postype="coordinating" wd="u"/>
          </conj>
          <sn entityref="nne">
            <spec gen="f" num="p">
              <d gen="f" lem="otro" num="p" pos="di0fp0" postype="indefinite" wd="otras"/>
            </spec>
            <grup.nom gen="f" num="p">
              <s.a gen="f" num="p">
                <grup.a gen="f" num="p">
                  <a gen="f" lem="alto" num="p" pos="aq0fp0" postype="qualificative" wd="altas"/>
                </grup.a>
              </s.a>
              <n gen="f" lem="autoridad" num="p" pos="ncfp000" postype="common" sense="16:06950891" wd="autoridades"/>
            </grup.nom>
          </sn>
        </sn>
      </sp>
    </S>
    <f lem="." pos="fp" punct="period" wd="."/>
  </sentence>
  <sentence>
    <sadv func="mod">
      <grup.adv>
        <r lem="también" pos="rg" wd="También"/>
      </grup.adv>
    </sadv>
    <grup.verb>
      <v lem="asistir" lss="D11.inergative-agentive" mood="indicative" num="p" person="3" pos="vmis3p0" postype="main" tense="past" wd="asistieron"/>
    </grup.verb>
    <sn arg="arg0" coord="yes" func="suj" tem="agt">
      <sn entityref="nne">
        <spec gen="m" num="p">
          <d gen="m" lem="alguno" num="p" pos="di0mp0" postype="indefinite" wd="algunos"/>
        </spec>
        <grup.nom gen="m" num="p">
          <n gen="m" lem="observador" num="p" pos="ncmp000" postype="common" sense="16:06953561" wd="observadores"/>
          <sp>
            <prep>
              <s contracted="yes" gen="m" lem="del" num="s" pos="spcms" postype="preposition" wd="del"/>
            </prep>
            <sn entityref="nne" homophoricDD="yes">
              <grup.nom gen="m" num="s">
                <n gen="m" lem="sector" num="s" pos="ncms000" postype="common" sense="16:06214548" wd="sector"/>
                <sp>
                  <prep>
                    <s contracted="yes" gen="m" lem="del" num="s" pos="spcms" postype="preposition" wd="del"/>
                  </prep>
                  <sn entity="entity17" entityref="nne" homophoricDD="yes">
                    <grup.nom gen="m" num="s">
                      <n gen="m" lem="transporte" lexicalid="noun.transporte.1.default" num="s" origin="deverbal" pos="ncms000" postype="common" sense="16:03532413" wd="transporte"/>
                    </grup.nom>
                  </sn>
                </sp>
              </grup.nom>
            </sn>
          </sp>
        </grup.nom>
      </sn>
      <f lem="," pos="fc" punct="comma" wd=","/>
      <sn entityref="nne">
        <grup.nom gen="f" num="p">
          <n gen="f" lem="autoridad" num="p" pos="ncfp000" postype="common" sense="16:06950891" wd="autoridades"/>
          <s.a gen="f" num="p">
            <grup.a gen="f" num="p">
              <a gen="c" lem="gubernamental" num="p" pos="aq0cp0" postype="qualificative" wd="gubernamentales"/>
            </grup.a>
          </s.a>
        </grup.nom>
      </sn>
      <conj conjunctiontype="coordinating">
        <c lem="y" pos="cc" postype="coordinating" wd="y"/>
      </conj>
      <sn entityref="nne">
        <grup.nom gen="m" num="p">
          <n gen="m" lem="organismo" num="p" pos="ncmp000" postype="common" sense="16:06239959" wd="organismos"/>
          <s.a gen="m" num="p">
            <grup.a gen="m" num="p">
              <a gen="c" lem="internacional" num="p" pos="aq0cp0" postype="qualificative" wd="internacionales"/>
            </grup.a>
          </s.a>
          <sp>
            <f lem="," pos="fc" punct="comma" wd=","/>
            <prep>
              <c lem="como" pos="cs" postype="subordinating" wd="como"/>
            </prep>
            <sn entity="entity8" entityref="ne" ne="organization">
              <spec gen="f" num="s">
                <d gen="f" lem="el" num="s" pos="da0fs0" postype="article" wd="la"/>
              </spec>
              <grup.nom gen="f" num="s">
                <n lem="Organización_de_Aviación_Civil_Internacional" ne="organization" pos="np0000o" postype="proper" sense="16:cs1" wd="Organización_de_Aviación_Civil_Internacional"/>
                <sn corefsubtype="definit" coreftype="pred" entity="entity8" entityref="ne" ne="organization">
                  <grup.nom gen="f" num="s">
                    <f lem="(" pos="fpa" punct="bracket" punctenclose="open" wd="("/>
                    <n lem="OACI" ne="organization" pos="np0000o" postype="proper" sense="16:cs1" wd="OACI"/>
                    <f lem=")" pos="fpt" punct="bracket" punctenclose="close" wd=")"/>
                  </grup.nom>
                </sn>
              </grup.nom>
            </sn>
          </sp>
        </grup.nom>
      </sn>
    </sn>
    <f lem="." pos="fp" punct="period" wd="."/>
  </sentence>
  <sentence>
    <sn arg="arg0" coreftype="ident" entity="entity3" entityref="nne" func="suj" tem="agt">
      <spec gen="m" num="p">
        <d gen="m" lem="el" num="p" pos="da0mp0" postype="article" wd="Los"/>
      </spec>
      <grup.nom gen="m" num="p">
        <n gen="m" lem="ministro" num="p" pos="ncmp000" postype="common" sense="16:07412658" wd="ministros"/>
      </grup.nom>
    </sn>
    <grup.verb>
      <v lem="subrayar" lss="A21.transitive-agentive-patient" mood="indicative" num="p" person="3" pos="vmis3p0" postype="main" tense="past" wd="subrayaron"/>
    </grup.verb>
    <S arg="arg1" clausetype="completive" func="cd" tem="pat">
      <conj conjunctiontype="subordinating">
        <c lem="que" pos="cs" postype="subordinating" wd="que"/>
      </conj>
      <S clausesubtype="conditional" clausetype="adverbial" func="ao">
        <f lem="," pos="fc" punct="comma" wd=","/>
        <conj conjunctiontype="subordinating">
          <c lem="si" pos="cs" postype="subordinating" wd="si"/>
        </conj>
        <morfema.verbal func="pass">
          <p gen="c" lem="se" num="c" pos="p0000000" wd="se"/>
        </morfema.verbal>
        <grup.verb>
          <v lem="tener_en_cuenta" lss="B22.unaccusative-passive-transitive" mood="indicative" num="s" person="3" pos="vmip3s0" postype="main" tense="present" wd="tiene_en_cuenta"/>
        </grup.verb>
        <sn arg="arg1" entityref="nne" func="suj" homophoricDD="yes" tem="pat">
          <spec gen="f" num="p">
            <d gen="f" lem="el" num="p" pos="da0fp0" postype="article" wd="las"/>
          </spec>
          <grup.nom gen="f" num="p">
            <n gen="f" lem="disparidad" num="p" pos="ncfp000" postype="common" sense="16:03733698" wd="disparidades"/>
            <sp>
              <prep>
                <s lem="en" pos="sps00" postype="preposition" wd="en"/>
              </prep>
              <sn complex="yes">
                <grup.nom coord="yes">
                  <grup.nom gen="m" num="s">
                    <n gen="m" lem="tamaño" num="s" pos="ncms000" postype="common" sense="16:03977358" wd="tamaño"/>
                  </grup.nom>
                  <conj conjunctiontype="coordinating">
                    <c lem="y" pos="cc" postype="coordinating" wd="y"/>
                  </conj>
                  <grup.nom gen="f" num="s">
                    <n gen="f" lem="fase" num="s" pos="ncfs000" postype="common" sense="16:10044643" wd="fase"/>
                  </grup.nom>
                </grup.nom>
              </sn>
            </sp>
            <sp>
              <prep>
                <s lem="de" pos="sps00" postype="preposition" wd="de"/>
              </prep>
              <sn>
                <grup.nom gen="m" num="s">
                  <n gen="m" lem="desarrollo" lexicalid="noun.desarrollo.2.default" num="s" origin="deverbal" pos="ncms000" postype="common" sense="16:09725434" wd="desarrollo"/>
                  <s.a arg="arg1" func="cn" gen="m" num="s" tem="tem">
                    <grup.a gen="m" num="s">
                      <a gen="m" lem="económico" num="s" pos="aq0ms0" postype="qualificative" wd="económico"/>
                    </grup.a>
                  </s.a>
                </grup.nom>
              </sn>
            </sp>
            <sp>
              <prep>
                <s lem="entre" pos="sps00" postype="preposition" wd="entre"/>
              </prep>
              <sn entityref="nne" homophoricDD="yes">
                <spec gen="m" num="p">
                  <d gen="m" lem="el" num="p" pos="da0mp0" postype="article" wd="los"/>
                </spec>
                <grup.nom gen="m" num="p">
                  <n gen="m" lem="país" num="p" pos="ncmp000" postype="common" sense="16:06074189" wd="países"/>
                  <sp>
                    <prep>
                      <s contracted="yes" gen="m" lem="del" num="s" pos="spcms" postype="preposition" wd="del"/>
                    </prep>
                    <sn coreftype="ident" entity="entity9" entityref="spec">
                      <grup.nom gen="m" num="s">
                        <n gen="m" lem="continente" num="s" pos="ncms000" postype="common" sense="16:06835944" wd="continente"/>
                      </grup.nom>
                    </sn>
                  </sp>
                </grup.nom>
              </sn>
            </sp>
          </grup.nom>
        </sn>
        <f lem="," pos="fc" punct="comma" wd=","/>
      </S>
      <f lem="&quot;" pos="fe" punct="quotation" wd="&quot;"/>
      <grup.verb>
        <v lem="ser" lss="C21.state-attributive" mood="indicative" num="p" person="3" pos="vsip3p0" postype="semiauxiliary" tense="present" wd="son"/>
      </grup.verb>
      <sn arg="arg1" coreftype="ident" entity="entity10" entityref="nne" func="suj" homophoricDD="yes" tem="tem">
        <spec gen="m" num="p">
          <d gen="m" lem="el" num="p" pos="da0mp0" postype="article" wd="los"/>
        </spec>
        <grup.nom gen="m" num="p">
          <n gen="m" lem="país" num="p" pos="ncmp000" postype="common" sense="16:06299747" wd="países"/>
          <s.a coord="yes" gen="m" num="p">
            <s.a gen="m" num="p">
              <grup.a gen="m" num="p">
                <a gen="m" lem="pequeño" num="p" pos="aq0mp0" postype="qualificative" wd="pequeños"/>
              </grup.a>
            </s.a>
            <conj conjunctiontype="coordinating">
              <c lem="y" pos="cc" postype="coordinating" wd="y"/>
            </conj>
            <sp>
              <prep>
                <s lem="en_vías_de" pos="sps00" postype="preposition" wd="en_vías_de"/>
              </prep>
              <sn>
                <grup.nom gen="m" num="s">
                  <n gen="m" lem="desarrollo" lexicalid="noun.desarrollo.2.default" num="s" origin="deverbal" pos="ncms000" postype="common" sense="16:09725434" wd="desarrollo"/>
                </grup.nom>
              </sn>
            </sp>
          </s.a>
        </grup.nom>
      </sn>
      <sn arg="arg2" func="atr" tem="atr">
        <spec gen="m" num="p">
          <d gen="m" lem="el" num="p" pos="da0mp0" postype="article" wd="los"/>
        </spec>
        <grup.nom gen="m" num="p">
          <S clausetype="relative">
            <relatiu arg="arg0" func="suj" tem="agt">
              <p gen="c" lem="que" num="c" pos="pr0cn000" postype="relative" wd="que"/>
            </relatiu>
            <grup.verb>
              <v lem="tener" mood="indicative" num="p" person="3" pos="vmip3p0" postype="main" tense="present" wd="tienen"/>
              <c lem="que" pos="cs" postype="subordinating" wd="que"/>
              <infinitiu>
                <v lem="hacer" lss="A21.transitive-agentive-patient" mood="infinitive" pos="vmn0000" postype="main" wd="hacer"/>
              </infinitiu>
            </grup.verb>
            <sn arg="arg1" entityref="nne" func="cd" tem="pat">
              <grup.nom gen="f" num="p">
                <n gen="f" lem="mejora" lexicalid="noun.mejora.1.default" num="p" origin="deverbal" pos="ncfp000" postype="common" sense="16:00159157" wd="mejoras"/>
              </grup.nom>
            </sn>
            <sp arg="argM" func="cc" tem="loc">
              <prep>
                <s lem="en" pos="sps00" postype="preposition" wd="en"/>
              </prep>
              <sn coreftype="ident" entity="entity11" entityref="nne" homophoricDD="yes">
                <spec gen="f" num="s">
                  <d gen="f" lem="el" num="s" pos="da0fs0" postype="article" wd="la"/>
                </spec>
                <grup.nom gen="f" num="s">
                  <n gen="f" lem="infraestructura" num="s" pos="ncfs000" postype="common" sense="16:02855978" wd="infraestructura"/>
                  <sp>
                    <prep>
                      <s lem="de" pos="sps00" postype="preposition" wd="de"/>
                    </prep>
                    <sn>
                      <grup.nom gen="m" num="s">
                        <n gen="m" lem="transporte" lexicalid="noun.transporte.1.default" num="s" origin="deverbal" pos="ncms000" postype="common" sense="16:03532413" wd="transporte"/>
                      </grup.nom>
                    </sn>
                  </sp>
                  <sp>
                    <prep>
                      <s contracted="yes" gen="m" lem="al" num="s" pos="spcms" postype="preposition" wd="al"/>
                    </prep>
                    <sn coreftype="ident" entity="entity12" entityref="nne" homophoricDD="yes">
                      <grup.nom gen="m" num="s">
                        <n gen="m" lem="desarrollo" lexicalid="noun.desarrollo.1.default" num="s" origin="deverbal" pos="ncms000" postype="common" sense="16:00160202" wd="desarrollo"/>
                      </grup.nom>
                    </sn>
                  </sp>
                </grup.nom>
              </sn>
            </sp>
          </S>
        </grup.nom>
      </sn>
      <f lem="&quot;" pos="fe" punct="quotation" wd="&quot;"/>
    </S>
    <f lem="." pos="fp" punct="period" wd="."/>
  </sentence>
  <sentence>
    <sp arg="argM" func="cc" tem="loc">
      <prep>
        <s lem="en" pos="sps00" postype="preposition" wd="En"/>
      </prep>
      <sn entityref="nne">
        <spec arg="arg0" gen="m" num="s" tem="agt">
          <d coreftype="ident" entity="entity3" entityref="nne" gen="c" lem="su" num="s" person="3" pos="dp3cs0" postype="possessive" wd="su"/>
        </spec>
        <grup.nom gen="m" num="s">
          <n gen="m" lem="comunicado" lexicalid="noun.comunicado.1.default" num="s" origin="deverbal" pos="ncms000" postype="common" sense="16:05009963" wd="comunicado"/>
          <s.a func="cn" gen="m" num="s">
            <grup.a gen="m" num="s">
              <a gen="c" lem="final" num="s" pos="aq0cs0" postype="qualificative" wd="final"/>
            </grup.a>
          </s.a>
        </grup.nom>
      </sn>
    </sp>
    <sn arg="arg0" coreftype="ident" elliptic="yes" entity="entity3" entityref="nne" func="suj" tem="agt"/>
    <sadv func="mod">
      <grup.adv>
        <r lem="también" pos="rg" wd="también"/>
      </grup.adv>
    </sadv>
    <grup.verb>
      <v lem="reiterar" lss="A21.transitive-agentive-patient" mood="indicative" num="p" person="3" pos="vmis3p0" postype="main" tense="past" wd="reiteraron"/>
    </grup.verb>
    <sn arg="arg1" entityref="nne" func="cd" tem="pat">
      <spec gen="m" num="s">
        <d coreftype="ident" entity="entity3" entityref="nne" gen="c" lem="su" num="s" person="3" pos="dp3cs0" postype="possessive" wd="su"/>
      </spec>
      <grup.nom gen="m" num="s">
        <n gen="m" lem="compromiso" num="s" pos="ncms000" postype="common" sense="16:05011213" wd="compromiso"/>
        <sp>
          <prep>
            <s lem="para" pos="sps00" postype="preposition" wd="para"/>
          </prep>
          <S clausetype="completive">
            <conj conjunctiontype="subordinating">
              <c lem="que" pos="cs" postype="subordinating" wd="que"/>
            </conj>
            <morfema.verbal func="pass">
              <p gen="c" lem="se" num="c" pos="p0000000" wd="se"/>
            </morfema.verbal>
            <grup.verb>
              <v lem="tomar" lss="B22.unaccusative-passive-transitive" mood="subjunctive" num="p" person="3" pos="vmsp3p0" postype="main" tense="present" wd="tomen"/>
            </grup.verb>
            <sn arg="arg1" entityref="nne" func="suj" homophoricDD="yes" tem="pat">
              <spec gen="f" num="p">
                <d gen="f" lem="el" num="p" pos="da0fp0" postype="article" wd="las"/>
              </spec>
              <grup.nom gen="f" num="p">
                <n gen="f" lem="medida" num="p" pos="ncfp000" postype="common" sense="16:00113217" wd="medidas"/>
                <S clausetype="participle" func="cn" impersonal="yes">
                  <participi>
                    <a gen="f" lem="adecuado" num="p" pos="aq0fpp" posfunction="participle" postype="qualificative" wd="adecuadas"/>
                  </participi>
                </S>
                <sp>
                  <prep>
                    <s lem="para" pos="sps00" postype="preposition" wd="para"/>
                  </prep>
                  <S clausetype="completive" impersonal="yes">
                    <infinitiu>
                      <v lem="asegurar" lss="A21.transitive-agentive-patient" mood="infinitive" pos="vmn0000" postype="main" wd="asegurar"/>
                    </infinitiu>
                    <sn arg="arg1" entityref="nne" func="cd" homophoricDD="yes" tem="pat">
                      <spec gen="f" num="s">
                        <d gen="f" lem="el" num="s" pos="da0fs0" postype="article" wd="la"/>
                      </spec>
                      <grup.nom gen="f" num="s">
                        <n gen="f" lem="participación" lexicalid="noun.participación.1.default" num="s" origin="deverbal" pos="ncfs000" postype="common" sense="16:00804778" wd="participación"/>
                        <s.a func="cn" gen="f" num="s">
                          <grup.a gen="f" num="s">
                            <a gen="f" lem="pleno" num="s" pos="aq0fs0" postype="qualificative" wd="plena"/>
                          </grup.a>
                        </s.a>
                        <sp arg="arg1" func="cn" tem="tem">
                          <prep>
                            <s lem="en" pos="sps00" postype="preposition" wd="en"/>
                          </prep>
                          <sn entityref="nne" homophoricDD="yes">
                            <spec gen="m" num="p">
                              <d gen="m" lem="el" num="p" pos="da0mp0" postype="article" wd="los"/>
                            </spec>
                            <grup.nom gen="m" num="p">
                              <n gen="m" lem="trabajo" lexicalid="noun.trabajo.1.default" num="p" origin="deverbal" pos="ncmp000" postype="common" sense="16:00377835" wd="trabajos"/>
                              <sp arg="argM" func="cn" tem="fin">
                                <prep>
                                  <s lem="para" pos="sps00" postype="preposition" wd="para"/>
                                </prep>
                                <S clausetype="completive" impersonal="yes">
                                  <infinitiu>
                                    <v lem="alcanzar" lss="A21.transitive-agentive-patient" mood="infinitive" pos="vmn0000" postype="main" wd="alcanzar"/>
                                  </infinitiu>
                                  <sn arg="arg1" entityref="nne" func="cd" homophoricDD="yes" tem="pat">
                                    <spec gen="f" num="p">
                                      <d gen="f" lem="el" num="p" pos="da0fp0" postype="article" wd="las"/>
                                    </spec>
                                    <grup.nom gen="f" num="p">
                                      <n gen="f" lem="meta" num="p" pos="ncfp000" postype="common" sense="16:04588033" wd="metas"/>
                                      <S clausetype="participle" impersonal="yes">
                                        <sadv arg="argM" func="cc" tem="tmp">
                                          <grup.adv>
                                            <r lem="ya" pos="rg" wd="ya"/>
                                          </grup.adv>
                                        </sadv>
                                        <participi>
                                          <a gen="f" lem="establecido" lss="B22.unaccusative-passive-transitive" num="p" pos="aq0fpp" posfunction="participle" postype="qualificative" wd="establecidas"/>
                                        </participi>
                                        <sp arg="argM" func="cc" tem="loc">
                                          <prep>
                                            <s lem="en" pos="sps00" postype="preposition" wd="en"/>
                                          </prep>
                                          <sn entityref="nne">
                                            <grup.nom gen="f" num="p">
                                              <n gen="f" lem="reunión" lexicalid="noun.reunión.4.default" num="p" origin="deverbal" pos="ncfp000" postype="common" sense="16:06166238" wd="reuniones"/>
                                              <s.a func="cn" gen="f" num="p">
                                                <grup.a gen="f" num="p">
                                                  <a gen="f" lem="previo" num="p" pos="aq0fp0" postype="qualificative" wd="previas"/>
                                                </grup.a>
                                              </s.a>
                                            </grup.nom>
                                          </sn>
                                        </sp>
                                      </S>
                                    </grup.nom>
                                  </sn>
                                </S>
                              </sp>
                            </grup.nom>
                          </sn>
                        </sp>
                      </grup.nom>
                    </sn>
                  </S>
                </sp>
              </grup.nom>
            </sn>
          </S>
        </sp>
      </grup.nom>
    </sn>
    <f lem="." pos="fp" punct="period" wd="."/>
  </sentence>
  <sentence coord="yes">
    <S>
      <sn arg="arg0" coreftype="ident" entity="entity3" entityref="nne" func="suj" tem="agt">
        <spec gen="m" num="p">
          <d gen="m" lem="el" num="p" pos="da0mp0" postype="article" wd="Los"/>
        </spec>
        <grup.nom gen="m" num="p">
          <n gen="m" lem="ministro" num="p" pos="ncmp000" postype="common" sense="16:07412658" wd="ministros"/>
        </grup.nom>
      </sn>
      <grup.verb>
        <v lem="dar" lss="A32.ditransitive-patient-benefactive" mood="indicative" num="p" person="3" pos="vmis3p0" postype="main" tense="past" wd="dieron"/>
      </grup.verb>
      <sn arg="argL" entityref="lex" func="cd">
        <spec gen="f" num="s">
          <d gen="f" lem="el" num="s" pos="da0fs0" postype="article" wd="la"/>
        </spec>
        <grup.nom gen="f" num="s">
          <n gen="f" lem="bienvenida" num="s" pos="ncfs000" postype="common" sense="16:04974979" wd="bienvenida"/>
        </grup.nom>
      </sn>
      <sp arg="arg2" func="ci" tem="ben">
        <prep>
          <s lem="a" pos="sps00" postype="preposition" wd="a"/>
        </prep>
        <sn entityref="nne" homophoricDD="yes">
          <spec gen="f" num="s">
            <d gen="f" lem="el" num="s" pos="da0fs0" postype="article" wd="la"/>
          </spec>
          <grup.nom gen="f" num="s">
            <n gen="f" lem="selección" lexicalid="noun.selección.2.default" num="s" origin="deverbal" pos="ncfs000" postype="common" sense="16:04462889" wd="selección"/>
            <sp arg="arg1" func="cn" tem="pat">
              <prep>
                <s lem="de" pos="sps00" postype="preposition" wd="de"/>
              </prep>
              <sn entityref="ne" ne="organization">
                <grup.nom>
                  <n lem="Canadá" ne="organization" pos="np0000o" postype="proper" sense="16:06471164" wd="Canadá"/>
                </grup.nom>
              </sn>
            </sp>
            <sp arg="argM" func="cn" tem="fin">
              <prep>
                <s lem="para" pos="sps00" postype="preposition" wd="para"/>
              </prep>
              <sn entityref="ne" ne="organization">
                <spec gen="f" num="s">
                  <d gen="f" lem="el" num="s" pos="da0fs0" postype="article" wd="la"/>
                </spec>
                <grup.nom gen="f" num="s">
                  <n gen="f" lem="presidencia" lexicalid="noun.presidencia.2.default" num="s" origin="deverbal" pos="ncfs000" postype="common" sense="16:00392749" wd="presidencia"/>
                  <sp arg="arg1" func="cn" tem="pat">
                    <prep>
                      <s contracted="yes" gen="m" lem="del" num="s" pos="spcms" postype="preposition" wd="del"/>
                    </prep>
                    <sn entity="entity13" entityref="ne" ne="organization">
                      <grup.nom gen="m" num="s">
                        <n lem="Comité_Ejecutivo_de_la_Iniciativa_del_Transporte_del_Hemisferio_Occidental" ne="organization" pos="np0000o" postype="proper" sense="16:cs1" wd="Comité_Ejecutivo_de_la_Iniciativa_del_Transporte_del_Hemisferio_Occidental"/>
                        <sn corefsubtype="definit" coreftype="pred" entity="entity13" entityref="ne" ne="organization">
                          <grup.nom gen="m" num="s">
                            <f lem="(" pos="fpa" punct="bracket" punctenclose="open" wd="("/>
                            <n lem="ITHO" ne="organization" pos="np0000o" postype="proper" sense="16:cs1" wd="ITHO"/>
                            <f lem=")" pos="fpt" punct="bracket" punctenclose="close" wd=")"/>
                          </grup.nom>
                        </sn>
                      </grup.nom>
                    </sn>
                  </sp>
                </grup.nom>
              </sn>
            </sp>
          </grup.nom>
        </sn>
      </sp>
      <f lem="," pos="fc" punct="comma" wd=","/>
    </S>
    <conj conjunctiontype="coordinating">
      <c lem="mientras_que" pos="cc" postype="coordinating" wd="mientras_que"/>
    </conj>
    <S>
      <sn arg="arg1" entityref="nne" func="suj" tem="tem">
        <spec gen="f" num="s">
          <d gen="f" lem="el" num="s" pos="da0fs0" postype="article" wd="la"/>
        </spec>
        <grup.nom gen="f" num="s">
          <n gen="f" lem="copresidencia" num="s" pos="ncfs000" postype="common" sense="16:cs1" wd="copresidencia"/>
        </grup.nom>
      </sn>
      <grup.verb>
        <v lem="ser" lss="C11.state-existential" mood="indicative" num="s" person="3" pos="vsif3s0" postype="semiauxiliary" tense="future" wd="será"/>
      </grup.verb>
      <sp arg="arg3" func="ci" tem="ben">
        <prep>
          <s lem="para" pos="sps00" postype="preposition" wd="para"/>
        </prep>
        <sn complex="yes">
          <grup.nom coord="yes">
            <grup.nom>
              <n lem="Jamaica" ne="organization" pos="np0000o" postype="proper" wd="Jamaica"/>
            </grup.nom>
            <f lem="," pos="fc" punct="comma" wd=","/>
            <grup.nom>
              <n lem="Bolivia" ne="organization" pos="np0000o" postype="proper" sense="16:06492677" wd="Bolivia"/>
            </grup.nom>
            <conj conjunctiontype="coordinating">
              <c lem="y" pos="cc" postype="coordinating" wd="y"/>
            </conj>
            <grup.nom>
              <n lem="Perú" ne="organization" pos="np0000o" postype="proper" sense="16:06555220" wd="Perú"/>
            </grup.nom>
          </grup.nom>
        </sn>
      </sp>
    </S>
    <f lem="." pos="fp" punct="period" wd="."/>
  </sentence>
  <sentence>
    <sn arg="arg1" coreftype="ident" entity="entity13" entityref="ne" func="suj" ne="organization" tem="tem">
      <spec gen="m" num="s">
        <p gen="m" lem="ese" num="s" pos="pd0ms000" postype="demonstrative" wd="Ese"/>
      </spec>
      <grup.nom gen="m" num="s">
        <n lem="Comité_Ejecutivo" ne="organization" pos="np0000o" postype="proper" sense="16:cs1" wd="Comité_Ejecutivo"/>
      </grup.nom>
    </sn>
    <grup.verb>
      <v lem="estar" lss="C21.state-attributive" mood="indicative" num="s" person="3" pos="vmip3s0" postype="main" tense="present" wd="está"/>
    </grup.verb>
    <S arg="arg2" clausetype="participle" func="atr" impersonal="yes" tem="atr">
      <participi>
        <a gen="m" lem="formado" lss="B22.unaccusative-passive-transitive" num="s" pos="aq0msp" posfunction="participle" postype="qualificative" wd="formado"/>
      </participi>
      <sp arg="arg0" func="cag" tem="agt">
        <prep>
          <s lem="por" pos="sps00" postype="preposition" wd="por"/>
        </prep>
        <sn entityref="nne">
          <grup.nom gen="f" num="p">
            <n gen="c" lem="representante" num="p" pos="nccp000" postype="common" sense="16:07601722" wd="representantes"/>
            <sp coord="yes">
              <sp>
                <prep>
                  <s contracted="yes" gen="m" lem="del" num="s" pos="spcms" postype="preposition" wd="del"/>
                </prep>
                <sn coreftype="ident" entity="entity4" entityref="ne" ne="organization">
                  <grup.nom gen="m" num="s">
                    <n lem="BID" ne="organization" pos="np0000o" postype="proper" sense="16:cs1" wd="BID"/>
                  </grup.nom>
                </sn>
              </sp>
              <f lem="," pos="fc" punct="comma" wd=","/>
              <sp>
                <prep>
                  <s lem="de" pos="sps00" postype="preposition" wd="de"/>
                </prep>
                <sn entity="entity14" entityref="ne" ne="organization">
                  <spec gen="f" num="s">
                    <d gen="f" lem="el" num="s" pos="da0fs0" postype="article" wd="la"/>
                  </spec>
                  <grup.nom gen="f" num="s">
                    <n lem="Organización_de_Estados_Americanos" ne="organization" pos="np00000" postype="proper" sense="16:06077390" wd="Organización_de_Estados_Americanos"/>
                    <sn corefsubtype="definit" coreftype="pred" entity="entity14" entityref="ne" ne="organization">
                      <grup.nom gen="f" num="s">
                        <f lem="(" pos="fpa" punct="bracket" punctenclose="open" wd="("/>
                        <n lem="OEA" ne="organization" pos="np0000o" postype="proper" sense="16:06077390" wd="OEA"/>
                        <f lem=")" pos="fpt" punct="bracket" punctenclose="close" wd=")"/>
                      </grup.nom>
                    </sn>
                  </grup.nom>
                </sn>
              </sp>
              <conj conjunctiontype="coordinating">
                <c lem="y" pos="cc" postype="coordinating" wd="y"/>
              </conj>
              <sp>
                <prep>
                  <s lem="de" pos="sps00" postype="preposition" wd="de"/>
                </prep>
                <sn entity="entity15" entityref="ne" ne="organization">
                  <spec gen="f" num="s">
                    <d gen="f" lem="el" num="s" pos="da0fs0" postype="article" wd="la"/>
                  </spec>
                  <grup.nom gen="f" num="s">
                    <n lem="Comisión_Económica_de_las_Naciones_Unidas_para_América_Latina_y_el_Caribe" ne="organization" pos="np0000o" postype="proper" sense="16:cs1" wd="Comisión_Económica_de_las_Naciones_Unidas_para_América_Latina_y_el_Caribe"/>
                    <sn corefsubtype="definit" coreftype="pred" entity="entity15" entityref="ne" ne="organization">
                      <grup.nom gen="f" num="s">
                        <f lem="(" pos="fpa" punct="bracket" punctenclose="open" wd="("/>
                        <n lem="CEPAL" ne="organization" pos="np0000o" postype="proper" sense="16:cs1" wd="CEPAL"/>
                        <f lem=")" pos="fpt" punct="bracket" punctenclose="close" wd=")"/>
                      </grup.nom>
                    </sn>
                  </grup.nom>
                </sn>
              </sp>
            </sp>
          </grup.nom>
        </sn>
      </sp>
    </S>
    <f lem="." pos="fp" punct="period" wd="."/>
  </sentence>
  <sentence>
    <sn arg="arg0" coreftype="ident" entity="entity3" entityref="nne" func="suj" tem="agt">
      <spec gen="m" num="p">
        <d gen="m" lem="el" num="p" pos="da0mp0" postype="article" wd="Los"/>
      </spec>
      <grup.nom gen="m" num="p">
        <n gen="c" lem="participante" num="p" pos="nccp000" postype="common" sense="16:07458879" wd="participantes"/>
      </grup.nom>
    </sn>
    <grup.verb>
      <v lem="asistir" lss="D11.inergative-agentive" mood="indicative" num="p" person="3" pos="vmis3p0" postype="main" tense="past" wd="asistieron"/>
    </grup.verb>
    <sp arg="arg2" func="cc" tem="loc">
      <prep>
        <s lem="a" pos="sps00" postype="preposition" wd="a"/>
      </prep>
      <sn entityref="nne" homophoricDD="yes">
        <spec gen="f" num="s">
          <d gen="f" lem="el" num="s" pos="da0fs0" postype="article" wd="la"/>
        </spec>
        <grup.nom gen="f" num="s">
          <n gen="f" lem="firma" num="s" pos="ncfs000" postype="common" sense="16:cs1" wd="firma"/>
          <sp>
            <prep>
              <s lem="de" pos="sps00" postype="preposition" wd="de"/>
            </prep>
            <sn entityref="nne">
              <spec gen="m" num="s">
                <d gen="m" lem="uno" num="s" pos="di0ms0" postype="indefinite" wd="un"/>
              </spec>
              <grup.nom gen="m" num="s">
                <n lem="Memorándum" ne="other" pos="np0000a" postype="proper" sense="16:cs1" wd="Memorándum"/>
                <sp>
                  <prep>
                    <s lem="de" pos="sps00" postype="preposition" wd="de"/>
                  </prep>
                  <sn>
                    <grup.nom gen="f" num="s">
                      <n gen="f" lem="cooperación" lexicalid="noun.cooperación.1.default" num="s" origin="deverbal" pos="ncfs000" postype="common" sense="16:00780822" wd="cooperación"/>
                      <sp arg="arg0" func="cn" tem="agt">
                        <prep>
                          <s lem="entre" pos="sps00" postype="preposition" wd="entre"/>
                        </prep>
                        <sn coreftype="ident" entity="entity16" entityref="ne" ne="organization">
                          <spec gen="m" num="s">
                            <d gen="m" lem="el" num="s" pos="da0ms0" postype="article" wd="el"/>
                          </spec>
                          <grup.nom gen="m" num="s">
                            <n lem="Departamento_de_Transporte_de_EEUU" ne="organization" pos="np0000o" postype="proper" sense="16:cs1" wd="Departamento_de_Transporte_de_EEUU"/>
                          </grup.nom>
                        </sn>
                        <conj conjunctiontype="coordinating">
                          <c lem="y" pos="cc" postype="coordinating" wd="y"/>
                        </conj>
                        <sn coreftype="ident" entity="entity4" entityref="ne" ne="organization">
                          <spec gen="m" num="s">
                            <d gen="m" lem="el" num="s" pos="da0ms0" postype="article" wd="el"/>
                          </spec>
                          <grup.nom gen="m" num="s">
                            <n lem="BID" ne="organization" pos="np0000o" postype="proper" sense="16:cs1" wd="BID"/>
                          </grup.nom>
                        </sn>
                      </sp>
                    </grup.nom>
                  </sn>
                </sp>
                <sp>
                  <prep>
                    <s lem="para" pos="sps00" postype="preposition" wd="para"/>
                  </prep>
                  <S clausetype="completive" impersonal="yes">
                    <infinitiu>
                      <v lem="promover" lss="A21.transitive-agentive-patient" mood="infinitive" pos="vmn0000" postype="main" wd="promover"/>
                    </infinitiu>
                    <sn arg="arg1" entityref="nne" func="cd" tem="pat">
                      <grup.nom gen="f" num="p">
                        <n gen="f" lem="mejora" lexicalid="noun.mejora.1.default" num="p" origin="deverbal" pos="ncfp000" postype="common" sense="16:00159157" wd="mejoras"/>
                        <s.a func="cn" gen="f" num="p">
                          <grup.a gen="f" num="p">
                            <a gen="c" lem="sostenible" num="p" pos="aq0cp0" postype="qualificative" wd="sostenibles"/>
                          </grup.a>
                        </s.a>
                      </grup.nom>
                    </sn>
                    <sp arg="argM" func="cc" tem="adv">
                      <prep>
                        <s lem="en" pos="sps00" postype="preposition" wd="en"/>
                      </prep>
                      <sn coreftype="ident" entity="entity17" entityref="nne" homophoricDD="yes">
                        <spec gen="m" num="s">
                          <d gen="m" lem="el" num="s" pos="da0ms0" postype="article" wd="el"/>
                        </spec>
                        <grup.nom gen="m" num="s">
                          <n gen="m" lem="transporte" lexicalid="noun.transporte.1.default" num="s" origin="deverbal" pos="ncms000" postype="common" sense="16:03532413" wd="transporte"/>
                          <sp func="cn">
                            <prep>
                              <s contracted="yes" gen="m" lem="del" num="s" pos="spcms" postype="preposition" wd="del"/>
                            </prep>
                            <sn coreftype="ident" entity="entity9" entityref="spec">
                              <grup.nom gen="m" num="s">
                                <n gen="m" lem="continente" num="s" pos="ncms000" postype="common" sense="16:06835944" wd="continente"/>
                              </grup.nom>
                            </sn>
                          </sp>
                        </grup.nom>
                      </sn>
                    </sp>
                  </S>
                </sp>
              </grup.nom>
            </sn>
          </sp>
        </grup.nom>
      </sn>
    </sp>
    <f lem="." pos="fp" punct="period" wd="."/>
  </sentence>
  <sentence>
    <sp arg="argM" func="cc" tem="adv">
      <prep>
        <s lem="durante" pos="sps00" postype="preposition" wd="Durante"/>
      </prep>
      <sn coreftype="ident" entity="entity18" entityref="nne">
        <spec arg="arg0" gen="f" num="s" tem="agt">
          <d coreftype="ident" entity="entity6" entityref="spec" gen="c" lem="su" num="s" person="3" pos="dp3cs0" postype="possessive" wd="su"/>
        </spec>
        <grup.nom gen="f" num="s">
          <n gen="f" lem="intervención" lexicalid="noun.intervención.1.default" num="s" origin="deverbal" pos="ncfs000" postype="common" sense="16:00805766" wd="intervención"/>
        </grup.nom>
      </sn>
      <f lem="," pos="fc" punct="comma" wd=","/>
    </sp>
    <sn arg="arg0" coreftype="ident" entity="entity6" entityref="ne" func="suj" ne="person" tem="agt">
      <grup.nom gen="m" num="s">
        <n lem="Iglesias" ne="person" pos="np0000p" postype="proper" sense="16:cs1" wd="Iglesias"/>
      </grup.nom>
    </sn>
    <grup.verb>
      <v lem="destacar" lss="A21.transitive-agentive-patient" mood="indicative" num="s" person="3" pos="vmis3s0" postype="main" tense="past" wd="destacó"/>
    </grup.verb>
    <sn arg="arg1" entity="entity19" entityref="nne" func="cd" homophoricDD="yes" tem="pat">
      <spec gen="f" num="s">
        <d gen="f" lem="el" num="s" pos="da0fs0" postype="article" wd="la"/>
      </spec>
      <grup.nom gen="f" num="s">
        <n gen="f" lem="importancia" lexicalid="noun.importancia.1.default" num="s" origin="deverbal" pos="ncfs000" postype="common" sense="16:04025511" wd="importancia"/>
        <sp arg="arg1" func="cn" tem="tem">
          <prep>
            <s lem="de" pos="sps00" postype="preposition" wd="de"/>
          </prep>
          <sn entity="entity20" entityref="nne" homophoricDD="yes">
            <spec gen="f" num="s">
              <d gen="f" lem="el" num="s" pos="da0fs0" postype="article" wd="la"/>
            </spec>
            <grup.nom gen="f" num="s">
              <n gen="f" lem="seguridad" num="s" pos="ncfs000" postype="common" sense="16:10425881" wd="seguridad"/>
              <sp>
                <prep>
                  <s lem="de" pos="sps00" postype="preposition" wd="de"/>
                </prep>
                <sn entity="entity22" entityref="nne" homophoricDD="yes">
                  <spec gen="f" num="s">
                    <d gen="f" lem="el" num="s" pos="da0fs0" postype="article" wd="la"/>
                  </spec>
                  <grup.nom gen="f" num="s">
                    <n gen="f" lem="navegación" lexicalid="noun.navegación.1.default" num="s" origin="deverbal" pos="ncfs000" postype="common" sense="16:00521429" wd="navegación"/>
                    <s.a func="cn" gen="f" num="s">
                      <grup.a gen="f" num="s">
                        <a gen="f" lem="aéreo" num="s" pos="aq0fs0" postype="qualificative" wd="aérea"/>
                      </grup.a>
                    </s.a>
                  </grup.nom>
                </sn>
              </sp>
            </grup.nom>
          </sn>
        </sp>
      </grup.nom>
    </sn>
    <sp arg="argM" func="cc" tem="fin">
      <prep>
        <s lem="a_efectos_de" pos="sps00" postype="preposition" wd="a_efectos_de"/>
      </prep>
      <S clausetype="completive" impersonal="yes">
        <infinitiu>
          <v lem="incrementar" lss="A11.transitive-causative" mood="infinitive" pos="vmn0000" postype="main" wd="incrementar"/>
        </infinitiu>
        <sn arg="arg1" coord="yes" func="cd" tem="tem">
          <sn coord="yes">
            <sn entityref="nne" homophoricDD="yes">
              <spec gen="m" num="s">
                <d gen="m" lem="el" num="s" pos="da0ms0" postype="article" wd="el"/>
              </spec>
              <grup.nom gen="m" num="s">
                <n gen="m" lem="turismo" num="s" pos="ncms000" postype="common" sense="16:00193473" wd="turismo"/>
              </grup.nom>
            </sn>
            <conj conjunctiontype="coordinating">
              <c lem="y" pos="cc" postype="coordinating" wd="y"/>
            </conj>
            <sn entityref="nne" homophoricDD="yes">
              <spec gen="m" num="s">
                <d gen="m" lem="el" num="s" pos="da0ms0" postype="article" wd="el"/>
              </spec>
              <grup.nom gen="m" num="s">
                <n gen="m" lem="comercio" lexicalid="noun.comercio.2.default" num="s" origin="deverbal" pos="ncms000" postype="common" sense="16:00720146" wd="comercio"/>
              </grup.nom>
            </sn>
          </sn>
          <f lem="," pos="fc" punct="comma" wd=","/>
          <sn coord="yes">
            <sn entityref="nne" homophoricDD="yes">
              <spec gen="f" num="s">
                <d gen="f" lem="el" num="s" pos="da0fs0" postype="article" wd="la"/>
              </spec>
              <grup.nom gen="f" num="s">
                <n gen="f" lem="inversión" lexicalid="noun.inversión.2.default" num="s" origin="deverbal" pos="ncfs000" postype="common" sense="16:00712429" wd="inversión"/>
                <s.a arg="arg0" func="cn" gen="f" num="s" tem="agt">
                  <grup.a gen="f" num="s">
                    <a gen="f" lem="extranjero" num="s" pos="aq0fs0" postype="qualificative" wd="extranjera"/>
                  </grup.a>
                </s.a>
              </grup.nom>
            </sn>
            <conj conjunctiontype="coordinating">
              <c lem="y" pos="cc" postype="coordinating" wd="y"/>
            </conj>
            <sn entityref="nne" homophoricDD="yes">
              <spec gen="m" num="s">
                <d gen="m" lem="el" num="s" pos="da0ms0" postype="article" wd="el"/>
              </spec>
              <grup.nom gen="m" num="s">
                <n gen="m" lem="desarrollo" lexicalid="noun.desarrollo.3.default" num="s" origin="deverbal" pos="ncms000" postype="common" sense="16:09725434" wd="desarrollo"/>
                <s.a arg="arg1" func="cn" gen="m" num="s" tem="tem">
                  <grup.a gen="m" num="s">
                    <a gen="m" lem="económico" num="s" pos="aq0ms0" postype="qualificative" wd="económico"/>
                  </grup.a>
                </s.a>
              </grup.nom>
            </sn>
          </sn>
        </sn>
        <sp arg="argM" func="cc" tem="mnr">
          <prep>
            <s lem="a" pos="sps00" postype="preposition" wd="a"/>
          </prep>
          <sn entityref="lex">
            <grup.nom gen="m" num="s">
              <s.a gen="m" num="s">
                <grup.a gen="m" num="s">
                  <a gen="m" lem="largo" num="s" pos="aq0ms0" postype="qualificative" wd="largo"/>
                </grup.a>
              </s.a>
              <n gen="m" lem="plazo" num="s" pos="ncms000" postype="common" sense="16:10935385" wd="plazo"/>
            </grup.nom>
          </sn>
        </sp>
      </S>
    </sp>
    <f lem="." pos="fp" punct="period" wd="."/>
  </sentence>
  <sentence coord="yes">
    <S>
      <sn arg="arg0" coreftype="ident" entity="entity3" entityref="nne" func="suj" tem="agt">
        <spec gen="m" num="p">
          <d gen="m" lem="el" num="p" pos="da0mp0" postype="article" wd="Los"/>
        </spec>
        <grup.nom gen="m" num="p">
          <n gen="m" lem="ministro" num="p" pos="ncmp000" postype="common" sense="16:07412658" wd="ministros"/>
        </grup.nom>
      </sn>
      <grup.verb>
        <v lem="reconocer" lss="A21.transitive-agentive-patient" mood="indicative" num="p" person="3" pos="vmis3p0" postype="main" tense="past" wd="reconocieron"/>
      </grup.verb>
      <sn arg="arg1" coreftype="ident" entity="entity19" entityref="nne" func="cd" homophoricDD="yes" tem="pat">
        <spec gen="f" num="s">
          <d gen="f" lem="el" num="s" pos="da0fs0" postype="article" wd="la"/>
        </spec>
        <grup.nom gen="f" num="s">
          <n gen="f" lem="importancia" lexicalid="noun.importancia.1.default" num="s" origin="deverbal" pos="ncfs000" postype="common" sense="16:04025511" wd="importancia"/>
          <sp arg="arg1" func="cn" tem="tem">
            <prep>
              <s lem="de" pos="sps00" postype="preposition" wd="de"/>
            </prep>
            <sn coreftype="ident" entity="entity20" entityref="nne">
              <spec gen="m" num="s">
                <d gen="m" lem="uno" num="s" pos="di0ms0" postype="indefinite" wd="un"/>
              </spec>
              <grup.nom gen="m" num="s">
                <n gen="m" lem="servicio" lexicalid="noun.servicio.1.default" num="s" origin="deverbal" pos="ncms000" postype="common" sense="16:06084772" wd="servicio"/>
                <s.a func="cn" gen="m" num="s">
                  <grup.a gen="m" num="s">
                    <a gen="m" lem="aéreo" num="s" pos="aq0ms0" postype="qualificative" wd="aéreo"/>
                  </grup.a>
                </s.a>
                <s.a complex="yes" func="cn" gen="m" num="s">
                  <grup.a coord="yes" gen="m" num="s">
                    <grup.a gen="m" num="s">
                      <a gen="m" lem="seguro" num="s" pos="aq0ms0" postype="qualificative" wd="seguro"/>
                    </grup.a>
                    <conj conjunctiontype="coordinating">
                      <c lem="y" pos="cc" postype="coordinating" wd="y"/>
                    </conj>
                    <grup.a gen="m" num="s">
                      <a gen="c" lem="eficiente" num="s" pos="aq0cs0" postype="qualificative" wd="eficiente"/>
                    </grup.a>
                  </grup.a>
                </s.a>
              </grup.nom>
            </sn>
          </sp>
        </grup.nom>
      </sn>
      <f lem="," pos="fc" punct="comma" wd=","/>
    </S>
    <conj conjunctiontype="coordinating">
      <c lem="y" pos="cc" postype="coordinating" wd="y"/>
    </conj>
    <S>
      <sp arg="argM" func="cc" tem="fin">
        <prep>
          <s lem="para" pos="sps00" postype="preposition" wd="para"/>
        </prep>
        <S clausetype="completive" impersonal="yes">
          <infinitiu>
            <v coreftype="ident" entity="entity20" lem="lograr" lss="A21.transitive-agentive-patient" mood="infinitive" pos="vmn0000" postype="main" wd="lograrlo"/>
          </infinitiu>
        </S>
      </sp>
      <sn arg="arg0" coreftype="ident" elliptic="yes" entity="entity3" entityref="nne" func="suj" tem="agt"/>
      <grup.verb>
        <v lem="acordar" lss="A22.transitive-agentive-theme" mood="indicative" num="p" person="3" pos="vmis3p0" postype="main" tense="past" wd="acordaron"/>
      </grup.verb>
      <S arg="arg1" clausetype="completive" func="cd" impersonal="yes" tem="pat">
        <infinitiu>
          <v lem="establecer" lss="A21.transitive-agentive-patient" mood="infinitive" pos="vmn0000" postype="main" wd="establecer"/>
        </infinitiu>
        <sn arg="arg1" entity="entity21" entityref="nne" func="cd" tem="pat">
          <spec gen="f" num="s">
            <d gen="f" lem="uno" num="s" pos="di0fs0" postype="indefinite" wd="una"/>
          </spec>
          <grup.nom gen="f" num="s">
            <n lem="Asociación" ne="organization" pos="np0000o" postype="proper" sense="16:cs1" wd="Asociación"/>
            <sp>
              <prep>
                <s lem="para" pos="sps00" postype="preposition" wd="para"/>
              </prep>
              <sn coreftype="ident" entity="entity20" entityref="nne">
                <spec gen="f" num="s">
                  <d gen="f" lem="uno" num="s" pos="di0fs0" postype="indefinite" wd="una"/>
                </spec>
                <grup.nom gen="f" num="s">
                  <s.a gen="f" num="s">
                    <grup.a gen="f" num="s">
                      <a gen="c" lem="mayor" num="s" pos="aq0cs0" postype="qualificative" wd="mayor"/>
                    </grup.a>
                  </s.a>
                  <n gen="f" lem="seguridad" num="s" pos="ncfs000" postype="common" sense="16:10425881" wd="seguridad"/>
                  <sp>
                    <prep>
                      <s lem="en" pos="sps00" postype="preposition" wd="en"/>
                    </prep>
                    <sn entity="entity23" entityref="nne" homophoricDD="yes">
                      <spec gen="m" num="p">
                        <d gen="m" lem="el" num="p" pos="da0mp0" postype="article" wd="los"/>
                      </spec>
                      <grup.nom gen="m" num="p">
                        <n gen="m" lem="cielo" num="p" pos="ncmp000" postype="common" sense="16:06285184" wd="cielos"/>
                        <sp>
                          <prep>
                            <s contracted="yes" gen="m" lem="del" num="s" pos="spcms" postype="preposition" wd="del"/>
                          </prep>
                          <sn entityref="ne" ne="location">
                            <grup.nom gen="m" num="s">
                              <n lem="Hemisferio_Occidental" ne="location" pos="np0000l" postype="proper" sense="16:cs1" wd="Hemisferio_Occidental"/>
                            </grup.nom>
                          </sn>
                        </sp>
                      </grup.nom>
                    </sn>
                  </sp>
                </grup.nom>
              </sn>
            </sp>
          </grup.nom>
        </sn>
      </S>
    </S>
    <f lem="." pos="fp" punct="period" wd="."/>
  </sentence>
  <sentence coord="yes">
    <S coord="yes">
      <S>
        <sn arg="arg0" coreftype="ident" entity="entity21" entityref="nne" func="suj" tem="agt">
          <spec gen="f" num="s">
            <d gen="f" lem="ese" num="s" pos="dd0fs0" postype="demonstrative" wd="Esa"/>
          </spec>
          <grup.nom gen="f" num="s">
            <n gen="f" lem="asociación" lexicalid="noun.asociación.1.default" num="s" origin="deverbal" pos="ncfs000" postype="common" sense="16:05972379" wd="asociación"/>
            <S clausetype="relative" func="cn">
              <f lem="," pos="fc" punct="comma" wd=","/>
              <relatiu arg="arg0" coreftype="ident" entity="entity21" entityref="nne" func="suj" tem="agt">
                <p gen="c" lem="que" num="c" pos="pr0cn000" postype="relative" wd="que"/>
              </relatiu>
              <grup.verb>
                <v lem="deber" mood="indicative" num="s" person="3" pos="vmif3s0" postype="main" tense="future" wd="deberá"/>
                <infinitiu>
                  <v lem="tener_en_consideración" lss="A21.transitive-agentive-patient" mood="infinitive" pos="vmn0000" postype="main" wd="tener_en_consideración"/>
                </infinitiu>
              </grup.verb>
              <sn arg="arg1" entityref="nne" func="cd" homophoricDD="yes" tem="pat">
                <spec gen="m" num="s">
                  <d gen="m" lem="el" num="s" pos="da0ms0" postype="article" wd="el"/>
                </spec>
                <grup.nom gen="m" num="s">
                  <n gen="m" lem="papel" num="s" pos="ncms000" postype="common" sense="16:00462318" wd="papel"/>
                  <sp>
                    <prep>
                      <s lem="de" pos="sps00" postype="preposition" wd="de"/>
                    </prep>
                    <sn coreftype="ident" entity="entity8" entityref="ne" ne="organization">
                      <spec gen="f" num="s">
                        <d gen="f" lem="el" num="s" pos="da0fs0" postype="article" wd="la"/>
                      </spec>
                      <grup.nom gen="f" num="s">
                        <n lem="OACI" ne="organization" pos="np0000o" postype="proper" sense="16:cs1" wd="OACI"/>
                      </grup.nom>
                    </sn>
                  </sp>
                </grup.nom>
              </sn>
              <f lem="," pos="fc" punct="comma" wd=","/>
            </S>
          </grup.nom>
        </sn>
        <grup.verb>
          <v lem="promover" lss="A21.transitive-agentive-patient" mood="indicative" num="s" person="3" pos="vmif3s0" postype="main" tense="future" wd="promoverá"/>
        </grup.verb>
      </S>
      <conj conjunctiontype="coordinating">
        <c lem="y" pos="cc" postype="coordinating" wd="y"/>
      </conj>
      <S>
        <sn arg="arg0" coreftype="ident" elliptic="yes" entity="entity21" entityref="nne" func="suj" tem="cau"/>
        <grup.verb>
          <v lem="reforzar" lss="A11.transitive-causative" mood="indicative" num="s" person="3" pos="vmif3s0" postype="main" tense="future" wd="reforzará"/>
        </grup.verb>
      </S>
    </S>
    <sn adjunct="yes" arg="arg1" complex="yes" entityref="nne" func="cd" tem="tem">
      <grup.nom coord="yes">
        <grup.nom gen="f" num="p">
          <n gen="f" lem="mejora" lexicalid="noun.mejora.1.default" num="p" origin="deverbal" pos="ncfp000" postype="common" sense="16:00159157" wd="mejoras"/>
          <s.a func="cn" gen="f" num="p">
            <grup.a gen="f" num="p">
              <a gen="c" lem="sostenible" num="p" pos="aq0cp0" postype="qualificative" wd="sostenibles"/>
            </grup.a>
          </s.a>
          <sp arg="arg0" func="cn" tem="cau">
            <prep>
              <s lem="en_materia_de" pos="sps00" postype="preposition" wd="en_materia_de"/>
            </prep>
            <sn>
              <grup.nom gen="f" num="s">
                <n gen="f" lem="seguridad" num="s" pos="ncfs000" postype="common" sense="16:10425881" wd="seguridad"/>
                <sp>
                  <prep>
                    <s lem="de" pos="sps00" postype="preposition" wd="de"/>
                  </prep>
                  <sn coreftype="ident" entity="entity22" entityref="nne" homophoricDD="yes">
                    <spec gen="f" num="s">
                      <d gen="f" lem="el" num="s" pos="da0fs0" postype="article" wd="la"/>
                    </spec>
                    <grup.nom gen="f" num="s">
                      <n gen="f" lem="aeronavegación" lexicalid="noun.aeronavegación.1.default" num="s" origin="deverbal" pos="ncfs000" postype="common" sense="16:cs1" wd="aeronavegación"/>
                    </grup.nom>
                  </sn>
                </sp>
              </grup.nom>
            </sn>
          </sp>
          <f lem="," pos="fc" punct="comma" wd=","/>
        </grup.nom>
        <conj conjunctiontype="coordinating">
          <c lem="así_como" pos="cc" postype="coordinating" wd="así_como"/>
        </conj>
        <grup.nom gen="f" num="p">
          <n gen="f" lem="mejora" lexicalid="noun.mejora.1.default" num="p" origin="deverbal" pos="ncfp000" postype="common" sense="16:00159157" wd="mejoras"/>
          <sp arg="arg0" func="cn" tem="cau">
            <prep>
              <s lem="en" pos="sps00" postype="preposition" wd="en"/>
            </prep>
            <sn entityref="nne" homophoricDD="yes">
              <spec gen="f" num="p">
                <d gen="f" lem="el" num="p" pos="da0fp0" postype="article" wd="las"/>
              </spec>
              <grup.nom gen="f" num="p">
                <n gen="f" lem="condición" num="p" pos="ncfp000" postype="common" sense="16:10032130" wd="condiciones"/>
                <sp>
                  <prep>
                    <s lem="de" pos="sps00" postype="preposition" wd="de"/>
                  </prep>
                  <sn>
                    <grup.nom gen="m" num="s">
                      <n gen="m" lem="fortalecimiento" lexicalid="noun.fortalecimiento.3.default" num="s" origin="deverbal" pos="ncms000" postype="common" sense="16:00240588" wd="fortalecimiento"/>
                      <sp arg="arg1" func="cn" tem="tem">
                        <prep>
                          <s lem="de" pos="sps00" postype="preposition" wd="de"/>
                        </prep>
                        <sn entityref="nne" homophoricDD="yes">
                          <spec gen="m" num="p">
                            <d gen="m" lem="el" num="p" pos="da0mp0" postype="article" wd="los"/>
                          </spec>
                          <grup.nom gen="m" num="p">
                            <n gen="m" lem="sistema" num="p" pos="ncmp000" postype="common" sense="16:03459836" wd="sistemas"/>
                            <sp>
                              <prep>
                                <s lem="de" pos="sps00" postype="preposition" wd="de"/>
                              </prep>
                              <sn>
                                <grup.nom gen="f" num="s">
                                  <n gen="f" lem="aviación" num="s" pos="ncfs000" postype="common" sense="16:00194802" wd="aviación"/>
                                  <s.a gen="f" num="s">
                                    <grup.a gen="f" num="s">
                                      <a gen="c" lem="civil" num="s" pos="aq0cs0" postype="qualificative" wd="civil"/>
                                    </grup.a>
                                  </s.a>
                                </grup.nom>
                              </sn>
                            </sp>
                            <sp>
                              <prep>
                                <s lem="de" pos="sps00" postype="preposition" wd="de"/>
                              </prep>
                              <sn coreftype="ident" entity="entity23" entityref="nne">
                                <spec gen="f" num="s">
                                  <d gen="f" lem="el" num="s" pos="da0fs0" postype="article" wd="la"/>
                                </spec>
                                <grup.nom gen="f" num="s">
                                  <n gen="f" lem="región" num="s" pos="ncfs000" postype="common" sense="16:06358701" wd="región"/>
                                </grup.nom>
                              </sn>
                            </sp>
                          </grup.nom>
                        </sn>
                      </sp>
                    </grup.nom>
                  </sn>
                </sp>
              </grup.nom>
            </sn>
          </sp>
        </grup.nom>
      </grup.nom>
    </sn>
    <f lem="." pos="fp" punct="period" wd="."/>
  </sentence>
  <sentence>
    <sn arg="arg0" coreftype="ident" elliptic="yes" entity="entity21" entityref="nne" func="suj" tem="agt"/>
    <sadv func="mod">
      <grup.adv>
        <r lem="también" pos="rg" wd="También"/>
      </grup.adv>
    </sadv>
    <grup.verb>
      <v lem="promover" lss="A21.transitive-agentive-patient" mood="indicative" num="s" person="3" pos="vmif3s0" postype="main" tense="future" wd="promoverá"/>
    </grup.verb>
    <sn arg="arg1" entityref="nne" func="cd" homophoricDD="yes" tem="pat">
      <spec gen="m" num="s">
        <d gen="m" lem="el" num="s" pos="da0ms0" postype="article" wd="el"/>
      </spec>
      <grup.nom gen="m" num="s">
        <n gen="m" lem="crecimiento" lexicalid="noun.crecimiento.3.default" num="s" origin="deverbal" pos="ncms000" postype="common" sense="16:00233535" wd="crecimiento"/>
        <sp arg="arg1" func="cn" tem="tem">
          <prep>
            <s lem="de" pos="sps00" postype="preposition" wd="de"/>
          </prep>
          <sn entityref="nne" homophoricDD="yes">
            <spec gen="m" num="p">
              <d gen="m" lem="el" num="p" pos="da0mp0" postype="article" wd="los"/>
            </spec>
            <grup.nom gen="m" num="p">
              <n gen="m" lem="servicio" lexicalid="noun.servicio.1.default" num="p" origin="deverbal" pos="ncmp000" postype="common" sense="16:06084772" wd="servicios"/>
              <s.a func="cn" gen="m" num="p">
                <grup.a gen="m" num="p">
                  <a gen="c" lem="internacional" num="p" pos="aq0cp0" postype="qualificative" wd="internacionales"/>
                </grup.a>
              </s.a>
              <sp arg="arg1" func="cn" tem="pat">
                <prep>
                  <s lem="de" pos="sps00" postype="preposition" wd="de"/>
                </prep>
                <sn>
                  <grup.nom gen="f" num="s">
                    <n gen="f" lem="aeronavegación" lexicalid="noun.aeronavegación.1.default" num="s" origin="deverbal" pos="ncfs000" postype="common" sense="16:cs1" wd="aeronavegación"/>
                  </grup.nom>
                </sn>
              </sp>
              <sp arg="argM" func="cn" tem="loc">
                <prep>
                  <s lem="en" pos="sps00" postype="preposition" wd="en"/>
                </prep>
                <sn coreftype="ident" entity="entity9" entityref="spec">
                  <spec gen="m" num="s">
                    <d gen="m" lem="el" num="s" pos="da0ms0" postype="article" wd="el"/>
                  </spec>
                  <grup.nom gen="m" num="s">
                    <n gen="m" lem="continente" num="s" pos="ncms000" postype="common" sense="16:06835944" wd="continente"/>
                  </grup.nom>
                </sn>
              </sp>
            </grup.nom>
          </sn>
        </sp>
      </grup.nom>
    </sn>
    <f lem="." pos="fp" punct="period" wd="."/>
  </sentence>
  <sentence>
    <sn arg="arg0" entity="entity24" entityref="ne" func="suj" ne="person" tem="agt">
      <spec gen="m" num="s">
        <d gen="m" lem="el" num="s" pos="da0ms0" postype="article" wd="El"/>
      </spec>
      <grup.nom gen="m" num="s">
        <n gen="m" lem="titular" num="s" pos="ncms000" postype="common" sense="16:07336733" wd="titular"/>
        <s.a gen="m" num="s">
          <grup.a gen="m" num="s">
            <a gen="m" lem="uruguayo" num="s" pos="aq0ms0" postype="qualificative" wd="uruguayo"/>
          </grup.a>
        </s.a>
        <sp>
          <prep>
            <s lem="de" pos="sps00" postype="preposition" wd="de"/>
          </prep>
          <sn entityref="ne" ne="organization">
            <grup.nom>
              <n lem="Transportes" ne="organization" pos="np0000o" postype="proper" sense="16:cs1" wd="Transportes"/>
            </grup.nom>
          </sn>
        </sp>
        <sn corefsubtype="definit" coreftype="pred" entity="entity24" entityref="ne" ne="person">
          <f lem="," pos="fc" punct="comma" wd=","/>
          <grup.nom gen="m" num="s">
            <n lem="Lucio_Cáceres_Behrens" ne="person" pos="np0000p" postype="proper" sense="16:cs1" wd="Lucio_Cáceres_Behrens"/>
          </grup.nom>
          <f lem="," pos="fc" punct="comma" wd=","/>
        </sn>
      </grup.nom>
    </sn>
    <grup.verb>
      <v lem="anunciar" lss="A21.transitive-agentive-patient" mood="indicative" num="s" person="3" pos="vmis3s0" postype="main" tense="past" wd="anunció"/>
    </grup.verb>
    <S arg="arg1" clausetype="completive" func="cd" tem="pat">
      <conj conjunctiontype="subordinating">
        <c lem="que" pos="cs" postype="subordinating" wd="que"/>
      </conj>
      <sn arg="arg1" entity="entity25" entityref="ne" func="suj" ne="organization" tem="tem">
        <spec gen="m" num="s">
          <d coreftype="ident" entity="entity24" entityref="spec" gen="c" lem="su" num="s" person="3" pos="dp3cs0" postype="possessive" wd="su"/>
        </spec>
        <grup.nom gen="m" num="s">
          <n lem="Gobierno" ne="organization" pos="np0000o" postype="proper" sense="16:cs1" wd="Gobierno"/>
        </grup.nom>
      </sn>
      <grup.verb>
        <v lem="ser" lss="C21.state-attributive" mood="indicative" num="s" person="3" pos="vsif3s0" postype="semiauxiliary" tense="future" wd="será"/>
      </grup.verb>
      <sn arg="arg2" corefsubtype="definit" coreftype="pred" entity="entity25" func="atr" tem="atr">
        <spec gen="m" num="s">
          <d gen="m" lem="el" num="s" pos="da0ms0" postype="article" wd="el"/>
        </spec>
        <grup.nom gen="m" num="s">
          <n gen="m" lem="anfitrión" num="s" pos="ncms000" postype="common" sense="16:07326946" wd="anfitrión"/>
          <sp>
            <prep>
              <s lem="de" pos="sps00" postype="preposition" wd="de"/>
            </prep>
            <sn entityref="nne" homophoricDD="yes">
              <spec gen="f" num="s">
                <d gen="f" lem="el" num="s" pos="da0fs0" postype="article" wd="la"/>
              </spec>
              <grup.nom gen="f" num="s">
                <s.a func="cn" gen="f" num="s">
                  <grup.a gen="f" num="s">
                    <a gen="f" lem="próximo" num="s" pos="aq0fs0" postype="qualificative" wd="próxima"/>
                  </grup.a>
                </s.a>
                <n gen="f" lem="reunión" lexicalid="noun.reunión.4.default" num="s" origin="deverbal" pos="ncfs000" postype="common" sense="16:06166238" wd="reunión"/>
                <s.a func="cn" gen="f" num="s">
                  <grup.a gen="f" num="s">
                    <a gen="f" lem="plenario" num="s" pos="aq0fs0" postype="qualificative" wd="plenaria"/>
                  </grup.a>
                </s.a>
                <sp arg="arg0" func="cn" tem="agt">
                  <prep>
                    <s lem="de" pos="sps00" postype="preposition" wd="de"/>
                  </prep>
                  <sn entityref="nne">
                    <grup.nom gen="m" num="p">
                      <n gen="m" lem="ministro" num="p" pos="ncmp000" postype="common" sense="16:07412658" wd="ministros"/>
                      <sp>
                        <prep>
                          <s lem="de" pos="sps00" postype="preposition" wd="de"/>
                        </prep>
                        <sn coreftype="ident" entity="entity26" entityref="ne" ne="organization">
                          <grup.nom>
                            <n lem="Transporte_del_Hemisferio_Occidental" ne="organization" pos="np0000o" postype="proper" sense="16:cs1" wd="Transporte_del_Hemisferio_Occidental"/>
                          </grup.nom>
                        </sn>
                      </sp>
                    </grup.nom>
                  </sn>
                </sp>
                <sp arg="argM" func="cn" tem="loc">
                  <f lem="," pos="fc" punct="comma" wd=","/>
                  <prep>
                    <s lem="en" pos="sps00" postype="preposition" wd="en"/>
                  </prep>
                  <sn entityref="ne" ne="location">
                    <grup.nom>
                      <n lem="Punta_del_Este" ne="location" pos="np0000l" postype="proper" sense="16:cs1" wd="Punta_del_Este"/>
                    </grup.nom>
                  </sn>
                  <f lem="," pos="fc" punct="comma" wd=","/>
                </sp>
                <sn arg="argM" entityref="nne" func="cn" homophoricDD="yes" tem="tmp">
                  <spec gen="m" num="p">
                    <d gen="m" lem="el" num="p" pos="da0mp0" postype="article" wd="los"/>
                  </spec>
                  <grup.nom gen="m" num="p">
                    <n gen="m" lem="día" num="p" pos="ncmp000" postype="common" sense="16:10851114" wd="días"/>
                    <sn complex="yes" entityref="ne" ne="date">
                      <grup.nom coord="yes">
                        <grup.nom gen="m" num="p">
                          <z lem="15" ne="number" wd="15"/>
                        </grup.nom>
                        <conj conjunctiontype="coordinating">
                          <c lem="y" pos="cc" postype="coordinating" wd="y"/>
                        </conj>
                        <grup.nom gen="m" num="p">
                          <w lem="[??:16/3/2001:??.??]" ne="date" wd="16_de_marzo_del_2001"/>
                        </grup.nom>
                      </grup.nom>
                    </sn>
                  </grup.nom>
                </sn>
              </grup.nom>
            </sn>
          </sp>
        </grup.nom>
      </sn>
    </S>
    <f lem="." pos="fp" punct="period" wd="."/>
  </sentence>
</article>
