<?xml version="1.0" encoding="UTF-8"?>
<!-- 

  ancora-2.0
       
			Copyright (C) 2007, 2008, 2009, 2010, 2011 UB - CLiC
			Centre de Llenguatge i Computació - Universitat de Barcelona
 
  This file is part of ancora-2.0.
 
  ancora-2.0 is free software and data: you can redistribute it and/or modify
  it under the terms of the GNU General Public License as published
  by the Free Software Foundation, either version 3 of the License,
  or (at your option) any later version.

  ancora-2.0 is distributed in the hope that it will be useful,
  but WITHOUT ANY WARRANTY; without even the implied warranty of
  MERCHANTABILITY or FITNESS FOR A PARTICULAR PURPOSE.  See the
  GNU General Public License for more details.
 
  You should have received a copy of the GNU General Public License
  along with ancora-2.0.  If not, see &lt;http://www.gnu.org/licenses/&gt;.
 
  Check a text in catalan explaining the terms of the license at http://www.softcatala.cat/wiki/GPL3.
  In spanish at http://www.viti.es/gnu/licenses/gpl.html
 

  The following paper must be cited when using this corpus:

 * Taulé, M., M.A. Martí, M. Recasens (2008) 'Ancora: Multilevel Annotated Corpora for Catalan and Spanish',
   Proceedings of 6th International Conference on Language Resources and Evaluation. Marrakesh (Morocco).

  In addition, the following paper must be cited if coreference information (attributes entity, coreftype,
  corefsubtype, homophoricDD or entityref) is used:

 * Recasens, Marta, M. Antònia Martí (2010) ‘AnCora-CO: Coreferentially annotated corpora for Spanish and
   Catalan’. Language Resources and Evaluation, Springer Science.

  Additionally, the following paper must be cited when argumental attributes in "sn" or "grup.nom"
  (attributes func, arg, tem or lexicalid) are used:

 * Peris, Aina, Mariona Taulé, Horacio Rodríguez (2010) ‘Semantic Annotation of Deverbal Nominalizations in the
   Spanish AnCora corpus’. Treebanks and Linguistic Theories (TLT-2010), Estonia.
-->
<article lng="es">
  <sentence title="yes">
    <sn arg="arg1" entity="entity1" entityref="spec" func="suj" tem="pat" title="yes">
      <spec gen="m" num="s">
        <d gen="m" lem="el" num="s" pos="da0ms0" postype="article" wd="El"/>
      </spec>
      <grup.nom gen="m" num="s">
        <n gen="m" lem="montaje" lexicalid="noun.montaje.1.default" num="s" origin="deverbal" pos="ncms000" postype="common" sense="16:00604176" wd="montaje"/>
      </grup.nom>
    </sn>
    <morfema.verbal func="pass">
      <p gen="c" lem="se" num="c" pos="p0000000" wd="se"/>
    </morfema.verbal>
    <grup.verb>
      <v lem="representar" lss="B22.unaccusative-passive-transitive" mood="indicative" num="s" person="3" pos="vmif3s0" postype="main" tense="future" wd="representará"/>
    </grup.verb>
    <sp arg="argM" func="cc" tem="loc">
      <prep>
        <s lem="en" pos="sps00" postype="preposition" wd="en"/>
      </prep>
      <sn entity="entity4" entityref="ne" ne="location">
        <spec gen="m" num="s">
          <d gen="m" lem="el" num="s" pos="da0ms0" postype="article" wd="el"/>
        </spec>
        <grup.nom gen="m" num="s">
          <n lem="Teatre_Romea" ne="location" pos="np00000" postype="proper" wd="Teatre_Romea"/>
        </grup.nom>
      </sn>
    </sp>
    <sn arg="argM" coord="yes" func="cc" tem="tmp">
      <conj conjunctiontype="coordinating">
        <s lem="desde" pos="sps00" postype="preposition" wd="desde"/>
      </conj>
      <sn entityref="nne">
        <grup.nom gen="m" num="s">
          <n gen="m" lem="hoy" num="s" pos="ncms000" postype="common" sense="16:10877113" wd="hoy"/>
        </grup.nom>
      </sn>
      <conj conjunctiontype="coordinating">
        <s lem="hasta" pos="sps00" postype="preposition" wd="hasta"/>
      </conj>
      <sn entity="entity12" entityref="ne" ne="date">
        <spec gen="m" num="s">
          <d gen="m" lem="el" num="s" pos="da0ms0" postype="article" wd="el"/>
        </spec>
        <grup.nom gen="m" num="s">
          <w lem="[??:13/??/??:??.??]" ne="date" wd="día_13"/>
        </grup.nom>
      </sn>
    </sn>
    <f lem="." pos="fp" punct="period" wd="."/>
  </sentence>
  <sentence>
    <sn arg="argM" coord="yes" func="cc" tem="tmp">
      <conj conjunctiontype="coordinating" coord="yes">
        <s lem="desde" pos="sps00" postype="preposition" wd="Desde"/>
      </conj>
      <sn entityref="nne">
        <spec gen="f" num="s">
          <d gen="f" lem="este" num="s" pos="dd0fs0" postype="demonstrative" wd="esta"/>
        </spec>
        <grup.nom gen="f" num="s">
          <n gen="f" lem="noche" num="s" pos="ncfs000" postype="common" sense="16:10876859" wd="noche"/>
        </grup.nom>
      </sn>
      <conj conjunctiontype="coordinating">
        <s lem="hasta" pos="sps00" postype="preposition" wd="hasta"/>
      </conj>
      <sn coreftype="ident" entity="entity12" entityref="ne" ne="date">
        <spec gen="m" num="s">
          <d gen="m" lem="el" num="s" pos="da0ms0" postype="article" wd="el"/>
        </spec>
        <grup.nom gen="m" num="s">
          <w lem="[??:13/??/??:??.??]" ne="date" wd="día_13"/>
        </grup.nom>
      </sn>
    </sn>
    <morfema.verbal func="pass">
      <p gen="c" lem="se" num="c" pos="p0000000" wd="se"/>
    </morfema.verbal>
    <grup.verb>
      <v lem="representar" lss="B22.unaccusative-passive-transitive" mood="indicative" num="s" person="3" pos="vmif3s0" postype="main" tense="future" wd="representará"/>
    </grup.verb>
    <sp arg="argM" func="cc" tem="loc">
      <prep>
        <s lem="en" pos="sps00" postype="preposition" wd="en"/>
      </prep>
      <sn coreftype="ident" entity="entity4" entityref="ne" ne="location">
        <spec gen="m" num="s">
          <d gen="m" lem="el" num="s" pos="da0ms0" postype="article" wd="el"/>
        </spec>
        <grup.nom gen="m" num="s">
          <n lem="Teatre_Romea" ne="location" pos="np00000" postype="proper" wd="Teatre_Romea"/>
        </grup.nom>
      </sn>
    </sp>
    <sn arg="arg1" coreftype="ident" entity="entity1" entityref="ne" func="suj" ne="other" tem="pat">
      <grup.nom>
        <n lem="la_casa_en_obres" ne="other" pos="np00000" postype="proper" wd="La_casa_en_obres"/>
        <sn corefsubtype="definit" coreftype="pred" entity="entity1">
          <f lem="," pos="fc" punct="comma" wd=","/>
          <spec gen="m" num="s">
            <d gen="m" lem="el" num="s" pos="da0ms0" postype="article" wd="el"/>
          </spec>
          <grup.nom gen="m" num="s">
            <n gen="m" lem="montaje" lexicalid="noun.montaje.1.default" num="s" origin="deverbal" pos="ncms000" postype="common" sense="16:00604176" wd="montaje"/>
            <S clausetype="participle" coord="yes" func="cn" impersonal="yes">
              <S clausetype="participle" coord="yes" impersonal="yes">
                <S clausetype="participle" impersonal="yes">
                  <participi>
                    <a gen="m" lem="creado" lss="B22.unaccusative-passive-transitive" num="s" pos="aq0msp" posfunction="participle" postype="qualificative" wd="creado"/>
                  </participi>
                </S>
                <conj conjunctiontype="coordinating">
                  <c lem="y" pos="cc" postype="coordinating" wd="y"/>
                </conj>
                <S clausetype="participle" impersonal="yes">
                  <participi>
                    <a gen="m" lem="protagonizado" lss="B22.unaccusative-passive-transitive" num="s" pos="aq0msp" posfunction="participle" postype="qualificative" wd="protagonizado"/>
                  </participi>
                </S>
              </S>
              <sp adjunct="yes" arg="arg0" func="cag" tem="agt">
                <prep>
                  <s lem="por" pos="sps00" postype="preposition" wd="por"/>
                </prep>
                <sn entity="entity2" entityref="ne" ne="person">
                  <grup.nom gen="m" num="s">
                    <n lem="Pep_Tosar" ne="person" pos="np00000" postype="proper" wd="Pep_Tosar"/>
                  </grup.nom>
                </sn>
              </sp>
            </S>
            <sp arg="argM" func="cn" tem="adv">
              <prep>
                <s lem="sobre" pos="sps00" postype="preposition" wd="sobre"/>
              </prep>
              <sn coord="yes">
                <sn coord="yes">
                  <sn entityref="nne">
                    <spec gen="f" num="s">
                      <d gen="f" lem="el" num="s" pos="da0fs0" postype="article" wd="la"/>
                    </spec>
                    <grup.nom gen="f" num="s">
                      <n gen="f" lem="persona" num="s" pos="ncfs000" postype="common" sense="16:00004123" wd="persona"/>
                    </grup.nom>
                  </sn>
                  <conj conjunctiontype="coordinating">
                    <c lem="y" pos="cc" postype="coordinating" wd="y"/>
                  </conj>
                  <sn entity="entity7" entityref="nne">
                    <spec gen="f" num="s">
                      <d gen="f" lem="el" num="s" pos="da0fs0" postype="article" wd="la"/>
                    </spec>
                    <grup.nom gen="f" num="s">
                      <n gen="f" lem="obra" lexicalid="noun.obra.2.default" num="s" origin="deverbal" pos="ncfs000" postype="common" sense="16:05265213" wd="obra"/>
                    </grup.nom>
                  </sn>
                </sn>
                <sp adjunct="yes">
                  <prep>
                    <s lem="de" pos="sps00" postype="preposition" wd="de"/>
                  </prep>
                  <sn entity="entity3" entityref="ne" ne="person">
                    <grup.nom gen="m" num="s">
                      <n lem="Blai_Bonet" ne="person" pos="np00000" postype="proper" wd="Blai_Bonet"/>
                    </grup.nom>
                  </sn>
                </sp>
              </sn>
            </sp>
          </grup.nom>
        </sn>
      </grup.nom>
    </sn>
    <f lem="." pos="fp" punct="period" wd="."/>
  </sentence>
  <sentence>
    <sadv func="mod">
      <grup.adv>
        <r lem="en_principio" pos="rg" wd="En_principio"/>
      </grup.adv>
      <f lem="," pos="fc" punct="comma" wd=","/>
    </sadv>
    <sn arg="arg0" coreftype="ident" entity="entity2" entityref="ne" func="suj" ne="person" tem="agt">
      <grup.nom gen="m" num="s">
        <n lem="Tosar" ne="person" pos="np00000" postype="proper" wd="Tosar"/>
      </grup.nom>
    </sn>
    <grup.verb>
      <v lem="haber" mood="indicative" num="s" person="3" pos="vaii3s0" postype="auxiliary" tense="imperfect" wd="había"/>
      <v gen="m" lem="recibir" lss="A21.transitive-agentive-patient" mood="participle" num="s" pos="vmp00sm" postype="main" wd="recibido"/>
    </grup.verb>
    <sn arg="arg1" entityref="nne" func="cd" homophoricDD="yes" tem="pat">
      <spec gen="m" num="s">
        <d gen="m" lem="el" num="s" pos="da0ms0" postype="article" wd="el"/>
      </spec>
      <grup.nom gen="m" num="s">
        <n gen="m" lem="encargo" lexicalid="noun.encargo.2.default" num="s" origin="deverbal" pos="ncms000" postype="common" sense="16:00471060" wd="encargo"/>
        <sp arg="arg1" func="cn" tem="pat">
          <prep>
            <s lem="de" pos="sps00" postype="preposition" wd="de"/>
          </prep>
          <S clausetype="completive" impersonal="yes">
            <infinitiu>
              <v lem="preparar" lss="A21.transitive-agentive-patient" mood="infinitive" pos="vmn0000" postype="main" wd="preparar"/>
            </infinitiu>
            <sn arg="arg1" entity="entity13" entityref="nne" func="cd" tem="pat">
              <spec gen="f" num="s">
                <d gen="f" lem="uno" num="s" pos="di0fs0" postype="indefinite" wd="una"/>
              </spec>
              <grup.nom gen="f" num="s">
                <n gen="f" lem="lectura" lexicalid="noun.lectura.1.default" num="s" origin="deverbal" pos="ncfs000" postype="common" sense="16:05362809" wd="lectura"/>
                <S clausetype="participle" func="cn" impersonal="yes">
                  <participi>
                    <a gen="f" lem="dramatizado" num="s" pos="aq0fsp" posfunction="participle" postype="qualificative" wd="dramatizada"/>
                  </participi>
                </S>
                <sp arg="arg1" func="cn" tem="pat">
                  <prep>
                    <s lem="de" pos="sps00" postype="preposition" wd="de"/>
                  </prep>
                  <sn entityref="nne" homophoricDD="yes">
                    <spec gen="m" num="p">
                      <d gen="m" lem="el" num="p" pos="da0mp0" postype="article" wd="los"/>
                    </spec>
                    <grup.nom gen="m" num="p">
                      <n gen="m" lem="texto" num="p" pos="ncmp000" postype="common" sense="16:04799150" wd="textos"/>
                      <sp>
                        <prep>
                          <s contracted="yes" gen="m" lem="del" num="s" pos="spcms" postype="preposition" wd="del"/>
                        </prep>
                        <sn coreftype="ident" entity="entity3" entityref="ne" ne="person">
                          <grup.nom gen="m" num="s">
                            <n gen="m" lem="escritor" num="s" pos="ncms000" postype="common" sense="16:07689380" wd="escritor"/>
                            <s.a gen="m" num="s">
                              <grup.a gen="m" num="s">
                                <a gen="m" lem="mallorquín" num="s" pos="aq0ms0" postype="qualificative" wd="mallorquín"/>
                              </grup.a>
                            </s.a>
                            <S clausetype="participle" impersonal="yes">
                              <f lem="," pos="fc" punct="comma" wd=","/>
                              <participi>
                                <a gen="m" lem="fallecido" lss="B22.unaccusative-passive-transitive" num="s" pos="aq0msp" posfunction="participle" postype="qualificative" wd="fallecido"/>
                              </participi>
                              <sp arg="argM" func="cc" tem="tmp">
                                <prep>
                                  <s lem="en" pos="sps00" postype="preposition" wd="en"/>
                                </prep>
                                <sn entityref="ne" ne="date">
                                  <grup.nom gen="m" num="s">
                                    <w lem="[??:??/12/1997:??.??]" ne="date" wd="diciembre_de_1997"/>
                                  </grup.nom>
                                </sn>
                              </sp>
                            </S>
                          </grup.nom>
                        </sn>
                      </sp>
                    </grup.nom>
                  </sn>
                </sp>
              </grup.nom>
            </sn>
          </S>
        </sp>
      </grup.nom>
    </sn>
    <f lem="." pos="fp" punct="period" wd="."/>
  </sentence>
  <sentence>
    <conj conjunctiontype="coordinating" func="et">
      <c lem="pero" pos="cc" postype="coordinating" wd="Pero"/>
    </conj>
    <S arg="argM" clausetype="adverbial" func="cc" tem="tmp">
      <f lem="," pos="fc" punct="comma" wd=","/>
      <conj conjunctiontype="subordinating">
        <c lem="a_medida_que" pos="cs" postype="subordinating" wd="a_medida_que"/>
      </conj>
      <sn arg="arg0" coreftype="ident" elliptic="yes" entity="entity2" entityref="spec" func="suj" tem="agt"/>
      <morfema.pronominal>
        <p gen="c" lem="él" num="c" person="3" pos="p0300000" wd="se"/>
      </morfema.pronominal>
      <grup.verb>
        <v lem="adentrar" lss="D11.inergative-agentive" mood="indicative" num="s" person="3" pos="vmii3s0" postype="main" tense="imperfect" wd="adentraba"/>
      </grup.verb>
      <sp arg="argM" func="cc" tem="loc">
        <prep>
          <s lem="en" pos="sps00" postype="preposition" wd="en"/>
        </prep>
        <sn entityref="nne" homophoricDD="yes">
          <spec gen="f" num="s">
            <d gen="f" lem="el" num="s" pos="da0fs0" postype="article" wd="la"/>
          </spec>
          <grup.nom gen="f" num="s">
            <n gen="f" lem="lectura" lexicalid="noun.lectura.2.default" num="s" origin="deverbal" pos="ncfs000" postype="common" sense="16:04475899" wd="lectura"/>
            <sp arg="arg1" func="cn" tem="pat">
              <prep>
                <s lem="de" pos="sps00" postype="preposition" wd="de"/>
              </prep>
              <sn coreftype="ident" entity="entity7" entityref="nne" homophoricDD="yes">
                <spec gen="f" num="s">
                  <d gen="f" lem="el" num="s" pos="da0fs0" postype="article" wd="la"/>
                </spec>
                <grup.nom gen="f" num="s">
                  <n gen="f" lem="obra" lexicalid="noun.obra.2.default" num="s" origin="deverbal" pos="ncfs000" postype="common" sense="16:03052506" wd="obra"/>
                  <s.a func="cn" gen="f" num="s">
                    <grup.a gen="f" num="s">
                      <a gen="f" lem="completo" num="s" pos="aq0fs0" postype="qualificative" wd="completa"/>
                    </grup.a>
                  </s.a>
                  <sp arg="arg0" func="cn" tem="agt">
                    <prep>
                      <s lem="de" pos="sps00" postype="preposition" wd="de"/>
                    </prep>
                    <sn coreftype="ident" entity="entity3" entityref="ne" ne="person">
                      <grup.nom gen="m" num="s">
                        <n lem="Bonet" ne="person" pos="np00000" postype="proper" wd="Bonet"/>
                      </grup.nom>
                    </sn>
                  </sp>
                </grup.nom>
              </sn>
            </sp>
          </grup.nom>
        </sn>
      </sp>
      <f lem="," pos="fc" punct="comma" wd=","/>
    </S>
    <sn arg="arg0" coreftype="ident" entity="entity2" entityref="ne" func="suj" ne="person" tem="agt">
      <grup.nom gen="m" num="s">
        <n lem="Tosar" ne="person" pos="np00000" postype="proper" wd="Tosar"/>
      </grup.nom>
    </sn>
    <grup.verb>
      <v lem="ver" lss="A21.transitive-agentive-patient" mood="indicative" num="s" person="3" pos="vmis3s0" postype="main" tense="past" wd="vio"/>
    </grup.verb>
    <sn arg="arg1" entityref="nne" func="cd" homophoricDD="yes" tem="pat">
      <spec gen="f" num="s">
        <d gen="f" lem="el" num="s" pos="da0fs0" postype="article" wd="la"/>
      </spec>
      <grup.nom gen="f" num="s">
        <n gen="f" lem="necesidad" num="s" pos="ncfs000" postype="common" sense="16:10367157" wd="necesidad"/>
        <sp>
          <prep>
            <s lem="de" pos="sps00" postype="preposition" wd="de"/>
          </prep>
          <S clausetype="completive" impersonal="yes">
            <infinitiu>
              <v lem="ampliar" lss="A11.transitive-causative" mood="infinitive" pos="vmn0000" postype="main" wd="ampliar"/>
            </infinitiu>
            <sn arg="arg1" entityref="nne" func="cd" homophoricDD="yes" tem="tem">
              <spec gen="f" num="s">
                <d gen="f" lem="el" num="s" pos="da0fs0" postype="article" wd="la"/>
              </spec>
              <grup.nom gen="f" num="s">
                <n gen="f" lem="dimensión" lexicalid="noun.dimensión.1.default" num="s" origin="deverbal" pos="ncfs000" postype="common" sense="16:03973414" wd="dimensión"/>
                <sp arg="arg1" func="cn" tem="pat">
                  <prep>
                    <s contracted="yes" gen="m" lem="del" num="s" pos="spcms" postype="preposition" wd="del"/>
                  </prep>
                  <sn coreftype="ident" entity="entity13" entityref="nne">
                    <grup.nom gen="m" num="s">
                      <n gen="m" lem="espectáculo" num="s" pos="ncms000" postype="common" sense="16:04964487" wd="espectáculo"/>
                    </grup.nom>
                  </sn>
                </sp>
              </grup.nom>
            </sn>
          </S>
        </sp>
      </grup.nom>
    </sn>
    <f lem="." pos="fp" punct="period" wd="."/>
  </sentence>
  <sentence>
    <S arg="arg1" clausetype="completive" func="cd" tem="pat">
      <f lem="&quot;" pos="fe" punct="quotation" wd="&quot;"/>
      <sn arg="arg1" coreftype="ident" elliptic="yes" entity="entity1" entityref="spec" func="suj" tem="tem"/>
      <grup.verb>
        <v lem="ser" lss="C21.state-attributive" mood="indicative" num="s" person="3" pos="vsip3s0" postype="semiauxiliary" tense="present" wd="Es"/>
      </grup.verb>
      <sn arg="arg2" corefsubtype="indefinit" coreftype="pred" entity="entity1" func="atr" tem="atr">
        <spec gen="m" num="s">
          <d gen="m" lem="uno" num="s" pos="di0ms0" postype="indefinite" wd="un"/>
        </spec>
        <grup.nom gen="m" num="s">
          <n gen="m" lem="viaje" lexicalid="noun.viaje.1.default" num="s" origin="deverbal" pos="ncms000" postype="common" sense="16:00202833" wd="viaje"/>
          <s.a func="cn" gen="m" num="s">
            <grup.a gen="m" num="s">
              <a gen="c" lem="personal" num="s" pos="aq0cs0" postype="qualificative" wd="personal"/>
            </grup.a>
          </s.a>
          <sp arg="arg2" func="cn" tem="loc">
            <prep>
              <s lem="por" pos="sps00" postype="preposition" wd="por"/>
            </prep>
            <sn entityref="nne" homophoricDD="yes">
              <spec gen="m" num="s">
                <d gen="c" lem="el" num="s" pos="da0ns0" postype="article" wd="lo"/>
              </spec>
              <grup.nom gen="m" num="s">
                <S clausetype="relative">
                  <relatiu arg="arg1" func="suj" tem="tem">
                    <p gen="c" lem="que" num="c" pos="pr0cn000" postype="relative" wd="que"/>
                  </relatiu>
                  <grup.verb>
                    <v lem="ser" lss="C21.state-attributive" mood="indicative" num="s" person="3" pos="vsis3s0" postype="semiauxiliary" tense="past" wd="fue"/>
                  </grup.verb>
                  <sn arg="arg2" coord="yes" func="atr" tem="atr">
                    <sn coreftype="ident" entity="entity14" entityref="nne">
                      <spec gen="f" num="s">
                        <d coreftype="ident" entity="entity3" entityref="spec" gen="c" lem="su" num="s" person="3" pos="dp3cs0" postype="possessive" wd="su"/>
                      </spec>
                      <grup.nom gen="f" num="s">
                        <n gen="f" lem="vida" num="s" pos="ncfs000" postype="common" sense="16:00266805" wd="vida"/>
                      </grup.nom>
                    </sn>
                    <conj conjunctiontype="coordinating">
                      <c lem="y" pos="cc" postype="coordinating" wd="y"/>
                    </conj>
                    <sn coreftype="ident" entity="entity7" entityref="nne">
                      <spec arg="arg0" gen="f" num="s" tem="agt">
                        <d coreftype="ident" entity="entity3" entityref="spec" gen="c" lem="su" num="s" person="3" pos="dp3cs0" postype="possessive" wd="su"/>
                      </spec>
                      <grup.nom gen="f" num="s">
                        <n gen="f" lem="obra" lexicalid="noun.obra.2.default" num="s" origin="deverbal" pos="ncfs000" postype="common" sense="16:03052506" wd="obra"/>
                      </grup.nom>
                    </sn>
                  </sn>
                </S>
              </grup.nom>
            </sn>
            <f lem="," pos="fc" punct="comma" wd=","/>
          </sp>
          <sp arg="argM" func="cn" tem="adv">
            <prep>
              <s lem="a_base_de" pos="sps00" postype="preposition" wd="a_base_de"/>
            </prep>
            <sn entityref="nne">
              <grup.nom gen="m" num="p">
                <n gen="m" lem="fragmento" num="p" pos="ncmp000" postype="common" sense="16:04824539" wd="fragmentos"/>
                <S clausetype="participle" impersonal="yes">
                  <participi>
                    <a gen="m" lem="confeccionado" lss="B22.unaccusative-passive-transitive" num="s" pos="aq0msp" posfunction="participle" postype="qualificative" wd="confeccionados"/>
                  </participi>
                  <sp arg="arg0" func="cag" tem="agt">
                    <prep>
                      <s lem="por" pos="sps00" postype="preposition" wd="por"/>
                    </prep>
                    <sn coreftype="ident" entity="entity2" entityref="spec">
                      <grup.nom num="s">
                        <p case="oblique" gen="c" lem="yo" num="s" person="1" pos="pp1cso00" postype="personal" wd="mí"/>
                      </grup.nom>
                    </sn>
                  </sp>
                </S>
                <sp>
                  <prep>
                    <s lem="sobre" pos="sps00" postype="preposition" wd="sobre"/>
                  </prep>
                  <sn entityref="nne">
                    <grup.nom gen="m" num="p">
                      <n gen="m" lem="texto" num="p" pos="ncmp000" postype="common" sense="16:04799150" wd="textos"/>
                      <s.a gen="m" num="p">
                        <neg>
                          <r lem="no" pos="rn" postype="negative" wd="no"/>
                        </neg>
                        <grup.a gen="m" num="p">
                          <a gen="m" lem="literario" num="p" pos="aq0mp0" postype="qualificative" wd="literarios"/>
                        </grup.a>
                      </s.a>
                      <sp>
                        <prep>
                          <s lem="de" pos="sps00" postype="preposition" wd="de"/>
                        </prep>
                        <sn coreftype="ident" entity="entity3" entityref="ne" ne="person">
                          <grup.nom gen="m" num="s">
                            <n lem="Bonet" ne="person" pos="np00000" postype="proper" wd="Bonet"/>
                          </grup.nom>
                        </sn>
                      </sp>
                      <sn coord="yes">
                        <f lem=":" pos="fd" punct="colon" wd=":"/>
                        <sn entityref="nne">
                          <grup.nom gen="f" num="p">
                            <n gen="f" lem="entrevista" lexicalid="noun.entrevista.1.default" num="p" origin="deverbal" pos="ncfp000" postype="common" sense="16:05377714" wd="entrevistas"/>
                          </grup.nom>
                        </sn>
                        <f lem="," pos="fc" punct="comma" wd=","/>
                        <sn entityref="nne">
                          <grup.nom gen="m" num="p">
                            <n gen="m" lem="artículo" num="p" pos="ncmp000" postype="common" sense="16:05009327" wd="artículos"/>
                          </grup.nom>
                        </sn>
                        <conj conjunctiontype="coordinating">
                          <c lem="y" pos="cc" postype="coordinating" wd="y"/>
                        </conj>
                        <sn entityref="nne">
                          <spec gen="f" num="s">
                            <d gen="f" lem="uno" num="s" pos="di0fs0" postype="indefinite" wd="una"/>
                          </spec>
                          <grup.nom gen="f" num="s">
                            <n gen="f" lem="grabación" lexicalid="noun.grabación.1.default" num="s" origin="deverbal" pos="ncfs000" postype="common" sense="16:03220068" wd="grabación"/>
                            <sp arg="argM" func="cn" tem="ins">
                              <prep>
                                <s lem="de" pos="sps00" postype="preposition" wd="de"/>
                              </prep>
                              <sn>
                                <grup.nom gen="m" num="s">
                                  <n gen="m" lem="vídeo" num="s" pos="ncms000" postype="common" sense="16:03576706" wd="vídeo"/>
                                </grup.nom>
                              </sn>
                            </sp>
                            <sp arg="argM" func="cn" tem="tmp">
                              <f lem="," pos="fc" punct="comma" wd=","/>
                              <prep>
                                <s lem="de" pos="sps00" postype="preposition" wd="de"/>
                              </prep>
                              <sn>
                                <spec gen="f" num="p">
                                  <d gen="c" lem="cuatro" num="p" pos="dn0cp0" postype="numeral" wd="cuatro"/>
                                </spec>
                                <grup.nom gen="f" num="p">
                                  <n gen="f" lem="hora" num="p" pos="ncfp000" postype="common" sense="16:10938063" wd="horas"/>
                                  <sp>
                                    <prep>
                                      <s lem="de" pos="sps00" postype="preposition" wd="de"/>
                                    </prep>
                                    <sn>
                                      <grup.nom gen="f" num="s">
                                        <n gen="f" lem="duración" lexicalid="noun.duración.1.default" num="s" origin="deverbal" pos="ncfs000" postype="common" sense="16:10859852" wd="duración"/>
                                      </grup.nom>
                                    </sn>
                                  </sp>
                                </grup.nom>
                              </sn>
                            </sp>
                            <S clausetype="participle" func="cn" impersonal="yes">
                              <f lem="," pos="fc" punct="comma" wd=","/>
                              <participi>
                                <a gen="f" lem="hecho" lss="B22.unaccusative-passive-transitive" num="s" pos="aq0fsp" posfunction="participle" postype="qualificative" wd="hecha"/>
                              </participi>
                              <sp arg="arg0" func="cag" tem="agt">
                                <prep>
                                  <s lem="por" pos="sps00" postype="preposition" wd="por"/>
                                </prep>
                                <sn entityref="ne" ne="organization">
                                  <spec gen="f" num="s">
                                    <d gen="f" lem="el" num="s" pos="da0fs0" postype="article" wd="la"/>
                                  </spec>
                                  <grup.nom gen="f" num="s">
                                    <n lem="Universitat_de_les_Illes_Balears" ne="organization" pos="np00000" postype="proper" wd="Universitat_de_les_Illes_Balears"/>
                                  </grup.nom>
                                </sn>
                              </sp>
                            </S>
                          </grup.nom>
                        </sn>
                      </sn>
                    </grup.nom>
                  </sn>
                </sp>
              </grup.nom>
            </sn>
          </sp>
        </grup.nom>
      </sn>
      <f lem="&quot;" pos="fe" punct="quotation" wd="&quot;"/>
      <f lem="," pos="fc" punct="comma" wd=","/>
    </S>
    <grup.verb>
      <v lem="decir" lss="A32.ditransitive-patient-benefactive" mood="indicative" num="s" person="3" pos="vmis3s0" postype="main" tense="past" wd="dijo"/>
    </grup.verb>
    <sn arg="arg0" coreftype="ident" entity="entity2" entityref="ne" func="suj" ne="person" tem="agt">
      <grup.nom gen="m" num="s">
        <n lem="Tosar" ne="person" pos="np00000" postype="proper" wd="Tosar"/>
      </grup.nom>
    </sn>
    <sn arg="argM" entityref="ne" func="cc" ne="date" tem="tmp">
      <spec gen="m" num="s">
        <d gen="m" lem="el" num="s" pos="da0ms0" postype="article" wd="el"/>
      </spec>
      <grup.nom gen="m" num="s">
        <S clausetype="participle" impersonal="yes">
          <participi>
            <a gen="m" lem="pasado" num="s" pos="aq0msp" posfunction="participle" postype="qualificative" wd="pasado"/>
          </participi>
        </S>
        <w lem="[viernes:??/??/??:??.??]" ne="date" wd="viernes"/>
      </grup.nom>
    </sn>
    <sp arg="argM" func="cc" tem="adv">
      <f lem="," pos="fc" punct="comma" wd=","/>
      <prep>
        <s contracted="yes" gen="m" lem="al" num="s" pos="spcms" postype="preposition" wd="al"/>
      </prep>
      <S clausetype="completive" impersonal="yes">
        <infinitiu>
          <v lem="presentar" lss="A22.transitive-agentive-theme" mood="infinitive" pos="vmn0000" postype="main" wd="presentar"/>
        </infinitiu>
        <sn arg="arg1" coreftype="ident" entity="entity1" entityref="spec" func="cd" tem="pat">
          <spec gen="m" num="s">
            <d coreftype="ident" entity="entity2" entityref="spec" gen="c" lem="su" num="s" person="3" pos="dp3cs0" postype="possessive" wd="su"/>
          </spec>
          <grup.nom gen="m" num="s">
            <n gen="m" lem="espectáculo" num="s" pos="ncms000" postype="common" sense="16:04964487" wd="espectáculo"/>
            <S clausetype="relative" coord="yes">
              <S clausetype="relative">
                <f lem="," pos="fc" punct="comma" wd=","/>
                <relatiu arg="arg1" coreftype="ident" entity="entity1" entityref="spec" func="suj" num="p" tem="pat">
                  <p gen="c" lem="que" num="c" pos="pr0cn000" postype="relative" wd="que"/>
                </relatiu>
                <grup.verb>
                  <v lem="ser" mood="indicative" num="s" person="3" pos="vsis3s0" postype="semiauxiliary" tense="past" wd="fue"/>
                  <v gen="m" lem="estrenar" lss="B22.unaccusative-passive-transitive" mood="participle" num="s" pos="vmp00sm" postype="main" wd="estrenado"/>
                </grup.verb>
                <sp arg="argM" func="cc" tem="loc">
                  <prep>
                    <s lem="en" pos="sps00" postype="preposition" wd="en"/>
                  </prep>
                  <sn entityref="ne" ne="other">
                    <spec gen="m" num="s">
                      <d gen="m" lem="el" num="s" pos="da0ms0" postype="article" wd="el"/>
                    </spec>
                    <grup.nom gen="m" num="s">
                      <S clausetype="participle" impersonal="yes">
                        <participi>
                          <a gen="m" lem="pasado" num="s" pos="aq0msp" posfunction="participle" postype="qualificative" wd="pasado"/>
                        </participi>
                      </S>
                      <n lem="Grec" ne="other" pos="np00000" postype="proper" wd="Grec"/>
                    </grup.nom>
                  </sn>
                </sp>
              </S>
              <conj conjunctiontype="coordinating">
                <c lem="y" pos="cc" postype="coordinating" wd="y"/>
              </conj>
              <S clausetype="relative">
                <sp discid="1c">
                  <prep>
                    <s contracted="yes" gen="m" lem="del" num="s" pos="spcms" postype="preposition" wd="del"/>
                  </prep>
                  <sn coreftype="ident" entity="entity1" entityref="spec">
                    <grup.nom gen="m" num="s">
                      <relatiu>
                        <p gen="c" lem="que" num="c" pos="pr0cn000" postype="relative" wd="que"/>
                      </relatiu>
                    </grup.nom>
                  </sn>
                </sp>
                <sn arg="arg0" coreftype="ident" elliptic="yes" entity="entity2" entityref="spec" func="suj" tem="agt"/>
                <grup.verb>
                  <v lem="haber" mood="indicative" num="s" person="3" pos="vaip3s0" postype="auxiliary" tense="present" wd="ha"/>
                  <v gen="m" lem="dar" lss="A32.ditransitive-patient-benefactive" mood="participle" num="s" pos="vmp00sm" postype="main" wd="dado"/>
                </grup.verb>
                <sn arg="arg1" entityref="nne" func="cd" tem="pat">
                  <spec gen="f" num="p">
                    <d gen="f" lem="varios" num="p" pos="di0fp0" postype="indefinite" wd="varias"/>
                  </spec>
                  <grup.nom discid="1n" gen="f" num="p">
                    <n gen="f" lem="representación" lexicalid="noun.representación.1.default" num="p" origin="deverbal" pos="ncfp000" postype="common" sense="16:05156358" wd="representaciones"/>
                  </grup.nom>
                </sn>
                <sp arg="argM" func="cc" tem="loc">
                  <prep>
                    <s lem="en" pos="sps00" postype="preposition" wd="en"/>
                  </prep>
                  <sn entityref="nne">
                    <grup.nom gen="f" num="s">
                      <n gen="f" lem="tierra" num="s" pos="ncfs000" postype="common" sense="16:06299747" wd="tierra"/>
                      <s.a gen="f" num="s">
                        <grup.a gen="f" num="s">
                          <a gen="c" lem="balear" num="s" pos="aq0cs0" postype="qualificative" wd="balear"/>
                        </grup.a>
                      </s.a>
                    </grup.nom>
                  </sn>
                </sp>
              </S>
            </S>
          </grup.nom>
        </sn>
      </S>
    </sp>
    <f lem="." pos="fp" punct="period" wd="."/>
  </sentence>
  <sentence>
    <sp arg="argM" func="cc" tem="loc">
      <prep>
        <s lem="en" pos="sps00" postype="preposition" wd="En"/>
      </prep>
      <sn coreftype="ident" entity="entity1" entityref="ne" ne="other">
        <grup.nom>
          <n lem="la_casa_en_obres" ne="other" pos="np00000" postype="proper" wd="La_casa_en_obres"/>
          <sn corefsubtype="definit" coreftype="pred" entity="entity1">
            <f lem="," pos="fc" punct="comma" wd=","/>
            <grup.nom gen="m" num="s">
              <n gen="m" lem="espectáculo" num="s" pos="ncms000" postype="common" sense="16:04964487" wd="espectáculo"/>
              <S clausetype="relative">
                <relatiu arg="arg1" coreftype="ident" entity="entity1" entityref="spec" func="suj" tem="tem">
                  <p gen="c" lem="que" num="c" pos="pr0cn000" postype="relative" wd="que"/>
                </relatiu>
                <morfema.pronominal>
                  <p gen="c" lem="él" num="c" person="3" pos="p0300000" wd="se"/>
                </morfema.pronominal>
                <grup.verb>
                  <v lem="enriquecer" lss="B21.unaccusative-state" mood="indicative" num="s" person="3" pos="vmip3s0" postype="main" tense="present" wd="enriquece"/>
                </grup.verb>
                <sp arg="argM" func="cc" tem="adv">
                  <prep>
                    <s lem="con" pos="sps00" postype="preposition" wd="con"/>
                  </prep>
                  <sn entity="entity5" entityref="nne" homophoricDD="yes">
                    <spec gen="f" num="s">
                      <d gen="f" lem="el" num="s" pos="da0fs0" postype="article" wd="la"/>
                    </spec>
                    <grup.nom gen="f" num="s">
                      <n gen="f" lem="música" num="s" pos="ncfs000" postype="common" sense="16:05266809" wd="música"/>
                      <S clausetype="relative">
                        <relatiu arg="arg1" coreftype="ident" entity="entity5" entityref="nne" func="cd" tem="pat">
                          <p gen="c" lem="que" num="c" pos="pr0cn000" postype="relative" wd="que"/>
                        </relatiu>
                        <sn arg="arg0" entityref="ne" func="suj" ne="other" tem="agt">
                          <spec gen="m" num="s">
                            <d gen="m" lem="el" num="s" pos="da0ms0" postype="article" wd="el"/>
                          </spec>
                          <grup.nom gen="m" num="s">
                            <n gen="m" lem="grupo" num="s" pos="ncms000" postype="common" sense="16:06086825" wd="grupo"/>
                            <sn entityref="ne" ne="other">
                              <grup.nom>
                                <n lem="Tiempo_al_Tiempo" ne="other" pos="np00000" postype="proper" wd="Tiempo_al_Tiempo"/>
                              </grup.nom>
                            </sn>
                          </grup.nom>
                        </sn>
                        <grup.verb>
                          <v lem="haber" mood="indicative" num="s" person="3" pos="vaip3s0" postype="auxiliary" tense="present" wd="ha"/>
                          <v gen="m" lem="componer" lss="A21.transitive-agentive-patient" mood="participle" num="s" pos="vmp00sm" postype="main" wd="compuesto"/>
                        </grup.verb>
                        <sp arg="argM" func="cc" tem="fin">
                          <prep>
                            <s lem="para" pos="sps00" postype="preposition" wd="para"/>
                          </prep>
                          <sn entityref="lex">
                            <spec gen="f" num="s">
                              <d gen="f" lem="el" num="s" pos="da0fs0" postype="article" wd="la"/>
                            </spec>
                            <grup.nom gen="f" num="s">
                              <n gen="f" lem="ocasión" num="s" pos="ncfs000" postype="common" sense="16:05449233" wd="ocasión"/>
                            </grup.nom>
                          </sn>
                        </sp>
                      </S>
                    </grup.nom>
                  </sn>
                </sp>
              </S>
            </grup.nom>
          </sn>
        </grup.nom>
      </sn>
      <f lem="," pos="fc" punct="comma" wd=","/>
    </sp>
    <sn arg="arg0" coreftype="ident" entity="entity2" entityref="ne" func="suj" ne="person" tem="agt">
      <grup.nom gen="m" num="s">
        <n lem="Tosar" ne="person" pos="np00000" postype="proper" wd="Tosar"/>
      </grup.nom>
    </sn>
    <grup.verb>
      <v lem="encarnar" lss="A21.transitive-agentive-patient" mood="indicative" num="s" person="3" pos="vmip3s0" postype="main" tense="present" wd="encarna"/>
    </grup.verb>
    <sp arg="arg1" func="cd" tem="pat">
      <prep>
        <s contracted="yes" gen="m" lem="al" num="s" pos="spcms" postype="preposition" wd="al"/>
      </prep>
      <sn complex="yes" coreftype="ident" entity="entity3" entityref="ne" ne="person">
        <grup.nom coord="yes">
          <grup.nom coord="yes">
            <grup.nom gen="m" num="s">
              <n gen="m" lem="poeta" num="s" pos="ncms000" postype="common" sense="16:07483717" wd="poeta"/>
            </grup.nom>
            <conj conjunctiontype="coordinating">
              <c lem="y" pos="cc" postype="coordinating" wd="y"/>
            </conj>
            <grup.nom gen="m" num="s">
              <n gen="m" lem="escritor" num="s" pos="ncms000" postype="common" sense="16:07690416" wd="escritor"/>
            </grup.nom>
          </grup.nom>
          <s.a adjunct="yes" gen="m" num="s">
            <grup.a gen="m" num="s">
              <a gen="m" lem="mallorquín" num="s" pos="aq0ms0" postype="qualificative" wd="mallorquín"/>
            </grup.a>
          </s.a>
        </grup.nom>
      </sn>
    </sp>
    <f lem="." pos="fp" punct="period" wd="."/>
  </sentence>
  <sentence>
    <f lem="&quot;" pos="fe" punct="quotation" wd="&quot;"/>
    <sn arg="arg1" coreftype="ident" elliptic="yes" entity="entity2" entityref="spec" func="suj" tem="tem"/>
    <grup.verb>
      <v lem="estar" lss="C21.state-attributive" mood="indicative" num="s" person="1" pos="vmip1s0" postype="main" tense="present" wd="Estoy"/>
    </grup.verb>
    <sn arg="argM" func="cc" tem="tmp">
      <spec gen="m" num="s">
        <d gen="m" lem="todo" num="s" pos="di0ms0" postype="indefinite" wd="todo"/>
        <d gen="m" lem="el" num="s" pos="da0ms0" postype="article" wd="el"/>
      </spec>
      <grup.nom gen="m" num="s">
        <n gen="m" lem="rato" num="s" pos="ncms000" postype="common" sense="16:cs2" wd="rato"/>
      </grup.nom>
    </sn>
    <S arg="arg2" clausetype="participle" func="atr" impersonal="yes" tem="atr">
      <participi>
        <a gen="m" lem="sentado" lss="B22.unaccusative-passive-transitive" num="s" pos="aq0msp" posfunction="participle" postype="qualificative" wd="sentado"/>
      </participi>
      <sp arg="argM" func="cc" tem="loc">
        <prep>
          <s lem="en" pos="sps00" postype="preposition" wd="en"/>
        </prep>
        <sn entityref="nne">
          <spec gen="f" num="s">
            <d gen="f" lem="uno" num="s" pos="di0fs0" postype="indefinite" wd="una"/>
          </spec>
          <grup.nom gen="f" num="s">
            <n gen="f" lem="silla" num="s" pos="ncfs000" postype="common" sense="16:02418562" wd="silla"/>
          </grup.nom>
        </sn>
      </sp>
    </S>
    <S clausetype="completive" func="ao">
      <f lem="," pos="fc" punct="comma" wd=","/>
      <relatiu arg="arg1" func="suj" tem="tem">
        <p gen="c" lem="que" num="c" pos="pr0cn000" postype="relative" wd="que"/>
      </relatiu>
      <grup.verb>
        <v lem="ser" lss="C21.state-attributive" mood="indicative" num="s" person="3" pos="vsip3s0" postype="semiauxiliary" tense="present" wd="es"/>
      </grup.verb>
      <sn arg="arg2" entityref="nne" func="atr" tem="atr">
        <spec gen="m" num="s">
          <d gen="c" lem="el" num="s" pos="da0ns0" postype="article" wd="lo"/>
        </spec>
        <grup.nom gen="m" num="s">
          <S clausetype="relative">
            <relatiu arg="arg1" func="cd" tem="pat">
              <p gen="c" lem="que" num="c" pos="pr0cn000" postype="relative" wd="que"/>
            </relatiu>
            <grup.verb>
              <v lem="hacer" lss="A21.transitive-agentive-patient" mood="indicative" num="s" person="3" pos="vmis3s0" postype="main" tense="past" wd="hizo"/>
            </grup.verb>
            <sn arg="arg0" coreftype="ident" entity="entity3" entityref="spec" func="suj" tem="agt">
              <grup.nom gen="m" num="s">
                <p gen="m" lem="él" num="s" person="3" pos="pp3ms000" postype="personal" wd="él"/>
              </grup.nom>
            </sn>
            <sn arg="argM" entityref="nne" func="cc" tem="tmp">
              <grup.nom gen="f" num="s">
                <s.a gen="f" num="s">
                  <grup.a gen="f" num="s">
                    <a gen="f" lem="buen" num="s" pos="aq0fs0" postype="qualificative" wd="buena"/>
                  </grup.a>
                </s.a>
                <n gen="f" lem="parte" num="s" pos="ncfs000" postype="common" sense="16:03296757" wd="parte"/>
                <sp>
                  <prep>
                    <s lem="de" pos="sps00" postype="preposition" wd="de"/>
                  </prep>
                  <sn coreftype="ident" entity="entity14" entityref="nne">
                    <spec gen="f" num="s">
                      <d coreftype="ident" entity="entity3" gen="c" lem="su" num="s" person="3" pos="dp3cs0" postype="possessive" wd="su"/>
                    </spec>
                    <grup.nom gen="f" num="s">
                      <n gen="f" lem="vida" num="s" pos="ncfs000" postype="common" sense="16:10865688" wd="vida"/>
                    </grup.nom>
                  </sn>
                </sp>
              </grup.nom>
            </sn>
          </S>
        </grup.nom>
      </sn>
      <f lem="," pos="fc" punct="comma" wd=","/>
    </S>
    <S arg="argM" clausetype="adverbial" coord="yes" func="cc" impersonal="yes" tem="adv">
      <S clausetype="adverbial" coord="yes" impersonal="yes">
        <S clausetype="adverbial" impersonal="yes">
          <gerundi>
            <v lem="hablar" lss="A21.transitive-agentive-patient" mood="gerund" pos="vmg0000" postype="main" wd="hablando"/>
          </gerundi>
        </S>
        <conj conjunctiontype="coordinating">
          <c lem="y" pos="cc" postype="coordinating" wd="y"/>
        </conj>
        <S clausetype="adverbial" impersonal="yes">
          <gerundi>
            <v lem="dirigir" lss="A32.ditransitive-patient-benefactive" mood="gerund" pos="vmg0000" postype="main" wd="dirigiéndome"/>
          </gerundi>
        </S>
      </S>
      <sp adjunct="yes" arg="arg2" func="ci" tem="ben">
        <prep>
          <s lem="a" pos="sps00" postype="preposition" wd="a"/>
        </prep>
        <sn entity="entity6" entityref="nne">
          <spec gen="m" num="s">
            <d gen="m" lem="uno" num="s" pos="di0ms0" postype="indefinite" wd="un"/>
          </spec>
          <grup.nom gen="m" num="s">
            <n gen="m" lem="personaje" num="s" pos="ncms000" postype="common" sense="16:04552661" wd="personaje"/>
            <s.a gen="m" num="s">
              <grup.a gen="m" num="s">
                <a gen="m" lem="estático" num="s" pos="aq0ms0" postype="qualificative" wd="estático"/>
              </grup.a>
            </s.a>
            <S clausetype="relative">
              <f lem="," pos="fc" punct="comma" wd=","/>
              <relatiu arg="arg1" coreftype="ident" entity="entity6" entityref="nne" func="suj" tem="tem">
                <p gen="c" lem="que" num="c" pos="pr0cn000" postype="relative" wd="que"/>
              </relatiu>
              <grup.verb>
                <v lem="poder" mood="indicative" num="s" person="3" pos="vmic3s0" postype="main" tense="conditional" wd="podría"/>
                <infinitiu>
                  <v lem="ser" lss="C21.state-attributive" mood="infinitive" pos="vsn0000" postype="semiauxiliary" wd="ser"/>
                </infinitiu>
              </grup.verb>
              <sn arg="arg2" coreftype="ident" entity="entity3" entityref="ne" func="atr" ne="person" tem="atr">
                <grup.nom gen="m" num="s">
                  <n lem="Blai_Bonet" ne="person" pos="np00000" postype="proper" wd="Blai_Bonet"/>
                </grup.nom>
              </sn>
              <S arg="argM" clausetype="adverbial" func="cc" tem="tmp">
                <conj conjunctiontype="subordinating">
                  <c lem="cuando" pos="cs" postype="subordinating" wd="cuando"/>
                </conj>
                <sn arg="arg1" coreftype="ident" elliptic="yes" entity="entity3" entityref="spec" func="suj" tem="tem"/>
                <grup.verb>
                  <v lem="ser" lss="C21.state-attributive" mood="indicative" num="s" person="3" pos="vsii3s0" postype="semiauxiliary" tense="imperfect" wd="era"/>
                </grup.verb>
                <sn arg="arg2" func="atr" tem="atr">
                  <grup.nom gen="m" num="s">
                    <n gen="m" lem="niño" num="s" pos="ncms000" postype="common" sense="16:07389783" wd="niño"/>
                  </grup.nom>
                </sn>
              </S>
            </S>
          </grup.nom>
        </sn>
      </sp>
    </S>
    <f lem="&quot;" pos="fe" punct="quotation" wd="&quot;"/>
    <f lem="." pos="fp" punct="period" wd="."/>
  </sentence>
  <sentence>
    <sn arg="arg0" entityref="nne" func="suj" tem="agt">
      <spec gen="m" num="s">
        <d gen="m" lem="el" num="s" pos="da0ms0" postype="article" wd="El"/>
      </spec>
      <grup.nom gen="m" num="s">
        <n gen="m" lem="resto" num="s" pos="ncms000" postype="common" sense="16:09947291" wd="resto"/>
        <sp>
          <prep>
            <s lem="de" pos="sps00" postype="preposition" wd="de"/>
          </prep>
          <sn>
            <grup.nom gen="m" num="p">
              <n gen="m" lem="actor" num="p" pos="ncmp000" postype="common" sense="16:07061094" wd="actores"/>
            </grup.nom>
          </sn>
        </sp>
      </grup.nom>
    </sn>
    <grup.verb>
      <v lem="interpretar" lss="A21.transitive-agentive-patient" mood="indicative" num="s" person="3" pos="vmip3s0" postype="main" tense="present" wd="interpreta"/>
    </grup.verb>
    <sn arg="arg1" entityref="nne" func="cd" tem="pat">
      <grup.nom gen="m" num="p">
        <n gen="m" lem="fragmento" num="p" pos="ncmp000" postype="common" sense="16:04824539" wd="fragmentos"/>
        <sp>
          <prep>
            <s lem="de" pos="sps00" postype="preposition" wd="de"/>
          </prep>
          <sn coreftype="ident" entity="entity7" entityref="nne">
            <spec arg="arg0" gen="f" num="s" tem="agt">
              <d coreftype="ident" entity="entity3" entityref="spec" gen="c" lem="su" num="s" person="3" pos="dp3cs0" postype="possessive" wd="su"/>
            </spec>
            <grup.nom gen="f" num="s">
              <n gen="f" lem="obra" lexicalid="noun.obra.2.default" num="s" origin="deverbal" pos="ncfs000" postype="common" sense="16:03052506" wd="obra"/>
            </grup.nom>
          </sn>
        </sp>
        <s.a gen="f" num="p">
          <grup.a gen="f" num="p">
            <a gen="c" lem="correspondiente" num="p" pos="aq0cp0" postype="qualificative" wd="correspondientes"/>
            <sp>
              <prep>
                <s contracted="yes" gen="m" lem="al" num="s" pos="spcms" postype="preposition" wd="al"/>
              </prep>
              <sn entity="entity8" entityref="nne" homophoricDD="yes">
                <grup.nom gen="m" num="s">
                  <n gen="m" lem="momento" num="s" pos="ncms000" postype="common" sense="16:10850147" wd="momento"/>
                  <S clausetype="relative">
                    <relatiu arg="arg1" coreftype="ident" entity="entity8" entityref="nne" func="cd" tem="tem">
                      <p gen="c" lem="que" num="c" pos="pr0cn000" postype="relative" wd="que"/>
                    </relatiu>
                    <grup.verb>
                      <v lem="evocar" lss="A11.transitive-causative" mood="indicative" num="s" person="3" pos="vmip3s0" postype="main" tense="present" wd="evoca"/>
                    </grup.verb>
                    <sn arg="arg0" coreftype="ident" entity="entity2" entityref="ne" func="suj" ne="person" tem="cau">
                      <grup.nom gen="m" num="s">
                        <n lem="Tosar" ne="person" pos="np00000" postype="proper" wd="Tosar"/>
                      </grup.nom>
                    </sn>
                    <sp arg="argM" func="cc" tem="loc">
                      <prep>
                        <s lem="en" pos="sps00" postype="preposition" wd="en"/>
                      </prep>
                      <sn entityref="nne">
                        <spec gen="m" num="s">
                          <d coreftype="ident" entity="entity2" entityref="spec" gen="c" lem="su" num="s" person="3" pos="dp3cs0" postype="possessive" wd="su"/>
                        </spec>
                        <grup.nom gen="m" num="s">
                          <n gen="m" lem="monólogo" num="s" pos="ncms000" postype="common" sense="16:05354479" wd="monólogo"/>
                        </grup.nom>
                      </sn>
                    </sp>
                  </S>
                </grup.nom>
              </sn>
            </sp>
          </grup.a>
        </s.a>
      </grup.nom>
    </sn>
    <f lem="." pos="fp" punct="period" wd="."/>
  </sentence>
  <sentence>
    <S arg="arg1" clausetype="completive" func="cd" tem="pat">
      <f lem="&quot;" pos="fe" punct="quotation" wd="&quot;"/>
      <sn arg="arg1" elliptic="yes" entityref="lex" func="suj" tem="tem"/>
      <grup.verb>
        <v lem="ser" lss="C21.state-attributive" mood="indicative" num="s" person="3" pos="vsip3s0" postype="semiauxiliary" tense="present" wd="Es"/>
      </grup.verb>
      <sp arg="arg2" func="atr" tem="atr">
        <prep>
          <s lem="como" pos="sps00" postype="preposition" wd="Como"/>
        </prep>
        <S clausetype="completive">
          <conj conjunctiontype="subordinating">
            <c lem="si" pos="cs" postype="subordinating" wd="si"/>
          </conj>
          <sn arg="arg0" coreftype="ident" elliptic="yes" entity="entity2" entityref="spec" func="suj" tem="agt"/>
          <grup.verb>
            <v lem="decir" lss="A32.ditransitive-patient-benefactive" mood="subjunctive" num="s" person="3" pos="vmsi3s0" postype="main" tense="imperfect" wd="dijera"/>
          </grup.verb>
          <S arg="arg1" clausetype="completive" coord="yes" func="cd" tem="pat">
            <f lem=":" pos="fd" punct="colon" wd=":"/>
            <f lem="'" punct="quotation" wd="'"/>
            <S clausetype="completive">
              <sp arg="arg2" func="ci" repetition="yes" tem="exp">
                <prep>
                  <s lem="a" pos="sps00" postype="preposition" wd="A"/>
                </prep>
                <sn coreftype="ident" entity="entity2" entityref="spec">
                  <grup.nom num="s">
                    <p case="oblique" gen="c" lem="yo" num="s" person="1" pos="pp1cso00" postype="personal" wd="mí"/>
                  </grup.nom>
                </sn>
              </sp>
              <sn arg="arg2" coreftype="ident" entity="entity2" entityref="spec" func="ci" repetition="yes" tem="exp">
                <grup.nom num="s">
                  <p gen="c" lem="yo" num="s" person="1" pos="pp1cs000" postype="personal" wd="me"/>
                </grup.nom>
              </sn>
              <grup.verb>
                <v lem="pasar" lss="C42.state-experiencer" mood="indicative" num="s" person="3" pos="vmis3s0" postype="main" tense="past" wd="pasó"/>
              </grup.verb>
              <sn arg="arg1" coreftype="ident" entity="entity8" entityref="nne" func="suj" tem="tem">
                <grup.nom gen="m" num="s">
                  <p gen="c" lem="ese" num="s" pos="pd0ns000" postype="demonstrative" wd="eso"/>
                </grup.nom>
              </sn>
            </S>
            <conj conjunctiontype="coordinating">
              <c lem="y" pos="cc" postype="coordinating" wd="y"/>
            </conj>
            <S clausetype="completive">
              <sadv arg="argM" func="cc" tem="tmp">
                <grup.adv>
                  <r lem="entonces" pos="rg" wd="entonces"/>
                </grup.adv>
              </sadv>
              <sn arg="arg0" coreftype="ident" elliptic="yes" entity="entity2" entityref="spec" func="suj" tem="agt"/>
              <grup.verb>
                <v lem="escribir" lss="A21.transitive-agentive-patient" mood="indicative" num="s" person="1" pos="vmis1s0" postype="main" tense="past" wd="escribí"/>
              </grup.verb>
              <sn arg="arg1" coreftype="ident" entity="entity8" entityref="nne" func="cd" tem="pat">
                <grup.nom gen="m" num="s">
                  <p gen="c" lem="ese" num="s" pos="pd0ns000" postype="demonstrative" wd="eso"/>
                </grup.nom>
              </sn>
            </S>
            <f lem="'" pos="fz" punct="mathsign" wd="'"/>
          </S>
        </S>
      </sp>
      <f lem="&quot;" pos="fe" punct="quotation" wd="&quot;"/>
      <f lem="," pos="fc" punct="comma" wd=","/>
    </S>
    <grup.verb>
      <v lem="decir" lss="A32.ditransitive-patient-benefactive" mood="indicative" num="s" person="3" pos="vmis3s0" postype="main" tense="past" wd="dijo"/>
    </grup.verb>
    <sn arg="arg0" coreftype="ident" entity="entity2" entityref="ne" func="suj" ne="person" tem="agt">
      <grup.nom gen="m" num="s">
        <n lem="Tosar" ne="person" pos="np00000" postype="proper" wd="Tosar"/>
        <S clausetype="relative">
          <f lem="," pos="fc" punct="comma" wd=","/>
          <relatiu arg="arg0" coreftype="ident" entity="entity2" entityref="spec" func="suj" tem="agt">
            <p gen="c" lem="que" num="c" pos="pr0cn000" postype="relative" wd="que"/>
          </relatiu>
          <S arg="argM" clausetype="adverbial" func="cc" impersonal="yes" tem="adv">
            <gerundi>
              <v lem="recordar" lss="A21.transitive-agentive-patient" mood="gerund" pos="vmg0000" postype="main" wd="recordando"/>
            </gerundi>
            <sn arg="arg1" entity="entity9" entityref="nne" func="cd" homophoricDD="yes" tem="pat">
              <spec gen="f" num="s">
                <d gen="f" lem="el" num="s" pos="da0fs0" postype="article" wd="la"/>
              </spec>
              <grup.nom gen="f" num="s">
                <s.a gen="f" num="s">
                  <grup.a gen="f" num="s">
                    <a gen="c" lem="irreversible" num="s" pos="aq0cs0" postype="qualificative" wd="irreversible"/>
                  </grup.a>
                </s.a>
                <n gen="f" lem="enfermedad" num="s" pos="ncfs000" postype="common" sense="16:10129713" wd="enfermedad"/>
                <sp>
                  <prep>
                    <s lem="de" pos="sps00" postype="preposition" wd="de"/>
                  </prep>
                  <sn coreftype="ident" entity="entity3" entityref="ne" ne="person">
                    <grup.nom gen="m" num="s">
                      <n lem="Bonet" ne="person" pos="np00000" postype="proper" wd="Bonet"/>
                    </grup.nom>
                  </sn>
                </sp>
                <sn corefsubtype="indefinit" coreftype="pred" entity="entity9">
                  <f lem="," pos="fc" punct="comma" wd=","/>
                  <spec gen="f" num="s">
                    <d gen="f" lem="uno" num="s" pos="di0fs0" postype="indefinite" wd="una"/>
                  </spec>
                  <grup.nom gen="f" num="s">
                    <n gen="f" lem="tuberculosis" num="c" pos="ncfn000" postype="common" sense="16:10172725" wd="tuberculosis"/>
                  </grup.nom>
                  <f lem="," pos="fc" punct="comma" wd=","/>
                </sn>
              </grup.nom>
            </sn>
          </S>
          <grup.verb>
            <v lem="comentar" lss="A32.ditransitive-patient-benefactive" mood="indicative" num="s" person="3" pos="vmis3s0" postype="main" tense="past" wd="comentó"/>
          </grup.verb>
          <S arg="arg1" clausetype="completive" func="cd" tem="pat">
            <conj conjunctiontype="subordinating">
              <c lem="que" pos="cs" postype="subordinating" wd="que"/>
            </conj>
            <S clausesubtype="conditional" clausetype="adverbial" func="ao">
              <conj conjunctiontype="subordinating">
                <c lem="si" pos="cs" postype="subordinating" wd="si"/>
              </conj>
              <sn arg="arg1" coreftype="ident" elliptic="yes" entity="entity2" entityref="spec" func="suj" tem="tem"/>
              <neg func="mod">
                <r lem="no" pos="rn" postype="negative" wd="no"/>
              </neg>
              <grup.verb>
                <v lem="haber" mood="subjunctive" num="s" person="3" pos="vasi3s0" postype="auxiliary" tense="imperfect" wd="hubiera"/>
                <v gen="m" lem="ser" lss="C21.state-attributive" mood="participle" num="s" pos="vsp00sm" postype="semiauxiliary" wd="sido"/>
              </grup.verb>
              <sp arg="arg2" func="atr" tem="atr">
                <prep>
                  <s lem="por" pos="sps00" postype="preposition" wd="por"/>
                </prep>
                <sn entityref="nne" homophoricDD="yes">
                  <spec gen="m" num="s">
                    <d gen="m" lem="el" num="s" pos="da0ms0" postype="article" wd="el"/>
                  </spec>
                  <grup.nom gen="m" num="s">
                    <n gen="m" lem="mecenazgo" num="s" pos="ncms000" postype="common" sense="16:cs2" wd="mecenazgo"/>
                    <sp>
                      <prep>
                        <s lem="de" pos="sps00" postype="preposition" wd="de"/>
                      </prep>
                      <sn entityref="nne" homophoricDD="yes">
                        <spec gen="f" num="s">
                          <d gen="f" lem="el" num="s" pos="da0fs0" postype="article" wd="la"/>
                        </spec>
                        <grup.nom gen="f" num="s">
                          <n gen="f" lem="burguesía" num="s" pos="ncfs000" postype="common" sense="16:06081359" wd="burguesía"/>
                          <s.a gen="f" num="s">
                            <grup.a gen="f" num="s">
                              <a gen="f" lem="catalán" num="s" pos="aq0fs0" postype="qualificative" wd="catalana"/>
                            </grup.a>
                          </s.a>
                          <S clausetype="participle" impersonal="yes">
                            <f lem="(" pos="fpa" punct="bracket" punctenclose="open" wd="("/>
                            <participi>
                              <a gen="f" lem="avisado" lss="B22.unaccusative-passive-transitive" num="s" pos="aq0fsp" posfunction="participle" postype="qualificative" wd="avisada"/>
                            </participi>
                            <sp arg="arg0" func="cag" tem="agt">
                              <prep>
                                <s lem="por" pos="sps00" postype="preposition" wd="por"/>
                              </prep>
                              <sn entityref="ne" ne="person">
                                <grup.nom gen="m" num="s">
                                  <n lem="Carles_Riba" ne="person" pos="np00000" postype="proper" wd="Carles_Riba"/>
                                </grup.nom>
                              </sn>
                            </sp>
                            <f lem=")" pos="fpt" punct="bracket" punctenclose="close" wd=")"/>
                          </S>
                        </grup.nom>
                      </sn>
                    </sp>
                  </grup.nom>
                </sn>
              </sp>
              <f lem="," pos="fc" punct="comma" wd=","/>
            </S>
            <sn arg="arg1" complex="yes" coreftype="ident" entity="entity3" entityref="ne" func="suj" ne="person" tem="tem">
              <spec gen="m" num="s">
                <d gen="m" lem="el" num="s" pos="da0ms0" postype="article" wd="el"/>
              </spec>
              <grup.nom coord="yes">
                <grup.nom coord="yes">
                  <grup.nom gen="m" num="s">
                    <n gen="m" lem="escritor" num="s" pos="ncms000" postype="common" sense="16:07689380" wd="escritor"/>
                  </grup.nom>
                  <conj conjunctiontype="coordinating">
                    <c lem="y" pos="cc" postype="coordinating" wd="y"/>
                  </conj>
                  <grup.nom gen="m" num="s">
                    <n gen="m" lem="pensador" num="s" pos="ncms000" postype="common" sense="16:07411717" wd="pensador"/>
                  </grup.nom>
                </grup.nom>
                <s.a adjunct="yes" gen="m" num="s">
                  <grup.a gen="m" num="s">
                    <a gen="m" lem="mallorquín" num="s" pos="aq0ms0" postype="qualificative" wd="mallorquín"/>
                  </grup.a>
                </s.a>
              </grup.nom>
            </sn>
            <grup.verb>
              <v lem="haber" mood="subjunctive" num="s" person="3" pos="vasi3s0" postype="auxiliary" tense="imperfect" wd="hubiera"/>
              <v gen="m" lem="fallecer" lss="B21.unaccusative-state" mood="participle" num="s" pos="vmp00sm" postype="main" wd="fallecido"/>
            </grup.verb>
            <sadv arg="argM" func="cc" tem="tmp">
              <sn adjunct="yes">
                <spec gen="m" num="p">
                  <d gen="m" lem="mucho" num="p" pos="di0mp0" postype="indefinite" wd="muchos"/>
                </spec>
                <grup.nom gen="m" num="p">
                  <n gen="m" lem="año" num="p" pos="ncmp000" postype="common" sense="16:10917509" wd="años"/>
                </grup.nom>
              </sn>
              <sadv>
                <grup.adv>
                  <r lem="antes" pos="rg" wd="antes"/>
                </grup.adv>
              </sadv>
            </sadv>
          </S>
        </S>
      </grup.nom>
    </sn>
    <f lem="." pos="fp" punct="period" wd="."/>
  </sentence>
  <sentence>
    <f lem="&quot;" pos="fe" punct="quotation" wd="&quot;"/>
    <sn arg="arg0" elliptic="yes" entityref="nne" func="suj" tem="agt"/>
    <sn arg="arg1" coreftype="ident" entity="entity3" entityref="spec" func="cd" tem="pat">
      <grup.nom gen="m" num="s">
        <p case="accusative" gen="m" lem="él" num="s" person="3" pos="pp3msa00" postype="personal" wd="Lo"/>
      </grup.nom>
    </sn>
    <grup.verb>
      <v lem="llevar" lss="A21.transitive-agentive-patient" mood="indicative" num="p" person="3" pos="vmis3p0" postype="main" tense="past" wd="llevaron"/>
    </grup.verb>
    <sn arg="argM" func="cc" tem="tmp">
      <spec gen="m" num="p">
        <d gen="m" lem="varios" num="p" pos="di0mp0" postype="indefinite" wd="varios"/>
      </spec>
      <grup.nom gen="m" num="p">
        <n gen="m" lem="año" num="p" pos="ncmp000" postype="common" sense="16:10917509" wd="años"/>
      </grup.nom>
    </sn>
    <sp arg="arg2" func="cc" tem="loc">
      <prep>
        <s lem="a" pos="sps00" postype="preposition" wd="a"/>
      </prep>
      <sn entity="entity10" entityref="nne">
        <spec gen="m" num="s">
          <d gen="m" lem="uno" num="s" pos="di0ms0" postype="indefinite" wd="un"/>
        </spec>
        <grup.nom gen="m" num="s">
          <n gen="m" lem="sanatorio" num="s" pos="ncms000" postype="common" sense="16:03273022" wd="sanatorio"/>
          <sp>
            <prep>
              <s contracted="yes" gen="m" lem="del" num="s" pos="spcms" postype="preposition" wd="del"/>
            </prep>
            <sn entityref="ne" ne="location">
              <grup.nom gen="m" num="s">
                <n lem="Montseny" ne="location" pos="np00000" postype="proper" wd="Montseny"/>
              </grup.nom>
            </sn>
          </sp>
          <S clausetype="relative">
            <f lem="," pos="fc" punct="comma" wd=","/>
            <relatiu arg="argM" coreftype="ident" entity="entity10" entityref="nne" func="cc" tem="loc">
              <p gen="c" lem="donde" num="c" pos="pr000000" postype="relative" wd="donde"/>
            </relatiu>
            <sn arg="arg1" coreftype="ident" elliptic="yes" entity="entity3" entityref="spec" func="suj" tem="tem"/>
            <grup.verb>
              <v lem="mejorar" lss="B21.unaccusative-state" mood="indicative" num="s" person="3" pos="vmis3s0" postype="main" tense="past" wd="mejoró"/>
            </grup.verb>
            <sadv arg="argM" func="cc" tem="adv">
              <grup.adv>
                <r lem="mucho" pos="rg" wd="mucho"/>
              </grup.adv>
            </sadv>
          </S>
        </grup.nom>
      </sn>
      <f lem="&quot;" punct="quotation" wd="&quot;"/>
    </sp>
    <f lem="." pos="fp" punct="period" wd="."/>
  </sentence>
  <sentence>
    <f lem="&quot;" punct="quotation" wd="&quot;"/>
    <sadv arg="argM" func="cc" tem="tmp">
      <grup.adv>
        <r lem="luego" pos="rg" wd="Luego"/>
      </grup.adv>
      <f lem="," pos="fc" punct="comma" wd=","/>
    </sadv>
    <sn arg="arg1" coreftype="ident" elliptic="yes" entity="entity3" entityref="spec" func="suj" tem="tem"/>
    <grup.verb>
      <v lem="estar" mood="indicative" num="s" person="3" pos="vmis3s0" postype="main" tense="past" wd="estuvo"/>
      <sn arg="argM" entityref="ne" func="cc" ne="number" tem="tmp">
        <spec gen="m" num="p">
          <z lem="14" ne="number" wd="14"/>
        </spec>
        <grup.nom gen="m" num="p">
          <n gen="m" lem="año" num="p" pos="ncmp000" postype="common" sense="16:10917509" wd="años"/>
        </grup.nom>
      </sn>
      <gerundi>
        <v lem="vivir" lss="C11.state-existential" mood="gerund" pos="vmg0000" postype="main" wd="viviendo"/>
      </gerundi>
    </grup.verb>
    <sp arg="arg2" func="cc" tem="loc">
      <prep>
        <s lem="en" pos="sps00" postype="preposition" wd="en"/>
      </prep>
      <sn entityref="ne" ne="location">
        <grup.nom>
          <n lem="Barcelona" ne="location" pos="np00000" postype="proper" wd="Barcelona"/>
        </grup.nom>
      </sn>
    </sp>
    <sp arg="argM" func="cc" tem="fin">
      <f lem="," pos="fc" punct="comma" wd=","/>
      <prep>
        <s lem="para" pos="sps00" postype="preposition" wd="para"/>
      </prep>
      <S clausetype="completive" impersonal="yes">
        <infinitiu>
          <v lem="retirar" lss="B21.unaccusative-state" mood="infinitive" pos="vmn0000" postype="main" wd="retirarse"/>
        </infinitiu>
        <sadv arg="argM" func="cc" tem="tmp">
          <grup.adv>
            <r lem="finalmente" pos="rg" wd="finalmente"/>
          </grup.adv>
        </sadv>
        <sp arg="argM" func="cc" tem="loc">
          <prep>
            <s lem="a" pos="sps00" postype="preposition" wd="a"/>
          </prep>
          <sn entityref="ne" ne="location">
            <spec gen="f" num="s">
              <d coreftype="ident" entity="entity3" entityref="spec" gen="c" lem="su" num="s" person="3" pos="dp3cs0" postype="possessive" wd="su"/>
            </spec>
            <grup.nom gen="f" num="s">
              <n lem="Santanyí" ne="location" pos="np00000" postype="proper" wd="Santanyí"/>
              <s.a gen="f" num="s">
                <grup.a gen="f" num="s">
                  <a gen="c" lem="natal" num="s" pos="aq0cs0" postype="qualificative" wd="natal"/>
                </grup.a>
              </s.a>
            </grup.nom>
          </sn>
        </sp>
        <sp arg="argM" func="cc" tem="loc">
          <f lem="," pos="fc" punct="comma" wd=","/>
          <prep>
            <s lem="al_lado_de" pos="sps00" postype="preposition" wd="al_lado_de"/>
          </prep>
          <sn entityref="nne">
            <spec gen="f" num="s">
              <d coreftype="ident" entity="entity3" entityref="spec" gen="c" lem="su" num="s" person="3" pos="dp3cs0" postype="possessive" wd="su"/>
            </spec>
            <grup.nom gen="f" num="s">
              <n gen="f" lem="madre" num="s" pos="ncfs000" postype="common" sense="16:07419862" wd="madre"/>
            </grup.nom>
          </sn>
        </sp>
      </S>
    </sp>
    <f lem="&quot;" pos="fe" punct="quotation" wd="&quot;"/>
    <f lem="." pos="fp" punct="period" wd="."/>
  </sentence>
  <sentence coord="yes">
    <S coord="yes">
      <S>
        <sn arg="arg0" coreftype="ident" entity="entity2" entityref="ne" func="suj" ne="person" tem="agt">
          <grup.nom gen="m" num="s">
            <n lem="Tosar" ne="person" pos="np00000" postype="proper" wd="Tosar"/>
          </grup.nom>
        </sn>
        <grup.verb>
          <v lem="insistir" lss="A22.transitive-agentive-theme" mood="indicative" num="s" person="3" pos="vmis3s0" postype="main" tense="past" wd="insistió"/>
        </grup.verb>
        <sp arg="arg1" func="creg" tem="tem">
          <prep>
            <s lem="en" pos="sps00" postype="preposition" wd="en"/>
          </prep>
          <S clausetype="completive">
            <conj conjunctiontype="subordinating">
              <c lem="que" pos="cs" postype="subordinating" wd="que"/>
            </conj>
            <sn arg="arg0" coreftype="ident" entity="entity2" entityref="spec" func="suj" tem="agt">
              <grup.nom gen="m" num="s">
                <p gen="m" lem="él" num="s" person="3" pos="pp3ms000" postype="personal" wd="él"/>
              </grup.nom>
            </sn>
            <neg func="mod">
              <r lem="no" pos="rn" postype="negative" wd="no"/>
            </neg>
            <grup.verb>
              <v lem="haber" mood="indicative" num="s" person="3" pos="vaip3s0" postype="auxiliary" tense="present" wd="ha"/>
              <v gen="m" lem="inventar" lss="A21.transitive-agentive-patient" mood="participle" num="s" pos="vmp00sm" postype="main" wd="inventado"/>
            </grup.verb>
            <sn arg="arg1" func="cd" tem="pat">
              <grup.nom gen="m" num="s">
                <p gen="c" lem="nada" num="s" pos="pi0cs000" postype="indefinite" wd="nada"/>
              </grup.nom>
            </sn>
          </S>
        </sp>
        <f lem="," pos="fc" punct="comma" wd=","/>
      </S>
      <conj conjunctiontype="coordinating">
        <c lem="sino_que" pos="cc" postype="coordinating" wd="sino_que"/>
      </conj>
      <S>
        <sn arg="arg0" coreftype="ident" elliptic="yes" entity="entity2" entityref="spec" func="suj" tem="agt"/>
        <morfema.pronominal>
          <p gen="c" lem="él" num="c" person="3" pos="p0300000" wd="se"/>
        </morfema.pronominal>
        <grup.verb>
          <v lem="haber" mood="indicative" num="s" person="3" pos="vaip3s0" postype="auxiliary" tense="present" wd="ha"/>
          <v gen="m" lem="limitar" lss="A22.transitive-agentive-theme" mood="participle" num="s" pos="vmp00sm" postype="main" wd="limitado"/>
        </grup.verb>
        <sp arg="arg1" func="creg" tem="tem">
          <prep>
            <s lem="a" pos="sps00" postype="preposition" wd="a"/>
          </prep>
          <S clausetype="completive" impersonal="yes">
            <infinitiu>
              <v lem="reproducir" lss="A21.transitive-agentive-patient" mood="infinitive" pos="vmn0000" postype="main" wd="reproducir"/>
            </infinitiu>
            <sn arg="arg1" entityref="nne" func="cd" homophoricDD="yes" tem="pat">
              <spec gen="m" num="s">
                <d gen="c" lem="el" num="s" pos="da0ns0" postype="article" wd="lo"/>
              </spec>
              <grup.nom gen="m" num="s">
                <S clausetype="relative" coord="yes">
                  <relatiu arg="arg1" func="cd" tem="pat">
                    <p gen="c" lem="que" num="c" pos="pr0cn000" postype="relative" wd="que"/>
                  </relatiu>
                  <S clausetype="relative">
                    <sn arg="arg0" coreftype="ident" entity="entity3" entityref="ne" func="suj" ne="person" tem="agt">
                      <grup.nom gen="m" num="s">
                        <n lem="Bonet" ne="person" pos="np00000" postype="proper" wd="Bonet"/>
                      </grup.nom>
                    </sn>
                    <grup.verb>
                      <v lem="decir" lss="A32.ditransitive-patient-benefactive" mood="indicative" num="s" person="3" pos="vmis3s0" postype="main" tense="past" wd="dijo"/>
                    </grup.verb>
                  </S>
                  <conj conjunctiontype="coordinating">
                    <c lem="o" pos="cc" postype="coordinating" wd="o"/>
                  </conj>
                  <S clausetype="relative">
                    <sn arg="arg0" coreftype="ident" elliptic="yes" entity="entity3" entityref="spec" func="suj" tem="agt"/>
                    <grup.verb>
                      <v lem="escribir" lss="A21.transitive-agentive-patient" mood="indicative" num="s" person="3" pos="vmis3s0" postype="main" tense="past" wd="escribió"/>
                    </grup.verb>
                  </S>
                </S>
              </grup.nom>
            </sn>
          </S>
        </sp>
      </S>
    </S>
    <S adjunct="yes" coord="yes" func="ao">
      <f lem=":" pos="fd" punct="colon" wd=":"/>
      <f lem="&quot;" pos="fe" punct="quotation" wd="&quot;"/>
      <S>
        <sn arg="arg1" coreftype="ident" entity="entity3" entityref="spec" func="suj" tem="tem">
          <grup.nom gen="m" num="s">
            <p gen="m" lem="él" num="s" person="3" pos="pp3ms000" postype="personal" wd="Él"/>
          </grup.nom>
        </sn>
        <grup.verb>
          <v lem="ser" lss="C21.state-attributive" mood="indicative" num="s" person="3" pos="vsii3s0" postype="semiauxiliary" tense="imperfect" wd="era"/>
        </grup.verb>
        <sn arg="arg2" corefsubtype="indefinit" coreftype="pred" entity="entity3" func="atr" tem="atr">
          <spec gen="m" num="s">
            <d gen="m" lem="uno" num="s" pos="di0ms0" postype="indefinite" wd="un"/>
          </spec>
          <grup.nom gen="m" num="s">
            <s.a gen="m" num="s">
              <grup.a gen="m" num="s">
                <a gen="c" lem="gran" num="s" pos="aq0cs0" postype="qualificative" wd="gran"/>
              </grup.a>
            </s.a>
            <n gen="m" lem="personaje" num="s" pos="ncms000" postype="common" sense="16:07335484" wd="personaje"/>
          </grup.nom>
        </sn>
      </S>
      <f lem=";" pos="fx" punct="semicolon" wd=";"/>
      <S coord="yes">
        <conj conjunctiontype="coordinating">
          <r lem="no_sólo" pos="rg" wd="no_sólo"/>
        </conj>
        <S>
          <sn arg="arg0" coreftype="ident" elliptic="yes" entity="entity3" entityref="spec" func="suj" tem="cau"/>
          <grup.verb>
            <v lem="cultivar" lss="A11.transitive-causative" mood="indicative" num="s" person="3" pos="vmis3s0" postype="main" tense="past" wd="cultivó"/>
          </grup.verb>
          <sn arg="arg1" entityref="nne" func="cd" tem="tem">
            <spec gen="m" num="p">
              <d gen="m" lem="todo" num="p" pos="di0mp0" postype="indefinite" wd="todos"/>
              <d gen="m" lem="el" num="p" pos="da0mp0" postype="article" wd="los"/>
            </spec>
            <grup.nom gen="m" num="p">
              <n gen="m" lem="género" num="p" pos="ncmp000" postype="common" sense="16:02752633" wd="géneros"/>
            </grup.nom>
          </sn>
          <f lem="," pos="fc" punct="comma" wd=","/>
        </S>
        <conj conjunctiontype="coordinating">
          <c lem="sino_que" pos="cc" postype="coordinating" wd="sino_que"/>
        </conj>
        <S>
          <sn arg="arg0" coreftype="ident" elliptic="yes" entity="entity3" entityref="spec" func="suj" tem="agt"/>
          <grup.verb>
            <v lem="inventar" lss="A21.transitive-agentive-patient" mood="indicative" num="s" person="3" pos="vmis3s0" postype="main" tense="past" wd="inventó"/>
          </grup.verb>
          <sn arg="arg1" entityref="nne" func="cd" tem="pat">
            <grup.nom gen="m" num="p">
              <s.a gen="m" num="p">
                <grup.a gen="m" num="p">
                  <a gen="m" lem="nuevo" num="p" pos="aq0mp0" postype="qualificative" wd="nuevos"/>
                </grup.a>
              </s.a>
              <n gen="m" lem="lenguaje" num="p" pos="ncmp000" postype="common" sense="16:03857307" wd="lenguajes"/>
            </grup.nom>
          </sn>
        </S>
      </S>
      <f lem="&quot;" pos="fe" punct="quotation" wd="&quot;"/>
    </S>
    <f lem="." pos="fp" punct="period" wd="."/>
  </sentence>
</article>
