<?xml version="1.0" encoding="UTF-8"?>
<!-- 

  ancora-2.0
       
			Copyright (C) 2007, 2008, 2009, 2010, 2011 UB - CLiC
			Centre de Llenguatge i Computació - Universitat de Barcelona
 
  This file is part of ancora-2.0.
 
  ancora-2.0 is free software and data: you can redistribute it and/or modify
  it under the terms of the GNU General Public License as published
  by the Free Software Foundation, either version 3 of the License,
  or (at your option) any later version.

  ancora-2.0 is distributed in the hope that it will be useful,
  but WITHOUT ANY WARRANTY; without even the implied warranty of
  MERCHANTABILITY or FITNESS FOR A PARTICULAR PURPOSE.  See the
  GNU General Public License for more details.
 
  You should have received a copy of the GNU General Public License
  along with ancora-2.0.  If not, see &lt;http://www.gnu.org/licenses/&gt;.
 
  Check a text in catalan explaining the terms of the license at http://www.softcatala.cat/wiki/GPL3.
  In spanish at http://www.viti.es/gnu/licenses/gpl.html
 

  The following paper must be cited when using this corpus:

 * Taulé, M., M.A. Martí, M. Recasens (2008) 'Ancora: Multilevel Annotated Corpora for Catalan and Spanish',
   Proceedings of 6th International Conference on Language Resources and Evaluation. Marrakesh (Morocco).

  In addition, the following paper must be cited if coreference information (attributes entity, coreftype,
  corefsubtype, homophoricDD or entityref) is used:

 * Recasens, Marta, M. Antònia Martí (2010) ‘AnCora-CO: Coreferentially annotated corpora for Spanish and
   Catalan’. Language Resources and Evaluation, Springer Science.

  Additionally, the following paper must be cited when argumental attributes in "sn" or "grup.nom"
  (attributes func, arg, tem or lexicalid) are used:

 * Peris, Aina, Mariona Taulé, Horacio Rodríguez (2010) ‘Semantic Annotation of Deverbal Nominalizations in the
   Spanish AnCora corpus’. Treebanks and Linguistic Theories (TLT-2010), Estonia.
-->
<article lng="es">
  <sentence>
    <S arg="arg1" clausetype="completive" func="suj" impersonal="yes" tem="tem">
      <infinitiu>
        <v lem="conocer" lss="A21.transitive-agentive-patient" mood="infinitive" pos="vmn0000" postype="main" wd="Conocer"/>
      </infinitiu>
      <sn arg="arg1" entity="entity7" entityref="nne" func="cd" homophoricDD="yes" tem="pat">
        <spec gen="m" num="p">
          <d gen="m" lem="el" num="p" pos="da0mp0" postype="article" wd="los"/>
        </spec>
        <grup.nom gen="m" num="p">
          <n gen="m" lem="resultado" lexicalid="noun.resultado.3.default" num="p" origin="deverbal" pos="ncmp000" postype="common" sense="16:05438613" wd="resultados"/>
          <sp arg="arg1" func="cn" tem="tem">
            <prep>
              <s lem="de" pos="sps00" postype="preposition" wd="de"/>
            </prep>
            <sn entity="entity1" entityref="spec" homophoricDD="yes">
              <spec gen="f" num="p">
                <d gen="f" lem="el" num="p" pos="da0fp0" postype="article" wd="las"/>
              </spec>
              <grup.nom gen="f" num="p">
                <s.a gen="f" num="p">
                  <grup.a gen="f" num="p">
                    <a gen="c" lem="principal" num="p" pos="aq0cp0" postype="qualificative" wd="principales"/>
                  </grup.a>
                </s.a>
                <n gen="f" lem="empresa" num="p" pos="ncfp000" postype="common" sense="16:06004580" wd="empresas"/>
                <s.a gen="f" num="p">
                  <grup.a gen="f" num="p">
                    <a gen="f" lem="español" num="p" pos="aq0fp0" postype="qualificative" wd="españolas"/>
                  </grup.a>
                </s.a>
                <S clausetype="relative">
                  <relatiu arg="arg1" coreftype="ident" entity="entity1" entityref="spec" func="suj" tem="tem">
                    <p gen="c" lem="que" num="c" pos="pr0cn000" postype="relative" wd="que"/>
                  </relatiu>
                  <grup.verb>
                    <v lem="cotizar" lss="C11.state-existential" mood="indicative" num="p" person="3" pos="vmip3p0" postype="main" tense="present" wd="cotizan"/>
                  </grup.verb>
                  <sp arg="argM" func="cc" tem="loc">
                    <prep>
                      <s lem="en" pos="sps00" postype="preposition" wd="en"/>
                    </prep>
                    <sn entity="entity10" entityref="nne">
                      <grup.nom gen="f" num="s">
                        <n gen="f" lem="bolsa" num="s" pos="ncfs000" postype="common" sense="16:03417221" wd="bolsa"/>
                      </grup.nom>
                    </sn>
                  </sp>
                  <sp arg="argM" func="cc" tem="tmp">
                    <prep>
                      <s lem="durante" pos="sps00" postype="preposition" wd="durante"/>
                    </prep>
                    <sn entity="entity11" entityref="ne" ne="date">
                      <spec gen="m" num="s">
                        <d gen="m" lem="el" num="s" pos="da0ms0" postype="article" wd="el"/>
                      </spec>
                      <grup.nom gen="m" num="s">
                        <w lem="[??:??/??/2000:??.??]" ne="date" wd="2000"/>
                      </grup.nom>
                    </sn>
                  </sp>
                </S>
              </grup.nom>
            </sn>
          </sp>
        </grup.nom>
      </sn>
    </S>
    <grup.verb>
      <v lem="suponer" lss="C21.state-attributive" mood="indicative" num="s" person="3" pos="vmip3s0" postype="main" tense="present" wd="supone"/>
    </grup.verb>
    <S arg="arg2" clausetype="completive" func="cd" functype="quantitative" tem="atr">
      <conj conjunctiontype="subordinating">
        <c lem="que" pos="cs" postype="subordinating" wd="que"/>
      </conj>
      <sp arg="argM" func="cc" tem="tmp">
        <prep>
          <s lem="por" pos="sps00" postype="preposition" wd="por"/>
        </prep>
        <sn>
          <grup.nom gen="f" num="s">
            <s.a gen="f" num="s">
              <grup.a gen="f" num="s">
                <a gen="f" lem="primero" num="s" pos="ao0fs0" postype="ordinal" wd="primera"/>
              </grup.a>
            </s.a>
            <n gen="f" lem="vez" num="s" pos="ncfs000" postype="common" sense="16:05449233" wd="vez"/>
          </grup.nom>
        </sn>
      </sp>
      <sn arg="arg1" elliptic="yes" entityref="nne" func="suj" tem="tem"/>
      <grup.verb>
        <v lem="disponer" lss="C21.state-attributive" mood="indicative" num="p" person="1" pos="vmip1p0" postype="main" tense="present" wd="disponemos"/>
      </grup.verb>
      <sp arg="arg2" func="creg" tem="atr">
        <prep>
          <s lem="de" pos="sps00" postype="preposition" wd="de"/>
        </prep>
        <sn entityref="nne">
          <grup.nom gen="f" num="p">
            <n gen="f" lem="cifra" num="p" pos="ncfp000" postype="common" sense="16:09598019" wd="cifras"/>
            <s.a gen="f" num="p">
              <grup.a gen="f" num="p">
                <a gen="f" lem="indicativo" num="p" pos="aq0fp0" postype="qualificative" wd="indicativas"/>
                <sp>
                  <prep>
                    <s lem="de" pos="sps00" postype="preposition" wd="de"/>
                  </prep>
                  <S clausetype="completive">
                    <sadv arg="argM" func="cc" tem="mnr">
                      <grup.adv>
                        <p lem="cómo" pos="pt000000" postype="interrogative" wd="cómo"/>
                      </grup.adv>
                    </sadv>
                    <grup.verb>
                      <v lem="haber" mood="indicative" num="s" person="3" pos="vaip3s0" postype="auxiliary" tense="present" wd="ha"/>
                      <v gen="m" lem="evolucionar" lss="B21.unaccusative-state" mood="participle" num="s" pos="vmp00sm" postype="main" wd="evolucionado"/>
                    </grup.verb>
                    <sp arg="argM" func="cc" tem="loc">
                      <prep>
                        <s lem="en" pos="sps00" postype="preposition" wd="en"/>
                      </prep>
                      <sn entityref="ne" ne="location">
                        <grup.nom>
                          <n lem="España" ne="location" pos="np00000" postype="proper" wd="España"/>
                        </grup.nom>
                      </sn>
                    </sp>
                    <sn arg="arg1" entityref="nne" func="suj" homophoricDD="yes" tem="tem">
                      <spec gen="m" num="s">
                        <d gen="m" lem="el" num="s" pos="da0ms0" postype="article" wd="el"/>
                      </spec>
                      <grup.nom gen="m" num="s">
                        <n gen="m" lem="proceso" lexicalid="noun.proceso.1.default" num="s" origin="deverbal" pos="ncms000" postype="common" sense="16:09669871" wd="proceso"/>
                        <sp arg="arg1" func="cn" tem="pat">
                          <prep>
                            <s lem="de" pos="sps00" postype="preposition" wd="de"/>
                          </prep>
                          <sn>
                            <grup.nom gen="f" num="s">
                              <n gen="f" lem="privatización" lexicalid="noun.privatización.2.default" num="s" origin="deverbal" pos="ncfs000" postype="common" sense="16:50000544" wd="privatización"/>
                              <sp arg="arg1" func="cn" tem="pat">
                                <prep>
                                  <s lem="de" pos="sps00" postype="preposition" wd="de"/>
                                </prep>
                                <sn entity="entity3" entityref="nne">
                                  <grup.nom gen="f" num="p">
                                    <n gen="f" lem="empresa" num="p" pos="ncfp000" postype="common" sense="16:06004580" wd="empresas"/>
                                    <s.a gen="f" num="p">
                                      <grup.a gen="f" num="p">
                                        <a gen="f" lem="público" num="p" pos="aq0fp0" postype="qualificative" wd="públicas"/>
                                      </grup.a>
                                    </s.a>
                                    <s.a gen="f" num="p">
                                      <grup.a gen="f" num="p">
                                        <a gen="c" lem="monopolista" num="p" pos="aq0cp0" postype="qualificative" wd="monopolistas"/>
                                      </grup.a>
                                    </s.a>
                                  </grup.nom>
                                </sn>
                              </sp>
                            </grup.nom>
                          </sn>
                        </sp>
                      </grup.nom>
                    </sn>
                  </S>
                </sp>
              </grup.a>
            </s.a>
          </grup.nom>
        </sn>
      </sp>
    </S>
    <f lem="." pos="fp" punct="period" wd="."/>
  </sentence>
  <sentence verbless="yes">
    <conj conjunctiontype="coordinating">
      <c lem="y" pos="cc" postype="coordinating" wd="Y"/>
    </conj>
    <sadv>
      <grup.adv>
        <r lem="de_paso" pos="rg" wd="de_paso"/>
      </grup.adv>
      <f lem="," pos="fc" punct="comma" wd=","/>
    </sadv>
    <sp>
      <prep>
        <s lem="de" pos="sps00" postype="preposition" wd="de"/>
      </prep>
      <S clausetype="completive">
        <sadv arg="argM" func="cc" tem="mnr">
          <grup.adv>
            <p lem="cómo" pos="pt000000" postype="interrogative" wd="cómo"/>
          </grup.adv>
        </sadv>
        <grup.verb>
          <v lem="haber" mood="indicative" num="s" person="3" pos="vaip3s0" postype="auxiliary" tense="present" wd="ha"/>
          <v gen="m" lem="funcionar" lss="C11.state-existential" mood="participle" num="s" pos="vmp00sm" postype="main" wd="funcionado"/>
        </grup.verb>
        <sn arg="arg1" entityref="nne" func="suj" homophoricDD="yes" tem="tem">
          <spec gen="f" num="s">
            <d gen="f" lem="el" num="s" pos="da0fs0" postype="article" wd="la"/>
          </spec>
          <grup.nom gen="f" num="s">
            <n gen="f" lem="regulación" lexicalid="noun.regulación.1.default" num="s" origin="deverbal" pos="ncfs000" postype="common" sense="16:00736489" wd="regulación"/>
            <sp arg="arg1" func="cn" tem="pat">
              <prep>
                <s lem="de" pos="sps00" postype="preposition" wd="de"/>
              </prep>
              <sn entity="entity2" entityref="nne" homophoricDD="yes">
                <spec gen="m" num="p">
                  <d gen="m" lem="el" num="p" pos="da0mp0" postype="article" wd="los"/>
                </spec>
                <grup.nom gen="m" num="p">
                  <n gen="m" lem="mercado" num="p" pos="ncmp000" postype="common" sense="16:00711063" wd="mercados"/>
                  <S clausetype="participle" impersonal="yes">
                    <participi>
                      <a gen="m" lem="liberalizado" num="s" pos="aq0msp" posfunction="participle" postype="qualificative" wd="liberalizados"/>
                    </participi>
                  </S>
                  <S clausetype="relative">
                    <relatiu arg="argM" coreftype="ident" entity="entity2" entityref="nne" func="cc" tem="loc">
                      <p gen="c" lem="donde" num="c" pos="pr000000" postype="relative" wd="donde"/>
                    </relatiu>
                    <grup.verb>
                      <v lem="operar" lss="D11.inergative-agentive" mood="indicative" num="p" person="3" pos="vmip3p0" postype="main" tense="present" wd="operan"/>
                    </grup.verb>
                    <sn arg="arg0" coreftype="ident" entity="entity3" entityref="nne" func="suj" tem="agt">
                      <spec gen="f" num="p">
                        <d gen="f" lem="ese" num="p" pos="dd0fp0" postype="demonstrative" wd="esas"/>
                      </spec>
                      <grup.nom gen="f" num="p">
                        <n gen="f" lem="compañía" num="p" pos="ncfp000" postype="common" sense="16:06006256" wd="compañías"/>
                      </grup.nom>
                    </sn>
                  </S>
                </grup.nom>
              </sn>
            </sp>
          </grup.nom>
        </sn>
      </S>
    </sp>
    <f lem="." pos="fp" punct="period" wd="."/>
  </sentence>
  <sentence>
    <sn arg="arg1" entityref="nne" func="suj" tem="tem">
      <spec gen="m" num="s">
        <d gen="m" lem="el" num="s" pos="da0ms0" postype="article" wd="El"/>
      </spec>
      <grup.nom gen="m" num="s">
        <n gen="m" lem="balance" num="s" pos="ncms000" postype="common" sense="16:09653966" wd="balance"/>
      </grup.nom>
    </sn>
    <grup.verb>
      <v lem="haber" mood="indicative" num="s" person="3" pos="vaip3s0" postype="auxiliary" tense="present" wd="ha"/>
      <v gen="m" lem="ser" lss="C21.state-attributive" mood="participle" num="s" pos="vsp00sm" postype="semiauxiliary" wd="sido"/>
    </grup.verb>
    <sa arg="arg2" func="atr" tem="atr">
      <grup.a>
        <a gen="m" lem="buen" num="s" pos="aq0ms0" postype="qualificative" wd="bueno"/>
        <sp>
          <sadv adjunct="yes">
            <f lem="," pos="fc" punct="comma" wd=","/>
            <grup.adv>
              <r lem="en_general" pos="rg" wd="en_general"/>
            </grup.adv>
            <f lem="," pos="fc" punct="comma" wd=","/>
          </sadv>
          <sp>
            <prep>
              <s lem="para" pos="sps00" postype="preposition" wd="para"/>
            </prep>
            <sn coord="yes">
              <sn coreftype="ident" entity="entity1" entityref="spec">
                <spec gen="f" num="p">
                  <d gen="f" lem="el" num="p" pos="da0fp0" postype="article" wd="las"/>
                </spec>
                <grup.nom gen="f" num="p">
                  <n gen="f" lem="empresa" num="p" pos="ncfp000" postype="common" sense="16:06004580" wd="empresas"/>
                </grup.nom>
              </sn>
              <conj conjunctiontype="coordinating">
                <c lem="y" pos="cc" postype="coordinating" wd="y"/>
              </conj>
              <sn entityref="nne">
                <spec gen="m" num="p">
                  <d coreftype="ident" entity="entity1" entityref="spec" gen="c" lem="su" num="p" person="3" pos="dp3cp0" postype="possessive" wd="sus"/>
                </spec>
                <grup.nom gen="m" num="p">
                  <n gen="m" lem="millar" num="p" pos="ncmp000" postype="common" sense="16:09902316" wd="millares"/>
                  <sp>
                    <prep>
                      <s lem="de" pos="sps00" postype="preposition" wd="de"/>
                    </prep>
                    <sn>
                      <grup.nom gen="m" num="p">
                        <n gen="c" lem="accionista" num="p" pos="nccp000" postype="common" sense="16:07612499" wd="accionistas"/>
                      </grup.nom>
                    </sn>
                  </sp>
                </grup.nom>
              </sn>
            </sn>
          </sp>
        </sp>
      </grup.a>
    </sa>
    <f lem="." pos="fp" punct="period" wd="."/>
  </sentence>
  <sentence>
    <grup.verb>
      <v lem="ser" lss="C21.state-attributive" mood="indicative" num="s" person="3" pos="vsip3s0" postype="semiauxiliary" tense="present" wd="Es"/>
    </grup.verb>
    <sa arg="arg2" func="atr" tem="atr">
      <grup.a>
        <a gen="m" lem="positivo" num="s" pos="aq0ms0" postype="qualificative" wd="positivo"/>
      </grup.a>
    </sa>
    <S arg="arg1" clausetype="completive" func="suj" tem="tem">
      <conj conjunctiontype="subordinating">
        <c lem="que" pos="cs" postype="subordinating" wd="que"/>
      </conj>
      <sn arg="arg1" complex="yes" coreftype="ident" entity="entity1" func="suj" tem="tem">
        <grup.nom coord="yes">
          <grup.nom>
            <n lem="Repsol" ne="organization" pos="np00000" postype="proper" wd="Repsol"/>
          </grup.nom>
          <f lem="," pos="fc" punct="comma" wd=","/>
          <grup.nom>
            <n lem="Telefónica" ne="organization" pos="np00000" postype="proper" wd="Telefónica"/>
          </grup.nom>
          <f lem="," pos="fc" punct="comma" wd=","/>
          <grup.nom>
            <n lem="Endesa" ne="organization" pos="np00000" postype="proper" wd="Endesa"/>
          </grup.nom>
          <conj conjunctiontype="coordinating">
            <c lem="o" pos="cc" postype="coordinating" wd="o"/>
          </conj>
          <grup.nom>
            <n lem="Altadis" ne="organization" pos="np00000" postype="proper" wd="Altadis"/>
          </grup.nom>
        </grup.nom>
      </sn>
      <grup.verb>
        <v lem="tener" lss="C21.state-attributive" mood="subjunctive" num="p" person="3" pos="vmsp3p0" postype="main" tense="present" wd="tengan"/>
      </grup.verb>
      <sn arg="arg2" entityref="nne" func="cd" functype="quantitative" tem="atr">
        <grup.nom gen="m" num="p">
          <n gen="m" lem="beneficio" lexicalid="noun.beneficio.1.default" num="p" origin="deverbal" pos="ncmp000" postype="common" sense="16:09537885" wd="beneficios"/>
          <s.a func="cn" gen="m" num="p">
            <grup.a gen="m" num="p">
              <a gen="c" lem="suficiente" num="p" pos="aq0cp0" postype="qualificative" wd="suficientes"/>
            </grup.a>
          </s.a>
          <sp arg="argM" func="cn" tem="fin">
            <prep>
              <s lem="para" pos="sps00" postype="preposition" wd="para"/>
            </prep>
            <S clausetype="completive" impersonal="yes">
              <infinitiu>
                <v lem="seguir" mood="infinitive" pos="vmn0000" postype="main" wd="seguir"/>
                <gerundi>
                  <v lem="crecer" lss="B21.unaccusative-state" mood="gerund" pos="vmg0000" postype="main" wd="creciendo"/>
                </gerundi>
              </infinitiu>
              <sp arg="argM" func="cc" tem="loc">
                <prep>
                  <s lem="en" pos="sps00" postype="preposition" wd="en"/>
                </prep>
                <sn entityref="nne" homophoricDD="yes">
                  <spec gen="m" num="s">
                    <d gen="m" lem="el" num="s" pos="da0ms0" postype="article" wd="el"/>
                  </spec>
                  <grup.nom gen="m" num="s">
                    <n gen="m" lem="mundo" num="s" pos="ncms000" postype="common" sense="16:06753779" wd="mundo"/>
                  </grup.nom>
                </sn>
              </sp>
            </S>
          </sp>
        </grup.nom>
      </sn>
    </S>
    <f lem="." pos="fp" punct="period" wd="."/>
  </sentence>
  <sentence>
    <conj conjunctiontype="coordinating" func="et">
      <c lem="pero" pos="cc" postype="coordinating" wd="Pero"/>
    </conj>
    <sadv func="mod">
      <grup.adv>
        <r lem="también" pos="rg" wd="también"/>
      </grup.adv>
    </sadv>
    <grup.verb>
      <v lem="deber" mood="indicative" num="s" person="3" pos="vmip3s0" postype="main" tense="present" wd="debe"/>
      <infinitiu>
        <v lem="recordar" lss="B22.unaccusative-passive-transitive" mood="infinitive" pos="vmn0000" postype="main" wd="recordarse"/>
      </infinitiu>
    </grup.verb>
    <S arg="arg1" clausetype="completive" func="suj" num="p" tem="pat">
      <conj conjunctiontype="subordinating">
        <c lem="que" pos="cs" postype="subordinating" wd="que"/>
      </conj>
      <sn arg="arg1" entityref="nne" func="suj" tem="tem">
        <spec arg="arg1" gen="f" num="s" tem="tem">
          <d coreftype="ident" entity="entity1" entityref="spec" gen="c" lem="su" num="s" person="3" pos="dp3cs0" postype="possessive" wd="su"/>
        </spec>
        <grup.nom gen="f" num="s">
          <n gen="f" lem="expansión" lexicalid="noun.expansión.2.default" num="s" origin="deverbal" pos="ncfs000" postype="common" sense="16:00235235" wd="expansión"/>
        </grup.nom>
      </sn>
      <grup.verb>
        <v lem="ser" lss="C21.state-attributive" mood="indicative" num="s" person="3" pos="vsip3s0" postype="semiauxiliary" tense="present" wd="es"/>
      </grup.verb>
      <sa arg="arg2" func="atr" tem="atr">
        <spec>
          <r lem="más" pos="rg" wd="más"/>
        </spec>
        <grup.a>
          <a gen="c" lem="fácil" num="s" pos="aq0cs0" postype="qualificative" wd="fácil"/>
        </grup.a>
      </sa>
      <S arg="argM" clausetype="adverbial" entity="entity6" func="cc" tem="cau">
        <conj conjunctiontype="subordinating">
          <c lem="porque" pos="cs" postype="subordinating" wd="porque"/>
        </conj>
        <sn arg="arg1" coreftype="ident" elliptic="yes" entity="entity1" entityref="spec" func="suj" tem="tem"/>
        <grup.verb>
          <v lem="tener" lss="C21.state-attributive" mood="indicative" num="p" person="3" pos="vmip3p0" postype="main" tense="present" wd="tienen"/>
        </grup.verb>
        <sn arg="arg2" entityref="nne" func="cd" functype="quantitative" tem="atr">
          <grup.nom gen="m" num="p">
            <n gen="m" lem="ingreso" lexicalid="noun.ingreso.3.default" num="p" origin="deverbal" pos="ncmp000" postype="common" sense="16:09538207" wd="ingresos"/>
            <S clausetype="participle" func="cn" impersonal="yes">
              <participi>
                <a gen="m" lem="garantizado" lss="B22.unaccusative-passive-transitive" num="p" pos="aq0mpp" posfunction="participle" postype="qualificative" wd="garantizados"/>
              </participi>
              <sp arg="arg0" func="cag" tem="agt">
                <prep>
                  <s lem="por" pos="sps00" postype="preposition" wd="por"/>
                </prep>
                <sn entity="entity5" entityref="ne" ne="organization">
                  <spec gen="f" num="s">
                    <d gen="f" lem="el" num="s" pos="da0fs0" postype="article" wd="la"/>
                  </spec>
                  <grup.nom gen="f" num="s">
                    <n lem="Administración" ne="organization" pos="np00000" postype="proper" wd="Administración"/>
                    <S clausetype="relative">
                      <f lem="," pos="fc" punct="comma" wd=","/>
                      <relatiu arg="arg0" coreftype="ident" entity="entity5" entityref="spec" func="suj" tem="agt">
                        <p gen="c" lem="que" num="c" pos="pr0cn000" postype="relative" wd="que"/>
                      </relatiu>
                      <grup.verb>
                        <v lem="autorizar" lss="A34.ditransitive-patient-theme" mood="indicative" num="s" person="3" pos="vmip3s0" postype="main" tense="present" wd="autoriza"/>
                      </grup.verb>
                      <sn arg="arg1" entityref="nne" func="cd" tem="pat">
                        <spec gen="f" num="p">
                          <d coreftype="ident" entity="entity1" entityref="spec" gen="c" lem="su" num="p" person="3" pos="dp3cp0" postype="possessive" wd="sus"/>
                        </spec>
                        <grup.nom gen="f" num="p">
                          <n gen="f" lem="tarifa" num="p" pos="ncfp000" postype="common" sense="16:09593084" wd="tarifas"/>
                        </grup.nom>
                      </sn>
                    </S>
                  </grup.nom>
                </sn>
              </sp>
            </S>
          </grup.nom>
        </sn>
      </S>
    </S>
    <f lem="." pos="fp" punct="period" wd="."/>
  </sentence>
  <sentence>
    <sn arg="arg1" corefsubtype="token" coreftype="dx" entity="entity6" entityref="nne" func="suj" tem="tem">
      <grup.nom gen="f" num="s">
        <p gen="f" lem="ese" num="s" pos="pd0fs000" postype="demonstrative" wd="Esa"/>
      </grup.nom>
    </sn>
    <grup.verb>
      <v lem="ser" lss="C21.state-attributive" mood="indicative" num="s" person="3" pos="vsip3s0" postype="semiauxiliary" tense="present" wd="es"/>
    </grup.verb>
    <sn arg="arg2" corefsubtype="definit" coreftype="pred" entity="entity6" func="atr" tem="atr">
      <spec gen="f" num="s">
        <d gen="f" lem="el" num="s" pos="da0fs0" postype="article" wd="la"/>
      </spec>
      <grup.nom gen="f" num="s">
        <n gen="f" lem="razón" num="s" pos="ncfs000" postype="common" sense="16:06659860" wd="razón"/>
        <S clausetype="relative">
          <sp arg="argM" func="cc" tem="cau">
            <prep>
              <s lem="por" pos="sps00" postype="preposition" wd="por"/>
            </prep>
            <sn coreftype="ident" entity="entity6" entityref="nne">
              <spec gen="f" num="s">
                <d gen="f" lem="el" num="s" pos="da0fs0" postype="article" wd="la"/>
              </spec>
              <grup.nom gen="f" num="s">
                <relatiu>
                  <p gen="c" lem="que" num="c" pos="pr0cn000" postype="relative" wd="que"/>
                </relatiu>
              </grup.nom>
            </sn>
          </sp>
          <sn arg="arg1" complex="yes" entityref="nne" func="suj" homophoricDD="yes" tem="tem">
            <spec gen="m" num="p">
              <d gen="m" lem="el" num="p" pos="da0mp0" postype="article" wd="los"/>
            </spec>
            <grup.nom coord="yes">
              <grup.nom coord="yes">
                <grup.nom gen="m" num="p">
                  <n gen="m" lem="usuario" num="p" pos="ncmp000" postype="common" sense="16:07658488" wd="usuarios"/>
                </grup.nom>
                <conj conjunctiontype="coordinating">
                  <c lem="y" pos="cc" postype="coordinating" wd="y"/>
                </conj>
                <grup.nom gen="m" num="p">
                  <n gen="c" lem="cliente" num="p" pos="nccp000" postype="common" sense="16:07197309" wd="clientes"/>
                </grup.nom>
              </grup.nom>
              <sp adjunct="yes">
                <prep>
                  <s lem="de" pos="sps00" postype="preposition" wd="de"/>
                </prep>
                <sn coreftype="ident" entity="entity1" entityref="spec">
                  <spec gen="f" num="p">
                    <d gen="f" lem="ese" num="p" pos="dd0fp0" postype="demonstrative" wd="esas"/>
                  </spec>
                  <grup.nom gen="f" num="p">
                    <n gen="f" lem="compañía" num="p" pos="ncfp000" postype="common" sense="16:06006256" wd="compañías"/>
                  </grup.nom>
                </sn>
              </sp>
            </grup.nom>
          </sn>
          <neg func="mod">
            <r lem="no" pos="rn" postype="negative" wd="no"/>
          </neg>
          <morfema.pronominal>
            <p gen="c" lem="él" num="c" person="3" pos="p0300000" wd="se"/>
          </morfema.pronominal>
          <grup.verb>
            <v lem="sentir" lss="C21.state-attributive" mood="indicative" num="p" person="3" pos="vmip3p0" postype="main" tense="present" wd="sienten"/>
          </grup.verb>
          <sa arg="arg2" func="cpred" predicate="suj" tem="atr">
            <spec>
              <r lem="también" pos="rg" wd="también"/>
            </spec>
            <grup.a>
              <a gen="m" lem="beneficiario" num="p" pos="aq0mp0" postype="qualificative" wd="beneficiarios"/>
              <sp>
                <prep>
                  <s lem="de" pos="sps00" postype="preposition" wd="de"/>
                </prep>
                <sn coreftype="ident" entity="entity7" entityref="nne" homophoricDD="yes">
                  <spec gen="m" num="p">
                    <d gen="m" lem="el" num="p" pos="da0mp0" postype="article" wd="los"/>
                  </spec>
                  <grup.nom gen="m" num="p">
                    <n gen="m" lem="resultado" lexicalid="noun.resultado.3.default" num="p" origin="deverbal" pos="ncmp000" postype="common" sense="16:05438613" wd="resultados"/>
                    <s.a func="cn" gen="m" num="p">
                      <grup.a gen="m" num="p">
                        <a gen="m" lem="extraordinario" num="p" pos="aq0mp0" postype="qualificative" wd="extraordinarios"/>
                      </grup.a>
                    </s.a>
                    <S clausetype="relative" func="cn">
                      <relatiu arg="arg1" coreftype="ident" entity="entity7" entityref="nne" func="suj" tem="pat">
                        <p gen="c" lem="que" num="c" pos="pr0cn000" postype="relative" wd="que"/>
                      </relatiu>
                      <morfema.verbal func="pass">
                        <p gen="c" lem="se" num="c" pos="p0000000" wd="se"/>
                      </morfema.verbal>
                      <grup.verb>
                        <v lem="haber" mood="indicative" num="p" person="3" pos="vaip3p0" postype="auxiliary" tense="present" wd="han"/>
                        <v gen="m" lem="presentar" lss="B22.unaccusative-passive-transitive" mood="participle" num="s" pos="vmp00sm" postype="main" wd="presentado"/>
                      </grup.verb>
                      <sn arg="argM" entityref="nne" func="cc" homophoricDD="yes" tem="tmp">
                        <spec gen="m" num="p">
                          <d gen="m" lem="el" num="p" pos="da0mp0" postype="article" wd="los"/>
                        </spec>
                        <grup.nom gen="m" num="p">
                          <s.a gen="m" num="p">
                            <grup.a gen="m" num="p">
                              <a gen="m" lem="último" num="p" pos="ao0mp0" postype="ordinal" wd="últimos"/>
                            </grup.a>
                          </s.a>
                          <n gen="m" lem="día" num="p" pos="ncmp000" postype="common" sense="16:10883946" wd="días"/>
                        </grup.nom>
                      </sn>
                      <sp arg="argM" func="cc" tem="loc">
                        <prep>
                          <s lem="en" pos="sps00" postype="preposition" wd="en"/>
                        </prep>
                        <sn coreftype="ident" entity="entity10" entityref="nne" homophoricDD="yes">
                          <spec gen="f" num="s">
                            <d gen="f" lem="el" num="s" pos="da0fs0" postype="article" wd="la"/>
                          </spec>
                          <grup.nom gen="f" num="s">
                            <n gen="f" lem="bolsa" num="s" pos="ncfs000" postype="common" sense="16:03417221" wd="bolsa"/>
                          </grup.nom>
                        </sn>
                      </sp>
                    </S>
                  </grup.nom>
                </sn>
              </sp>
            </grup.a>
          </sa>
        </S>
      </grup.nom>
    </sn>
    <f lem="." pos="fp" punct="period" wd="."/>
  </sentence>
  <sentence>
    <grup.verb>
      <v lem="resultar" lss="C21.state-attributive" mood="indicative" num="s" person="3" pos="vmip3s0" postype="main" tense="present" wd="Resulta"/>
    </grup.verb>
    <sa arg="arg2" func="cpred" predicate="suj" tem="atr">
      <grup.a>
        <a gen="c" lem="saludable" num="s" pos="aq0cs0" postype="qualificative" wd="saludable"/>
      </grup.a>
    </sa>
    <S arg="arg1" clausetype="completive" func="suj" tem="tem">
      <conj conjunctiontype="subordinating">
        <c lem="que" pos="cs" postype="subordinating" wd="que"/>
      </conj>
      <sn arg="arg0" coreftype="ident" entity="entity1" entityref="spec" func="suj" tem="agt">
        <spec gen="f" num="p">
          <d entityref="nne" gen="f" lem="nuestro" num="p" person="1" pos="dp1fpp" possessornum="p" postype="possessive" wd="nuestras"/>
        </spec>
        <grup.nom gen="f" num="p">
          <n gen="f" lem="multinacional" num="p" pos="ncfp000" postype="common" sense="16:cs2" wd="multinacionales"/>
        </grup.nom>
      </sn>
      <grup.verb>
        <v lem="haber" mood="subjunctive" num="p" person="3" pos="vasp3p0" postype="auxiliary" tense="present" wd="hayan"/>
        <v gen="m" lem="saber" lss="A22.transitive-agentive-theme" mood="participle" num="s" pos="vmp00sm" postype="main" wd="sabido"/>
      </grup.verb>
      <S arg="arg1" clausetype="completive" coord="yes" func="cd" impersonal="yes" tem="pat">
        <S clausetype="completive" impersonal="yes">
          <infinitiu>
            <v lem="competir" lss="A33.ditransitive-theme-locative" mood="infinitive" pos="vmn0000" postype="main" wd="competir"/>
          </infinitiu>
        </S>
        <conj conjunctiontype="coordinating">
          <c lem="y" pos="cc" postype="coordinating" wd="y"/>
        </conj>
        <S clausetype="completive" impersonal="yes">
          <infinitiu>
            <v lem="conquistar" lss="A21.transitive-agentive-patient" mood="infinitive" pos="vmn0000" postype="main" wd="conquistar"/>
          </infinitiu>
          <sn arg="arg1" entityref="nne" func="cd" homophoricDD="yes" tem="pat">
            <spec gen="m" num="p">
              <d gen="m" lem="el" num="p" pos="da0mp0" postype="article" wd="los"/>
            </spec>
            <grup.nom gen="m" num="p">
              <n gen="m" lem="mercado" num="p" pos="ncmp000" postype="common" sense="16:00711063" wd="mercados"/>
              <s.a gen="m" num="p">
                <grup.a gen="m" num="p">
                  <a gen="c" lem="internacional" num="p" pos="aq0cp0" postype="qualificative" wd="internacionales"/>
                </grup.a>
              </s.a>
            </grup.nom>
          </sn>
          <sp arg="argM" func="cc" tem="tmp">
            <prep>
              <s lem="en" pos="sps00" postype="preposition" wd="en"/>
            </prep>
            <sn coreftype="ident" entity="entity11" entityref="ne" ne="date">
              <spec gen="m" num="s">
                <d gen="m" lem="el" num="s" pos="da0ms0" postype="article" wd="el"/>
              </spec>
              <grup.nom gen="m" num="s">
                <w lem="[??:??/??/2000:??.??]" ne="date" wd="2000"/>
              </grup.nom>
            </sn>
          </sp>
        </S>
      </S>
    </S>
    <f lem="." pos="fp" punct="period" wd="."/>
  </sentence>
  <sentence verbless="yes">
    <S clausesubtype="concessive" clausetype="adverbial">
      <conj conjunctiontype="subordinating">
        <c lem="aunque" pos="cs" postype="subordinating" wd="Aunque"/>
      </conj>
      <sn arg="arg1" func="suj" tem="tem">
        <neg adjunct="yes">
          <r lem="no" pos="rn" postype="negative" wd="no"/>
        </neg>
        <sn>
          <grup.nom gen="f" num="p">
            <p gen="f" lem="todo" num="p" pos="pi0fp000" postype="indefinite" wd="todas"/>
          </grup.nom>
        </sn>
      </sn>
      <grup.verb>
        <v lem="reflejar" lss="C21.state-attributive" mood="indicative" num="p" person="3" pos="vmip3p0" postype="main" tense="present" wd="reflejan"/>
      </grup.verb>
      <sn arg="arg2" entityref="nne" func="cd" functype="quantitative" tem="atr">
        <spec gen="m" num="s">
          <d gen="m" lem="el" num="s" pos="da0ms0" postype="article" wd="el"/>
          <d gen="m" lem="mismo" num="s" pos="di0ms0" postype="indefinite" wd="mismo"/>
        </spec>
        <grup.nom gen="m" num="s">
          <n gen="m" lem="nivel" num="s" pos="ncms000" postype="common" sense="16:10044643" wd="nivel"/>
          <sp>
            <prep>
              <s lem="de" pos="sps00" postype="preposition" wd="de"/>
            </prep>
            <sn>
              <grup.nom gen="f" num="s">
                <n gen="f" lem="eficacia" num="s" pos="ncfs000" postype="common" sense="16:04047544" wd="eficacia"/>
                <sp>
                  <prep>
                    <s lem="de" pos="sps00" postype="preposition" wd="de"/>
                  </prep>
                  <sn>
                    <grup.nom gen="f" num="s">
                      <n gen="f" lem="gestión" lexicalid="noun.gestión.1.default" num="s" origin="deverbal" pos="ncfs000" postype="common" sense="16:00736489" wd="gestión"/>
                    </grup.nom>
                  </sn>
                </sp>
                <f lem="," pos="fc" punct="comma" wd=","/>
                <sn entity="entity8">
                  <spec gen="m" num="s">
                    <d gen="m" lem="el" num="s" pos="da0ms0" postype="article" wd="el"/>
                  </spec>
                  <grup.nom gen="m" num="s">
                    <n gen="m" lem="indicador" num="s" pos="ncms000" postype="common" sense="16:02748539" wd="indicador"/>
                    <S clausetype="relative">
                      <relatiu arg="arg1" coreftype="ident" entity="entity8" entityref="nne" func="suj" tem="tem">
                        <p gen="c" lem="que" num="c" pos="pr0cn000" postype="relative" wd="que"/>
                      </relatiu>
                      <grup.verb>
                        <v lem="deber" mood="indicative" num="s" person="3" pos="vmip3s0" postype="main" tense="present" wd="debe"/>
                        <infinitiu>
                          <v lem="ser" lss="C21.state-attributive" mood="infinitive" pos="vsn0000" postype="semiauxiliary" wd="ser"/>
                        </infinitiu>
                      </grup.verb>
                      <sp arg="argM" func="cc" tem="tmp">
                        <prep>
                          <s lem="a_partir_de" pos="sps00" postype="preposition" wd="a_partir_de"/>
                        </prep>
                        <sadv>
                          <grup.adv>
                            <r lem="ahora" pos="rg" wd="ahora"/>
                          </grup.adv>
                        </sadv>
                      </sp>
                      <sn arg="arg2" func="atr" tem="atr">
                        <spec gen="m" num="s">
                          <d gen="m" lem="el" num="s" pos="da0ms0" postype="article" wd="el"/>
                        </spec>
                        <grup.nom gen="m" num="s">
                          <s.a gen="m" num="s">
                            <grup.a gen="m" num="s">
                              <a gen="m" lem="único" num="s" pos="aq0ms0" postype="qualificative" wd="único"/>
                            </grup.a>
                          </s.a>
                          <n gen="m" lem="baremo" num="s" pos="ncms000" postype="common" sense="16:cs2" wd="baremo"/>
                          <sp>
                            <prep>
                              <s lem="para" pos="sps00" postype="preposition" wd="para"/>
                            </prep>
                            <S clausetype="completive" impersonal="yes">
                              <infinitiu>
                                <v coreftype="ident" entity="entity1" lem="valorar" lss="A21.transitive-agentive-patient" mood="infinitive" pos="vmn0000" postype="main" wd="valorarlas"/>
                              </infinitiu>
                            </S>
                          </sp>
                        </grup.nom>
                      </sn>
                    </S>
                  </grup.nom>
                </sn>
              </grup.nom>
            </sn>
          </sp>
        </grup.nom>
      </sn>
    </S>
    <f lem="." pos="fp" punct="period" wd="."/>
  </sentence>
</article>
