<?xml version="1.0" encoding="UTF-8"?>
<!-- 

  ancora-2.0
       
			Copyright (C) 2007, 2008, 2009, 2010, 2011 UB - CLiC
			Centre de Llenguatge i Computació - Universitat de Barcelona
 
  This file is part of ancora-2.0.
 
  ancora-2.0 is free software and data: you can redistribute it and/or modify
  it under the terms of the GNU General Public License as published
  by the Free Software Foundation, either version 3 of the License,
  or (at your option) any later version.

  ancora-2.0 is distributed in the hope that it will be useful,
  but WITHOUT ANY WARRANTY; without even the implied warranty of
  MERCHANTABILITY or FITNESS FOR A PARTICULAR PURPOSE.  See the
  GNU General Public License for more details.
 
  You should have received a copy of the GNU General Public License
  along with ancora-2.0.  If not, see &lt;http://www.gnu.org/licenses/&gt;.
 
  Check a text in catalan explaining the terms of the license at http://www.softcatala.cat/wiki/GPL3.
  In spanish at http://www.viti.es/gnu/licenses/gpl.html
 

  The following paper must be cited when using this corpus:

 * Taulé, M., M.A. Martí, M. Recasens (2008) 'Ancora: Multilevel Annotated Corpora for Catalan and Spanish',
   Proceedings of 6th International Conference on Language Resources and Evaluation. Marrakesh (Morocco).

  In addition, the following paper must be cited if coreference information (attributes entity, coreftype,
  corefsubtype, homophoricDD or entityref) is used:

 * Recasens, Marta, M. Antònia Martí (2010) ‘AnCora-CO: Coreferentially annotated corpora for Spanish and
   Catalan’. Language Resources and Evaluation, Springer Science.

  Additionally, the following paper must be cited when argumental attributes in "sn" or "grup.nom"
  (attributes func, arg, tem or lexicalid) are used:

 * Peris, Aina, Mariona Taulé, Horacio Rodríguez (2010) ‘Semantic Annotation of Deverbal Nominalizations in the
   Spanish AnCora corpus’. Treebanks and Linguistic Theories (TLT-2010), Estonia.
-->
<article lng="es">
  <sentence>
    <S arg="arg1" clausetype="completive" func="cd" tem="pat">
      <sn arg="arg1" coord="yes" entity="entity1" func="suj" tem="pat">
        <sn entity="entity3" entityref="spec">
          <spec gen="m" num="p">
            <d gen="c" lem="tres" num="p" pos="dn0cp0" postype="numeral" wd="Tres"/>
          </spec>
          <grup.nom gen="m" num="p">
            <n gen="m" lem="polizón" num="p" pos="ncmp000" postype="common" sense="16:07614031" wd="polizones"/>
            <s.a gen="m" num="p">
              <grup.a gen="m" num="p">
                <a gen="m" lem="ecuatoriano" num="p" pos="aq0mp0" postype="qualificative" wd="ecuatorianos"/>
              </grup.a>
            </s.a>
          </grup.nom>
        </sn>
        <conj conjunctiontype="coordinating">
          <c lem="y" pos="cc" postype="coordinating" wd="y"/>
        </conj>
        <sn entity="entity4" entityref="spec">
          <spec gen="m" num="s">
            <d gen="m" lem="otro" num="s" pos="di0ms0" postype="indefinite" wd="otro"/>
          </spec>
          <grup.nom gen="m" num="s">
            <n gen="m" lem="dominicano" num="s" pos="ncms000" postype="common" sense="16:50005014" wd="dominicano"/>
          </grup.nom>
        </sn>
      </sn>
      <grup.verb>
        <v lem="ser" mood="indicative" num="p" person="3" pos="vsis3p0" postype="semiauxiliary" tense="past" wd="fueron"/>
        <v gen="m" lem="detener" lss="B22.unaccusative-passive-transitive" mood="participle" num="p" pos="vmp00pm" postype="main" wd="detenidos"/>
      </grup.verb>
      <sp arg="argM" func="cc" tem="tmp">
        <prep>
          <s contracted="yes" gen="m" lem="al" num="s" pos="spcms" postype="preposition" wd="al"/>
        </prep>
        <S clausetype="completive" impersonal="yes">
          <infinitiu>
            <v lem="descender" lss="A11.transitive-causative" mood="infinitive" pos="vmn0000" postype="main" wd="descender"/>
          </infinitiu>
          <sp arg="arg3" func="cc" tem="ein">
            <prep>
              <s lem="de" pos="sps00" postype="preposition" wd="de"/>
            </prep>
            <sn entity="entity6" entityref="spec">
              <spec gen="m" num="s">
                <d gen="m" lem="uno" num="s" pos="di0ms0" postype="indefinite" wd="un"/>
              </spec>
              <grup.nom gen="m" num="s">
                <n gen="m" lem="barco" num="s" pos="ncms000" postype="common" sense="16:03318070" wd="barco"/>
              </grup.nom>
            </sn>
          </sp>
          <sp arg="argM" func="cc" tem="loc">
            <prep>
              <s lem="en" pos="sps00" postype="preposition" wd="en"/>
            </prep>
            <sn entity="entity8" entityref="ne" ne="location">
              <spec gen="m" num="s">
                <d gen="m" lem="el" num="s" pos="da0ms0" postype="article" wd="el"/>
              </spec>
              <grup.nom gen="m" num="s">
                <n gen="m" lem="puerto" num="s" pos="ncms000" postype="common" sense="16:06362245" wd="puerto"/>
                <s.a gen="m" num="s">
                  <grup.a gen="m" num="s">
                    <a gen="m" lem="panameño" num="s" pos="aq0ms0" postype="qualificative" wd="panameño"/>
                  </grup.a>
                </s.a>
                <sp>
                  <prep>
                    <s lem="de" pos="sps00" postype="preposition" wd="de"/>
                  </prep>
                  <sn entity="entity9" entityref="ne" ne="location">
                    <grup.nom>
                      <n lem="Colón" ne="location" pos="np0000l" postype="proper" sense="16:07707173" wd="Colón"/>
                    </grup.nom>
                  </sn>
                </sp>
              </grup.nom>
            </sn>
          </sp>
        </S>
      </sp>
      <S clausesubtype="concessive" clausetype="adverbial" func="ao">
        <f lem="," pos="fc" punct="comma" wd=","/>
        <conj conjunctiontype="subordinating">
          <c lem="aunque" pos="cs" postype="subordinating" wd="aunque"/>
        </conj>
        <sn arg="arg0" coreftype="ident" elliptic="yes" entity="entity1" entityref="spec" func="suj" tem="agt"/>
        <grup.verb>
          <v lem="pensar" lss="A21.transitive-agentive-patient" mood="indicative" num="p" person="3" pos="vmii3p0" postype="main" tense="imperfect" wd="pensaban"/>
        </grup.verb>
        <S arg="arg1" clausetype="completive" func="cd" tem="pat">
          <conj conjunctiontype="subordinating">
            <c lem="que" pos="cs" postype="subordinating" wd="que"/>
          </conj>
          <sn arg="arg1" coreftype="ident" elliptic="yes" entity="entity1" entityref="spec" func="suj" tem="tem"/>
          <grup.verb>
            <v lem="haber" mood="indicative" num="p" person="3" pos="vaii3p0" postype="auxiliary" tense="imperfect" wd="habían"/>
            <v gen="m" lem="llegar" lss="B11.unaccusative-motion" mood="participle" num="s" pos="vmp00sm" postype="main" wd="llegado"/>
          </grup.verb>
          <sp arg="arg4" func="cc" tem="des">
            <prep>
              <s lem="a" pos="sps00" postype="preposition" wd="a"/>
            </prep>
            <sn entity="entity7" entityref="ne" ne="location">
              <grup.nom>
                <n lem="EEUU" ne="location" pos="np0000l" postype="proper" sense="16:cs1" wd="EEUU"/>
                <sn>
                  <f lem="," pos="fc" punct="comma" wd=","/>
                  <spec arg="arg1" gen="m" num="s" tem="pat">
                    <d coreftype="ident" entity="entity1" entityref="spec" gen="c" lem="su" num="s" person="3" pos="dp3cs0" postype="possessive" wd="su"/>
                  </spec>
                  <grup.nom gen="m" num="s">
                    <n gen="m" lem="destino" lexicalid="noun.destino.1.default" num="s" origin="deverbal" pos="ncms000" postype="common" sense="16:06302863" wd="destino"/>
                    <s.a func="cn" gen="m" num="s">
                      <grup.a gen="m" num="s">
                        <a gen="c" lem="final" num="s" pos="aq0cs0" postype="qualificative" wd="final"/>
                      </grup.a>
                    </s.a>
                  </grup.nom>
                  <f lem="," pos="fc" punct="comma" wd=","/>
                </sn>
              </grup.nom>
            </sn>
          </sp>
        </S>
      </S>
    </S>
    <grup.verb>
      <v lem="informar" lss="A34.ditransitive-patient-theme" mood="indicative" num="s" person="3" pos="vmis3s0" postype="main" tense="past" wd="informó"/>
    </grup.verb>
    <sadv arg="argM" func="cc" tem="tmp">
      <grup.adv>
        <r lem="hoy" pos="rg" wd="hoy"/>
      </grup.adv>
    </sadv>
    <sn arg="arg0" entity="entity2" entityref="ne" func="suj" ne="organization" tem="agt">
      <spec gen="f" num="s">
        <d gen="f" lem="el" num="s" pos="da0fs0" postype="article" wd="la"/>
      </spec>
      <grup.nom gen="f" num="s">
        <n lem="Dirección_de_Migración" ne="organization" pos="np0000o" postype="proper" sense="16:cs1" wd="Dirección_de_Migración"/>
        <sp>
          <prep>
            <s lem="de" pos="sps00" postype="preposition" wd="de"/>
          </prep>
          <sn entityref="ne" ne="organization">
            <grup.nom>
              <n lem="Panamá" ne="organization" pos="np0000o" postype="proper" wd="Panamá"/>
            </grup.nom>
          </sn>
        </sp>
      </grup.nom>
    </sn>
    <f lem="." pos="fp" punct="period" wd="."/>
  </sentence>
  <sentence>
    <sn arg="arg0" entityref="nne" func="suj" tem="agt">
      <spec gen="m" num="s">
        <d gen="m" lem="uno" num="s" pos="di0ms0" postype="indefinite" wd="Un"/>
      </spec>
      <grup.nom gen="m" num="s">
        <n gen="c" lem="portavoz" num="s" pos="nccs000" postype="common" sense="16:07601722" wd="portavoz"/>
        <sp>
          <prep>
            <s lem="de" pos="sps00" postype="preposition" wd="de"/>
          </prep>
          <sn coreftype="ident" entity="entity2" entityref="ne" ne="organization">
            <grup.nom>
              <n lem="Migración" ne="organization" pos="np0000o" postype="proper" sense="16:cs1" wd="Migración"/>
            </grup.nom>
          </sn>
        </sp>
      </grup.nom>
    </sn>
    <grup.verb>
      <v lem="decir" lss="A32.ditransitive-patient-benefactive" mood="indicative" num="s" person="3" pos="vmis3s0" postype="main" tense="past" wd="dijo"/>
    </grup.verb>
    <sp arg="arg2" func="ci" tem="ben">
      <prep>
        <s lem="a" pos="sps00" postype="preposition" wd="a"/>
      </prep>
      <sn entityref="ne" ne="organization">
        <grup.nom>
          <n lem="EFE" ne="organization" pos="np0000o" postype="proper" sense="16:cs1" wd="EFE"/>
        </grup.nom>
      </sn>
    </sp>
    <S arg="arg1" clausetype="completive" coord="yes" func="cd" tem="pat">
      <conj conjunctiontype="subordinating">
        <c lem="que" pos="cs" postype="subordinating" wd="que"/>
      </conj>
      <S clausetype="completive">
        <sn arg="arg1" coord="yes" coreftype="ident" entity="entity1" func="suj" tem="pat">
          <sn coreftype="ident" entity="entity3" entityref="spec" homophoricDD="yes">
            <spec gen="m" num="p">
              <d gen="m" lem="el" num="p" pos="da0mp0" postype="article" wd="los"/>
            </spec>
            <grup.nom gen="m" num="p">
              <n gen="m" lem="ecuatoriano" num="p" pos="ncmp000" postype="common" sense="16:07012722" wd="ecuatorianos"/>
              <sn complex="yes">
                <grup.nom coord="yes">
                  <grup.nom gen="m" num="s">
                    <n lem="Remigio_Benito_Rocano" ne="person" pos="np0000p" postype="proper" sense="16:cs1" wd="Remigio_Benito_Rocano"/>
                    <sp>
                      <f lem="," pos="fc" punct="comma" wd=","/>
                      <prep>
                        <s lem="de" pos="sps00" postype="preposition" wd="de"/>
                      </prep>
                      <sn>
                        <spec gen="m" num="p">
                          <z lem="17" ne="number" wd="17"/>
                        </spec>
                        <grup.nom gen="m" num="p">
                          <n gen="m" lem="año" num="p" pos="ncmp000" postype="common" sense="16:10917509" wd="años"/>
                        </grup.nom>
                      </sn>
                    </sp>
                  </grup.nom>
                  <f lem=";" pos="fx" punct="semicolon" wd=";"/>
                  <grup.nom gen="m" num="s">
                    <n lem="Darío_Francisco_Yanza" ne="person" pos="np0000p" postype="proper" sense="16:cs1" wd="Darío_Francisco_Yanza"/>
                    <sp>
                      <f lem="," pos="fc" punct="comma" wd=","/>
                      <prep>
                        <s lem="de" pos="sps00" postype="preposition" wd="de"/>
                      </prep>
                      <sn entityref="ne" ne="number">
                        <grup.nom gen="m" num="p">
                          <z lem="27" ne="number" wd="27"/>
                        </grup.nom>
                      </sn>
                      <f lem="," pos="fc" punct="comma" wd=","/>
                    </sp>
                  </grup.nom>
                  <conj conjunctiontype="coordinating">
                    <c lem="y" pos="cc" postype="coordinating" wd="y"/>
                  </conj>
                  <grup.nom gen="m" num="s">
                    <n lem="Edgar_Fabián_Sanchi" ne="person" pos="np0000p" postype="proper" sense="16:cs1" wd="Edgar_Fabián_Sanchi"/>
                    <sp>
                      <f lem="," pos="fc" punct="comma" wd=","/>
                      <prep>
                        <s lem="de" pos="sps00" postype="preposition" wd="de"/>
                      </prep>
                      <sn entityref="ne" ne="number">
                        <grup.nom gen="m" num="p">
                          <z lem="19" ne="number" wd="19"/>
                        </grup.nom>
                      </sn>
                      <f lem="," pos="fc" punct="comma" wd=","/>
                    </sp>
                  </grup.nom>
                </grup.nom>
              </sn>
            </grup.nom>
          </sn>
          <conj conjunctiontype="coordinating">
            <c lem="así_como" pos="cc" postype="coordinating" wd="así_como"/>
          </conj>
          <sn coreftype="ident" entity="entity4" entityref="ne" ne="person">
            <spec gen="m" num="s">
              <d gen="m" lem="el" num="s" pos="da0ms0" postype="article" wd="el"/>
            </spec>
            <grup.nom gen="m" num="s">
              <n gen="m" lem="dominicano" num="s" pos="ncms000" postype="common" sense="16:50005014" wd="dominicano"/>
              <sn entityref="ne" ne="person">
                <grup.nom gen="m" num="s">
                  <n lem="Daniel_Emilio_Richarson" ne="person" pos="np0000p" postype="proper" sense="16:cs1" wd="Daniel_Emilio_Richarson"/>
                </grup.nom>
              </sn>
              <sp>
                <f lem="," pos="fc" punct="comma" wd=","/>
                <prep>
                  <s lem="de" pos="sps00" postype="preposition" wd="de"/>
                </prep>
                <sn entityref="ne" ne="number">
                  <grup.nom gen="m" num="p">
                    <z lem="30" ne="number" wd="30"/>
                  </grup.nom>
                </sn>
                <f lem="," pos="fc" punct="comma" wd=","/>
              </sp>
            </grup.nom>
          </sn>
        </sn>
        <grup.verb>
          <v lem="ser" mood="indicative" num="p" person="3" pos="vsis3p0" postype="semiauxiliary" tense="past" wd="fueron"/>
          <v gen="m" lem="detener" lss="B22.unaccusative-passive-transitive" mood="participle" num="p" pos="vmp00pm" postype="main" wd="detenidos"/>
        </grup.verb>
        <sn arg="argM" entityref="ne" func="cc" ne="date" tem="tmp">
          <spec gen="m" num="s">
            <d gen="m" lem="el" num="s" pos="da0ms0" postype="article" wd="el"/>
          </spec>
          <grup.nom gen="m" num="s">
            <w lem="[domingo:??/??/??:??.??]" ne="date" wd="domingo"/>
          </grup.nom>
        </sn>
      </S>
      <conj conjunctiontype="coordinating">
        <c lem="y" pos="cc" postype="coordinating" wd="y"/>
      </conj>
      <S clausetype="completive" verbless="yes">
        <grup.verb>
          <v gen="m" lem="trasladar" mood="participle" num="p" pos="vmp00pm" postype="main" wd="trasladados"/>
        </grup.verb>
        <sp>
          <prep>
            <s lem="a" pos="sps00" postype="preposition" wd="a"/>
          </prep>
          <sn entity="entity5" entityref="ne" ne="location">
            <spec gen="f" num="s">
              <d gen="f" lem="el" num="s" pos="da0fs0" postype="article" wd="la"/>
            </spec>
            <grup.nom gen="f" num="s">
              <n gen="f" lem="capital" num="s" pos="ncfs000" postype="common" sense="16:06283013" wd="capital"/>
              <s.a gen="f" num="s">
                <grup.a gen="f" num="s">
                  <a gen="f" lem="panameño" num="s" pos="aq0fs0" postype="qualificative" wd="panameña"/>
                </grup.a>
              </s.a>
              <S clausetype="relative">
                <f lem="," pos="fc" punct="comma" wd=","/>
                <sp arg="argM" func="cc" tem="loc">
                  <prep>
                    <s lem="desde" pos="sps00" postype="preposition" wd="desde"/>
                  </prep>
                  <relatiu coreftype="ident" entity="entity5" entityref="spec">
                    <p gen="c" lem="donde" num="c" pos="pr000000" postype="relative" wd="donde"/>
                  </relatiu>
                </sp>
                <sn arg="arg1" coreftype="ident" elliptic="yes" entity="entity1" entityref="spec" func="suj" tem="pat"/>
                <grup.verb>
                  <v lem="ser" mood="indicative" num="p" person="3" pos="vsif3p0" postype="semiauxiliary" tense="future" wd="serán"/>
                  <v gen="m" lem="deportar" lss="B22.unaccusative-passive-transitive" mood="participle" num="p" pos="vmp00pm" postype="main" wd="deportados"/>
                </grup.verb>
                <sp arg="arg2" func="cc" tem="loc">
                  <prep>
                    <s lem="a" pos="sps00" postype="preposition" wd="a"/>
                  </prep>
                  <sn entityref="nne">
                    <spec gen="m" num="p">
                      <d coreftype="ident" entity="entity1" entityref="spec" gen="c" lem="su" num="p" person="3" pos="dp3cp0" postype="possessive" wd="sus"/>
                    </spec>
                    <grup.nom gen="m" num="p">
                      <n gen="m" lem="país" num="p" pos="ncmp000" postype="common" sense="16:06299747" wd="países"/>
                    </grup.nom>
                  </sn>
                </sp>
              </S>
            </grup.nom>
          </sn>
        </sp>
      </S>
    </S>
    <f lem="." pos="fp" punct="period" wd="."/>
  </sentence>
  <sentence coord="yes">
    <S>
      <sn arg="arg0" coreftype="ident" entity="entity6" entityref="ne" func="suj" ne="other" tem="agt">
        <spec gen="m" num="s">
          <d gen="m" lem="el" num="s" pos="da0ms0" postype="article" wd="El"/>
        </spec>
        <grup.nom gen="m" num="s">
          <n gen="m" lem="barco" num="s" pos="ncms000" postype="common" sense="16:03318070" wd="barco"/>
          <S clausetype="relative">
            <sp arg="argM" func="cc" tem="loc">
              <prep>
                <s lem="en" pos="sps00" postype="preposition" wd="en"/>
              </prep>
              <relatiu coreftype="ident" entity="entity6" entityref="spec">
                <d gen="m" lem="el" num="s" pos="da0ms0" postype="article" wd="el"/>
                <p gen="c" lem="que" num="c" pos="pr0cn000" postype="relative" wd="que"/>
              </relatiu>
            </sp>
            <sn arg="arg0" coreftype="ident" elliptic="yes" entity="entity1" entityref="spec" func="suj" tem="agt"/>
            <grup.verb>
              <v lem="viajar" lss="D11.inergative-agentive" mood="indicative" num="p" person="3" pos="vmis3p0" postype="main" tense="past" wd="viajaron"/>
            </grup.verb>
            <sp arg="argM" func="cpred" tem="atr">
              <prep>
                <c lem="como" pos="cs" postype="subordinating" wd="como"/>
              </prep>
              <sn>
                <grup.nom gen="m" num="p">
                  <n gen="m" lem="polizón" num="p" pos="ncmp000" postype="common" sense="16:07614031" wd="polizones"/>
                </grup.nom>
              </sn>
            </sp>
          </S>
          <sn corefsubtype="definit" coreftype="pred" entity="entity6" entityref="ne" ne="other">
            <f lem="," pos="fc" punct="comma" wd=","/>
            <grup.nom>
              <f lem="&quot;" pos="fe" punct="quotation" wd="&quot;"/>
              <n lem="Wuarta" ne="other" pos="np0000a" postype="proper" sense="16:cs1" wd="Wuarta"/>
              <f lem="&quot;" pos="fe" punct="quotation" wd="&quot;"/>
            </grup.nom>
            <f lem="," pos="fc" punct="comma" wd=","/>
          </sn>
          <sp>
            <prep>
              <s lem="con" pos="sps00" postype="preposition" wd="con"/>
            </prep>
            <sn entityref="nne">
              <grup.nom gen="f" num="s">
                <n gen="f" lem="bandera" num="s" pos="ncfs000" postype="common" sense="16:05150156" wd="bandera"/>
                <sp>
                  <prep>
                    <s lem="de" pos="sps00" postype="preposition" wd="de"/>
                  </prep>
                  <sn entityref="ne" ne="location">
                    <grup.nom>
                      <n lem="Bahamas" ne="location" pos="np0000l" postype="proper" sense="16:cs1" wd="Bahamas"/>
                    </grup.nom>
                  </sn>
                </sp>
              </grup.nom>
            </sn>
          </sp>
        </grup.nom>
        <f lem="," pos="fc" punct="comma" wd=","/>
      </sn>
      <grup.verb>
        <v lem="haber" mood="indicative" num="s" person="3" pos="vaii3s0" postype="auxiliary" tense="imperfect" wd="había"/>
        <v gen="m" lem="zarpar" lss="D11.inergative-agentive" mood="participle" num="s" pos="vmp00sm" postype="main" wd="zarpado"/>
      </grup.verb>
      <sp arg="arg3" func="cc" tem="ori">
        <prep>
          <s lem="de" pos="sps00" postype="preposition" wd="de"/>
        </prep>
        <sn entityref="ne" ne="location">
          <sn entityref="ne" ne="location">
            <grup.nom>
              <n lem="Guayaquil" ne="location" pos="np0000l" postype="proper" sense="16:cs1" wd="Guayaquil"/>
            </grup.nom>
          </sn>
          <sn adjunct="yes" entity="entity18" entityref="ne" ne="location">
            <grup.nom>
              <f lem="(" pos="fpa" punct="bracket" punctenclose="open" wd="("/>
              <n lem="Ecuador" ne="location" pos="np0000l" postype="proper" sense="16:06447085" wd="Ecuador"/>
              <f lem=")" pos="fpt" punct="bracket" punctenclose="close" wd=")"/>
            </grup.nom>
          </sn>
        </sn>
      </sp>
      <sn arg="argM" entityref="ne" func="cc" ne="date" tem="tmp">
        <spec gen="m" num="s">
          <d gen="m" lem="el" num="s" pos="da0ms0" postype="article" wd="el"/>
        </spec>
        <grup.nom gen="m" num="s">
          <S clausetype="participle" impersonal="yes">
            <participi>
              <a gen="m" lem="pasado" num="s" pos="aq0msp" posfunction="participle" postype="qualificative" wd="pasado"/>
            </participi>
          </S>
          <w lem="[??:15/??/??:??.??]" ne="date" wd="día_15"/>
        </grup.nom>
      </sn>
      <sp arg="argM" func="cc" tem="adv">
        <prep>
          <s lem="con" pos="sps00" postype="preposition" wd="con"/>
        </prep>
        <sn entityref="nne">
          <spec gen="f" num="s">
            <d gen="f" lem="uno" num="s" pos="di0fs0" postype="indefinite" wd="una"/>
          </spec>
          <grup.nom gen="f" num="s">
            <n gen="f" lem="carga" lexicalid="noun.carga.1.default" num="s" origin="deverbal" pos="ncfs000" postype="common" sense="16:02388459" wd="carga"/>
            <sp arg="arg1" func="cn" tem="tem">
              <prep>
                <s lem="de" pos="sps00" postype="preposition" wd="de"/>
              </prep>
              <sn entityref="nne">
                <spec gen="m" num="p">
                  <d gen="m" lem="diverso" num="p" pos="di0mp0" postype="indefinite" wd="diversos"/>
                </spec>
                <grup.nom gen="m" num="p">
                  <n gen="m" lem="producto" num="p" pos="ncmp000" postype="common" sense="16:03175725" wd="productos"/>
                </grup.nom>
              </sn>
            </sp>
            <sp func="cn">
              <prep>
                <s lem="con" pos="sps00" postype="preposition" wd="con"/>
              </prep>
              <sn>
                <grup.nom gen="m" num="s">
                  <n gen="m" lem="destino" lexicalid="noun.destino.4.default" num="s" origin="deverbal" pos="ncms000" postype="common" sense="16:06302863" wd="destino"/>
                  <sp arg="arg2" func="cn" tem="loc">
                    <prep>
                      <s lem="a" pos="sps00" postype="preposition" wd="a"/>
                    </prep>
                    <sn coreftype="ident" entity="entity7" entityref="ne" ne="location">
                      <grup.nom>
                        <n lem="Estados_Unidos" ne="location" pos="np0000l" postype="proper" wd="Estados_Unidos"/>
                      </grup.nom>
                    </sn>
                  </sp>
                </grup.nom>
              </sn>
            </sp>
          </grup.nom>
        </sn>
      </sp>
      <f lem="," pos="fc" punct="comma" wd=","/>
    </S>
    <conj conjunctiontype="coordinating">
      <c lem="e" pos="cc" postype="coordinating" wd="e"/>
    </conj>
    <S>
      <sn arg="arg0" coreftype="ident" elliptic="yes" entity="entity6" entityref="spec" func="suj" tem="agt"/>
      <grup.verb>
        <v lem="hacer" lss="A21.transitive-agentive-patient" mood="indicative" num="s" person="3" pos="vmis3s0" postype="main" tense="past" wd="hizo"/>
      </grup.verb>
      <sn arg="argM" entityref="nne" func="cc" homophoricDD="yes" tem="tmp">
        <spec gen="m" num="s">
          <d gen="m" lem="el" num="s" pos="da0ms0" postype="article" wd="el"/>
        </spec>
        <grup.nom gen="m" num="s">
          <S clausetype="participle" impersonal="yes">
            <participi>
              <a gen="m" lem="pasado" num="s" pos="aq0msp" posfunction="participle" postype="qualificative" wd="pasado"/>
            </participi>
          </S>
          <n gen="m" lem="fin" num="s" pos="ncms000" postype="common" sense="16:10966461" wd="fin"/>
          <sp>
            <prep>
              <s lem="de" pos="sps00" postype="preposition" wd="de"/>
            </prep>
            <sn>
              <grup.nom gen="f" num="s">
                <n gen="f" lem="semana" num="s" pos="ncfs000" postype="common" sense="16:cs1" wd="semana"/>
              </grup.nom>
            </sn>
          </sp>
        </grup.nom>
      </sn>
      <sn arg="arg1" entityref="nne" func="cd" tem="pat">
        <spec gen="f" num="s">
          <d gen="f" lem="uno" num="s" pos="di0fs0" postype="indefinite" wd="una"/>
        </spec>
        <grup.nom gen="f" num="s">
          <n gen="f" lem="escala" num="s" pos="ncfs000" postype="common" sense="16:cs1" wd="escala"/>
          <sp>
            <prep>
              <s lem="de" pos="sps00" postype="preposition" wd="de"/>
            </prep>
            <sn>
              <grup.nom gen="m" num="s">
                <n gen="m" lem="reabastecimiento" lexicalid="noun.reabastecimiento.1.default" num="s" origin="deverbal" pos="ncms000" postype="common" sense="16:50004542" wd="reabastecimiento"/>
              </grup.nom>
            </sn>
          </sp>
        </grup.nom>
      </sn>
      <sp arg="argM" func="cc" tem="loc">
        <prep>
          <s lem="en" pos="sps00" postype="preposition" wd="en"/>
        </prep>
        <sn coreftype="ident" entity="entity8" entityref="ne" ne="location">
          <spec gen="m" num="s">
            <d gen="m" lem="el" num="s" pos="da0ms0" postype="article" wd="el"/>
          </spec>
          <grup.nom gen="m" num="s">
            <n gen="m" lem="puerto" num="s" pos="ncms000" postype="common" sense="16:06362245" wd="puerto"/>
            <s.a gen="m" num="s">
              <grup.a gen="m" num="s">
                <a gen="m" lem="caribeño" num="s" pos="aq0ms0" postype="qualificative" wd="caribeño"/>
              </grup.a>
            </s.a>
            <sp>
              <prep>
                <s lem="de" pos="sps00" postype="preposition" wd="de"/>
              </prep>
              <sn coreftype="ident" entity="entity9" entityref="ne" ne="location">
                <grup.nom>
                  <n lem="Colón" ne="location" pos="np0000l" postype="proper" sense="16:07707173" wd="Colón"/>
                </grup.nom>
              </sn>
            </sp>
          </grup.nom>
        </sn>
      </sp>
    </S>
    <f lem="." pos="fp" punct="period" wd="."/>
  </sentence>
  <sentence>
    <sn arg="arg0" coreftype="ident" entity="entity2" entityref="ne" func="suj" ne="organization" tem="agt">
      <spec gen="f" num="s">
        <d gen="f" lem="el" num="s" pos="da0fs0" postype="article" wd="La"/>
      </spec>
      <grup.nom gen="f" num="s">
        <n lem="Dirección_de_Migración" ne="organization" pos="np0000o" postype="proper" sense="16:cs1" wd="Dirección_de_Migración"/>
      </grup.nom>
    </sn>
    <grup.verb>
      <v lem="manifestar" lss="A32.ditransitive-patient-benefactive" mood="indicative" num="s" person="3" pos="vmis3s0" postype="main" tense="past" wd="manifestó"/>
    </grup.verb>
    <sadv arg="argM" func="cc" tem="tmp">
      <grup.adv>
        <r lem="recientemente" pos="rg" wd="recientemente"/>
      </grup.adv>
    </sadv>
    <sn arg="arg1" entityref="nne" func="cd" tem="pat">
      <spec arg="arg1" gen="f" num="s" tem="tem">
        <d coreftype="ident" entity="entity2" entityref="spec" gen="c" lem="su" num="s" person="3" pos="dp3cs0" postype="possessive" wd="su"/>
      </spec>
      <grup.nom gen="f" num="s">
        <n gen="f" lem="preocupación" lexicalid="noun.preocupación.1.anticausative" num="s" origin="deverbal" pos="ncfs000" postype="common" sense="16:04403731" wd="preocupación"/>
        <sp arg="argM" func="cn" tem="cau">
          <prep>
            <s lem="por" pos="sps00" postype="preposition" wd="por"/>
          </prep>
          <sn entityref="nne" homophoricDD="yes">
            <spec gen="m" num="s">
              <d gen="m" lem="el" num="s" pos="da0ms0" postype="article" wd="el"/>
            </spec>
            <grup.nom gen="m" num="s">
              <n gen="m" lem="aumento" lexicalid="noun.aumento.3.anticausative" num="s" origin="deverbal" pos="ncms000" postype="common" sense="16:00233535" wd="aumento"/>
              <sp arg="arg1" func="cn" tem="tem">
                <prep>
                  <s lem="de" pos="sps00" postype="preposition" wd="de"/>
                </prep>
                <sn entityref="nne" homophoricDD="yes">
                  <spec gen="m" num="p">
                    <d gen="m" lem="el" num="p" pos="da0mp0" postype="article" wd="los"/>
                  </spec>
                  <grup.nom gen="m" num="p">
                    <n gen="m" lem="caso" num="p" pos="ncmp000" postype="common" sense="16:05081510" wd="casos"/>
                    <sp>
                      <prep>
                        <s lem="de" pos="sps00" postype="preposition" wd="de"/>
                      </prep>
                      <sn entity="entity10" entityref="nne">
                        <grup.nom gen="m" num="p">
                          <n gen="m" lem="ecuatoriano" num="p" pos="ncmp000" postype="common" sense="16:07012722" wd="ecuatorianos"/>
                          <S clausetype="participle" impersonal="yes">
                            <participi>
                              <a gen="m" lem="indocumentado" num="p" pos="aq0mp0" postype="qualificative" wd="indocumentados"/>
                            </participi>
                          </S>
                          <S clausetype="relative">
                            <relatiu arg="arg0" coreftype="ident" entity="entity10" entityref="nne" func="suj" tem="agt">
                              <p gen="c" lem="que" num="c" pos="pr0cn000" postype="relative" wd="que"/>
                            </relatiu>
                            <grup.verb>
                              <v lem="tratar" lss="A22.transitive-agentive-theme" mood="indicative" num="p" person="3" pos="vmip3p0" postype="main" tense="present" wd="tratan"/>
                            </grup.verb>
                            <sp arg="arg1" func="creg" tem="tem">
                              <prep>
                                <s lem="de" pos="sps00" postype="preposition" wd="de"/>
                              </prep>
                              <S clausetype="completive" impersonal="yes">
                                <infinitiu>
                                  <v lem="usar" lss="A21.transitive-agentive-patient" mood="infinitive" pos="vmn0000" postype="main" wd="usar"/>
                                </infinitiu>
                                <sn arg="arg1" entity="entity12" entityref="ne" func="cd" ne="location" tem="pat">
                                  <grup.nom>
                                    <n lem="Panamá" ne="location" pos="np0000l" postype="proper" wd="Panamá"/>
                                  </grup.nom>
                                </sn>
                                <sp arg="argM" func="cpred" predicate="cd" tem="atr">
                                  <prep>
                                    <c lem="como" pos="cs" postype="subordinating" wd="como"/>
                                  </prep>
                                  <sn>
                                    <grup.nom gen="m" num="s">
                                      <f lem="&quot;" pos="fe" punct="quotation" wd="&quot;"/>
                                      <n gen="m" lem="puente" num="s" pos="ncms000" postype="common" sense="16:02336596" wd="puente"/>
                                      <f lem="&quot;" pos="fe" punct="quotation" wd="&quot;"/>
                                      <sp>
                                        <prep>
                                          <s lem="de" pos="sps00" postype="preposition" wd="de"/>
                                        </prep>
                                        <sn>
                                          <grup.nom gen="m" num="s">
                                            <n gen="m" lem="tránsito" lexicalid="noun.tránsito.2.default" num="s" origin="deverbal" pos="ncms000" postype="common" sense="16:cs1" wd="tránsito"/>
                                            <sp arg="arg3" func="cn" tem="efi">
                                              <prep>
                                                <s lem="hacia" pos="sps00" postype="preposition" wd="hacia"/>
                                              </prep>
                                              <sn entityref="nne">
                                                <spec gen="m" num="s">
                                                  <d gen="m" lem="el" num="s" pos="da0ms0" postype="article" wd="el"/>
                                                </spec>
                                                <grup.nom gen="m" num="s">
                                                  <n gen="m" lem="resto" num="s" pos="ncms000" postype="common" sense="16:09947291" wd="resto"/>
                                                  <sp>
                                                    <prep>
                                                      <s lem="de" pos="sps00" postype="preposition" wd="de"/>
                                                    </prep>
                                                    <sn complex="yes">
                                                      <grup.nom coord="yes">
                                                        <grup.nom>
                                                          <n lem="Centroamérica" ne="location" pos="np0000l" postype="proper" sense="16:06424551" wd="Centroamérica"/>
                                                        </grup.nom>
                                                        <conj conjunctiontype="coordinating">
                                                          <c lem="y" pos="cc" postype="coordinating" wd="y"/>
                                                        </conj>
                                                        <grup.nom coreftype="ident" entity="entity7">
                                                          <n lem="Estados_Unidos" ne="location" pos="np0000l" postype="proper" wd="Estados_Unidos"/>
                                                        </grup.nom>
                                                      </grup.nom>
                                                    </sn>
                                                  </sp>
                                                </grup.nom>
                                              </sn>
                                            </sp>
                                          </grup.nom>
                                        </sn>
                                      </sp>
                                    </grup.nom>
                                  </sn>
                                </sp>
                              </S>
                            </sp>
                          </S>
                        </grup.nom>
                      </sn>
                    </sp>
                  </grup.nom>
                </sn>
              </sp>
            </grup.nom>
          </sn>
        </sp>
      </grup.nom>
    </sn>
    <f lem="." pos="fp" punct="period" wd="."/>
  </sentence>
  <sentence>
    <sp arg="argM" func="cc" tem="tmp">
      <prep>
        <s contracted="yes" gen="m" lem="a_finales_del" num="s" pos="spcms" postype="preposition" wd="A_finales_del"/>
      </prep>
      <sn entity="entity13" entityref="ne" ne="date">
        <grup.nom gen="m" num="s">
          <w lem="[??:??/??/??:??.??]" ne="date" wd="año"/>
          <S clausetype="participle" impersonal="yes">
            <participi>
              <a gen="m" lem="pasado" num="s" pos="aq0msp" posfunction="participle" postype="qualificative" wd="pasado"/>
            </participi>
          </S>
        </grup.nom>
      </sn>
    </sp>
    <grup.verb>
      <v lem="ser" mood="indicative" num="s" person="3" pos="vsis3s0" postype="semiauxiliary" tense="past" wd="fue"/>
      <v gen="m" lem="repatriar" lss="B22.unaccusative-passive-transitive" mood="participle" num="s" pos="vmp00sm" postype="main" wd="repatriado"/>
    </grup.verb>
    <sn arg="arg1" entityref="nne" func="suj" tem="pat">
      <spec gen="m" num="s">
        <d gen="m" lem="uno" num="s" pos="di0ms0" postype="indefinite" wd="un"/>
      </spec>
      <grup.nom gen="m" num="s">
        <n gen="m" lem="grupo" num="s" pos="ncms000" postype="common" sense="16:00017954" wd="grupo"/>
        <sp>
          <prep>
            <s lem="de" pos="sps00" postype="preposition" wd="de"/>
          </prep>
          <sn entity="entity11" entityref="nne">
            <spec gen="m" num="p">
              <z lem="148" ne="number" wd="148"/>
            </spec>
            <grup.nom gen="m" num="p">
              <n gen="m" lem="ecuatoriano" num="p" pos="ncmp000" postype="common" sense="16:07012722" wd="ecuatorianos"/>
              <S clausetype="relative" coord="yes">
                <relatiu arg="arg1" coreftype="ident" entity="entity11" entityref="nne" func="suj" tem="tem">
                  <p gen="c" lem="que" num="c" pos="pr0cn000" postype="relative" wd="que"/>
                </relatiu>
                <S clausetype="relative">
                  <grup.verb>
                    <v lem="entrar" lss="B22.unaccusative-passive-transitive" mood="indicative" num="p" person="3" pos="vmis3p0" postype="main" tense="past" wd="entraron"/>
                  </grup.verb>
                  <sp arg="arg2" func="cc" tem="loc">
                    <prep>
                      <s lem="en" pos="sps00" postype="preposition" wd="en"/>
                    </prep>
                    <sn coreftype="ident" entity="entity12" entityref="ne" ne="location">
                      <grup.nom>
                        <n lem="Panamá" ne="location" pos="np0000l" postype="proper" wd="Panamá"/>
                      </grup.nom>
                    </sn>
                  </sp>
                  <sp arg="argM" func="cc" tem="adv">
                    <prep>
                      <s lem="con" pos="sps00" postype="preposition" wd="con"/>
                    </prep>
                    <sn entityref="nne">
                      <grup.nom gen="f" num="p">
                        <n gen="f" lem="tarjeta" num="p" pos="ncfp000" postype="common" sense="16:04971341" wd="tarjetas"/>
                        <sp>
                          <prep>
                            <s lem="de" pos="sps00" postype="preposition" wd="de"/>
                          </prep>
                          <sn>
                            <grup.nom gen="m" num="s">
                              <n gen="m" lem="turismo" num="s" pos="ncms000" postype="common" sense="16:00193473" wd="turismo"/>
                            </grup.nom>
                          </sn>
                        </sp>
                      </grup.nom>
                    </sn>
                  </sp>
                </S>
                <conj conjunctiontype="coordinating">
                  <c lem="y" pos="cc" postype="coordinating" wd="y"/>
                </conj>
                <S clausetype="relative">
                  <grup.verb>
                    <v lem="pretender" lss="A21.transitive-agentive-patient" mood="indicative" num="p" person="3" pos="vmii3p0" postype="main" tense="imperfect" wd="pretendían"/>
                  </grup.verb>
                  <S arg="arg1" clausetype="completive" func="cd" impersonal="yes" tem="pat">
                    <infinitiu>
                      <v lem="viajar" lss="D11.inergative-agentive" mood="infinitive" pos="vmn0000" postype="main" wd="viajar"/>
                    </infinitiu>
                    <sp arg="arg4" func="cc" tem="des">
                      <prep>
                        <s lem="a" pos="sps00" postype="preposition" wd="a"/>
                      </prep>
                      <sn coreftype="ident" entity="entity7" entityref="ne" ne="location">
                        <grup.nom>
                          <n lem="Estados_Unidos" ne="location" pos="np0000l" postype="proper" wd="Estados_Unidos"/>
                        </grup.nom>
                      </sn>
                    </sp>
                    <sp arg="argM" func="cc" tem="adv">
                      <prep>
                        <s lem="con" pos="sps00" postype="preposition" wd="con"/>
                      </prep>
                      <sn entityref="nne">
                        <grup.nom gen="m" num="p">
                          <n gen="m" lem="visado" num="p" pos="ncmp000" postype="common" sense="16:05013928" wd="visados"/>
                          <s.a gen="m" num="p">
                            <grup.a gen="m" num="p">
                              <a gen="m" lem="falso" num="p" pos="aq0mp0" postype="qualificative" wd="falsos"/>
                            </grup.a>
                          </s.a>
                        </grup.nom>
                      </sn>
                    </sp>
                  </S>
                </S>
              </S>
            </grup.nom>
          </sn>
        </sp>
      </grup.nom>
    </sn>
    <f lem="." pos="fp" punct="period" wd="."/>
  </sentence>
  <sentence coord="yes">
    <S>
      <sp arg="argM" func="cc" tem="tmp">
        <prep>
          <s lem="en" pos="sps00" postype="preposition" wd="En"/>
        </prep>
        <sn coreftype="ident" entity="entity13" entityref="nne">
          <spec gen="f" num="p">
            <d gen="f" lem="ese" num="p" pos="dd0fp0" postype="demonstrative" wd="esas"/>
            <d gen="f" lem="mismo" num="p" pos="di0fp0" postype="indefinite" wd="mismas"/>
          </spec>
          <grup.nom gen="f" num="p">
            <n gen="f" lem="fecha" num="p" pos="ncfp000" postype="common" sense="16:10880047" wd="fechas"/>
          </grup.nom>
        </sn>
      </sp>
      <sn arg="arg1" entityref="nne" func="suj" tem="pat">
        <spec gen="m" num="p">
          <d gen="c" lem="cien" num="p" pos="dn0cp0" postype="numeral" wd="cien"/>
        </spec>
        <grup.nom gen="m" num="p">
          <n gen="m" lem="ecuatoriano" num="p" pos="ncmp000" postype="common" sense="16:07012722" wd="ecuatorianos"/>
          <sadv>
            <grup.adv>
              <r lem="más" pos="rg" wd="más"/>
            </grup.adv>
          </sadv>
        </grup.nom>
      </sn>
      <grup.verb entity="entity16">
        <v lem="ser" mood="indicative" num="p" person="3" pos="vsis3p0" postype="semiauxiliary" tense="past" wd="fueron"/>
        <v gen="m" lem="detener" lss="B22.unaccusative-passive-transitive" mood="participle" num="p" pos="vmp00pm" postype="main" wd="detenidos"/>
      </grup.verb>
      <sp arg="argM" func="cc" tem="loc">
        <prep>
          <s lem="en" pos="sps00" postype="preposition" wd="en"/>
        </prep>
        <sn entityref="nne" homophoricDD="yes">
          <spec gen="f" num="s">
            <d gen="f" lem="el" num="s" pos="da0fs0" postype="article" wd="la"/>
          </spec>
          <grup.nom gen="f" num="s">
            <n gen="f" lem="frontera" num="s" pos="ncfs000" postype="common" sense="16:06279059" wd="frontera"/>
            <sp>
              <prep>
                <s lem="de" pos="sps00" postype="preposition" wd="de"/>
              </prep>
              <sn coreftype="ident" entity="entity12" entityref="ne" ne="location">
                <grup.nom>
                  <n lem="Panamá" ne="location" pos="np0000l" postype="proper" wd="Panamá"/>
                </grup.nom>
              </sn>
            </sp>
            <sp>
              <prep>
                <s lem="con" pos="sps00" postype="preposition" wd="con"/>
              </prep>
              <sn entity="entity15" entityref="ne" ne="location">
                <grup.nom>
                  <n lem="Costa_Rica" ne="location" pos="np0000l" postype="proper" sense="16:06424874" wd="Costa_Rica"/>
                </grup.nom>
              </sn>
            </sp>
          </grup.nom>
        </sn>
      </sp>
      <f lem="," pos="fc" punct="comma" wd=","/>
    </S>
    <conj conjunctiontype="coordinating">
      <c lem="mientras_que" pos="cc" postype="coordinating" wd="mientras_que"/>
    </conj>
    <S>
      <sn arg="arg1" entity="entity14" entityref="nne" func="suj" tem="tem">
        <spec gen="m" num="p">
          <d gen="m" lem="otro" num="p" pos="di0mp0" postype="indefinite" wd="otros"/>
        </spec>
        <grup.nom gen="m" num="p">
          <z lem="50" ne="number" wd="50"/>
          <S clausetype="relative">
            <relatiu arg="arg1" coreftype="ident" entity="entity14" entityref="nne" func="suj" tem="tem">
              <p gen="c" lem="que" num="c" pos="pr0cn000" postype="relative" wd="que"/>
            </relatiu>
            <grup.verb>
              <v lem="proceder" lss="B22.unaccusative-passive-transitive" mood="indicative" num="p" person="3" pos="vmii3p0" postype="main" tense="imperfect" wd="procedían"/>
            </grup.verb>
            <sp arg="arg2" func="creg" tem="tem">
              <prep>
                <s lem="de" pos="sps00" postype="preposition" wd="de"/>
              </prep>
              <sn complex="yes">
                <grup.nom coord="yes">
                  <grup.nom>
                    <n lem="Nicaragua" ne="location" pos="np0000l" postype="proper" sense="16:06426825" wd="Nicaragua"/>
                  </grup.nom>
                  <conj conjunctiontype="coordinating">
                    <c lem="y" pos="cc" postype="coordinating" wd="y"/>
                  </conj>
                  <grup.nom coreftype="ident" entity="entity15">
                    <n lem="Costa_Rica" ne="location" pos="np0000l" postype="proper" sense="16:06424874" wd="Costa_Rica"/>
                  </grup.nom>
                </grup.nom>
              </sn>
            </sp>
          </S>
        </grup.nom>
      </sn>
      <grup.verb>
        <v lem="correr" lss="C11.state-existential" mood="indicative" num="p" person="3" pos="vmis3p0" postype="main" tense="past" wd="corrieron"/>
      </grup.verb>
      <sn arg="argL" corefsubtype="type" coreftype="dx" entity="entity16" entityref="nne" func="cd" functype="quantitative">
        <spec gen="f" num="s">
          <d gen="f" lem="el" num="s" pos="da0fs0" postype="article" wd="la"/>
          <d gen="f" lem="mismo" num="s" pos="di0fs0" postype="indefinite" wd="misma"/>
        </spec>
        <grup.nom gen="f" num="s">
          <n gen="f" lem="suerte" num="s" pos="ncfs000" postype="common" sense="16:10381983" wd="suerte"/>
        </grup.nom>
      </sn>
    </S>
    <f lem="." pos="fp" punct="period" wd="."/>
  </sentence>
  <sentence>
    <sn arg="arg1" entity="entity17" entityref="nne" func="suj" tem="pat">
      <spec gen="m" num="s">
        <d gen="m" lem="otro" num="s" pos="di0ms0" postype="indefinite" wd="Otro"/>
        <d gen="m" lem="medio" num="s" pos="dn0ms0" postype="numeral" wd="medio"/>
      </spec>
      <grup.nom gen="m" num="s">
        <n gen="m" lem="centenar" num="s" pos="ncms000" postype="common" sense="16:09901877" wd="centenar"/>
        <S clausetype="relative">
          <relatiu arg="arg1" coreftype="ident" entity="entity17" entityref="nne" func="suj" tem="tem">
            <p gen="c" lem="que" num="c" pos="pr0cn000" postype="relative" wd="que"/>
          </relatiu>
          <grup.verb>
            <v lem="llegar" lss="B11.unaccusative-motion" mood="indicative" num="s" person="3" pos="vmis3s0" postype="main" tense="past" wd="llegó"/>
          </grup.verb>
          <sp arg="arg4" func="cc" tem="des">
            <prep>
              <s lem="a" pos="sps00" postype="preposition" wd="a"/>
            </prep>
            <sn coreftype="ident" entity="entity12" entityref="ne" ne="location">
              <grup.nom>
                <n lem="Panamá" ne="location" pos="np0000l" postype="proper" wd="Panamá"/>
              </grup.nom>
            </sn>
          </sp>
          <sp arg="argM" func="cc" tem="tmp">
            <prep>
              <s lem="en" pos="sps00" postype="preposition" wd="en"/>
            </prep>
            <sn entityref="ne" ne="date">
              <grup.nom gen="m" num="s">
                <w lem="[??:??/10/??:??.??]" ne="date" wd="octubre"/>
                <S clausetype="participle" impersonal="yes">
                  <participi>
                    <a gen="m" lem="pasado" num="s" pos="aq0msp" posfunction="participle" postype="qualificative" wd="pasado"/>
                  </participi>
                </S>
              </grup.nom>
            </sn>
          </sp>
          <sp arg="argM" func="cc" tem="adv">
            <f lem="," pos="fc" punct="comma" wd=","/>
            <prep>
              <s lem="sin" pos="sps00" postype="preposition" wd="sin"/>
            </prep>
            <sn complex="yes">
              <grup.nom coord="yes">
                <grup.nom gen="m" num="p">
                  <n gen="m" lem="recurso" num="p" pos="ncmp000" postype="common" sense="16:09598145" wd="recursos"/>
                  <s.a gen="m" num="p">
                    <grup.a gen="m" num="p">
                      <a gen="m" lem="económico" num="p" pos="aq0mp0" postype="qualificative" wd="económicos"/>
                    </grup.a>
                  </s.a>
                </grup.nom>
                <conj conjunctiontype="coordinating">
                  <c lem="ni" pos="cc" postype="coordinating" wd="ni"/>
                </conj>
                <grup.nom gen="m" num="p">
                  <n gen="m" lem="pasaje" num="p" pos="ncmp000" postype="common" sense="16:04892853" wd="pasajes"/>
                  <sp>
                    <prep>
                      <s lem="de" pos="sps00" postype="preposition" wd="de"/>
                    </prep>
                    <sn>
                      <grup.nom gen="m" num="s">
                        <n gen="m" lem="regreso" lexicalid="noun.regreso.2.default" num="s" origin="deverbal" pos="ncms000" postype="common" sense="16:00211639" wd="regreso"/>
                        <sp arg="arg4" func="cn" tem="des">
                          <prep>
                            <s lem="a" pos="sps00" postype="preposition" wd="a"/>
                          </prep>
                          <sn coreftype="ident" entity="entity18" entityref="ne" ne="location">
                            <grup.nom>
                              <n lem="Ecuador" ne="location" pos="np0000l" postype="proper" sense="16:06447085" wd="Ecuador"/>
                            </grup.nom>
                          </sn>
                        </sp>
                      </grup.nom>
                    </sn>
                  </sp>
                </grup.nom>
              </grup.nom>
            </sn>
            <f lem="," pos="fc" punct="comma" wd=","/>
          </sp>
        </S>
      </grup.nom>
    </sn>
    <grup.verb>
      <v lem="ser" mood="indicative" num="s" person="3" pos="vsis3s0" postype="semiauxiliary" tense="past" wd="fue"/>
      <v gen="m" lem="repatriar" lss="B22.unaccusative-passive-transitive" mood="participle" num="s" pos="vmp00sm" postype="main" wd="repatriado"/>
    </grup.verb>
    <S arg="argM" clausetype="completive" func="cc" impersonal="yes" tem="tmp">
      <sadv arg="argM" func="cc" tem="tmp">
        <grup.adv>
          <r lem="nada_más" pos="rg" wd="nada_más"/>
        </grup.adv>
      </sadv>
      <infinitiu>
        <v lem="desembarcar" lss="D11.inergative-agentive" mood="infinitive" pos="vmn0000" postype="main" wd="desembarcar"/>
      </infinitiu>
      <sp arg="argM" func="cc" tem="loc">
        <prep>
          <s lem="en" pos="sps00" postype="preposition" wd="en"/>
        </prep>
        <sn entityref="ne" ne="location">
          <spec gen="m" num="s">
            <d gen="m" lem="el" num="s" pos="da0ms0" postype="article" wd="el"/>
          </spec>
          <grup.nom gen="m" num="s">
            <n gen="m" lem="aeropuerto" num="s" pos="ncms000" postype="common" sense="16:02175180" wd="aeropuerto"/>
            <s.a gen="m" num="s">
              <grup.a gen="m" num="s">
                <a gen="c" lem="internacional" num="s" pos="aq0cs0" postype="qualificative" wd="internacional"/>
              </grup.a>
            </s.a>
            <sp>
              <prep>
                <s lem="de" pos="sps00" postype="preposition" wd="de"/>
              </prep>
              <sn entityref="ne" ne="location">
                <grup.nom>
                  <n lem="Tocumen" ne="location" pos="np0000l" postype="proper" sense="16:cs1" wd="Tocumen"/>
                </grup.nom>
              </sn>
            </sp>
            <sp>
              <f lem="," pos="fc" punct="comma" wd=","/>
              <prep>
                <s lem="en" pos="sps00" postype="preposition" wd="en"/>
              </prep>
              <sn coreftype="ident" entity="entity5" entityref="ne" ne="location">
                <spec gen="f" num="s">
                  <d gen="f" lem="el" num="s" pos="da0fs0" postype="article" wd="la"/>
                </spec>
                <grup.nom gen="f" num="s">
                  <n gen="f" lem="capital" num="s" pos="ncfs000" postype="common" sense="16:06283013" wd="capital"/>
                  <s.a gen="f" num="s">
                    <grup.a gen="f" num="s">
                      <a gen="f" lem="panameño" num="s" pos="aq0fs0" postype="qualificative" wd="panameña"/>
                    </grup.a>
                  </s.a>
                </grup.nom>
              </sn>
            </sp>
          </grup.nom>
        </sn>
      </sp>
    </S>
    <f lem="." pos="fp" punct="period" wd="."/>
  </sentence>
  <sentence>
    <sadv func="et">
      <grup.adv>
        <r lem="además" pos="rg" wd="Además"/>
      </grup.adv>
    </sadv>
    <sn arg="arg0" entityref="nne" func="suj" tem="agt">
      <grup.nom gen="m" num="p">
        <n gen="m" lem="ciudadano" num="p" pos="ncmp000" postype="common" sense="16:07157546" wd="ciudadanos"/>
        <s.a gen="m" num="p">
          <grup.a gen="m" num="p">
            <a gen="m" lem="ecuatoriano" num="p" pos="aq0mp0" postype="qualificative" wd="ecuatorianos"/>
          </grup.a>
        </s.a>
      </grup.nom>
    </sn>
    <sp arg="argM" func="cc" tem="loc">
      <f lem="," pos="fc" punct="comma" wd=","/>
      <prep>
        <s lem="en" pos="sps00" postype="preposition" wd="en"/>
      </prep>
      <sn coreftype="ident" entity="entity12" entityref="ne" ne="location">
        <grup.nom>
          <n lem="Panamá" ne="location" pos="np0000l" postype="proper" wd="Panamá"/>
        </grup.nom>
      </sn>
    </sp>
    <grup.verb>
      <v lem="encabezar" lss="A21.transitive-agentive-patient" mood="indicative" num="p" person="3" pos="vmip3p0" postype="main" tense="present" wd="encabezan"/>
    </grup.verb>
    <sn arg="arg1" entityref="nne" func="cd" homophoricDD="yes" tem="pat">
      <spec gen="f" num="p">
        <d gen="f" lem="el" num="p" pos="da0fp0" postype="article" wd="las"/>
      </spec>
      <grup.nom gen="f" num="p">
        <n gen="f" lem="estadística" num="p" pos="ncfp000" postype="common" sense="16:04608966" wd="estadísticas"/>
        <sp>
          <prep>
            <s lem="de" pos="sps00" postype="preposition" wd="de"/>
          </prep>
          <sn>
            <grup.nom gen="f" num="p">
              <n gen="f" lem="deportación" lexicalid="noun.deportación.1.default" num="p" origin="deverbal" pos="ncfp000" postype="common" sense="16:00136174" wd="deportaciones"/>
            </grup.nom>
          </sn>
        </sp>
      </grup.nom>
    </sn>
    <sn arg="arg0" entityref="nne" func="suj" tem="agt">
      <grup.nom gen="f" num="p">
        <n gen="f" lem="persona" num="p" pos="ncfp000" postype="common" sense="16:00004123" wd="personas"/>
        <sp>
          <prep>
            <s lem="de" pos="sps00" postype="preposition" wd="de"/>
          </prep>
          <sn>
            <grup.nom gen="f" num="s">
              <n gen="f" lem="nacionalidad" num="s" pos="ncfs000" postype="common" sense="16:10053835" wd="nacionalidad"/>
              <s.a complex="yes" gen="f" num="s">
                <grup.a coord="yes" gen="f" num="s">
                  <grup.a gen="f" num="s">
                    <a gen="f" lem="colombiano" num="s" pos="aq0fs0" postype="qualificative" wd="colombiana"/>
                  </grup.a>
                  <f lem="," pos="fc" punct="comma" wd=","/>
                  <grup.a gen="f" num="s">
                    <a gen="f" lem="dominicano" num="s" pos="aq0fs0" postype="qualificative" wd="dominicana"/>
                  </grup.a>
                  <conj conjunctiontype="coordinating">
                    <c lem="y" pos="cc" postype="coordinating" wd="y"/>
                  </conj>
                  <grup.a gen="f" num="s">
                    <a gen="f" lem="peruano" num="s" pos="aq0fs0" postype="qualificative" wd="peruana"/>
                  </grup.a>
                </grup.a>
              </s.a>
            </grup.nom>
          </sn>
        </sp>
      </grup.nom>
    </sn>
    <f lem="." punct="period" wd="."/>
  </sentence>
</article>
