<?xml version="1.0" encoding="UTF-8"?>
<!-- 

  ancora-2.0
       
			Copyright (C) 2007, 2008, 2009, 2010, 2011 UB - CLiC
			Centre de Llenguatge i Computació - Universitat de Barcelona
 
  This file is part of ancora-2.0.
 
  ancora-2.0 is free software and data: you can redistribute it and/or modify
  it under the terms of the GNU General Public License as published
  by the Free Software Foundation, either version 3 of the License,
  or (at your option) any later version.

  ancora-2.0 is distributed in the hope that it will be useful,
  but WITHOUT ANY WARRANTY; without even the implied warranty of
  MERCHANTABILITY or FITNESS FOR A PARTICULAR PURPOSE.  See the
  GNU General Public License for more details.
 
  You should have received a copy of the GNU General Public License
  along with ancora-2.0.  If not, see &lt;http://www.gnu.org/licenses/&gt;.
 
  Check a text in catalan explaining the terms of the license at http://www.softcatala.cat/wiki/GPL3.
  In spanish at http://www.viti.es/gnu/licenses/gpl.html
 

  The following paper must be cited when using this corpus:

 * Taulé, M., M.A. Martí, M. Recasens (2008) 'Ancora: Multilevel Annotated Corpora for Catalan and Spanish',
   Proceedings of 6th International Conference on Language Resources and Evaluation. Marrakesh (Morocco).

  In addition, the following paper must be cited if coreference information (attributes entity, coreftype,
  corefsubtype, homophoricDD or entityref) is used:

 * Recasens, Marta, M. Antònia Martí (2010) ‘AnCora-CO: Coreferentially annotated corpora for Spanish and
   Catalan’. Language Resources and Evaluation, Springer Science.

  Additionally, the following paper must be cited when argumental attributes in "sn" or "grup.nom"
  (attributes func, arg, tem or lexicalid) are used:

 * Peris, Aina, Mariona Taulé, Horacio Rodríguez (2010) ‘Semantic Annotation of Deverbal Nominalizations in the
   Spanish AnCora corpus’. Treebanks and Linguistic Theories (TLT-2010), Estonia.
-->
<article lng="es">
  <sentence>
    <sn arg="arg0" entity="entity2" entityref="ne" func="suj" ne="organization" tem="agt">
      <spec gen="m" num="s">
        <d gen="m" lem="el" num="s" pos="da0ms0" postype="article" wd="El"/>
      </spec>
      <grup.nom gen="m" num="s">
        <n lem="KH7_B.M._Granollers" ne="organization" pos="np00000" postype="proper" wd="KH7_B.M._Granollers"/>
      </grup.nom>
    </sn>
    <grup.verb>
      <v lem="disputar" lss="A21.transitive-agentive-patient" mood="indicative" num="s" person="3" pos="vmif3s0" postype="main" tense="future" wd="disputará"/>
    </grup.verb>
    <sadv arg="argM" func="cc" tem="tmp">
      <grup.adv>
        <r lem="mañana" pos="rg" wd="mañana"/>
      </grup.adv>
    </sadv>
    <sn arg="arg1" entityref="ne" func="cd" ne="other" tem="pat">
      <spec gen="f" num="s">
        <d gen="f" lem="el" num="s" pos="da0fs0" postype="article" wd="la"/>
      </spec>
      <grup.nom gen="f" num="s">
        <s.a gen="f" num="s">
          <grup.a gen="f" num="s">
            <a gen="f" lem="séptimo" num="s" pos="ao0fs0" postype="ordinal" wd="séptima"/>
          </grup.a>
        </s.a>
        <n gen="f" lem="jornada" num="s" pos="ncfs000" postype="common" sense="16:cs1" wd="jornada"/>
        <sp>
          <prep>
            <s lem="de" pos="sps00" postype="preposition" wd="de"/>
          </prep>
          <sn entity="entity11" entityref="ne" ne="other">
            <spec gen="f" num="s">
              <d gen="f" lem="el" num="s" pos="da0fs0" postype="article" wd="la"/>
            </spec>
            <grup.nom gen="f" num="s">
              <n lem="Liga_Asobal" ne="other" pos="np00000" postype="proper" wd="Liga_Asobal"/>
            </grup.nom>
          </sn>
        </sp>
      </grup.nom>
    </sn>
    <S arg="argM" clausetype="adverbial" func="cc" impersonal="yes" tem="adv">
      <gerundi>
        <v lem="recibir" lss="A21.transitive-agentive-patient" mood="gerund" pos="vmg0000" postype="main" wd="recibiendo"/>
      </gerundi>
      <sp arg="arg1" func="cd" tem="pat">
        <prep>
          <s contracted="yes" gen="m" lem="al" num="s" pos="spcms" postype="preposition" wd="al"/>
        </prep>
        <sn entity="entity9" entityref="ne" ne="organization">
          <grup.nom gen="m" num="s">
            <n gen="m" lem="conjunto" num="s" pos="ncms000" postype="common" sense="16:cs1" wd="conjunto"/>
            <s.a gen="m" num="s">
              <grup.a gen="m" num="s">
                <a gen="m" lem="vigués" num="s" pos="aq0ms0" postype="qualificative" wd="vigués"/>
              </grup.a>
            </s.a>
            <sp>
              <prep>
                <s contracted="yes" gen="m" lem="del" num="s" pos="spcms" postype="preposition" wd="del"/>
              </prep>
              <sn entityref="ne" ne="organization">
                <grup.nom gen="m" num="s">
                  <n lem="Pilotes_Posada_Octavio" ne="organization" pos="np00000" postype="proper" wd="Pilotes_Posada_Octavio"/>
                </grup.nom>
              </sn>
            </sp>
          </grup.nom>
        </sn>
      </sp>
    </S>
    <sp arg="argM" coord="yes" func="cc" tem="adv">
      <f lem="," pos="fc" punct="comma" wd=","/>
      <sp>
        <prep>
          <s lem="sin" pos="sps00" postype="preposition" wd="sin"/>
        </prep>
        <sn entity="entity3" entityref="ne" ne="person">
          <grup.nom gen="m" num="s">
            <n lem="Amargant" ne="person" pos="np00000" postype="proper" wd="Amargant"/>
          </grup.nom>
        </sn>
      </sp>
      <conj conjunctiontype="coordinating">
        <c lem="y" pos="cc" postype="coordinating" wd="y"/>
      </conj>
      <sp>
        <prep>
          <s lem="con_el_objetivo_de" pos="sps00" postype="preposition" wd="con_el_objetivo_de"/>
        </prep>
        <S clausetype="completive" complex="yes" impersonal="yes">
          <infinitiu>
            <v lem="lograr" lss="A21.transitive-agentive-patient" mood="infinitive" pos="vmn0000" postype="main" wd="lograr"/>
          </infinitiu>
          <sn arg="arg1" entity="entity1" entityref="nne" func="cd" tem="pat">
            <spec gen="f" num="s">
              <d gen="f" lem="uno" num="s" pos="di0fs0" postype="indefinite" wd="una"/>
            </spec>
            <grup.nom gen="f" num="s">
              <n gen="f" lem="victoria" lexicalid="noun.victoria.1.default" num="s" origin="deverbal" pos="ncfs000" postype="common" sense="16:05556959" wd="victoria"/>
              <S clausetype="relative" func="cn">
                <relatiu arg="arg0" coreftype="ident" entity="entity1" entityref="nne" func="suj" tem="agt">
                  <p gen="c" lem="que" num="c" pos="pr0cn000" postype="relative" wd="que"/>
                </relatiu>
                <sn arg="arg2" coreftype="ident" entity="entity2" entityref="spec" func="ci" tem="ben">
                  <grup.nom num="p">
                    <p case="dative" gen="c" lem="él" num="p" person="3" pos="pp3cpd00" postype="personal" wd="les"/>
                  </grup.nom>
                </sn>
                <grup.verb>
                  <v lem="permitir" lss="A21.transitive-agentive-patient" mood="subjunctive" num="s" person="3" pos="vmsp3s0" postype="main" tense="present" wd="permita"/>
                </grup.verb>
                <S arg="arg1" clausetype="completive" func="cd" impersonal="yes" tem="pat">
                  <infinitiu>
                    <v lem="abandonar" lss="A21.transitive-agentive-patient" mood="infinitive" pos="vmn0000" postype="main" wd="abandonar"/>
                  </infinitiu>
                  <sn arg="arg1" entityref="nne" func="cd" homophoricDD="yes" tem="pat">
                    <spec gen="f" num="s">
                      <d gen="f" lem="el" num="s" pos="da0fs0" postype="article" wd="la"/>
                    </spec>
                    <grup.nom gen="f" num="s">
                      <n gen="f" lem="parte" num="s" pos="ncfs000" postype="common" sense="16:03296757" wd="parte"/>
                      <s.a gen="f" num="s">
                        <grup.a gen="f" num="s">
                          <a gen="f" lem="bajo" num="s" pos="aq0fs0" postype="qualificative" wd="baja"/>
                        </grup.a>
                      </s.a>
                      <sp>
                        <prep>
                          <s lem="de" pos="sps00" postype="preposition" wd="de"/>
                        </prep>
                        <sn entityref="nne" homophoricDD="yes">
                          <spec gen="f" num="s">
                            <d gen="f" lem="el" num="s" pos="da0fs0" postype="article" wd="la"/>
                          </spec>
                          <grup.nom gen="f" num="s">
                            <n gen="f" lem="tabla" num="s" pos="ncfs000" postype="common" sense="16:06138367" wd="tabla"/>
                          </grup.nom>
                        </sn>
                      </sp>
                    </grup.nom>
                  </sn>
                </S>
              </S>
            </grup.nom>
          </sn>
        </S>
      </sp>
    </sp>
    <f lem="." pos="fp" punct="period" wd="."/>
  </sentence>
  <sentence coord="yes">
    <S>
      <sn arg="arg1" coreftype="ident" entity="entity3" entityref="ne" func="suj" ne="person" tem="tem">
        <spec gen="m" num="s">
          <d gen="m" lem="el" num="s" pos="da0ms0" postype="article" wd="El"/>
        </spec>
        <grup.nom gen="m" num="s">
          <n gen="c" lem="lateral" num="s" pos="nccs000" postype="common" sense="16:07682628" wd="lateral"/>
          <sn entityref="ne" ne="person">
            <grup.nom gen="m" num="s">
              <n lem="Marc_Amargant" ne="person" pos="np00000" postype="proper" wd="Marc_Amargant"/>
            </grup.nom>
          </sn>
          <S clausetype="relative">
            <f lem="," pos="fc" punct="comma" wd=","/>
            <relatiu arg="arg1" coreftype="ident" entity="entity3" entityref="spec" func="suj" tem="tem">
              <p gen="c" lem="que" num="c" pos="pr0cn000" postype="relative" wd="que"/>
            </relatiu>
            <grup.verb>
              <v lem="estar" mood="indicative" num="s" person="3" pos="vmip3s0" postype="main" tense="present" wd="está"/>
              <gerundi>
                <v lem="ser" lss="C21.state-attributive" mood="gerund" pos="vsg0000" postype="semiauxiliary" wd="siendo"/>
              </gerundi>
            </grup.verb>
            <sn arg="arg2" corefsubtype="indefinit" coreftype="pred" entity="entity3" func="atr" tem="atr">
              <grup.nom gen="f" num="s">
                <p gen="f" lem="uno" num="s" pos="pi0fs000" postype="indefinite" wd="una"/>
                <sp>
                  <prep>
                    <s lem="de" pos="sps00" postype="preposition" wd="de"/>
                  </prep>
                  <sn entityref="nne" homophoricDD="yes">
                    <spec gen="f" num="p">
                      <d gen="f" lem="el" num="p" pos="da0fp0" postype="article" wd="las"/>
                    </spec>
                    <grup.nom gen="f" num="p">
                      <n gen="f" lem="pieza" num="p" pos="ncfp000" postype="common" sense="16:cs1" wd="piezas"/>
                      <s.a gen="f" num="p">
                        <grup.a gen="f" num="p">
                          <n gen="f" lem="clave" num="p" pos="ncfp000" postype="common" sense="16:04465927" wd="claves"/>
                        </grup.a>
                      </s.a>
                      <sp>
                        <prep>
                          <s lem="en" pos="sps00" postype="preposition" wd="en"/>
                        </prep>
                        <sn coreftype="ident" entity="entity2" entityref="spec">
                          <spec gen="m" num="s">
                            <d gen="m" lem="el" num="s" pos="da0ms0" postype="article" wd="el"/>
                          </spec>
                          <grup.nom gen="m" num="s">
                            <n gen="m" lem="equipo" num="s" pos="ncms000" postype="common" sense="16:06093198" wd="equipo"/>
                            <sp>
                              <prep>
                                <s lem="de" pos="sps00" postype="preposition" wd="de"/>
                              </prep>
                              <sn entityref="nne">
                                <spec gen="f" num="s">
                                  <d gen="f" lem="este" num="s" pos="dd0fs0" postype="demonstrative" wd="esta"/>
                                </spec>
                                <grup.nom gen="f" num="s">
                                  <n gen="f" lem="temporada" num="s" pos="ncfs000" postype="common" sense="16:10947841" wd="temporada"/>
                                </grup.nom>
                              </sn>
                            </sp>
                          </grup.nom>
                        </sn>
                      </sp>
                    </grup.nom>
                  </sn>
                </sp>
              </grup.nom>
            </sn>
            <f lem="," pos="fc" punct="comma" wd=","/>
          </S>
        </grup.nom>
      </sn>
      <grup.verb>
        <v lem="ser" lss="C21.state-attributive" mood="indicative" num="s" person="3" pos="vsif3s0" postype="semiauxiliary" tense="future" wd="será"/>
      </grup.verb>
      <sn arg="arg2" func="atr" tem="atr">
        <grup.nom gen="f" num="s">
          <n gen="f" lem="baja" num="s" pos="ncfs000" postype="common" sense="16:10865473" wd="baja"/>
          <sp>
            <prep>
              <s lem="en" pos="sps00" postype="preposition" wd="en"/>
            </prep>
            <sn entityref="nne">
              <spec gen="m" num="s">
                <d gen="m" lem="este" num="s" pos="dd0ms0" postype="demonstrative" wd="este"/>
              </spec>
              <grup.nom gen="m" num="s">
                <n gen="m" lem="encuentro" lexicalid="noun.encuentro.1.default" num="s" origin="deverbal" pos="ncms000" postype="common" sense="16:50005915" wd="encuentro"/>
              </grup.nom>
            </sn>
          </sp>
          <sp>
            <prep>
              <s contracted="yes" gen="m" lem="a_raíz_del" num="s" pos="spcms" postype="preposition" wd="a_raíz_del"/>
            </prep>
            <sn entity="entity4" entityref="nne" homophoricDD="yes">
              <grup.nom gen="m" num="s">
                <n gen="m" lem="golpe" lexicalid="noun.golpe.1.default" num="s" origin="deverbal" pos="ncms000" postype="common" sense="16:00760227" wd="golpe"/>
                <S clausetype="relative" func="cn">
                  <relatiu arg="arg2" coreftype="ident" entity="entity4" entityref="nne" func="cd" functype="quantitative" tem="atr">
                    <p gen="c" lem="que" num="c" pos="pr0cn000" postype="relative" wd="que"/>
                  </relatiu>
                  <sn arg="arg1" coreftype="ident" elliptic="yes" entity="entity3" entityref="spec" func="suj" tem="tem"/>
                  <grup.verb>
                    <v lem="sufrir" lss="C21.state-attributive" mood="indicative" num="s" person="3" pos="vmis3s0" postype="main" tense="past" wd="sufrió"/>
                  </grup.verb>
                  <sp arg="argM" func="cc" tem="loc">
                    <prep>
                      <s lem="en" pos="sps00" postype="preposition" wd="en"/>
                    </prep>
                    <sn entityref="nne">
                      <spec gen="f" num="s">
                        <d gen="f" lem="el" num="s" pos="da0fs0" postype="article" wd="la"/>
                      </spec>
                      <grup.nom gen="f" num="s">
                        <n gen="f" lem="nariz" num="s" pos="ncfs000" postype="common" sense="16:04338406" wd="nariz"/>
                      </grup.nom>
                    </sn>
                  </sp>
                  <sp arg="argM" func="cc" tem="tmp">
                    <prep>
                      <s lem="en" pos="sps00" postype="preposition" wd="en"/>
                    </prep>
                    <sn entityref="nne" homophoricDD="yes">
                      <spec gen="m" num="s">
                        <d gen="m" lem="el" num="s" pos="da0ms0" postype="article" wd="el"/>
                      </spec>
                      <grup.nom gen="m" num="s">
                        <S clausetype="participle" impersonal="yes">
                          <participi>
                            <a gen="m" lem="pasado" num="s" pos="aq0msp" posfunction="participle" postype="qualificative" wd="pasado"/>
                          </participi>
                        </S>
                        <n gen="m" lem="partido" num="s" pos="ncms000" postype="common" sense="16:05554348" wd="partido"/>
                        <sp>
                          <prep>
                            <s lem="ante" pos="sps00" postype="preposition" wd="ante"/>
                          </prep>
                          <sn entityref="ne" ne="organization">
                            <spec gen="m" num="s">
                              <d gen="m" lem="el" num="s" pos="da0ms0" postype="article" wd="el"/>
                            </spec>
                            <grup.nom gen="m" num="s">
                              <n lem="Barcelona" ne="location" pos="np00000" postype="proper" sense="16:06583156" wd="Barcelona"/>
                            </grup.nom>
                          </sn>
                        </sp>
                      </grup.nom>
                    </sn>
                  </sp>
                </S>
              </grup.nom>
            </sn>
          </sp>
        </grup.nom>
      </sn>
      <f lem="," pos="fc" punct="comma" wd=","/>
    </S>
    <conj conjunctiontype="coordinating">
      <c lem="mientras" pos="cc" postype="coordinating" wd="mientras"/>
    </conj>
    <S>
      <sn arg="arg1" entityref="nne" func="suj" homophoricDD="yes" tem="tem">
        <spec gen="m" num="p">
          <d gen="m" lem="el" num="s" pos="da0ms0" postype="article" wd="el"/>
          <n gen="m" lem="resto" num="s" pos="ncms000" postype="common" sense="16:09947291" wd="resto"/>
          <s lem="de" pos="sps00" postype="preposition" wd="de"/>
        </spec>
        <grup.nom gen="m" num="p">
          <n gen="m" lem="efectivo" num="p" pos="ncmp000" postype="common" sense="16:cs1" wd="efectivos"/>
          <s.a gen="m" num="p">
            <grup.a gen="m" num="p">
              <a gen="m" lem="vallesano" num="p" pos="aq0mp0" postype="qualificative" wd="vallesanos"/>
            </grup.a>
          </s.a>
        </grup.nom>
      </sn>
      <grup.verb>
        <v lem="estar" lss="C21.state-attributive" mood="indicative" num="p" person="3" pos="vmif3p0" postype="main" tense="future" wd="estarán"/>
      </grup.verb>
      <sp arg="arg2" func="atr" tem="atr">
        <prep>
          <s lem="a" pos="sps00" postype="preposition" wd="a"/>
        </prep>
        <sn entityref="lex">
          <spec gen="f" num="s">
            <d gen="f" lem="el" num="s" pos="da0fs0" postype="article" wd="la"/>
          </spec>
          <grup.nom gen="f" num="s">
            <n gen="f" lem="disposición" lexicalid="noun.disposición.1.default" num="s" origin="deverbal" pos="ncfs000" postype="common" sense="16:04046475" wd="disposición"/>
            <sp arg="arg1" func="cn" tem="tem">
              <prep>
                <s lem="de" pos="sps00" postype="preposition" wd="de"/>
              </prep>
              <sn entityref="ne" ne="person">
                <grup.nom gen="m" num="s">
                  <n lem="Hasanefendic" ne="person" pos="np00000" postype="proper" wd="Hasanefendic"/>
                </grup.nom>
              </sn>
            </sp>
          </grup.nom>
        </sn>
      </sp>
    </S>
    <f lem="." pos="fp" punct="period" wd="."/>
  </sentence>
  <sentence>
    <sp func="ao">
      <prep>
        <s lem="para" pos="sps00" postype="preposition" wd="Para"/>
      </prep>
      <sn entity="entity5" entityref="ne" ne="person">
        <spec gen="m" num="s">
          <d gen="m" lem="el" num="s" pos="da0ms0" postype="article" wd="el"/>
        </spec>
        <grup.nom gen="m" num="s">
          <s.a gen="m" num="s">
            <grup.a gen="m" num="s">
              <a gen="m" lem="segundo" num="s" pos="ao0ms0" postype="ordinal" wd="segundo"/>
            </grup.a>
          </s.a>
          <n gen="m" lem="técnico" num="s" pos="ncms000" postype="common" sense="16:cs1" wd="técnico"/>
          <sp>
            <prep>
              <s contracted="yes" gen="m" lem="del" num="s" pos="spcms" postype="preposition" wd="del"/>
            </prep>
            <sn coreftype="ident" entity="entity2" entityref="spec">
              <grup.nom gen="m" num="s">
                <n gen="m" lem="equipo" num="s" pos="ncms000" postype="common" sense="16:06093198" wd="equipo"/>
              </grup.nom>
            </sn>
          </sp>
          <sn corefsubtype="definit" coreftype="pred" entity="entity5" entityref="ne" ne="person">
            <f lem="," pos="fc" punct="comma" wd=","/>
            <grup.nom gen="m" num="s">
              <n lem="Miguel_Angel_Gutierrez" ne="person" pos="np00000" postype="proper" wd="Miguel_Angel_Gutierrez"/>
            </grup.nom>
            <f lem="," pos="fc" punct="comma" wd=","/>
          </sn>
        </grup.nom>
      </sn>
    </sp>
    <grup.verb>
      <v lem="ser" lss="C21.state-attributive" mood="indicative" num="s" person="3" pos="vsip3s0" postype="semiauxiliary" tense="present" wd="es"/>
    </grup.verb>
    <sa arg="arg2" func="atr" tem="atr">
      <grup.a>
        <a gen="c" lem="vital" num="s" pos="aq0cs0" postype="qualificative" wd="vital"/>
      </grup.a>
    </sa>
    <S arg="arg1" clausetype="completive" func="suj" impersonal="yes" tem="tem">
      <infinitiu>
        <v lem="encadenar" lss="A21.transitive-agentive-patient" mood="infinitive" pos="vmn0000" postype="main" wd="encadenar"/>
      </infinitiu>
      <sn arg="arg1" entityref="nne" func="cd" tem="pat">
        <grup.nom gen="m" num="p">
          <s.a func="cn" gen="m" num="p">
            <grup.a gen="m" num="p">
              <a gen="m" lem="buen" num="p" pos="aq0mp0" postype="qualificative" wd="buenos"/>
            </grup.a>
          </s.a>
          <n gen="m" lem="resultado" lexicalid="noun.resultado.3.default" num="p" origin="deverbal" pos="ncmp000" postype="common" sense="16:09768132" wd="resultados"/>
        </grup.nom>
      </sn>
    </S>
    <f lem="." pos="fp" punct="period" wd="."/>
  </sentence>
  <sentence>
    <f lem="&quot;" pos="fe" punct="quotation" wd="&quot;"/>
    <sn arg="arg0" coreftype="ident" elliptic="yes" entity="entity2" entityref="spec" func="suj" tem="agt"/>
    <grup.verb>
      <v lem="ir" mood="indicative" num="p" person="1" pos="vmip1p0" postype="main" tense="present" wd="Vamos"/>
      <s lem="a" pos="sps00" postype="preposition" wd="a"/>
      <infinitiu>
        <v lem="ir" mood="infinitive" pos="vmn0000" postype="main" wd="ir"/>
        <s lem="a" pos="sps00" postype="preposition" wd="a"/>
        <infinitiu>
          <v lem="buscar" lss="A21.transitive-agentive-patient" mood="infinitive" pos="vmn0000" postype="main" wd="buscar"/>
        </infinitiu>
      </infinitiu>
    </grup.verb>
    <sn arg="arg1" entity="entity8" entityref="nne" func="cd" homophoricDD="yes" tem="pat">
      <spec gen="f" num="s">
        <d gen="f" lem="el" num="s" pos="da0fs0" postype="article" wd="la"/>
      </spec>
      <grup.nom gen="f" num="s">
        <n gen="f" lem="victoria" lexicalid="noun.victoria.1.default" num="s" origin="deverbal" pos="ncfs000" postype="common" sense="16:05556959" wd="victoria"/>
      </grup.nom>
    </sn>
    <S arg="argM" clausetype="adverbial" func="cc" impersonal="yes" tem="adv">
      <gerundi>
        <v lem="intentar" lss="A21.transitive-agentive-patient" mood="gerund" pos="vmg0000" postype="main" wd="intentando"/>
      </gerundi>
      <S arg="arg1" clausetype="completive" func="cd" impersonal="yes" tem="pat">
        <infinitiu>
          <v lem="empezar" lss="A21.transitive-agentive-patient" mood="infinitive" pos="vmn0000" postype="main" wd="empezar"/>
        </infinitiu>
        <sn arg="arg1" entityref="nne" func="cd" tem="pat">
          <spec gen="f" num="s">
            <d gen="f" lem="uno" num="s" pos="di0fs0" postype="indefinite" wd="una"/>
          </spec>
          <grup.nom gen="f" num="s">
            <n gen="f" lem="etapa" num="s" pos="ncfs000" postype="common" sense="16:10983365" wd="etapa"/>
            <sp>
              <prep>
                <s lem="de" pos="sps00" postype="preposition" wd="de"/>
              </prep>
              <sn entityref="nne">
                <spec coord="yes" gen="m" num="p">
                  <spec gen="m" num="p">
                    <d gen="c" lem="dos" num="p" pos="dn0cp0" postype="numeral" wd="dos"/>
                  </spec>
                  <c lem="ó" pos="cc" postype="coordinating" wd="ó"/>
                  <spec gen="m" num="p">
                    <d gen="c" lem="tres" num="p" pos="dn0cp0" postype="numeral" wd="tres"/>
                  </spec>
                </spec>
                <grup.nom gen="m" num="p">
                  <n gen="m" lem="resultado" lexicalid="noun.resultado.3.default" num="p" origin="deverbal" pos="ncmp000" postype="common" sense="16:09768132" wd="resultados"/>
                  <s.a func="cn" gen="m" num="p">
                    <grup.a gen="m" num="p">
                      <a gen="m" lem="positivo" num="p" pos="aq0mp0" postype="qualificative" wd="positivos"/>
                    </grup.a>
                  </s.a>
                </grup.nom>
              </sn>
            </sp>
          </grup.nom>
        </sn>
        <sp arg="argM" func="cc" tem="fin">
          <prep>
            <s lem="para" pos="sps00" postype="preposition" wd="para"/>
          </prep>
          <S clausetype="completive">
            <conj conjunctiontype="subordinating">
              <c lem="que" pos="cs" postype="subordinating" wd="que"/>
            </conj>
            <sn arg="arg0" entity="entity6" entityref="nne" func="suj" tem="agt">
              <spec gen="m" num="p">
                <d gen="m" lem="el" num="p" pos="da0mp0" postype="article" wd="los"/>
              </spec>
              <grup.nom gen="m" num="p">
                <n gen="m" lem="jugador" num="p" pos="ncmp000" postype="common" sense="16:07480903" wd="jugadores"/>
              </grup.nom>
            </sn>
            <grup.verb>
              <v lem="poder" mood="subjunctive" num="p" person="3" pos="vmsp3p0" postype="main" tense="present" wd="puedan"/>
              <infinitiu>
                <v lem="coger" lss="A21.transitive-agentive-patient" mood="infinitive" pos="vmn0000" postype="main" wd="coger"/>
              </infinitiu>
            </grup.verb>
            <sn arg="arg1" entity="entity7" entityref="nne" func="cd" tem="pat">
              <spec gen="f" num="s">
                <d gen="f" lem="ese" num="s" pos="dd0fs0" postype="demonstrative" wd="esa"/>
              </spec>
              <grup.nom gen="f" num="s">
                <n gen="f" lem="confianza" lexicalid="noun.confianza.1.default" num="s" origin="deverbal" pos="ncfs000" postype="common" sense="16:05595498" wd="confianza"/>
                <S clausetype="relative" func="cn">
                  <relatiu arg="arg1" coreftype="ident" entity="entity7" entityref="nne" func="suj" tem="tem">
                    <p gen="c" lem="que" num="c" pos="pr0cn000" postype="relative" wd="que"/>
                  </relatiu>
                  <sn arg="arg2" coreftype="ident" entity="entity6" entityref="nne" func="ci" tem="exp">
                    <grup.nom num="p">
                      <p case="dative" gen="c" lem="él" num="p" person="3" pos="pp3cpd00" postype="personal" wd="les"/>
                    </grup.nom>
                  </sn>
                  <grup.verb>
                    <v lem="faltar" lss="C42.state-experiencer" mood="indicative" num="s" person="3" pos="vmip3s0" postype="main" tense="present" wd="falta"/>
                  </grup.verb>
                </S>
              </grup.nom>
            </sn>
          </S>
        </sp>
      </S>
    </S>
    <f lem="&quot;" pos="fe" punct="quotation" wd="&quot;"/>
    <f lem="." pos="fp" punct="period" wd="."/>
  </sentence>
  <sentence>
    <sp func="ao">
      <prep>
        <s lem="según" pos="sps00" postype="preposition" wd="Según"/>
      </prep>
      <sn coreftype="ident" entity="entity5" entityref="ne" ne="person">
        <grup.nom gen="m" num="s">
          <n lem="Gutierrez" ne="person" pos="np00000" postype="proper" wd="Gutierrez"/>
        </grup.nom>
      </sn>
    </sp>
    <sn arg="arg1" entityref="nne" func="suj" homophoricDD="yes" tem="tem">
      <spec gen="f" num="p">
        <d gen="f" lem="el" num="p" pos="da0fp0" postype="article" wd="las"/>
      </spec>
      <grup.nom gen="f" num="p">
        <n gen="f" lem="clave" num="p" pos="ncfp000" postype="common" sense="16:04465927" wd="claves"/>
        <sp>
          <prep>
            <s lem="de" pos="sps00" postype="preposition" wd="de"/>
          </prep>
          <sn coreftype="ident" entity="entity8" entityref="nne" homophoricDD="yes">
            <spec gen="f" num="s">
              <d gen="f" lem="el" num="s" pos="da0fs0" postype="article" wd="la"/>
            </spec>
            <grup.nom gen="f" num="s">
              <n gen="f" lem="victoria" lexicalid="noun.victoria.1.default" num="s" origin="deverbal" pos="ncfs000" postype="common" sense="16:05556959" wd="victoria"/>
              <sp arg="argM" func="cn" tem="adv">
                <prep>
                  <s lem="ante" pos="sps00" postype="preposition" wd="ante"/>
                </prep>
                <sn coreftype="ident" entity="entity9" entityref="ne" ne="organization">
                  <grup.nom gen="m" num="s">
                    <n lem="Pilotes" ne="organization" pos="np00000" postype="proper" wd="Pilotes"/>
                  </grup.nom>
                </sn>
              </sp>
            </grup.nom>
          </sn>
        </sp>
      </grup.nom>
    </sn>
    <grup.verb>
      <v lem="pasar" lss="C21.state-attributive" mood="indicative" num="p" person="3" pos="vmip3p0" postype="main" tense="present" wd="pasan"/>
    </grup.verb>
    <sp arg="arg2" func="creg" tem="atr">
      <prep>
        <s lem="por" pos="sps00" postype="preposition" wd="por"/>
      </prep>
      <sn coord="yes" entityref="nne">
        <f lem="&quot;" pos="fe" punct="quotation" wd="&quot;"/>
        <sn entityref="nne">
          <spec gen="f" num="s">
            <d gen="f" lem="uno" num="s" pos="di0fs0" postype="indefinite" wd="una"/>
          </spec>
          <grup.nom gen="f" num="s">
            <s.a func="cn" gen="f" num="s">
              <spec>
                <r lem="mucho" pos="rg" wd="muy"/>
              </spec>
              <grup.a gen="f" num="s">
                <a gen="f" lem="buen" num="s" pos="aq0fs0" postype="qualificative" wd="buena"/>
              </grup.a>
            </s.a>
            <n gen="c" lem="defensa" lexicalid="noun.defensa.1.default" num="s" origin="deverbal" pos="nccs000" postype="common" sense="16:00466389" wd="defensa"/>
          </grup.nom>
        </sn>
        <conj conjunctiontype="coordinating">
          <c lem="y" pos="cc" postype="coordinating" wd="y"/>
        </conj>
        <sn entityref="nne">
          <spec gen="m" num="s">
            <d gen="m" lem="uno" num="s" pos="di0ms0" postype="indefinite" wd="un"/>
          </spec>
          <grup.nom gen="m" num="s">
            <s.a complex="yes" func="cn" gen="m" num="s">
              <grup.a coord="yes" gen="m" num="s">
                <grup.a gen="m" num="s">
                  <a gen="m" lem="rápido" num="s" pos="aq0ms0" postype="qualificative" wd="rápido"/>
                </grup.a>
                <conj conjunctiontype="coordinating">
                  <c lem="y" pos="cc" postype="coordinating" wd="y"/>
                </conj>
                <grup.a gen="m" num="s">
                  <a gen="m" lem="efectivo" num="s" pos="aq0ms0" postype="qualificative" wd="efectivo"/>
                </grup.a>
              </grup.a>
            </s.a>
            <n gen="m" lem="contraataque" lexicalid="noun.contraataque.1.default" num="s" origin="deverbal" pos="ncms000" postype="common" sense="16:00629424" wd="contraataque"/>
            <sp arg="argM" func="cn" tem="fin">
              <prep>
                <s lem="para" pos="sps00" postype="preposition" wd="para"/>
              </prep>
              <S clausetype="completive" impersonal="yes">
                <infinitiu>
                  <v lem="contrarrestar" lss="A21.transitive-agentive-patient" mood="infinitive" pos="vmn0000" postype="main" wd="contrarrestar"/>
                </infinitiu>
                <sp arg="arg1" func="cd" tem="pat">
                  <prep>
                    <s lem="a" pos="sps00" postype="preposition" wd="a"/>
                  </prep>
                  <sn coreftype="ident" entity="entity9" entityref="spec">
                    <spec gen="m" num="s">
                      <d gen="m" lem="uno" num="s" pos="di0ms0" postype="indefinite" wd="un"/>
                    </spec>
                    <grup.nom gen="m" num="s">
                      <n gen="c" lem="rival" num="s" pos="nccs000" postype="common" sense="16:07535673" wd="rival"/>
                      <S clausetype="relative" coord="yes">
                        <relatiu arg="arg1" coreftype="ident" entity="entity9" entityref="spec" func="suj" tem="tem">
                          <p gen="c" lem="que" num="c" pos="pr0cn000" postype="relative" wd="que"/>
                        </relatiu>
                        <S clausetype="relative">
                          <grup.verb>
                            <v lem="venir" lss="B11.unaccusative-motion" mood="indicative" num="s" person="3" pos="vmip3s0" postype="main" tense="present" wd="viene"/>
                          </grup.verb>
                          <sp arg="arg3" func="cc" tem="ori">
                            <prep>
                              <s lem="de" pos="sps00" postype="preposition" wd="de"/>
                            </prep>
                            <S clausetype="completive" impersonal="yes">
                              <infinitiu>
                                <v lem="imponer" lss="A22.transitive-agentive-theme" mood="infinitive" pos="vmn0000" postype="main" wd="imponerse"/>
                              </infinitiu>
                              <sp arg="arg1" func="creg" tem="tem">
                                <prep>
                                  <s contracted="yes" gen="m" lem="al" num="s" pos="spcms" postype="preposition" wd="al"/>
                                </prep>
                                <sn entityref="ne" ne="organization">
                                  <grup.nom gen="m" num="s">
                                    <n lem="Gáldar" ne="organization" pos="np00000" postype="proper" wd="Gáldar"/>
                                  </grup.nom>
                                </sn>
                              </sp>
                            </S>
                          </sp>
                        </S>
                        <conj conjunctiontype="coordinating">
                          <c lem="y" pos="cc" postype="coordinating" wd="y"/>
                        </conj>
                        <S clausetype="relative">
                          <grup.verb>
                            <v lem="ser" lss="C21.state-attributive" mood="indicative" num="s" person="3" pos="vsip3s0" postype="semiauxiliary" tense="present" wd="es"/>
                          </grup.verb>
                          <sn arg="arg2" corefsubtype="indefinit" coreftype="pred" entity="entity9" func="atr" tem="atr">
                            <spec gen="m" num="s">
                              <d gen="m" lem="uno" num="s" pos="di0ms0" postype="indefinite" wd="un"/>
                            </spec>
                            <grup.nom gen="m" num="s">
                              <n gen="m" lem="equipo" num="s" pos="ncms000" postype="common" sense="16:06093198" wd="equipo"/>
                              <s.a gen="m" num="s">
                                <grup.a gen="m" num="s">
                                  <a gen="c" lem="difícil" num="s" pos="aq0cs0" postype="qualificative" wd="difícil"/>
                                </grup.a>
                              </s.a>
                              <S clausetype="relative">
                                <relatiu arg="arg0" coreftype="ident" entity="entity9" entityref="spec" func="suj" tem="agt">
                                  <p gen="c" lem="que" num="c" pos="pr0cn000" postype="relative" wd="que"/>
                                </relatiu>
                                <grup.verb>
                                  <v lem="marcar" lss="A21.transitive-agentive-patient" mood="indicative" num="s" person="3" pos="vmip3s0" postype="main" tense="present" wd="marca"/>
                                </grup.verb>
                                <sadv arg="argM" func="cc" tem="adv">
                                  <grup.adv>
                                    <r lem="mucho" pos="rg" wd="mucho"/>
                                  </grup.adv>
                                </sadv>
                                <sp arg="argM" func="cc" tem="loc">
                                  <prep>
                                    <s lem="en" pos="sps00" postype="preposition" wd="en"/>
                                  </prep>
                                  <sn entityref="nne">
                                    <grup.nom gen="f" num="p">
                                      <n gen="f" lem="jugada" lexicalid="noun.jugada.1.default" num="p" origin="deverbal" pos="ncfp000" postype="common" sense="16:00364173" wd="jugadas"/>
                                      <sp arg="argM" func="cn" tem="mnr">
                                        <prep>
                                          <s lem="de" pos="sps00" postype="preposition" wd="de"/>
                                        </prep>
                                        <sn>
                                          <grup.nom gen="m" num="s">
                                            <n gen="m" lem="contraataque" lexicalid="noun.contraataque.1.default" num="s" origin="deverbal" pos="ncms000" postype="common" sense="16:00629424" wd="contraataque"/>
                                          </grup.nom>
                                        </sn>
                                      </sp>
                                    </grup.nom>
                                  </sn>
                                </sp>
                              </S>
                            </grup.nom>
                          </sn>
                        </S>
                      </S>
                    </grup.nom>
                  </sn>
                </sp>
              </S>
            </sp>
          </grup.nom>
        </sn>
        <f lem="&quot;" pos="fe" punct="quotation" wd="&quot;"/>
      </sn>
    </sp>
  </sentence>
  <sentence>
    <sp arg="argM" func="cc" tem="tmp">
      <prep>
        <s lem="tras" pos="sps00" postype="preposition" wd="Tras"/>
      </prep>
      <sn entity="entity10" entityref="nne" homophoricDD="yes">
        <spec gen="m" num="s">
          <d gen="m" lem="el" num="s" pos="da0ms0" postype="article" wd="el"/>
        </spec>
        <grup.nom gen="m" num="s">
          <s.a gen="m" num="s">
            <grup.a gen="m" num="s">
              <a gen="c" lem="difícil" num="s" pos="aq0cs0" postype="qualificative" wd="difícil"/>
            </grup.a>
          </s.a>
          <n gen="m" lem="calendario" num="s" pos="ncms000" postype="common" sense="16:04870072" wd="calendario"/>
          <S clausetype="relative">
            <relatiu arg="arg2" coreftype="ident" entity="entity10" entityref="nne" func="cd" functype="quantitative" tem="atr">
              <p gen="c" lem="que" num="c" pos="pr0cn000" postype="relative" wd="que"/>
            </relatiu>
            <grup.verb>
              <v lem="tener" lss="C21.state-attributive" mood="indicative" num="s" person="3" pos="vmii3s0" postype="main" tense="imperfect" wd="tenía"/>
            </grup.verb>
            <sn arg="arg1" coreftype="ident" entity="entity2" entityref="ne" func="suj" ne="organization" tem="tem">
              <spec gen="m" num="s">
                <d gen="m" lem="el" num="s" pos="da0ms0" postype="article" wd="el"/>
              </spec>
              <grup.nom gen="m" num="s">
                <n lem="Granollers" ne="location" pos="np00000" postype="proper" wd="Granollers"/>
              </grup.nom>
            </sn>
            <sp arg="argM" func="cc" tem="tmp">
              <prep>
                <s lem="a_principios_de" pos="sps00" postype="preposition" wd="a_principios_de"/>
              </prep>
              <sn coreftype="ident" entity="entity11" entityref="ne" ne="other">
                <grup.nom gen="f" num="s">
                  <n lem="Liga" ne="other" pos="np00000" postype="proper" wd="Liga"/>
                </grup.nom>
              </sn>
            </sp>
          </S>
        </grup.nom>
      </sn>
      <f lem="," pos="fc" punct="comma" wd=","/>
    </sp>
    <sadv arg="argM" func="cc" tem="tmp">
      <grup.adv>
        <r lem="ahora" pos="rg" wd="ahora"/>
      </grup.adv>
    </sadv>
    <grup.verb>
      <v lem="empezar" lss="C11.state-existential" mood="indicative" num="s" person="3" pos="vmip3s0" postype="main" tense="present" wd="empieza"/>
    </grup.verb>
    <sn arg="arg1" entityref="nne" func="suj" tem="tem">
      <spec gen="f" num="s">
        <d gen="f" lem="uno" num="s" pos="di0fs0" postype="indefinite" wd="una"/>
      </spec>
      <grup.nom gen="f" num="s">
        <n gen="f" lem="etapa" num="s" pos="ncfs000" postype="common" sense="16:10983365" wd="etapa"/>
        <s.a gen="f" num="s">
          <spec>
            <r lem="a_priori" pos="rg" wd="a_priori"/>
          </spec>
          <grup.a gen="f" num="s">
            <sadv>
              <spec>
                <r lem="mucho" pos="rg" wd="mucho"/>
              </spec>
              <grup.adv>
                <r lem="más" pos="rg" wd="más"/>
              </grup.adv>
            </sadv>
            <a gen="f" lem="sencillo" num="s" pos="aq0fs0" postype="qualificative" wd="sencilla"/>
          </grup.a>
        </s.a>
      </grup.nom>
    </sn>
    <f lem="." pos="fp" punct="period" wd="."/>
  </sentence>
  <sentence coord="yes">
    <S>
      <sn arg="arg1" coreftype="ident" entity="entity11" entityref="ne" func="suj" ne="other" tem="tem">
        <f lem="&quot;" pos="fe" punct="quotation" wd="&quot;"/>
        <spec gen="f" num="s">
          <d gen="f" lem="el" num="s" pos="da0fs0" postype="article" wd="La"/>
        </spec>
        <grup.nom gen="f" num="s">
          <n lem="Liga" ne="other" pos="np00000" postype="proper" wd="Liga"/>
        </grup.nom>
        <f lem="&quot;" pos="fe" punct="quotation" wd="&quot;"/>
      </sn>
      <inc>
        <S>
          <f lem="," pos="fc" punct="comma" wd=","/>
          <grup.verb>
            <v lem="puntualizar" lss="A21.transitive-agentive-patient" mood="indicative" num="s" person="3" pos="vmis3s0" postype="main" tense="past" wd="puntualizó"/>
          </grup.verb>
          <sadv func="mod">
            <grup.adv>
              <r lem="sin_embargo" pos="rg" wd="sin_embargo"/>
            </grup.adv>
          </sadv>
          <sn arg="arg0" coreftype="ident" entity="entity5" entityref="ne" func="suj" ne="person" tem="agt">
            <grup.nom gen="m" num="s">
              <n lem="Gutiérrez" ne="person" pos="np00000" postype="proper" wd="Gutiérrez"/>
            </grup.nom>
          </sn>
          <f lem="," pos="fc" punct="comma" wd=","/>
        </S>
      </inc>
      <f lem="&quot;" pos="fe" punct="quotation" wd="&quot;"/>
      <grup.verb>
        <v lem="seguir" mood="indicative" num="s" person="3" pos="vmip3s0" postype="main" tense="present" wd="sigue"/>
        <gerundi>
          <v lem="estar" lss="C21.state-attributive" mood="gerund" pos="vmg0000" postype="main" wd="estando"/>
        </gerundi>
      </grup.verb>
      <S arg="arg2" clausetype="participle" func="atr" impersonal="yes" tem="atr">
        <sadv arg="argM" func="cc" tem="adv">
          <grup.adv>
            <r lem="mucho" pos="rg" wd="muy"/>
          </grup.adv>
        </sadv>
        <participi>
          <a gen="f" lem="complicado" lss="B22.unaccusative-passive-transitive" num="s" pos="aq0fsp" posfunction="participle" postype="qualificative" wd="complicada"/>
        </participi>
      </S>
    </S>
    <conj conjunctiontype="coordinating">
      <c lem="y" pos="cc" postype="coordinating" wd="y"/>
    </conj>
    <S coord="yes">
      <S>
        <sn arg="arg0" entityref="nne" func="suj" tem="agt">
          <spec gen="m" num="s">
            <d gen="c" lem="cualquiera" num="s" pos="di0cs0" postype="indefinite" wd="cualquier"/>
          </spec>
          <grup.nom gen="m" num="s">
            <n gen="m" lem="resbalón" lexicalid="noun.resbalón.1.default" num="s" origin="deverbal" pos="ncms000" postype="common" sense="16:00212160" wd="resbalón"/>
          </grup.nom>
        </sn>
        <morfema.verbal func="pass">
          <p gen="c" lem="él" num="c" person="3" pos="p0300000" wd="se"/>
        </morfema.verbal>
        <grup.verb>
          <v lem="notar" lss="B22.unaccusative-passive-transitive" mood="indicative" num="s" person="3" pos="vmip3s0" postype="main" tense="present" wd="nota"/>
        </grup.verb>
        <sadv arg="argM" func="cc" tem="adv">
          <grup.adv>
            <r lem="muchísimo" pos="rg" wd="muchísimo"/>
          </grup.adv>
        </sadv>
        <S arg="argM" clausetype="adverbial" func="cc" tem="adv">
          <f lem="," pos="fc" punct="comma" wd=","/>
          <conj conjunctiontype="subordinating">
            <c lem="como" pos="cs" postype="subordinating" wd="como"/>
          </conj>
          <sn arg="arg1" elliptic="yes" entityref="lex" func="suj" tem="tem"/>
          <sn arg="arg2" coreftype="ident" entity="entity2" entityref="spec" func="ci" repetition="yes" tem="ben">
            <grup.nom num="p">
              <p gen="c" lem="yo" num="p" person="1" pos="pp1cp000" postype="personal" wd="nos"/>
            </grup.nom>
          </sn>
          <grup.verb>
            <v lem="pasar" lss="C41.state-benefactive" mood="indicative" num="s" person="3" pos="vmis3s0" postype="main" tense="past" wd="pasó"/>
          </grup.verb>
          <sp arg="arg2" func="ci" repetition="yes" tem="ben">
            <prep>
              <s lem="a" pos="sps00" postype="preposition" wd="a"/>
            </prep>
            <sn coreftype="ident" entity="entity2" entityref="spec">
              <grup.nom gen="m" num="p">
                <p gen="m" lem="yo" num="p" person="1" pos="pp1mp000" postype="personal" wd="nosotros"/>
              </grup.nom>
            </sn>
          </sp>
          <sp arg="argM" func="cc" tem="adv">
            <prep>
              <s lem="con" pos="sps00" postype="preposition" wd="con"/>
            </prep>
            <sn entity="entity12" entityref="nne" homophoricDD="yes">
              <spec gen="m" num="s">
                <d gen="m" lem="el" num="s" pos="da0ms0" postype="article" wd="el"/>
              </spec>
              <grup.nom gen="m" num="s">
                <s.a gen="m" num="s">
                  <grup.a gen="m" num="s">
                    <a gen="m" lem="primero" num="s" pos="ao0ms0" postype="ordinal" wd="primer"/>
                  </grup.a>
                </s.a>
                <n gen="m" lem="partido" num="s" pos="ncms000" postype="common" sense="16:05554348" wd="partido"/>
                <sp>
                  <prep>
                    <s lem="ante" pos="sps00" postype="preposition" wd="ante"/>
                  </prep>
                  <sn entityref="ne" ne="organization">
                    <spec gen="m" num="s">
                      <d gen="m" lem="el" num="s" pos="da0ms0" postype="article" wd="el"/>
                    </spec>
                    <grup.nom gen="m" num="s">
                      <n lem="Bidasoa" ne="location" pos="np00000" postype="proper" sense="16:50004314" wd="Bidasoa"/>
                    </grup.nom>
                  </sn>
                </sp>
                <S clausetype="relative">
                  <relatiu arg="arg1" coreftype="ident" entity="entity12" entityref="nne" func="cd" tem="pat">
                    <p gen="c" lem="que" num="c" pos="pr0cn000" postype="relative" wd="que"/>
                  </relatiu>
                  <sn arg="arg0" coreftype="ident" elliptic="yes" entity="entity2" entityref="spec" func="suj" tem="agt"/>
                  <grup.verb>
                    <v lem="deber" mood="indicative" num="p" person="1" pos="vmic1p0" postype="main" tense="conditional" wd="deberíamos"/>
                    <infinitiu>
                      <v lem="haber" mood="infinitive" pos="van0000" postype="auxiliary" wd="haber"/>
                      <v gen="m" lem="ganar" lss="A21.transitive-agentive-patient" mood="participle" num="s" pos="vmp00sm" postype="main" wd="ganado"/>
                    </infinitiu>
                  </grup.verb>
                </S>
              </grup.nom>
            </sn>
          </sp>
        </S>
      </S>
      <conj conjunctiontype="coordinating">
        <c lem="y" pos="cc" postype="coordinating" wd="y"/>
      </conj>
      <S verbless="yes">
        <grup.verb>
          <infinitiu>
            <v lem="llevar" lss="A21.transitive-agentive-patient" mood="infinitive" pos="vmn0000" postype="main" wd="llevar"/>
          </infinitiu>
        </grup.verb>
        <sadv>
          <grup.adv>
            <r lem="ahora" pos="rg" wd="ahora"/>
          </grup.adv>
        </sadv>
        <sn coord="yes" entityref="nne">
          <sn entityref="nne">
            <spec gen="m" num="p">
              <d gen="c" lem="cinco" num="p" pos="dn0cp0" postype="numeral" wd="cinco"/>
            </spec>
            <grup.nom gen="m" num="p">
              <n gen="m" lem="punto" num="p" pos="ncmp000" postype="common" sense="16:09780630" wd="puntos"/>
            </grup.nom>
          </sn>
          <conj conjunctiontype="coordinating">
            <s lem="en_lugar_de" pos="sps00" postype="preposition" wd="en_lugar_de"/>
          </conj>
          <sn entityref="nne">
            <grup.nom gen="m" num="p">
              <p gen="c" lem="tres" num="p" pos="pn0cp000" postype="numeral" wd="tres"/>
            </grup.nom>
          </sn>
        </sn>
      </S>
    </S>
    <f lem="&quot;" pos="fe" punct="quotation" wd="&quot;"/>
    <f lem="." pos="fp" punct="period" wd="."/>
  </sentence>
</article>
