<?xml version="1.0" encoding="UTF-8"?>
<!-- 

  ancora-2.0
       
			Copyright (C) 2007, 2008, 2009, 2010, 2011 UB - CLiC
			Centre de Llenguatge i Computació - Universitat de Barcelona
 
  This file is part of ancora-2.0.
 
  ancora-2.0 is free software and data: you can redistribute it and/or modify
  it under the terms of the GNU General Public License as published
  by the Free Software Foundation, either version 3 of the License,
  or (at your option) any later version.

  ancora-2.0 is distributed in the hope that it will be useful,
  but WITHOUT ANY WARRANTY; without even the implied warranty of
  MERCHANTABILITY or FITNESS FOR A PARTICULAR PURPOSE.  See the
  GNU General Public License for more details.
 
  You should have received a copy of the GNU General Public License
  along with ancora-2.0.  If not, see &lt;http://www.gnu.org/licenses/&gt;.
 
  Check a text in catalan explaining the terms of the license at http://www.softcatala.cat/wiki/GPL3.
  In spanish at http://www.viti.es/gnu/licenses/gpl.html
 

  The following paper must be cited when using this corpus:

 * Taulé, M., M.A. Martí, M. Recasens (2008) 'Ancora: Multilevel Annotated Corpora for Catalan and Spanish',
   Proceedings of 6th International Conference on Language Resources and Evaluation. Marrakesh (Morocco).

  In addition, the following paper must be cited if coreference information (attributes entity, coreftype,
  corefsubtype, homophoricDD or entityref) is used:

 * Recasens, Marta, M. Antònia Martí (2010) ‘AnCora-CO: Coreferentially annotated corpora for Spanish and
   Catalan’. Language Resources and Evaluation, Springer Science.

  Additionally, the following paper must be cited when argumental attributes in "sn" or "grup.nom"
  (attributes func, arg, tem or lexicalid) are used:

 * Peris, Aina, Mariona Taulé, Horacio Rodríguez (2010) ‘Semantic Annotation of Deverbal Nominalizations in the
   Spanish AnCora corpus’. Treebanks and Linguistic Theories (TLT-2010), Estonia.
-->
<article lng="es">
  <sentence>
    <sp arg="argM" func="cc" tem="adv">
      <prep>
        <s lem="con" pos="sps00" postype="preposition" wd="Con"/>
      </prep>
      <sn entity="entity15" entityref="nne">
        <spec gen="f" num="s">
          <d gen="f" lem="uno" num="s" pos="di0fs0" postype="indefinite" wd="una"/>
        </spec>
        <grup.nom gen="f" num="s">
          <s.a gen="f" num="s">
            <grup.a gen="f" num="s">
              <a gen="c" lem="enorme" num="s" pos="aq0cs0" postype="qualificative" wd="enorme"/>
            </grup.a>
          </s.a>
          <n gen="f" lem="fiesta" num="s" pos="ncfs000" postype="common" sense="16:06126536" wd="fiesta"/>
          <S clausetype="participle" impersonal="yes">
            <participi>
              <a gen="f" lem="organizado" lss="B22.unaccusative-passive-transitive" num="s" pos="aq0fsp" posfunction="participle" postype="qualificative" wd="organizada"/>
            </participi>
            <sp arg="arg0" func="cag" tem="agt">
              <prep>
                <s lem="por" pos="sps00" postype="preposition" wd="por"/>
              </prep>
              <sn entity="entity1" entityref="ne" ne="organization">
                <spec gen="m" num="s">
                  <d entity="entity3" entityref="spec" gen="c" lem="su" num="s" person="3" pos="dp3cs0" postype="possessive" wd="su"/>
                </spec>
                <grup.nom gen="m" num="s">
                  <n lem="Partido_Liberal" ne="organization" pos="np00000" postype="proper" sense="16:06134477" wd="Partido_Liberal"/>
                  <sn corefsubtype="definit" coreftype="pred" entity="entity1" entityref="ne" ne="organization">
                    <grup.nom gen="m" num="s">
                      <f lem="(" pos="fpa" punct="bracket" punctenclose="open" wd="("/>
                      <n lem="FPOE" ne="organization" pos="np00000" postype="proper" wd="FPOE"/>
                      <f lem=")" pos="fpt" punct="bracket" punctenclose="close" wd=")"/>
                    </grup.nom>
                  </sn>
                </grup.nom>
              </sn>
            </sp>
            <sp arg="argM" func="cc" tem="loc">
              <prep>
                <s lem="en" pos="sps00" postype="preposition" wd="en"/>
              </prep>
              <sn entity="entity5" entityref="spec" homophoricDD="yes">
                <spec gen="f" num="p">
                  <d gen="f" lem="el" num="p" pos="da0fp0" postype="article" wd="las"/>
                </spec>
                <grup.nom gen="f" num="p">
                  <n gen="f" lem="pista" num="p" pos="ncfp000" postype="common" sense="16:02510690" wd="pistas"/>
                  <sp>
                    <prep>
                      <s lem="de" pos="sps00" postype="preposition" wd="de"/>
                    </prep>
                    <sn>
                      <grup.nom gen="m" num="s">
                        <n gen="m" lem="esquí" num="s" pos="ncms000" postype="common" sense="16:00279192" wd="esquí"/>
                      </grup.nom>
                    </sn>
                  </sp>
                  <sp>
                    <prep>
                      <s lem="de" pos="sps00" postype="preposition" wd="de"/>
                    </prep>
                    <sn entity="entity13" entityref="ne" ne="location">
                      <grup.nom>
                        <n lem="Gerlitze" ne="location" pos="np00000" postype="proper" wd="Gerlitze"/>
                      </grup.nom>
                    </sn>
                  </sp>
                  <sp>
                    <f lem="," pos="fc" punct="comma" wd=","/>
                    <prep>
                      <s lem="en" pos="sps00" postype="preposition" wd="en"/>
                    </prep>
                    <sn entity="entity2" entityref="ne" ne="location">
                      <spec gen="m" num="s">
                        <d gen="m" lem="el" num="s" pos="da0ms0" postype="article" wd="el"/>
                      </spec>
                      <grup.nom gen="m" num="s">
                        <n gen="m" lem="estado" num="s" pos="ncms000" postype="common" sense="16:06374245" wd="estado"/>
                        <S clausetype="participle" impersonal="yes">
                          <participi>
                            <a gen="m" lem="federado" num="s" pos="aq0msp" posfunction="participle" postype="qualificative" wd="federado"/>
                          </participi>
                        </S>
                        <sp>
                          <prep>
                            <s lem="de" pos="sps00" postype="preposition" wd="de"/>
                          </prep>
                          <sn entityref="ne" ne="location">
                            <grup.nom>
                              <n lem="Carintia" ne="location" pos="np00000" postype="proper" wd="Carintia"/>
                            </grup.nom>
                          </sn>
                        </sp>
                        <S clausetype="relative">
                          <relatiu arg="arg1" coreftype="ident" entity="entity2" entityref="spec" func="cd" tem="pat">
                            <p gen="c" lem="que" num="c" pos="pr0cn000" postype="relative" wd="que"/>
                          </relatiu>
                          <sn arg="arg0" coreftype="ident" elliptic="yes" entity="entity3" entityref="spec" func="suj" tem="agt"/>
                          <grup.verb>
                            <v lem="presidir" lss="A21.transitive-agentive-patient" mood="indicative" num="s" person="3" pos="vmip3s0" postype="main" tense="present" wd="preside"/>
                          </grup.verb>
                          <f lem="," pos="fc" punct="comma" wd=","/>
                        </S>
                      </grup.nom>
                    </sn>
                  </sp>
                </grup.nom>
              </sn>
            </sp>
          </S>
        </grup.nom>
      </sn>
    </sp>
    <sn arg="arg0" coreftype="ident" entity="entity3" entityref="ne" func="suj" ne="person" tem="agt">
      <spec gen="m" num="s">
        <d gen="m" lem="el" num="s" pos="da0ms0" postype="article" wd="el"/>
      </spec>
      <grup.nom gen="m" num="s">
        <s.a complex="yes" gen="m" num="s">
          <grup.a coord="yes" gen="m" num="s">
            <grup.a coord="yes" gen="m" num="s">
              <grup.a gen="m" num="s">
                <a gen="m" lem="polémico" num="s" pos="aq0ms0" postype="qualificative" wd="polémico"/>
              </grup.a>
              <conj conjunctiontype="coordinating">
                <c lem="y" pos="cc" postype="coordinating" wd="y"/>
              </conj>
              <grup.a gen="m" num="s">
                <a gen="c" lem="radical" num="s" pos="aq0cs0" postype="qualificative" wd="radical"/>
              </grup.a>
            </grup.a>
            <sp adjunct="yes">
              <prep>
                <s lem="de" pos="sps00" postype="preposition" wd="de"/>
              </prep>
              <sn>
                <grup.nom gen="f" num="p">
                  <n gen="f" lem="derecha" num="p" pos="ncfp000" postype="common" sense="16:06224017" wd="derechas"/>
                </grup.nom>
              </sn>
            </sp>
          </grup.a>
        </s.a>
        <n lem="Joerg_Haider" ne="person" pos="np00000" postype="proper" wd="Joerg_Haider"/>
      </grup.nom>
    </sn>
    <grup.verb>
      <v lem="celebrar" lss="A21.transitive-agentive-patient" mood="indicative" num="s" person="3" pos="vmis3s0" postype="main" tense="past" wd="celebró"/>
    </grup.verb>
    <sadv arg="argM" func="cc" tem="tmp">
      <grup.adv>
        <r lem="hoy" pos="rg" wd="hoy"/>
      </grup.adv>
    </sadv>
    <sn arg="arg1" entityref="nne" func="cd" tem="pat">
      <spec gen="m" num="s">
        <d coreftype="ident" entity="entity3" entityref="spec" gen="c" lem="su" num="s" person="3" pos="dp3cs0" postype="possessive" wd="su"/>
        <z lem="50" ne="number" wd="50"/>
      </spec>
      <grup.nom gen="m" num="s">
        <n gen="m" lem="cumpleaños" num="c" pos="ncmn000" postype="common" sense="16:10956211" wd="cumpleaños"/>
      </grup.nom>
    </sn>
    <S arg="argM" clausetype="participle" func="cpred" impersonal="yes" predicate="suj" tem="atr">
      <participi>
        <a gen="m" lem="rodeado" lss="B22.unaccusative-passive-transitive" num="s" pos="aq0msp" posfunction="participle" postype="qualificative" wd="rodeado"/>
      </participi>
      <sp arg="arg0" func="creg" tem="agt">
        <prep>
          <s lem="de" pos="sps00" postype="preposition" wd="de"/>
        </prep>
        <sn entity="entity6" entityref="nne">
          <grup.nom gen="m" num="p">
            <n gen="m" lem="seguidor" num="p" pos="ncmp000" postype="common" sense="16:07623193" wd="seguidores"/>
            <S clausetype="participle" impersonal="yes">
              <participi>
                <a gen="m" lem="llegado" lss="B11.unaccusative-motion" num="p" pos="aq0mpp" posfunction="participle" postype="qualificative" wd="llegados"/>
              </participi>
              <sp arg="arg3" func="cc" tem="ori">
                <prep>
                  <s lem="de" pos="sps00" postype="preposition" wd="de"/>
                </prep>
                <sn entity="entity4" entityref="ne" ne="location">
                  <spec gen="f" num="s">
                    <d gen="f" lem="todo" num="s" pos="di0fs0" postype="indefinite" wd="toda"/>
                  </spec>
                  <grup.nom>
                    <n lem="Austria" ne="location" pos="np00000" postype="proper" sense="16:06488337" wd="Austria"/>
                  </grup.nom>
                </sn>
              </sp>
            </S>
          </grup.nom>
        </sn>
      </sp>
    </S>
    <f lem="." pos="fp" punct="period" wd="."/>
  </sentence>
  <sentence>
    <sn arg="arg0" coreftype="ident" entity="entity3" entityref="ne" func="suj" ne="person" tem="agt">
      <grup.nom gen="m" num="s">
        <n lem="Haider" ne="person" pos="np00000" postype="proper" wd="Haider"/>
        <S clausetype="relative">
          <f lem="," pos="fc" punct="comma" wd=","/>
          <sn arg="arg0" coreftype="ident" entity="entity1" entityref="spec" func="suj" tem="agt">
            <relatiu gen="m" num="s">
              <p coreftype="ident" entity="entity3" gen="m" lem="cuyo" num="s" pos="pr0ms000" postype="relative" wd="cuyo"/>
            </relatiu>
            <grup.nom gen="m" num="s">
              <n gen="m" lem="partido" num="s" pos="ncms000" postype="common" sense="16:06131180" wd="partido"/>
            </grup.nom>
          </sn>
          <grup.verb>
            <v lem="negociar" lss="A21.transitive-agentive-patient" mood="indicative" num="s" person="3" pos="vmip3s0" postype="main" tense="present" wd="negocia"/>
          </grup.verb>
          <sn arg="arg1" entityref="nne" func="cd" homophoricDD="yes" tem="pat">
            <spec gen="f" num="s">
              <d gen="f" lem="el" num="s" pos="da0fs0" postype="article" wd="la"/>
            </spec>
            <grup.nom gen="f" num="s">
              <n gen="f" lem="formación" lexicalid="noun.formación.4.default" num="s" origin="deverbal" pos="ncfs000" postype="common" sense="16:00154800" wd="formación"/>
              <sp arg="arg1" func="cn" tem="pat">
                <prep>
                  <s lem="de" pos="sps00" postype="preposition" wd="de"/>
                </prep>
                <sn entityref="nne">
                  <spec gen="f" num="s">
                    <d gen="f" lem="uno" num="s" pos="di0fs0" postype="indefinite" wd="una"/>
                  </spec>
                  <grup.nom gen="f" num="s">
                    <n gen="f" lem="coalición" lexicalid="noun.coalición.1.default" num="s" origin="deverbal" pos="ncfs000" postype="common" sense="16:06155266" wd="coalición"/>
                    <s.a func="cn" gen="f" num="s">
                      <grup.a gen="f" num="s">
                        <a gen="f" lem="conservador" num="s" pos="aq0fs0" postype="qualificative" wd="conservadora"/>
                      </grup.a>
                    </s.a>
                    <sp arg="argM" func="cn" tem="loc">
                      <prep>
                        <s lem="en" pos="sps00" postype="preposition" wd="en"/>
                      </prep>
                      <sn entityref="ne" ne="location">
                        <grup.nom>
                          <n lem="Viena" ne="location" pos="np00000" postype="proper" sense="16:06488856" wd="Viena"/>
                        </grup.nom>
                      </sn>
                    </sp>
                    <sp arg="argM" func="cn" tem="adv">
                      <prep>
                        <s lem="con" pos="sps00" postype="preposition" wd="con"/>
                      </prep>
                      <sn>
                        <sn entityref="nne">
                          <spec gen="m" num="p">
                            <d gen="m" lem="el" num="p" pos="da0mp0" postype="article" wd="los"/>
                          </spec>
                          <grup.nom gen="m" num="p">
                            <n gen="c" lem="popular" num="p" pos="nccp000" postype="common" sense="16:cs1" wd="populares"/>
                          </grup.nom>
                        </sn>
                        <sn adjunct="yes" entityref="ne" ne="organization">
                          <grup.nom>
                            <f lem="(" pos="fpa" punct="bracket" punctenclose="open" wd="("/>
                            <n lem="OEVP" ne="organization" pos="np00000" postype="proper" wd="OEVP"/>
                            <f lem=")" pos="fpt" punct="bracket" punctenclose="close" wd=")"/>
                          </grup.nom>
                        </sn>
                      </sn>
                    </sp>
                  </grup.nom>
                </sn>
              </sp>
            </grup.nom>
          </sn>
          <f lem="," pos="fc" punct="comma" wd=","/>
        </S>
      </grup.nom>
    </sn>
    <grup.verb>
      <v lem="aprovechar" lss="A21.transitive-agentive-patient" mood="indicative" num="s" person="3" pos="vmis3s0" postype="main" tense="past" wd="aprovechó"/>
    </grup.verb>
    <sn arg="arg1" coreftype="ident" entity="entity15" entityref="nne" func="cd" tem="pat">
      <spec gen="f" num="s">
        <d gen="f" lem="el" num="s" pos="da0fs0" postype="article" wd="la"/>
      </spec>
      <grup.nom gen="f" num="s">
        <n gen="f" lem="ocasión" num="s" pos="ncfs000" postype="common" sense="16:10391300" wd="ocasión"/>
      </grup.nom>
    </sn>
    <sp arg="argM" func="cc" tem="fin">
      <prep>
        <s lem="para" pos="sps00" postype="preposition" wd="para"/>
      </prep>
      <S clausetype="completive" impersonal="yes">
        <infinitiu>
          <v lem="anunciar" lss="A21.transitive-agentive-patient" mood="infinitive" pos="vmn0000" postype="main" wd="anunciar"/>
        </infinitiu>
        <S arg="arg1" clausetype="completive" func="cd" tem="pat">
          <conj conjunctiontype="subordinating">
            <c lem="que" pos="cs" postype="subordinating" wd="que"/>
          </conj>
          <sn arg="arg0" coreftype="ident" elliptic="yes" entity="entity3" entityref="spec" func="suj" tem="agt"/>
          <grup.verb>
            <v lem="aspirar" lss="A22.transitive-agentive-theme" mood="indicative" num="s" person="3" pos="vmip3s0" postype="main" tense="present" wd="aspira"/>
          </grup.verb>
          <sp arg="arg1" func="creg" tem="tem">
            <prep>
              <s lem="a" pos="sps00" postype="preposition" wd="a"/>
            </prep>
            <sn entity="entity14" entityref="ne" ne="organization">
              <spec gen="f" num="s">
                <d gen="f" lem="el" num="s" pos="da0fs0" postype="article" wd="la"/>
              </spec>
              <grup.nom gen="f" num="s">
                <n lem="Cancillería" ne="organization" pos="np00000" postype="proper" wd="Cancillería"/>
                <s.a gen="f" num="s">
                  <grup.a gen="f" num="s">
                    <a gen="c" lem="federal" num="s" pos="aq0cs0" postype="qualificative" wd="federal"/>
                  </grup.a>
                </s.a>
                <s.a gen="f" num="s">
                  <grup.a gen="f" num="s">
                    <a gen="f" lem="austríaco" num="s" pos="aq0fs0" postype="qualificative" wd="austríaca"/>
                  </grup.a>
                </s.a>
              </grup.nom>
            </sn>
          </sp>
          <S clausesubtype="concessive" clausetype="adverbial" coord="yes" func="ao">
            <f lem="," pos="fc" punct="comma" wd=","/>
            <conj conjunctiontype="subordinating">
              <c lem="aunque" pos="cs" postype="subordinating" wd="aunque"/>
            </conj>
            <S clausesubtype="concessive" clausetype="adverbial">
              <sn arg="arg0" coreftype="ident" elliptic="yes" entity="entity3" entityref="spec" func="suj" tem="agt"/>
              <neg func="mod">
                <r lem="no" pos="rn" postype="negative" wd="no"/>
              </neg>
              <grup.verb>
                <v lem="competir" lss="A33.ditransitive-theme-locative" mood="indicative" num="s" person="3" pos="vmif3s0" postype="main" tense="future" wd="competirá"/>
              </grup.verb>
              <sp arg="argM" func="cc" tem="adv">
                <prep>
                  <s lem="por" pos="sps00" postype="preposition" wd="por"/>
                </prep>
                <sn coreftype="ident" entity="entity14" entityref="spec">
                  <spec gen="m" num="s">
                    <d gen="m" lem="ese" num="s" pos="dd0ms0" postype="demonstrative" wd="ese"/>
                  </spec>
                  <grup.nom gen="m" num="s">
                    <n gen="m" lem="cargo" num="s" pos="ncms000" postype="common" sense="16:00385376" wd="cargo"/>
                  </grup.nom>
                </sn>
              </sp>
              <sp arg="argM" func="cc" tem="tmp">
                <prep>
                  <s lem="hasta" pos="sps00" postype="preposition" wd="hasta"/>
                </prep>
                <sn entityref="nne" homophoricDD="yes">
                  <spec gen="m" num="p">
                    <d gen="m" lem="el" num="p" pos="da0mp0" postype="article" wd="los"/>
                  </spec>
                  <grup.nom gen="m" num="p">
                    <s.a gen="m" num="p">
                      <grup.a gen="m" num="p">
                        <a gen="m" lem="próximo" num="p" pos="aq0mp0" postype="qualificative" wd="próximos"/>
                      </grup.a>
                    </s.a>
                    <n gen="m" lem="comicio" num="p" pos="ncmp000" postype="common" sense="16:cs2" wd="comicios"/>
                  </grup.nom>
                </sn>
              </sp>
            </S>
            <conj conjunctiontype="coordinating">
              <c lem="y" pos="cc" postype="coordinating" wd="y"/>
            </conj>
            <S clausesubtype="concessive" clausetype="adverbial">
              <sn arg="arg0" coreftype="ident" elliptic="yes" entity="entity3" entityref="spec" func="suj" tem="agt"/>
              <morfema.pronominal>
                <p gen="c" lem="él" num="c" person="3" pos="p0300000" wd="se"/>
              </morfema.pronominal>
              <grup.verb>
                <v lem="mantener" lss="A21.transitive-agentive-patient" mood="indicative" num="s" person="3" pos="vmif3s0" postype="main" tense="future" wd="mantendrá"/>
              </grup.verb>
              <sp arg="argM" func="cc" tem="tmp">
                <prep>
                  <s lem="hasta" pos="sps00" postype="preposition" wd="hasta"/>
                </prep>
                <sadv>
                  <grup.adv>
                    <r lem="entonces" pos="rg" wd="entonces"/>
                  </grup.adv>
                </sadv>
              </sp>
              <sp arg="argM" func="cc" tem="loc">
                <prep>
                  <s contracted="yes" gen="m" lem="al_frente_del" num="s" pos="spcms" postype="preposition" wd="al_frente_del"/>
                </prep>
                <sn entityref="nne" homophoricDD="yes">
                  <grup.nom gen="m" num="s">
                    <n gen="m" lem="gobierno" lexicalid="noun.gobierno.1.default" num="s" origin="deverbal" pos="ncms000" postype="common" sense="16:00728919" wd="gobierno"/>
                    <sp arg="argM" func="cn" tem="loc">
                      <prep>
                        <s lem="de" pos="sps00" postype="preposition" wd="de"/>
                      </prep>
                      <sn coreftype="ident" entity="entity2" entityref="spec">
                        <spec gen="f" num="s">
                          <d gen="f" lem="el" num="s" pos="da0fs0" postype="article" wd="la"/>
                        </spec>
                        <grup.nom gen="f" num="s">
                          <n gen="f" lem="región" num="s" pos="ncfs000" postype="common" sense="16:06321228" wd="región"/>
                          <s.a gen="f" num="s">
                            <spec>
                              <r lem="más" pos="rg" wd="más"/>
                            </spec>
                            <grup.a gen="f" num="s">
                              <a gen="c" lem="meridional" num="s" pos="aq0cs0" postype="qualificative" wd="meridional"/>
                            </grup.a>
                          </s.a>
                          <sp>
                            <prep>
                              <s lem="de" pos="sps00" postype="preposition" wd="de"/>
                            </prep>
                            <sn coreftype="ident" entity="entity4" entityref="ne" ne="location">
                              <spec gen="f" num="s">
                                <d gen="f" lem="el" num="s" pos="da0fs0" postype="article" wd="la"/>
                              </spec>
                              <grup.nom gen="f" num="s">
                                <n gen="f" lem="república" num="s" pos="ncfs000" postype="common" sense="16:06191005" wd="república"/>
                                <s.a gen="f" num="s">
                                  <grup.a gen="f" num="s">
                                    <a gen="f" lem="alpino" num="s" pos="aq0fs0" postype="qualificative" wd="alpina"/>
                                  </grup.a>
                                </s.a>
                              </grup.nom>
                            </sn>
                          </sp>
                        </grup.nom>
                      </sn>
                    </sp>
                  </grup.nom>
                </sn>
              </sp>
            </S>
          </S>
        </S>
      </S>
    </sp>
    <f lem="." pos="fp" punct="period" wd="."/>
  </sentence>
  <sentence>
    <sn arg="arg1" func="suj" tem="tem">
      <S adjunct="yes" clausetype="participle" impersonal="yes">
        <participi>
          <a gen="m" lem="rodeado" lss="B22.unaccusative-passive-transitive" num="s" pos="aq0msp" posfunction="participle" postype="qualificative" wd="Rodeado"/>
        </participi>
        <sp arg="arg0" func="creg" tem="agt">
          <prep>
            <s lem="de" pos="sps00" postype="preposition" wd="de"/>
          </prep>
          <sn complex="yes">
            <grup.nom coord="yes">
              <grup.nom coord="yes">
                <grup.nom gen="f" num="p">
                  <n gen="f" lem="decena" num="p" pos="ncfp000" postype="common" sense="16:09898220" wd="decenas"/>
                  <sp>
                    <prep>
                      <s lem="de" pos="sps00" postype="preposition" wd="de"/>
                    </prep>
                    <sn>
                      <grup.nom gen="f" num="p">
                        <n gen="f" lem="cámara" num="p" pos="ncfp000" postype="common" sense="16:03481923" wd="cámaras"/>
                        <sp>
                          <prep>
                            <s lem="de" pos="sps00" postype="preposition" wd="de"/>
                          </prep>
                          <sn>
                            <grup.nom gen="f" num="s">
                              <n gen="f" lem="televisión" num="s" pos="ncfs000" postype="common" sense="16:03482557" wd="televisión"/>
                            </grup.nom>
                          </sn>
                        </sp>
                      </grup.nom>
                    </sn>
                  </sp>
                </grup.nom>
                <conj conjunctiontype="coordinating">
                  <c lem="y" pos="cc" postype="coordinating" wd="y"/>
                </conj>
                <grup.nom gen="m" num="p">
                  <n gen="m" lem="fotógrafo" num="p" pos="ncmp000" postype="common" sense="16:07474054" wd="fotógrafos"/>
                </grup.nom>
              </grup.nom>
              <sp adjunct="yes">
                <prep>
                  <s lem="de" pos="sps00" postype="preposition" wd="de"/>
                </prep>
                <sn entityref="nne">
                  <spec gen="m" num="s">
                    <d gen="m" lem="todo" num="s" pos="di0ms0" postype="indefinite" wd="todo"/>
                    <d gen="m" lem="el" num="s" pos="da0ms0" postype="article" wd="el"/>
                  </spec>
                  <grup.nom gen="m" num="s">
                    <n gen="m" lem="mundo" num="s" pos="ncms000" postype="common" sense="16:06753779" wd="mundo"/>
                  </grup.nom>
                </sn>
              </sp>
            </grup.nom>
          </sn>
        </sp>
        <f lem="," pos="fc" punct="comma" wd=","/>
      </S>
      <sn coreftype="ident" entity="entity3" entityref="spec">
        <spec gen="m" num="s">
          <d gen="m" lem="el" num="s" pos="da0ms0" postype="article" wd="el"/>
        </spec>
        <grup.nom gen="m" num="s">
          <n gen="m" lem="político" num="s" pos="ncms000" postype="common" sense="16:07486519" wd="político"/>
          <s.a gen="m" num="s">
            <grup.a gen="m" num="s">
              <a gen="c" lem="populista" num="s" pos="aq0cs0" postype="qualificative" wd="populista"/>
            </grup.a>
          </s.a>
        </grup.nom>
      </sn>
    </sn>
    <grup.verb>
      <v lem="llegar" lss="B11.unaccusative-motion" mood="indicative" num="s" person="3" pos="vmis3s0" postype="main" tense="past" wd="llegó"/>
    </grup.verb>
    <sp arg="arg4" func="cc" tem="des">
      <prep>
        <s lem="a" pos="sps00" postype="preposition" wd="a"/>
      </prep>
      <sn coreftype="ident" entity="entity5" entityref="spec">
        <spec gen="f" num="s">
          <d gen="f" lem="el" num="s" pos="da0fs0" postype="article" wd="la"/>
        </spec>
        <grup.nom gen="f" num="s">
          <n gen="f" lem="estación" num="s" pos="ncfs000" postype="common" sense="16:03404271" wd="estación"/>
          <sp>
            <prep>
              <s lem="de" pos="sps00" postype="preposition" wd="de"/>
            </prep>
            <sn>
              <grup.nom gen="m" num="s">
                <n gen="m" lem="esquí" num="s" pos="ncms000" postype="common" sense="16:00279192" wd="esquí"/>
              </grup.nom>
            </sn>
          </sp>
        </grup.nom>
      </sn>
    </sp>
    <sadv arg="argM" func="cc" tem="mnr">
      <grup.adv>
        <r lem="a_bordo" pos="rg" wd="a_bordo"/>
        <sp>
          <prep>
            <s lem="de" pos="sps00" postype="preposition" wd="de"/>
          </prep>
          <sn entityref="nne">
            <spec gen="m" num="s">
              <d gen="m" lem="uno" num="s" pos="di0ms0" postype="indefinite" wd="un"/>
            </spec>
            <grup.nom gen="m" num="s">
              <n gen="m" lem="helicóptero" num="s" pos="ncms000" postype="common" sense="16:02814163" wd="helicóptero"/>
            </grup.nom>
          </sn>
        </sp>
      </grup.adv>
    </sadv>
    <sp arg="argM" func="cc" tem="fin">
      <prep>
        <s lem="para" pos="sps00" postype="preposition" wd="para"/>
      </prep>
      <S clausetype="completive" impersonal="yes">
        <sadv arg="argM" func="cc" tem="adv">
          <grup.adv>
            <r lem="seguidamente" pos="rg" wd="seguidamente"/>
          </grup.adv>
        </sadv>
        <infinitiu>
          <v lem="dar" lss="A21.transitive-agentive-patient" mood="infinitive" pos="vmn0000" postype="main" wd="darse"/>
        </infinitiu>
        <sn arg="argL" entityref="nne" func="cd">
          <spec gen="m" num="s">
            <d gen="m" lem="uno" num="s" pos="di0ms0" postype="indefinite" wd="un"/>
          </spec>
          <grup.nom gen="m" num="s">
            <n gen="m" lem="baño" lexicalid="noun.baño.1.default" num="s" origin="deverbal" pos="ncms000" postype="common" sense="16:cs1" wd="baño"/>
            <sp arg="arg1" func="cn" tem="pat">
              <prep>
                <s lem="de" pos="sps00" postype="preposition" wd="de"/>
              </prep>
              <sn>
                <grup.nom gen="f" num="p">
                  <n gen="f" lem="masa" num="p" pos="ncfp000" postype="common" sense="16:06081960" wd="masas"/>
                </grup.nom>
              </sn>
            </sp>
            <sp func="cn">
              <prep>
                <s lem="entre" pos="sps00" postype="preposition" wd="entre"/>
              </prep>
              <sn coreftype="ident" entity="entity6" entityref="nne">
                <spec gen="m" num="p">
                  <d coreftype="ident" entity="entity3" entityref="spec" gen="c" lem="su" num="p" person="3" pos="dp3cp0" postype="possessive" wd="sus"/>
                </spec>
                <grup.nom gen="m" num="p">
                  <n gen="m" lem="seguidor" num="p" pos="ncmp000" postype="common" sense="16:07623193" wd="seguidores"/>
                  <S clausetype="relative">
                    <f lem="," pos="fc" punct="comma" wd=","/>
                    <relatiu arg="arg0" coreftype="ident" entity="entity6" entityref="nne" func="suj" tem="agt">
                      <p gen="c" lem="que" num="c" pos="pr0cn000" postype="relative" wd="que"/>
                    </relatiu>
                    <sn arg="arg2" coreftype="ident" entity="entity3" entityref="spec" func="ci" tem="ben">
                      <grup.nom num="s">
                        <p case="dative" gen="c" lem="él" num="s" person="3" pos="pp3csd00" postype="personal" wd="le"/>
                      </grup.nom>
                    </sn>
                    <grup.verb>
                      <v lem="haber" mood="indicative" num="p" person="3" pos="vaii3p0" postype="auxiliary" tense="imperfect" wd="habían"/>
                      <v gen="m" lem="preparar" lss="A21.transitive-agentive-patient" mood="participle" num="s" pos="vmp00sm" postype="main" wd="preparado"/>
                    </grup.verb>
                    <sn arg="arg1" entityref="nne" func="cd" tem="pat">
                      <grup.nom gen="f" num="p">
                        <s.a gen="f" num="p">
                          <grup.a gen="f" num="p">
                            <a gen="c" lem="innumerable" num="p" pos="aq0cp0" postype="qualificative" wd="innumerables"/>
                          </grup.a>
                        </s.a>
                        <n gen="f" lem="sorpresa" num="p" pos="ncfp000" postype="common" sense="16:00361333" wd="sorpresas"/>
                      </grup.nom>
                    </sn>
                  </S>
                </grup.nom>
              </sn>
            </sp>
          </grup.nom>
        </sn>
      </S>
    </sp>
    <f lem="." pos="fp" punct="period" wd="."/>
  </sentence>
  <sentence>
    <sn arg="arg0" entityref="nne" func="suj" tem="agt">
      <spec gen="m" num="p">
        <d gen="m" lem="varios" num="p" pos="di0mp0" postype="indefinite" wd="Varios"/>
      </spec>
      <grup.nom gen="m" num="p">
        <n gen="m" lem="grupo" num="p" pos="ncmp000" postype="common" sense="16:00017954" wd="grupos"/>
        <s.a gen="m" num="p">
          <grup.a gen="m" num="p">
            <a gen="m" lem="folclórico" num="p" pos="aq0mp0" postype="qualificative" wd="folclóricos"/>
          </grup.a>
        </s.a>
        <sn>
          <f lem="," pos="fc" punct="comma" wd=","/>
          <grup.nom gen="m" num="p">
            <p gen="m" lem="alguno" num="p" pos="pi0mp000" postype="indefinite" wd="algunos"/>
            <sp>
              <prep>
                <s lem="con" pos="sps00" postype="preposition" wd="con"/>
              </prep>
              <sn entityref="nne" homophoricDD="yes">
                <spec gen="m" num="p">
                  <d gen="m" lem="el" num="p" pos="da0mp0" postype="article" wd="los"/>
                </spec>
                <grup.nom gen="m" num="p">
                  <s.a gen="m" num="p">
                    <grup.a gen="m" num="p">
                      <a gen="m" lem="largo" num="p" pos="aq0mp0" postype="qualificative" wd="largos"/>
                    </grup.a>
                  </s.a>
                  <n gen="m" lem="cuerno" num="p" pos="ncmp000" postype="common" sense="16:00869086" wd="cuernos"/>
                  <s.a gen="m" num="p">
                    <grup.a gen="m" num="p">
                      <a gen="m" lem="alpino" num="p" pos="aq0mp0" postype="qualificative" wd="alpinos"/>
                    </grup.a>
                  </s.a>
                  <sp>
                    <prep>
                      <s lem="de" pos="sps00" postype="preposition" wd="de"/>
                    </prep>
                    <sn>
                      <grup.nom gen="f" num="s">
                        <n gen="f" lem="madera" num="s" pos="ncfs000" postype="common" sense="16:10832541" wd="madera"/>
                      </grup.nom>
                    </sn>
                  </sp>
                </grup.nom>
              </sn>
            </sp>
          </grup.nom>
          <f lem="," pos="fc" punct="comma" wd=","/>
        </sn>
      </grup.nom>
    </sn>
    <grup.verb>
      <v lem="entonar" lss="A21.transitive-agentive-patient" mood="indicative" num="p" person="3" pos="vmis3p0" postype="main" tense="past" wd="entonaron"/>
    </grup.verb>
    <sadv arg="argM" func="cc" tem="adv">
      <grup.adv>
        <r lem="sucesivamente" pos="rg" wd="sucesivamente"/>
      </grup.adv>
    </sadv>
    <sn arg="arg1" entityref="nne" func="cd" tem="pat">
      <grup.nom gen="f" num="p">
        <n gen="f" lem="canción" num="p" pos="ncfp000" postype="common" sense="16:00355108" wd="canciones"/>
        <sp>
          <prep>
            <s lem="en" pos="sps00" postype="preposition" wd="en"/>
          </prep>
          <sn>
            <grup.nom gen="m" num="s">
              <n gen="m" lem="honor" num="s" pos="ncms000" postype="common" sense="16:10357889" wd="honor"/>
              <sp>
                <prep>
                  <s contracted="yes" gen="m" lem="del" num="s" pos="spcms" postype="preposition" wd="del"/>
                </prep>
                <sn coreftype="ident" entity="entity3" entityref="spec">
                  <grup.nom gen="m" num="s">
                    <n gen="m" lem="homenajeado" num="s" pos="ncms000" postype="common" sense="16:cs2" wd="homenajeado"/>
                    <S clausetype="relative">
                      <f lem="," pos="fc" punct="comma" wd=","/>
                      <sp arg="arg2" func="ci" tem="ben">
                        <prep>
                          <s lem="para" pos="sps00" postype="preposition" wd="para"/>
                        </prep>
                        <sn coreftype="ident" entity="entity3" entityref="spec">
                          <grup.nom num="s">
                            <relatiu>
                              <p gen="c" lem="quien" num="s" pos="pr0cs000" postype="relative" wd="quien"/>
                            </relatiu>
                          </grup.nom>
                        </sn>
                      </sp>
                      <grup.verb>
                        <v lem="haber" mood="indicative" num="s" person="3" pos="vaii3s0" postype="auxiliary" tense="imperfect" wd="había"/>
                        <v gen="m" lem="ser" mood="participle" num="s" pos="vsp00sm" postype="semiauxiliary" wd="sido"/>
                        <v gen="f" lem="preparar" lss="B22.unaccusative-passive-transitive" mood="participle" num="s" pos="vmp00sf" postype="main" wd="preparada"/>
                      </grup.verb>
                      <sp arg="argM" func="cc" tem="adv">
                        <prep>
                          <c lem="como" pos="cs" postype="subordinating" wd="como"/>
                        </prep>
                        <sn>
                          <grup.nom gen="f" num="s">
                            <n gen="f" lem="tarta" num="s" pos="ncfs000" postype="common" sense="16:05661204" wd="tarta"/>
                            <sp>
                              <prep>
                                <s lem="de" pos="sps00" postype="preposition" wd="de"/>
                              </prep>
                              <sn>
                                <grup.nom gen="m" num="s">
                                  <n gen="m" lem="cumpleaños" num="c" pos="ncmn000" postype="common" sense="16:10956211" wd="cumpleaños"/>
                                </grup.nom>
                              </sn>
                            </sp>
                          </grup.nom>
                        </sn>
                      </sp>
                      <sn arg="arg1" entityref="nne" func="suj" tem="pat">
                        <spec gen="m" num="s">
                          <d gen="m" lem="uno" num="s" pos="di0ms0" postype="indefinite" wd="un"/>
                        </spec>
                        <grup.nom gen="m" num="s">
                          <s.a gen="m" num="s">
                            <grup.a gen="m" num="s">
                              <a gen="m" lem="gigantesco" num="s" pos="aq0ms0" postype="qualificative" wd="gigantesco"/>
                            </grup.a>
                          </s.a>
                          <f lem="&quot;" pos="fe" punct="quotation" wd="&quot;"/>
                          <n lem="Apfelstrudel" ne="other" pos="np00000" postype="proper" sense="16:cs2" wd="Apfelstrudel"/>
                          <f lem="&quot;" pos="fe" punct="quotation" wd="&quot;"/>
                          <sn>
                            <grup.nom gen="m" num="s">
                              <f lem="(" pos="fpa" punct="bracket" punctenclose="open" wd="("/>
                              <n gen="m" lem="hojaldre" num="s" pos="ncms000" postype="common" sense="16:05674968" wd="hojaldre"/>
                              <sp>
                                <prep>
                                  <s lem="de" pos="sps00" postype="preposition" wd="de"/>
                                </prep>
                                <sn>
                                  <grup.nom gen="f" num="s">
                                    <n gen="f" lem="manzana" num="s" pos="ncfs000" postype="common" sense="16:50005469" wd="manzana"/>
                                  </grup.nom>
                                </sn>
                              </sp>
                              <f lem=")" pos="fpt" punct="bracket" punctenclose="close" wd=")"/>
                            </grup.nom>
                          </sn>
                          <sp>
                            <prep>
                              <s lem="de" pos="sps00" postype="preposition" wd="de"/>
                            </prep>
                            <sn entityref="ne" ne="number">
                              <spec gen="m" num="p">
                                <z lem="50" ne="number" wd="50"/>
                              </spec>
                              <grup.nom gen="m" num="p">
                                <n gen="m" lem="metro" num="p" pos="ncmp000" postype="common" sense="16:09822324" wd="metros"/>
                                <sp>
                                  <prep>
                                    <s lem="de" pos="sps00" postype="preposition" wd="de"/>
                                  </prep>
                                  <s.a gen="m" num="s">
                                    <grup.a gen="m" num="s">
                                      <a gen="m" lem="largo" num="s" pos="aq0ms0" postype="qualificative" wd="largo"/>
                                    </grup.a>
                                  </s.a>
                                </sp>
                              </grup.nom>
                            </sn>
                          </sp>
                        </grup.nom>
                      </sn>
                    </S>
                  </grup.nom>
                </sn>
              </sp>
            </grup.nom>
          </sn>
        </sp>
      </grup.nom>
    </sn>
    <f lem="." pos="fp" punct="period" wd="."/>
  </sentence>
  <sentence>
    <sp arg="argM" coord="yes" func="cc" tem="tmp">
      <sp>
        <prep>
          <s contracted="yes" gen="m" lem="al" num="s" pos="spcms" postype="preposition" wd="Al"/>
        </prep>
        <sn entityref="nne">
          <grup.nom gen="m" num="s">
            <n gen="m" lem="mediodía" num="s" pos="ncms000" postype="common" sense="16:10884479" wd="mediodía"/>
          </grup.nom>
        </sn>
      </sp>
      <conj conjunctiontype="coordinating">
        <c lem="y" pos="cc" postype="coordinating" wd="y"/>
      </conj>
      <sp>
        <prep>
          <s lem="a" pos="sps00" postype="preposition" wd="a"/>
        </prep>
        <sn entityref="nne" homophoricDD="yes">
          <spec gen="f" num="p">
            <d gen="f" lem="el" num="p" pos="da0fp0" postype="article" wd="las"/>
          </spec>
          <grup.nom gen="f" num="p">
            <n gen="f" lem="orden" num="p" pos="ncfp000" postype="common" sense="16:05359821" wd="órdenes"/>
            <sp>
              <prep>
                <s contracted="yes" gen="m" lem="del" num="s" pos="spcms" postype="preposition" wd="del"/>
              </prep>
              <sn entityref="ne" ne="person">
                <grup.nom gen="m" num="s">
                  <n gen="m" lem="coronel" num="s" pos="ncms000" postype="common" sense="16:07166351" wd="coronel"/>
                  <sn entityref="ne" ne="person">
                    <grup.nom gen="m" num="s">
                      <n lem="Dieter_Szola" ne="person" pos="np00000" postype="proper" wd="Dieter_Szola"/>
                    </grup.nom>
                  </sn>
                </grup.nom>
              </sn>
            </sp>
          </grup.nom>
        </sn>
      </sp>
      <f lem="," pos="fc" punct="comma" wd=","/>
    </sp>
    <sn arg="arg0" entityref="ne" func="suj" ne="other" tem="agt">
      <spec gen="m" num="s">
        <d gen="m" lem="el" num="s" pos="da0ms0" postype="article" wd="el"/>
      </spec>
      <grup.nom gen="m" num="s">
        <n gen="m" lem="equipo" num="s" pos="ncms000" postype="common" sense="16:06093198" wd="equipo"/>
        <sp>
          <prep>
            <s lem="de" pos="sps00" postype="preposition" wd="de"/>
          </prep>
          <sn>
            <grup.nom gen="m" num="s">
              <n gen="m" lem="vuelo" lexicalid="noun.vuelo.1.default" num="s" origin="deverbal" pos="ncms000" postype="common" sense="16:00195810" wd="vuelo"/>
              <s.a arg="argM" func="cn" gen="m" num="s" tem="mnr">
                <grup.a gen="m" num="s">
                  <a gen="m" lem="acrobático" num="s" pos="aq0ms0" postype="qualificative" wd="acrobático"/>
                </grup.a>
              </s.a>
            </grup.nom>
          </sn>
        </sp>
        <sn entityref="ne" ne="other">
          <grup.nom gen="m" num="s">
            <f lem="&quot;" pos="fe" punct="quotation" wd="&quot;"/>
            <n lem="Team_2000" ne="other" pos="np00000" postype="proper" wd="Team_2000"/>
            <f lem="&quot;" pos="fe" punct="quotation" wd="&quot;"/>
          </grup.nom>
        </sn>
      </grup.nom>
    </sn>
    <grup.verb>
      <v lem="hacer" lss="A21.transitive-agentive-patient" mood="indicative" num="s" person="3" pos="vmis3s0" postype="main" tense="past" wd="hizo"/>
    </grup.verb>
    <sn arg="arg1" entityref="nne" func="cd" tem="pat">
      <spec gen="f" num="s">
        <d gen="f" lem="uno" num="s" pos="di0fs0" postype="indefinite" wd="una"/>
      </spec>
      <grup.nom discid="1n" gen="f" num="s">
        <n gen="f" lem="exhibición" lexicalid="noun.exhibición.1.default" num="s" origin="deverbal" pos="ncfs000" postype="common" sense="16:00335980" wd="exhibición"/>
      </grup.nom>
    </sn>
    <sp arg="argM" func="cc" tem="loc">
      <prep>
        <s lem="sobre" pos="sps00" postype="preposition" wd="sobre"/>
      </prep>
      <sn entity="entity7" entityref="ne" ne="location">
        <spec gen="f" num="s">
          <d gen="f" lem="el" num="s" pos="da0fs0" postype="article" wd="la"/>
        </spec>
        <grup.nom gen="f" num="s">
          <n gen="f" lem="cúspide" num="s" pos="ncfs000" postype="common" sense="16:06387973" wd="cúspide"/>
          <sp>
            <prep>
              <s contracted="yes" gen="m" lem="del" num="s" pos="spcms" postype="preposition" wd="del"/>
            </prep>
            <sn coreftype="ident" entity="entity13" entityref="ne" ne="location">
              <grup.nom gen="m" num="s">
                <n lem="Gerlitze" ne="location" pos="np00000" postype="proper" wd="Gerlitze"/>
              </grup.nom>
            </sn>
          </sp>
        </grup.nom>
      </sn>
    </sp>
    <S clausetype="relative" discid="1c">
      <f lem="," pos="fc" punct="comma" wd=","/>
      <sp arg="arg2" func="cc" tem="loc">
        <prep>
          <s lem="a" pos="sps00" postype="preposition" wd="a"/>
        </prep>
        <sn coreftype="ident" entity="entity7" entityref="spec">
          <spec gen="f" num="s">
            <d gen="f" lem="el" num="s" pos="da0fs0" postype="article" wd="la"/>
          </spec>
          <grup.nom gen="f" num="s">
            <relatiu>
              <p gen="c" lem="que" num="c" pos="pr0cn000" postype="relative" wd="que"/>
            </relatiu>
          </grup.nom>
        </sn>
      </sp>
      <sadv arg="argM" func="cc" tem="tmp">
        <spec>
          <r lem="poco" pos="rg" wd="poco"/>
        </spec>
        <grup.adv>
          <r lem="después" pos="rg" wd="después"/>
        </grup.adv>
      </sadv>
      <morfema.pronominal>
        <p gen="c" lem="él" num="c" person="3" pos="p0300000" wd="se"/>
      </morfema.pronominal>
      <grup.verb>
        <v lem="sumar" lss="D11.inergative-agentive" mood="indicative" num="s" person="3" pos="vmis3s0" postype="main" tense="past" wd="sumó"/>
      </grup.verb>
      <sn arg="arg0" entity="entity8" entityref="nne" func="suj" tem="agt">
        <spec gen="m" num="s">
          <d gen="m" lem="uno" num="s" pos="di0ms0" postype="indefinite" wd="un"/>
        </spec>
        <grup.nom gen="m" num="s">
          <n gen="m" lem="parapente" num="s" pos="ncms000" postype="common" sense="16:cs2" wd="parapente"/>
          <sp>
            <prep>
              <s lem="a" pos="sps00" postype="preposition" wd="a"/>
            </prep>
            <sn>
              <grup.nom gen="m" num="s">
                <n gen="m" lem="motor" num="s" pos="ncms000" postype="common" sense="16:03017435" wd="motor"/>
              </grup.nom>
            </sn>
          </sp>
          <S clausetype="relative">
            <relatiu arg="arg0" coreftype="ident" entity="entity8" entityref="nne" func="suj" tem="agt">
              <p gen="c" lem="que" num="c" pos="pr0cn000" postype="relative" wd="que"/>
            </relatiu>
            <grup.verb>
              <v lem="arrastrar" lss="A21.transitive-agentive-patient" mood="indicative" num="s" person="3" pos="vmii3s0" postype="main" tense="imperfect" wd="arrastraba"/>
            </grup.verb>
            <sn arg="arg1" entityref="nne" func="cd" tem="pat">
              <spec gen="f" num="s">
                <d gen="f" lem="uno" num="s" pos="di0fs0" postype="indefinite" wd="una"/>
              </spec>
              <grup.nom gen="f" num="s">
                <s.a gen="f" num="s">
                  <grup.a gen="f" num="s">
                    <a gen="c" lem="enorme" num="s" pos="aq0cs0" postype="qualificative" wd="enorme"/>
                  </grup.a>
                </s.a>
                <n gen="f" lem="pancarta" num="s" pos="ncfs000" postype="common" sense="16:02247873" wd="pancarta"/>
                <sp>
                  <prep>
                    <s lem="con" pos="sps00" postype="preposition" wd="con"/>
                  </prep>
                  <sn entityref="ne" ne="other">
                    <spec gen="m" num="s">
                      <d gen="m" lem="el" num="s" pos="da0ms0" postype="article" wd="el"/>
                    </spec>
                    <grup.nom gen="m" num="s">
                      <n gen="m" lem="texto" num="s" pos="ncms000" postype="common" sense="16:04816275" wd="texto"/>
                      <sn entityref="ne" ne="other">
                        <grup.nom gen="m" num="s">
                          <f lem="&quot;" pos="fe" punct="quotation" wd="&quot;"/>
                          <n lem="el_fpoe_de_klagenfurt_(capital_de_carintia)_felicita_a_joerg" ne="other" pos="np00000" postype="proper" wd="El_FPOE_de_Klagenfurt_(capital_de_Carintia)_felicita_a_Joerg"/>
                          <f lem="&quot;" pos="fe" punct="quotation" wd="&quot;"/>
                        </grup.nom>
                      </sn>
                    </grup.nom>
                  </sn>
                </sp>
              </grup.nom>
            </sn>
          </S>
        </grup.nom>
      </sn>
    </S>
    <f lem="." pos="fp" punct="period" wd="."/>
  </sentence>
  <sentence>
    <sn arg="arg1" entityref="nne" func="suj" homophoricDD="yes" tem="tem">
      <spec gen="f" num="s">
        <d gen="f" lem="el" num="s" pos="da0fs0" postype="article" wd="La"/>
      </spec>
      <grup.nom gen="f" num="s">
        <n gen="f" lem="dirección" lexicalid="noun.dirección.1.default" num="s" origin="deverbal" pos="ncfs000" postype="common" sense="16:06200783" wd="dirección"/>
        <s.a func="cn" gen="f" num="s">
          <grup.a gen="f" num="s">
            <a gen="c" lem="regional" num="s" pos="aq0cs0" postype="qualificative" wd="regional"/>
          </grup.a>
        </s.a>
        <sp arg="arg1" func="cn" tem="pat">
          <prep>
            <s contracted="yes" gen="m" lem="del" num="s" pos="spcms" postype="preposition" wd="del"/>
          </prep>
          <sn coreftype="ident" entity="entity1" entityref="spec">
            <grup.nom gen="m" num="s">
              <s.a gen="m" num="s">
                <grup.a gen="m" num="s">
                  <a gen="m" lem="polémico" num="s" pos="aq0ms0" postype="qualificative" wd="polémico"/>
                </grup.a>
              </s.a>
              <n gen="m" lem="partido" num="s" pos="ncms000" postype="common" sense="16:06131180" wd="partido"/>
            </grup.nom>
          </sn>
        </sp>
      </grup.nom>
    </sn>
    <grup.verb>
      <v lem="ser" lss="C21.state-attributive" mood="indicative" num="s" person="3" pos="vsis3s0" postype="semiauxiliary" tense="past" wd="fue"/>
    </grup.verb>
    <sadv func="mod">
      <grup.adv>
        <r lem="aún" pos="rg" wd="aún"/>
      </grup.adv>
    </sadv>
    <sa arg="arg2" func="atr" tem="atr">
      <spec>
        <r lem="más" pos="rg" wd="más"/>
      </spec>
      <grup.a>
        <a gen="c" lem="original" num="s" pos="aq0cs0" postype="qualificative" wd="original"/>
        <sp>
          <prep>
            <s contracted="yes" gen="m" lem="al" num="s" pos="spcms" postype="preposition" wd="al"/>
          </prep>
          <S clausetype="completive" impersonal="yes">
            <infinitiu>
              <v lem="presentar" lss="A32.ditransitive-patient-benefactive" mood="infinitive" pos="vmn0000" postype="main" wd="presentar"/>
            </infinitiu>
            <sp arg="argM" func="cc" tem="cau">
              <prep>
                <s contracted="yes" gen="m" lem="con_motivo_del" num="s" pos="spcms" postype="preposition" wd="con_motivo_del"/>
              </prep>
              <sn coreftype="ident" entity="entity15" entityref="nne">
                <grup.nom gen="m" num="s">
                  <n gen="m" lem="homenaje" lexicalid="noun.homenaje.1.default" num="s" origin="deverbal" pos="ncms000" postype="common" sense="16:00797621" wd="homenaje"/>
                </grup.nom>
              </sn>
            </sp>
            <sn arg="arg1" entity="entity9" entityref="nne" func="cd" tem="pat">
              <spec gen="f" num="s">
                <d gen="f" lem="uno" num="s" pos="di0fs0" postype="indefinite" wd="una"/>
              </spec>
              <grup.nom gen="f" num="s">
                <s.a gen="f" num="s">
                  <grup.a gen="f" num="s">
                    <a gen="f" lem="nuevo" num="s" pos="aq0fs0" postype="qualificative" wd="nueva"/>
                  </grup.a>
                </s.a>
                <n gen="f" lem="serie" num="s" pos="ncfs000" postype="common" sense="16:06247582" wd="serie"/>
                <sp>
                  <prep>
                    <s lem="de" pos="sps00" postype="preposition" wd="de"/>
                  </prep>
                  <sn>
                    <grup.nom gen="m" num="p">
                      <n gen="m" lem="artículo" num="p" pos="ncmp000" postype="common" sense="16:00012704" wd="artículos"/>
                      <s.a gen="m" num="p">
                        <grup.a gen="m" num="p">
                          <a gen="m" lem="deportivo" num="p" pos="aq0mp0" postype="qualificative" wd="deportivos"/>
                        </grup.a>
                      </s.a>
                      <sp>
                        <prep>
                          <s lem="con" pos="sps00" postype="preposition" wd="con"/>
                        </prep>
                        <sn entityref="ne" ne="other">
                          <spec gen="m" num="s">
                            <d gen="m" lem="el" num="s" pos="da0ms0" postype="article" wd="el"/>
                          </spec>
                          <grup.nom gen="m" num="s">
                            <n gen="m" lem="eslogan" num="s" pos="ncms000" postype="common" sense="16:05350422" wd="eslogan"/>
                            <sn entityref="ne" ne="other">
                              <grup.nom gen="m" num="s">
                                <f lem="&quot;" pos="fe" punct="quotation" wd="&quot;"/>
                                <n lem="powered_by_joerg" ne="other" pos="np00000" postype="proper" wd="Powered_by_Joerg"/>
                                <f lem="&quot;" pos="fe" punct="quotation" wd="&quot;"/>
                              </grup.nom>
                            </sn>
                          </grup.nom>
                        </sn>
                      </sp>
                      <S clausetype="relative">
                        <f lem="," pos="fc" punct="comma" wd=","/>
                        <relatiu arg="arg1" coreftype="ident" entity="entity9" entityref="nne" func="suj" tem="tem">
                          <p gen="c" lem="que" num="c" pos="pr0cn000" postype="relative" wd="que"/>
                        </relatiu>
                        <grup.verb>
                          <v lem="llevar" lss="C21.state-attributive" mood="indicative" num="p" person="3" pos="vmip3p0" postype="main" tense="present" wd="llevan"/>
                        </grup.verb>
                        <sp arg="argM" func="cc" tem="adv">
                          <prep>
                            <c lem="como" pos="cs" postype="subordinating" wd="como"/>
                          </prep>
                          <sn>
                            <grup.nom gen="f" num="s">
                              <n gen="c" lem="emblema" num="s" pos="nccs000" postype="common" sense="16:02636606" wd="emblema"/>
                            </grup.nom>
                          </sn>
                        </sp>
                        <sn arg="arg2" entityref="nne" func="cd" functype="quantitative" tem="atr">
                          <spec gen="f" num="s">
                            <d gen="f" lem="uno" num="s" pos="di0fs0" postype="indefinite" wd="una"/>
                          </spec>
                          <grup.nom gen="f" num="s">
                            <n gen="f" lem="zarpa" num="s" pos="ncfs000" postype="common" sense="16:cs2" wd="zarpa"/>
                            <sp>
                              <prep>
                                <s lem="de" pos="sps00" postype="preposition" wd="de"/>
                              </prep>
                              <sn>
                                <grup.nom gen="m" num="s">
                                  <n gen="m" lem="oso" num="s" pos="ncms000" postype="common" sense="16:01640332" wd="oso"/>
                                </grup.nom>
                              </sn>
                            </sp>
                          </grup.nom>
                        </sn>
                      </S>
                    </grup.nom>
                  </sn>
                </sp>
              </grup.nom>
            </sn>
          </S>
        </sp>
      </grup.a>
    </sa>
    <f lem="." pos="fp" punct="period" wd="."/>
  </sentence>
  <sentence>
    <sn arg="arg0" entity="entity10" entityref="nne" func="suj" tem="cau">
      <spec gen="m" num="s">
        <d gen="m" lem="uno" num="s" pos="di0ms0" postype="indefinite" wd="Un"/>
      </spec>
      <grup.nom gen="m" num="s">
        <f lem="&quot;" pos="fe" punct="quotation" wd="&quot;"/>
        <n gen="m" lem="snowboard" num="s" pos="ncms000" postype="common" sense="16:cs2" wd="snowboard"/>
        <f lem="&quot;" pos="fe" punct="quotation" wd="&quot;"/>
        <sn>
          <grup.nom gen="f" num="s">
            <f lem="(" pos="fpa" punct="bracket" punctenclose="open" wd="("/>
            <n gen="f" lem="tabla" num="s" pos="ncfs000" postype="common" sense="16:10836071" wd="tabla"/>
            <sp>
              <prep>
                <s lem="para" pos="sps00" postype="preposition" wd="para"/>
              </prep>
              <S clausetype="completive" impersonal="yes">
                <infinitiu>
                  <v lem="esquiar" lss="D11.inergative-agentive" mood="infinitive" pos="vmn0000" postype="main" wd="esquiar"/>
                </infinitiu>
              </S>
            </sp>
            <f lem=")" pos="fpt" punct="bracket" punctenclose="close" wd=")"/>
          </grup.nom>
        </sn>
        <S clausetype="relative" coord="yes">
          <f lem="," pos="fc" punct="comma" wd=","/>
          <relatiu arg="arg1" coreftype="ident" entity="entity10" entityref="nne" func="suj" num="p" tem="pat">
            <p gen="c" lem="que" num="c" pos="pr0cn000" postype="relative" wd="que"/>
          </relatiu>
          <S clausetype="relative">
            <grup.verb>
              <v lem="ser" mood="indicative" num="s" person="3" pos="vsis3s0" postype="semiauxiliary" tense="past" wd="fue"/>
              <v gen="m" lem="estrenar" lss="B22.unaccusative-passive-transitive" mood="participle" num="s" pos="vmp00sm" postype="main" wd="estrenado"/>
            </grup.verb>
            <sp arg="argM" func="cc" tem="loc">
              <prep>
                <s lem="en" pos="sps00" postype="preposition" wd="en"/>
              </prep>
              <sn coreftype="ident" entity="entity5" entityref="spec">
                <spec gen="f" num="s">
                  <d gen="f" lem="el" num="s" pos="da0fs0" postype="article" wd="la"/>
                </spec>
                <grup.nom gen="f" num="s">
                  <n gen="f" lem="pista" num="s" pos="ncfs000" postype="common" sense="16:02510690" wd="pista"/>
                  <sp>
                    <prep>
                      <s lem="de" pos="sps00" postype="preposition" wd="de"/>
                    </prep>
                    <sn>
                      <grup.nom gen="m" num="s">
                        <n gen="m" lem="esquí" num="s" pos="ncms000" postype="common" sense="16:00279192" wd="esquí"/>
                      </grup.nom>
                    </sn>
                  </sp>
                </grup.nom>
              </sn>
            </sp>
            <sp arg="arg0" func="cag" tem="agt">
              <prep>
                <s lem="por" pos="sps00" postype="preposition" wd="por"/>
              </prep>
              <sn entityref="nne">
                <grup.nom gen="m" num="s">
                  <p gen="m" lem="uno" num="s" pos="pi0ms000" postype="indefinite" wd="uno"/>
                  <sp>
                    <prep>
                      <s lem="de" pos="sps00" postype="preposition" wd="de"/>
                    </prep>
                    <sn entityref="nne">
                      <spec gen="m" num="p">
                        <d coreftype="ident" entity="entity3" entityref="spec" gen="c" lem="su" num="p" person="3" pos="dp3cp0" postype="possessive" wd="sus"/>
                      </spec>
                      <grup.nom gen="m" num="p">
                        <n gen="m" lem="correligionario" num="p" pos="ncmp000" postype="common" sense="16:07184376" wd="correligionarios"/>
                      </grup.nom>
                    </sn>
                  </sp>
                </grup.nom>
              </sn>
            </sp>
          </S>
          <conj conjunctiontype="coordinating">
            <c lem="y" pos="cc" postype="coordinating" wd="y"/>
          </conj>
          <S clausetype="relative" verbless="yes">
            <grup.verb>
              <v gen="m" lem="entregar" mood="participle" num="s" pos="vmp00sm" postype="main" wd="entregado"/>
            </grup.verb>
            <sadv>
              <grup.adv>
                <r lem="seguidamente" pos="rg" wd="seguidamente"/>
              </grup.adv>
            </sadv>
            <sp>
              <prep>
                <s lem="a" pos="sps00" postype="preposition" wd="a"/>
              </prep>
              <sn coreftype="ident" entity="entity3" entityref="ne" ne="person">
                <grup.nom gen="m" num="s">
                  <n lem="Haider" ne="person" pos="np00000" postype="proper" wd="Haider"/>
                </grup.nom>
              </sn>
            </sp>
          </S>
          <f lem="," pos="fc" punct="comma" wd=","/>
        </S>
      </grup.nom>
    </sn>
    <grup.verb>
      <v lem="abrir" lss="A11.transitive-causative" mood="indicative" num="s" person="3" pos="vmip3s0" postype="main" tense="present" wd="abre"/>
    </grup.verb>
    <sn arg="arg1" entityref="nne" func="cd" homophoricDD="yes" tem="tem">
      <spec gen="f" num="s">
        <d gen="f" lem="el" num="s" pos="da0fs0" postype="article" wd="la"/>
      </spec>
      <grup.nom gen="f" num="s">
        <n gen="f" lem="gama" num="s" pos="ncfs000" postype="common" sense="16:03994905" wd="gama"/>
        <sp>
          <prep>
            <s lem="de" pos="sps00" postype="preposition" wd="de"/>
          </prep>
          <sn>
            <grup.nom gen="m" num="p">
              <n gen="m" lem="artículo" num="p" pos="ncmp000" postype="common" sense="16:00012704" wd="artículos"/>
              <s.a gen="m" num="p">
                <grup.a gen="m" num="p">
                  <a gen="m" lem="deportivo" num="p" pos="aq0mp0" postype="qualificative" wd="deportivos"/>
                </grup.a>
              </s.a>
            </grup.nom>
          </sn>
        </sp>
        <sp>
          <prep>
            <s contracted="yes" gen="m" lem="del" num="s" pos="spcms" postype="preposition" wd="del"/>
          </prep>
          <sn coreftype="ident" entity="entity1" entityref="ne" ne="organization">
            <grup.nom gen="m" num="s">
              <n lem="FPOE" ne="organization" pos="np00000" postype="proper" wd="FPOE"/>
              <S clausetype="relative">
                <f lem="," pos="fc" punct="comma" wd=","/>
                <relatiu arg="arg0" coreftype="ident" entity="entity1" entityref="spec" func="suj" tem="agt">
                  <p gen="c" lem="que" num="c" pos="pr0cn000" postype="relative" wd="que"/>
                </relatiu>
                <morfema.pronominal>
                  <p gen="c" lem="él" num="c" person="3" pos="p0300000" wd="se"/>
                </morfema.pronominal>
                <grup.verb>
                  <v lem="disponer" lss="A34.ditransitive-patient-theme" mood="indicative" num="s" person="3" pos="vmip3s0" postype="main" tense="present" wd="dispone"/>
                </grup.verb>
                <sp arg="arg2" func="creg" tem="tem">
                  <prep>
                    <s lem="a" pos="sps00" postype="preposition" wd="a"/>
                  </prep>
                  <S clausetype="completive" impersonal="yes">
                    <infinitiu>
                      <v lem="comercializar" lss="A21.transitive-agentive-patient" mood="infinitive" pos="vmn0000" postype="main" wd="comercializar"/>
                    </infinitiu>
                    <sadv func="mod">
                      <grup.adv>
                        <r lem="también" pos="rg" wd="también"/>
                      </grup.adv>
                    </sadv>
                    <sp arg="argM" func="cc" tem="adv">
                      <prep>
                        <s lem="de" pos="sps00" postype="preposition" wd="de"/>
                      </prep>
                      <sn>
                        <grup.nom gen="f" num="s">
                          <n gen="f" lem="forma" num="s" pos="ncfs000" postype="common" sense="16:00111872" wd="forma"/>
                          <s.a gen="f" num="s">
                            <grup.a gen="f" num="s">
                              <a gen="f" lem="inmediato" num="s" pos="aq0fs0" postype="qualificative" wd="inmediata"/>
                            </grup.a>
                          </s.a>
                        </grup.nom>
                      </sn>
                    </sp>
                    <sn arg="arg1" entityref="nne" func="cd" tem="pat">
                      <grup.nom gen="f" num="p">
                        <n gen="f" lem="bicicleta" num="p" pos="ncfp000" postype="common" sense="16:02285672" wd="bicicletas"/>
                        <sp>
                          <prep>
                            <s lem="de" pos="sps00" postype="preposition" wd="de"/>
                          </prep>
                          <sn>
                            <grup.nom gen="f" num="s">
                              <n gen="f" lem="montaña" num="s" pos="ncfs000" postype="common" sense="16:06711088" wd="montaña"/>
                            </grup.nom>
                          </sn>
                        </sp>
                      </grup.nom>
                    </sn>
                  </S>
                </sp>
              </S>
            </grup.nom>
          </sn>
        </sp>
      </grup.nom>
    </sn>
    <f lem="." pos="fp" punct="period" wd="."/>
  </sentence>
  <sentence>
    <sp arg="argM" func="cc" tem="adv">
      <prep>
        <s lem="entre" pos="sps00" postype="preposition" wd="Entre"/>
      </prep>
      <sn entityref="nne">
        <spec gen="m" num="p">
          <d gen="m" lem="otro" num="p" pos="di0mp0" postype="indefinite" wd="otros"/>
          <d gen="m" lem="mucho" num="p" pos="di0mp0" postype="indefinite" wd="muchos"/>
        </spec>
        <grup.nom gen="m" num="p">
          <n gen="m" lem="regalo" num="p" pos="ncmp000" postype="common" sense="16:09548218" wd="regalos"/>
        </grup.nom>
      </sn>
      <f lem="," pos="fc" punct="comma" wd=","/>
    </sp>
    <sn arg="arg0" coreftype="ident" entity="entity3" entityref="ne" func="suj" ne="person" tem="agt">
      <grup.nom gen="m" num="s">
        <n lem="Joerg_Haider" ne="person" pos="np00000" postype="proper" wd="Joerg_Haider"/>
      </grup.nom>
    </sn>
    <grup.verb>
      <v lem="recibir" lss="A34.ditransitive-patient-theme" mood="indicative" num="s" person="3" pos="vmis3s0" postype="main" tense="past" wd="recibió"/>
    </grup.verb>
    <sadv func="mod">
      <grup.adv>
        <r lem="también" pos="rg" wd="también"/>
      </grup.adv>
    </sadv>
    <sp arg="arg2" func="creg" tem="tem">
      <prep>
        <s lem="de" pos="sps00" postype="preposition" wd="de"/>
      </prep>
      <sn complex="yes" entityref="nne">
        <spec gen="m" num="p">
          <d coreftype="ident" entity="entity3" entityref="spec" gen="c" lem="su" num="p" person="3" pos="dp3cp0" postype="possessive" wd="sus"/>
        </spec>
        <grup.nom coord="yes">
          <grup.nom gen="m" num="p">
            <n gen="m" lem="amigo" num="p" pos="ncmp000" postype="common" sense="16:07280379" wd="amigos"/>
          </grup.nom>
          <conj conjunctiontype="coordinating">
            <c lem="y" pos="cc" postype="coordinating" wd="y"/>
          </conj>
          <grup.nom coreftype="ident" entity="entity6" entityref="nne" gen="m" num="p">
            <n gen="m" lem="seguidor" num="p" pos="ncmp000" postype="common" sense="16:07623193" wd="seguidores"/>
          </grup.nom>
        </grup.nom>
      </sn>
    </sp>
    <sn arg="arg1" coord="yes" func="cd" tem="pat">
      <sn entityref="nne">
        <grup.nom gen="f" num="p">
          <n gen="f" lem="entrada" lexicalid="noun.entrada.1.default" num="p" origin="deverbal" pos="ncfp000" postype="common" sense="16:04893813" wd="entradas"/>
          <sp arg="argM" func="cn" tem="fin">
            <prep>
              <s lem="para" pos="sps00" postype="preposition" wd="para"/>
            </prep>
            <S clausetype="completive" impersonal="yes">
              <infinitiu>
                <v lem="ver" lss="A21.transitive-agentive-patient" mood="infinitive" pos="vmn0000" postype="main" wd="ver"/>
              </infinitiu>
              <sp arg="arg1" func="cd" tem="pat">
                <prep>
                  <s lem="a" pos="sps00" postype="preposition" wd="a"/>
                </prep>
                <sn entityref="ne" ne="organization">
                  <spec gen="f" num="s">
                    <d gen="f" lem="el" num="s" pos="da0fs0" postype="article" wd="la"/>
                  </spec>
                  <grup.nom gen="f" num="s">
                    <n lem="Filarmónica_de_Berlín" ne="organization" pos="np00000" postype="proper" wd="Filarmónica_de_Berlín"/>
                  </grup.nom>
                </sn>
              </sp>
              <sp arg="argM" func="cc" tem="loc">
                <prep>
                  <s lem="en" pos="sps00" postype="preposition" wd="en"/>
                </prep>
                <sn entityref="ne" ne="other">
                  <spec gen="m" num="s">
                    <d gen="m" lem="el" num="s" pos="da0ms0" postype="article" wd="el"/>
                  </spec>
                  <grup.nom gen="m" num="s">
                    <s.a gen="m" num="s">
                      <grup.a gen="m" num="s">
                        <a gen="m" lem="próximo" num="s" pos="aq0ms0" postype="qualificative" wd="próximo"/>
                      </grup.a>
                    </s.a>
                    <n lem="Festival_de_Salzburgo" ne="other" pos="np00000" postype="proper" wd="Festival_de_Salzburgo"/>
                  </grup.nom>
                </sn>
              </sp>
            </S>
          </sp>
        </grup.nom>
      </sn>
      <f lem="," pos="fc" punct="comma" wd=","/>
      <sn entityref="nne">
        <spec gen="m" num="s">
          <d gen="m" lem="uno" num="s" pos="di0ms0" postype="indefinite" wd="un"/>
        </spec>
        <grup.nom gen="m" num="s">
          <n gen="m" lem="reloj" num="s" pos="ncms000" postype="common" sense="16:03506835" wd="reloj"/>
          <sp>
            <prep>
              <s lem="de" pos="sps00" postype="preposition" wd="de"/>
            </prep>
            <sn>
              <grup.nom gen="f" num="s">
                <n gen="f" lem="pulsera" num="s" pos="ncfs000" postype="common" sense="16:03635818" wd="pulsera"/>
              </grup.nom>
            </sn>
          </sp>
          <sp>
            <prep>
              <s lem="para" pos="sps00" postype="preposition" wd="para"/>
            </prep>
            <sn entityref="nne">
              <spec arg="arg0" gen="f" num="s" tem="agt">
                <d coreftype="ident" entity="entity3" entityref="spec" gen="c" lem="su" num="s" person="3" pos="dp3cs0" postype="possessive" wd="su"/>
              </spec>
              <grup.nom gen="f" num="s">
                <n gen="f" lem="colección" lexicalid="noun.colección.1.default" num="s" origin="deverbal" pos="ncfs000" postype="common" sense="16:05963394" wd="colección"/>
              </grup.nom>
            </sn>
          </sp>
        </grup.nom>
      </sn>
      <f lem="," pos="fc" punct="comma" wd=","/>
      <sn entityref="nne">
        <spec gen="f" num="s">
          <d gen="f" lem="uno" num="s" pos="di0fs0" postype="indefinite" wd="una"/>
        </spec>
        <grup.nom gen="f" num="s">
          <n gen="f" lem="botella" num="s" pos="ncfs000" postype="common" sense="16:02318679" wd="botella"/>
          <sp>
            <prep>
              <s lem="de" pos="sps00" postype="preposition" wd="de"/>
            </prep>
            <sn>
              <grup.nom gen="m" num="s">
                <n gen="m" lem="vino" num="s" pos="ncms000" postype="common" sense="16:05916701" wd="vino"/>
              </grup.nom>
            </sn>
          </sp>
          <sp>
            <prep>
              <s lem="de" pos="sps00" postype="preposition" wd="de"/>
            </prep>
            <sn>
              <spec gen="m" num="p">
                <d gen="c" lem="diez" num="p" pos="dn0cp0" postype="numeral" wd="diez"/>
              </spec>
              <grup.nom gen="m" num="p">
                <n gen="m" lem="litro" num="p" pos="ncmp000" postype="common" sense="16:09794447" wd="litros"/>
              </grup.nom>
            </sn>
          </sp>
          <sp>
            <prep>
              <s lem="de" pos="sps00" postype="preposition" wd="de"/>
            </prep>
            <sn>
              <grup.nom gen="f" num="s">
                <n gen="f" lem="edición" lexicalid="noun.edición.1.default" num="s" origin="deverbal" pos="ncfs000" postype="common" sense="16:cs1" wd="edición"/>
                <s.a func="cn" gen="f" num="s">
                  <grup.a gen="f" num="s">
                    <a gen="f" lem="exclusivo" num="s" pos="aq0fs0" postype="qualificative" wd="exclusiva"/>
                  </grup.a>
                </s.a>
              </grup.nom>
            </sn>
          </sp>
        </grup.nom>
      </sn>
      <conj conjunctiontype="coordinating">
        <c lem="y" pos="cc" postype="coordinating" wd="y"/>
      </conj>
      <sn entityref="nne">
        <spec gen="m" num="s">
          <d gen="m" lem="uno" num="s" pos="di0ms0" postype="indefinite" wd="un"/>
        </spec>
        <grup.nom gen="m" num="s">
          <s.a gen="m" num="s">
            <grup.a gen="m" num="s">
              <a gen="m" lem="antiguo" num="s" pos="aq0ms0" postype="qualificative" wd="antiguo"/>
            </grup.a>
          </s.a>
          <n gen="m" lem="equipo" num="s" pos="ncms000" postype="common" sense="16:06093198" wd="equipo"/>
          <s.a gen="m" num="s">
            <grup.a gen="m" num="s">
              <a gen="m" lem="completo" num="s" pos="aq0ms0" postype="qualificative" wd="completo"/>
            </grup.a>
          </s.a>
          <sp>
            <prep>
              <s lem="de" pos="sps00" postype="preposition" wd="de"/>
            </prep>
            <sn>
              <grup.nom gen="m" num="s">
                <n gen="m" lem="esquí" num="s" pos="ncms000" postype="common" sense="16:00279192" wd="esquí"/>
              </grup.nom>
            </sn>
          </sp>
          <sn>
            <f lem="," pos="fc" punct="comma" wd=","/>
            <grup.nom gen="f" num="s">
              <n gen="f" lem="réplica" lexicalid="noun.réplica.1.default" num="s" origin="deverbal" pos="ncfs000" postype="common" sense="16:03229727" wd="réplica"/>
              <sp arg="arg1" func="cn" tem="pat">
                <prep>
                  <s lem="de" pos="sps00" postype="preposition" wd="de"/>
                </prep>
                <sn entityref="nne">
                  <spec gen="m" num="p">
                    <d gen="m" lem="el" num="p" pos="da0mp0" postype="article" wd="los"/>
                  </spec>
                  <grup.nom gen="m" num="p">
                    <sp>
                      <prep>
                        <s lem="de" pos="sps00" postype="preposition" wd="de"/>
                      </prep>
                      <sn entityref="nne">
                        <grup.nom gen="m" num="p">
                          <n gen="m" lem="principio" num="p" pos="ncmp000" postype="common" sense="16:06275359" wd="principios"/>
                          <sp>
                            <prep>
                              <s lem="de" pos="sps00" postype="preposition" wd="de"/>
                            </prep>
                            <sn entityref="nne">
                              <grup.nom gen="m" num="s">
                                <n gen="m" lem="siglo" num="s" pos="ncms000" postype="common" sense="16:10918678" wd="siglo"/>
                              </grup.nom>
                            </sn>
                          </sp>
                        </grup.nom>
                      </sn>
                    </sp>
                  </grup.nom>
                </sn>
              </sp>
            </grup.nom>
          </sn>
        </grup.nom>
      </sn>
    </sn>
    <f lem="." pos="fp" punct="period" wd="."/>
  </sentence>
  <sentence>
    <sn arg="arg0" coreftype="ident" entity="entity15" entityref="nne" func="suj" homophoricDD="yes" tem="agt">
      <spec gen="f" num="s">
        <d gen="f" lem="el" num="s" pos="da0fs0" postype="article" wd="La"/>
      </spec>
      <grup.nom gen="f" num="s">
        <n gen="f" lem="fiesta" num="s" pos="ncfs000" postype="common" sense="16:06126536" wd="fiesta"/>
        <sp>
          <prep>
            <s lem="en" pos="sps00" postype="preposition" wd="en"/>
          </prep>
          <sn>
            <grup.nom gen="m" num="s">
              <n gen="m" lem="honor" num="s" pos="ncms000" postype="common" sense="16:10357889" wd="honor"/>
              <sp>
                <prep>
                  <s lem="de" pos="sps00" postype="preposition" wd="de"/>
                </prep>
                <sn coreftype="ident" entity="entity3" entityref="ne" ne="person">
                  <grup.nom gen="m" num="s">
                    <n lem="Haider" ne="person" pos="np00000" postype="proper" wd="Haider"/>
                  </grup.nom>
                </sn>
              </sp>
            </grup.nom>
          </sn>
        </sp>
      </grup.nom>
    </sn>
    <grup.verb>
      <v lem="iniciar" lss="A21.transitive-agentive-patient" mood="indicative" num="s" person="3" pos="vmis3s0" postype="main" tense="past" wd="inició"/>
    </grup.verb>
    <sn arg="arg1" entityref="nne" func="cd" tem="pat">
      <spec gen="m" num="s">
        <d coreftype="ident" entity="entity15" entityref="nne" gen="c" lem="su" num="s" person="3" pos="dp3cs0" postype="possessive" wd="su"/>
      </spec>
      <grup.nom gen="m" num="s">
        <n gen="m" lem="apogeo" num="s" pos="ncms000" postype="common" sense="16:10983867" wd="apogeo"/>
      </grup.nom>
    </sn>
    <sp arg="argM" func="cc" tem="tmp">
      <prep>
        <s contracted="yes" gen="m" lem="al" num="s" pos="spcms" postype="preposition" wd="al"/>
      </prep>
      <S clausetype="completive" impersonal="yes">
        <infinitiu>
          <v lem="anochecer" lss="C11.state-existential" mood="infinitive" pos="vmn0000" postype="main" wd="anochecer"/>
        </infinitiu>
      </S>
    </sp>
    <sp arg="argM" func="cc" tem="loc">
      <prep>
        <s lem="en" pos="sps00" postype="preposition" wd="en"/>
      </prep>
      <sn entity="entity11" entityref="ne" ne="location">
        <spec gen="m" num="s">
          <d gen="m" lem="el" num="s" pos="da0ms0" postype="article" wd="el"/>
        </spec>
        <grup.nom gen="m" num="s">
          <n gen="m" lem="estadio" num="s" pos="ncms000" postype="common" sense="16:03396704" wd="estadio"/>
          <S clausetype="participle" impersonal="yes">
            <participi>
              <a gen="m" lem="abierto" num="s" pos="aq0msp" posfunction="participle" postype="qualificative" wd="abierto"/>
            </participi>
          </S>
          <sn entityref="ne" ne="location">
            <grup.nom gen="m" num="s">
              <f lem="&quot;" pos="fe" punct="quotation" wd="&quot;"/>
              <n lem="Alpen-Arena" ne="location" pos="np00000" postype="proper" wd="Alpen-Arena"/>
              <f lem="&quot;" pos="fe" punct="quotation" wd="&quot;"/>
            </grup.nom>
          </sn>
          <S clausetype="relative" coord="yes">
            <f lem="," pos="fc" punct="comma" wd=","/>
            <relatiu arg="argM" coreftype="ident" entity="entity11" entityref="spec" func="cc" tem="loc">
              <p gen="c" lem="donde" num="c" pos="pr000000" postype="relative" wd="donde"/>
            </relatiu>
            <S clausetype="relative">
              <grup.verb>
                <v lem="actuar" lss="D11.inergative-agentive" mood="indicative" num="p" person="3" pos="vmif3p0" postype="main" tense="future" wd="actuarán"/>
              </grup.verb>
              <sp arg="argM" func="cc" tem="tmp">
                <prep>
                  <s lem="hasta" pos="sps00" postype="preposition" wd="hasta"/>
                </prep>
                <sn entityref="nne">
                  <grup.nom gen="f" num="p">
                    <s.a gen="f" num="p">
                      <grup.a gen="f" num="p">
                        <a gen="f" lem="alto" num="p" pos="aq0fp0" postype="qualificative" wd="altas"/>
                      </grup.a>
                    </s.a>
                    <n gen="f" lem="hora" num="p" pos="ncfp000" postype="common" sense="16:10856821" wd="horas"/>
                  </grup.nom>
                </sn>
              </sp>
              <sn arg="arg0" entityref="nne" func="suj" tem="agt">
                <spec gen="m" num="p">
                  <d gen="m" lem="varios" num="p" pos="di0mp0" postype="indefinite" wd="varios"/>
                </spec>
                <grup.nom gen="m" num="p">
                  <n gen="m" lem="grupo" num="p" pos="ncmp000" postype="common" sense="16:06086825" wd="grupos"/>
                  <s.a gen="m" num="p">
                    <grup.a gen="m" num="p">
                      <a gen="c" lem="musical" num="p" pos="aq0cp0" postype="qualificative" wd="musicales"/>
                    </grup.a>
                  </s.a>
                </grup.nom>
              </sn>
            </S>
            <conj conjunctiontype="coordinating">
              <c lem="y" pos="cc" postype="coordinating" wd="y"/>
            </conj>
            <S clausetype="relative">
              <grup.verb>
                <v lem="poder" mood="indicative" num="p" person="3" pos="vmif3p0" postype="main" tense="future" wd="podrán"/>
                <infinitiu>
                  <v lem="ver" lss="C21.state-attributive" mood="infinitive" pos="vmn0000" postype="main" wd="verse"/>
                </infinitiu>
              </grup.verb>
              <sn arg="arg1" entity="entity12" entityref="nne" func="suj" tem="tem">
                <spec gen="f" num="p">
                  <d gen="f" lem="varios" num="p" pos="di0fp0" postype="indefinite" wd="varias"/>
                </spec>
                <grup.nom gen="f" num="p">
                  <n gen="f" lem="exhibición" lexicalid="noun.exhibición.1.default" num="p" origin="deverbal" pos="ncfp000" postype="common" sense="16:00335980" wd="exhibiciones"/>
                  <sp arg="arg1" func="cn" tem="pat">
                    <prep>
                      <s lem="de" pos="sps00" postype="preposition" wd="de"/>
                    </prep>
                    <sn>
                      <grup.nom gen="m" num="p">
                        <n gen="m" lem="deporte" num="p" pos="ncmp000" postype="common" sense="16:00274956" wd="deportes"/>
                        <sp>
                          <prep>
                            <s lem="de" pos="sps00" postype="preposition" wd="de"/>
                          </prep>
                          <sn>
                            <grup.nom gen="m" num="s">
                              <n gen="m" lem="invierno" num="s" pos="ncms000" postype="common" sense="16:10946591" wd="invierno"/>
                            </grup.nom>
                          </sn>
                        </sp>
                      </grup.nom>
                    </sn>
                  </sp>
                  <S clausetype="relative" func="cn">
                    <f lem="," pos="fc" punct="comma" wd=","/>
                    <relatiu arg="arg1" coreftype="ident" entity="entity12" entityref="nne" func="suj" tem="tem">
                      <p gen="c" lem="que" num="c" pos="pr0cn000" postype="relative" wd="que"/>
                    </relatiu>
                    <grup.verb>
                      <v lem="culminar" lss="B21.unaccusative-state" mood="indicative" num="p" person="3" pos="vmif3p0" postype="main" tense="future" wd="culminarán"/>
                    </grup.verb>
                    <sp arg="argM" func="cc" tem="mnr">
                      <prep>
                        <s lem="con" pos="sps00" postype="preposition" wd="con"/>
                      </prep>
                      <sn entityref="nne">
                        <grup.nom gen="m" num="p">
                          <n gen="m" lem="fuego" num="p" pos="ncmp000" postype="common" sense="16:09686541" wd="fuegos"/>
                          <sp>
                            <prep>
                              <s lem="de" pos="sps00" postype="preposition" wd="de"/>
                            </prep>
                            <sn>
                              <grup.nom gen="m" num="s">
                                <n gen="m" lem="artificio" num="s" pos="ncms000" postype="common" sense="16:cs2" wd="artificio"/>
                              </grup.nom>
                            </sn>
                          </sp>
                        </grup.nom>
                      </sn>
                    </sp>
                  </S>
                </grup.nom>
              </sn>
            </S>
          </S>
        </grup.nom>
      </sn>
    </sp>
    <f lem="." pos="fp" punct="period" wd="."/>
  </sentence>
</article>
