<?xml version="1.0" encoding="UTF-8"?>
<!-- 

  ancora-2.0
       
			Copyright (C) 2007, 2008, 2009, 2010, 2011 UB - CLiC
			Centre de Llenguatge i Computació - Universitat de Barcelona
 
  This file is part of ancora-2.0.
 
  ancora-2.0 is free software and data: you can redistribute it and/or modify
  it under the terms of the GNU General Public License as published
  by the Free Software Foundation, either version 3 of the License,
  or (at your option) any later version.

  ancora-2.0 is distributed in the hope that it will be useful,
  but WITHOUT ANY WARRANTY; without even the implied warranty of
  MERCHANTABILITY or FITNESS FOR A PARTICULAR PURPOSE.  See the
  GNU General Public License for more details.
 
  You should have received a copy of the GNU General Public License
  along with ancora-2.0.  If not, see &lt;http://www.gnu.org/licenses/&gt;.
 
  Check a text in catalan explaining the terms of the license at http://www.softcatala.cat/wiki/GPL3.
  In spanish at http://www.viti.es/gnu/licenses/gpl.html
 

  The following paper must be cited when using this corpus:

 * Taulé, M., M.A. Martí, M. Recasens (2008) 'Ancora: Multilevel Annotated Corpora for Catalan and Spanish',
   Proceedings of 6th International Conference on Language Resources and Evaluation. Marrakesh (Morocco).

  In addition, the following paper must be cited if coreference information (attributes entity, coreftype,
  corefsubtype, homophoricDD or entityref) is used:

 * Recasens, Marta, M. Antònia Martí (2010) ‘AnCora-CO: Coreferentially annotated corpora for Spanish and
   Catalan’. Language Resources and Evaluation, Springer Science.

  Additionally, the following paper must be cited when argumental attributes in "sn" or "grup.nom"
  (attributes func, arg, tem or lexicalid) are used:

 * Peris, Aina, Mariona Taulé, Horacio Rodríguez (2010) ‘Semantic Annotation of Deverbal Nominalizations in the
   Spanish AnCora corpus’. Treebanks and Linguistic Theories (TLT-2010), Estonia.
-->
<article lng="es">
  <sentence id="0">
    <S arg="arg1" clausetype="completive" func="cd" tem="pat">
      <sn arg="arg0" entity="entity13" entityref="ne" func="suj" ne="organization" tem="agt">
        <spec gen="f" num="p">
          <d gen="f" lem="el" num="p" pos="da0fp0" postype="article" wd="Las"/>
        </spec>
        <grup.nom gen="f" num="p">
          <n lem="Grandes_Ligas" ne="organization" pos="np00000" postype="proper" wd="Grandes_Ligas"/>
        </grup.nom>
      </sn>
      <neg func="mod">
        <r lem="no" pos="rn" postype="negative" wd="no"/>
      </neg>
      <grup.verb>
        <v lem="tomar" lss="A21.transitive-agentive-patient" mood="indicative" num="p" person="3" pos="vmif3p0" postype="main" tense="future" wd="tomarán"/>
      </grup.verb>
      <sn arg="arg1" entityref="nne" func="cd" tem="pat">
        <spec gen="f" num="s">
          <d gen="f" lem="uno" num="s" pos="di0fs0" postype="indefinite" wd="una"/>
        </spec>
        <grup.nom gen="f" num="s">
          <n gen="f" lem="decisión" lexicalid="noun.decisión.1.default" num="s" origin="deverbal" pos="ncfs000" postype="common" sense="16:00105760" wd="decisión"/>
          <sp arg="arg1" func="cn" tem="pat">
            <prep>
              <s lem="sobre" pos="sps00" postype="preposition" wd="sobre"/>
            </prep>
            <sn entity="entity7" entityref="nne" homophoricDD="yes">
              <spec gen="f" num="s">
                <d gen="f" lem="el" num="s" pos="da0fs0" postype="article" wd="la"/>
              </spec>
              <grup.nom gen="f" num="s">
                <s.a func="cn" gen="f" num="s">
                  <grup.a gen="f" num="s">
                    <a gen="c" lem="posible" num="s" pos="aq0cs0" postype="qualificative" wd="posible"/>
                  </grup.a>
                </s.a>
                <n gen="f" lem="suspensión" lexicalid="noun.suspensión.2.default" num="s" origin="deverbal" pos="ncfs000" postype="common" sense="16:10093359" wd="suspensión"/>
                <sp arg="arg1" func="cn" tem="pat">
                  <prep>
                    <s contracted="yes" gen="m" lem="del" num="s" pos="spcms" postype="preposition" wd="del"/>
                  </prep>
                  <sn entity="entity2" entityref="ne" ne="person">
                    <grup.nom gen="m" num="s">
                      <n gen="m" lem="toletero" num="s" pos="ncms000" postype="common" sense="16:cs2" wd="toletero"/>
                      <sn entityref="ne" ne="person">
                        <grup.nom gen="m" num="s">
                          <n lem="Darryl_Strawberry" ne="person" pos="np00000" postype="proper" wd="Darryl_Strawberry"/>
                        </grup.nom>
                      </sn>
                    </grup.nom>
                  </sn>
                </sp>
              </grup.nom>
            </sn>
          </sp>
        </grup.nom>
      </sn>
      <sp arg="argM" func="cc" tem="tmp">
        <prep>
          <s lem="hasta" pos="sps00" postype="preposition" wd="hasta"/>
        </prep>
        <sn entityref="nne" homophoricDD="yes">
          <spec gen="f" num="s">
            <d gen="f" lem="el" num="s" pos="da0fs0" postype="article" wd="la"/>
          </spec>
          <grup.nom gen="f" num="s">
            <n gen="f" lem="semana" num="s" pos="ncfs000" postype="common" sense="16:10862128" wd="semana"/>
            <s.a gen="f" num="s">
              <grup.a gen="f" num="s">
                <a gen="f" lem="próximo" num="s" pos="aq0fs0" postype="qualificative" wd="próxima"/>
              </grup.a>
            </s.a>
          </grup.nom>
        </sn>
      </sp>
      <f lem="," pos="fc" punct="comma" wd=","/>
    </S>
    <grup.verb>
      <v lem="decir" lss="A32.ditransitive-patient-benefactive" mood="indicative" num="s" person="3" pos="vmis3s0" postype="main" tense="past" wd="dijo"/>
    </grup.verb>
    <sadv arg="argM" func="cc" tem="tmp">
      <grup.adv>
        <r lem="hoy" pos="rg" wd="hoy"/>
      </grup.adv>
    </sadv>
    <sn arg="arg0" entity="entity1" entityref="ne" func="suj" ne="person" tem="agt">
      <spec gen="m" num="s">
        <d gen="m" lem="el" num="s" pos="da0ms0" postype="article" wd="el"/>
      </spec>
      <grup.nom gen="m" num="s">
        <n gen="c" lem="piloto" num="s" pos="nccs000" postype="common" sense="16:cs1" wd="piloto"/>
        <sp>
          <prep>
            <s lem="de" pos="sps00" postype="preposition" wd="de"/>
          </prep>
          <sn entity="entity9" entityref="ne" ne="organization">
            <spec gen="m" num="p">
              <d gen="m" lem="el" num="p" pos="da0mp0" postype="article" wd="los"/>
            </spec>
            <grup.nom gen="m" num="p">
              <n lem="Yanquis_de_Nueva_York" ne="organization" pos="np00000" postype="proper" wd="Yanquis_de_Nueva_York"/>
            </grup.nom>
          </sn>
        </sp>
        <sn corefsubtype="definit" coreftype="pred" entity="entity1" entityref="ne" ne="person">
          <f lem="," pos="fc" punct="comma" wd=","/>
          <grup.nom gen="m" num="s">
            <n lem="Joe_Torre" ne="person" pos="np00000" postype="proper" wd="Joe_Torre"/>
            <f lem="." pos="fp" punct="period" wd="."/>
          </grup.nom>
        </sn>
      </grup.nom>
    </sn>
  </sentence>
  <sentence id="1">
    <sn arg="arg0" coreftype="ident" entity="entity2" entityref="ne" func="suj" ne="person" tem="agt">
      <grup.nom>
        <n lem="Strawberry" ne="person" pos="np00000" postype="proper" wd="Strawberry"/>
        <sp>
          <f lem="," pos="fc" punct="comma" wd=","/>
          <prep>
            <s lem="de" pos="sps00" postype="preposition" wd="de"/>
          </prep>
          <sn>
            <spec gen="m" num="p">
              <z lem="37" ne="number" wd="37"/>
            </spec>
            <grup.nom gen="m" num="p">
              <n gen="m" lem="año" num="p" pos="ncmp000" postype="common" sense="16:10917509" wd="años"/>
            </grup.nom>
          </sn>
          <f lem="," pos="fc" punct="comma" wd=","/>
        </sp>
      </grup.nom>
    </sn>
    <grup.verb>
      <v lem="violar" lss="A21.transitive-agentive-patient" mood="indicative" num="s" person="3" pos="vmis3s0" postype="main" tense="past" wd="violó"/>
    </grup.verb>
    <sn arg="arg1" entityref="nne" func="cd" homophoricDD="yes" tem="pat">
      <spec gen="f" num="p">
        <d gen="f" lem="el" num="p" pos="da0fp0" postype="article" wd="las"/>
      </spec>
      <grup.nom gen="f" num="p">
        <n gen="f" lem="condición" num="p" pos="ncfp000" postype="common" sense="16:05062525" wd="condiciones"/>
        <sp>
          <prep>
            <s lem="de" pos="sps00" postype="preposition" wd="de"/>
          </prep>
          <sn entityref="nne">
            <spec gen="f" num="s">
              <d coreftype="ident" entity="entity2" entityref="spec" gen="c" lem="su" num="s" person="3" pos="dp3cs0" postype="possessive" wd="su"/>
            </spec>
            <grup.nom gen="f" num="s">
              <n gen="f" lem="libertad" num="s" pos="ncfs000" postype="common" sense="16:10079933" wd="libertad"/>
              <sp>
                <prep>
                  <s lem="bajo" pos="sps00" postype="preposition" wd="bajo"/>
                </prep>
                <sn>
                  <grup.nom gen="f" num="s">
                    <n gen="f" lem="fianza" lexicalid="noun.fianza.1.default" num="s" origin="deverbal" pos="ncfs000" postype="common" sense="16:09612224" wd="fianza"/>
                  </grup.nom>
                </sn>
              </sp>
              <sp>
                <prep>
                  <s lem="por" pos="sps00" postype="preposition" wd="por"/>
                </prep>
                <sn entityref="nne">
                  <grup.nom gen="f" num="s">
                    <n gen="f" lem="posesión" lexicalid="noun.posesión.1.default" num="s" origin="deverbal" pos="ncfs000" postype="common" sense="16:00517391" wd="posesión"/>
                    <sp arg="arg2" func="cn" tem="atr">
                      <prep>
                        <s lem="de" pos="sps00" postype="preposition" wd="de"/>
                      </prep>
                      <sn entityref="nne">
                        <grup.nom gen="f" num="p">
                          <n gen="f" lem="droga" num="p" pos="ncfp000" postype="common" sense="16:02609065" wd="drogas"/>
                        </grup.nom>
                      </sn>
                    </sp>
                  </grup.nom>
                </sn>
              </sp>
            </grup.nom>
          </sn>
        </sp>
      </grup.nom>
    </sn>
    <sp arg="argM" func="cc" tem="tmp">
      <prep>
        <s contracted="yes" gen="m" lem="al" num="s" pos="spcms" postype="preposition" wd="al"/>
      </prep>
      <S clausetype="completive" impersonal="yes">
        <infinitiu>
          <v lem="dar" lss="A21.transitive-agentive-patient" mood="infinitive" pos="vmn0000" postype="main" wd="dar"/>
        </infinitiu>
        <sn arg="argL" entityref="lex" func="cd">
          <grup.nom gen="m" num="s">
            <sa>
              <grup.a>
                <a gen="m" lem="positivo" num="s" pos="aq0ms0" postype="qualificative" wd="positivo"/>
              </grup.a>
            </sa>
          </grup.nom>
        </sn>
        <sp arg="argM" func="cc" tem="loc">
          <prep>
            <s lem="en" pos="sps00" postype="preposition" wd="en"/>
          </prep>
          <sn entity="entity3" entityref="nne">
            <spec gen="m" num="s">
              <d gen="m" lem="uno" num="s" pos="di0ms0" postype="indefinite" wd="un"/>
            </spec>
            <grup.nom gen="m" num="s">
              <n gen="m" lem="examen" num="s" pos="ncms000" postype="common" sense="16:00419850" wd="examen"/>
              <sp>
                <prep>
                  <s lem="de" pos="sps00" postype="preposition" wd="de"/>
                </prep>
                <sn>
                  <grup.nom gen="f" num="s">
                    <n gen="f" lem="cocaína" num="s" pos="ncfs000" postype="common" sense="16:02463642" wd="cocaína"/>
                  </grup.nom>
                </sn>
              </sp>
              <S clausetype="relative">
                <relatiu arg="arg1" coreftype="ident" entity="entity3" entityref="nne" func="cd" tem="pat">
                  <p gen="c" lem="que" num="c" pos="pr0cn000" postype="relative" wd="que"/>
                </relatiu>
                <sn arg="arg0" elliptic="yes" entityref="nne" func="suj" tem="agt"/>
                <sn arg="arg2" coreftype="ident" entity="entity2" entityref="spec" func="ci" tem="ben">
                  <grup.nom num="s">
                    <p case="dative" gen="c" lem="él" num="s" person="3" pos="pp3csd00" postype="personal" wd="le"/>
                  </grup.nom>
                </sn>
                <grup.verb>
                  <v lem="hacer" lss="A21.transitive-agentive-patient" mood="indicative" num="p" person="3" pos="vmis3p0" postype="main" tense="past" wd="hicieron"/>
                </grup.verb>
                <sn arg="argM" entityref="ne" func="cc" ne="date" tem="tmp">
                  <spec gen="m" num="s">
                    <d gen="m" lem="el" num="s" pos="da0ms0" postype="article" wd="el"/>
                  </spec>
                  <grup.nom gen="m" num="s">
                    <S clausetype="participle" impersonal="yes">
                      <participi>
                        <a gen="m" lem="pasado" num="s" pos="aq0msp" posfunction="participle" postype="qualificative" wd="pasado"/>
                      </participi>
                    </S>
                    <w lem="[??:19/01/??:??.??]" ne="date" wd="19_de_enero"/>
                  </grup.nom>
                </sn>
              </S>
            </grup.nom>
          </sn>
        </sp>
      </S>
    </sp>
    <f lem="." pos="fp" punct="period" wd="."/>
  </sentence>
  <sentence id="2">
    <S arg="arg1" clausetype="completive" func="cd" tem="pat">
      <f lem="&quot;" pos="fe" punct="quotation" wd="&quot;"/>
      <sn arg="arg1" entityref="nne" func="suj" homophoricDD="yes" tem="tem">
        <spec gen="m" num="s">
          <d gen="c" lem="el" num="s" pos="da0ns0" postype="article" wd="Lo"/>
        </spec>
        <grup.nom gen="m" num="s">
          <s.a gen="m" num="s">
            <spec>
              <r lem="más" pos="rg" wd="más"/>
            </spec>
            <grup.a gen="m" num="s">
              <a gen="c" lem="importante" num="s" pos="aq0cs0" postype="qualificative" wd="importante"/>
              <sp>
                <prep>
                  <s lem="para" pos="sps00" postype="preposition" wd="para"/>
                </prep>
                <sn coreftype="ident" entity="entity1" entityref="spec">
                  <grup.nom num="s">
                    <p case="oblique" gen="c" lem="yo" num="s" person="1" pos="pp1cso00" postype="personal" wd="mí"/>
                  </grup.nom>
                </sn>
              </sp>
            </grup.a>
          </s.a>
        </grup.nom>
      </sn>
      <grup.verb>
        <v lem="ser" lss="C21.state-attributive" mood="indicative" num="s" person="3" pos="vsip3s0" postype="semiauxiliary" tense="present" wd="es"/>
      </grup.verb>
      <S arg="arg2" clausetype="completive" func="atr" tem="atr">
        <sadv arg="argM" func="cc" tem="mnr">
          <grup.adv>
            <p lem="cómo" pos="pt000000" postype="interrogative" wd="cómo"/>
          </grup.adv>
        </sadv>
        <morfema.pronominal>
          <p gen="c" lem="él" num="c" person="3" pos="p0300000" wd="se"/>
        </morfema.pronominal>
        <grup.verb>
          <v lem="sentir" lss="C21.state-attributive" mood="indicative" num="s" person="3" pos="vmip3s0" postype="main" tense="present" wd="siente"/>
        </grup.verb>
        <sn arg="arg1" coreftype="ident" entity="entity2" entityref="ne" func="suj" ne="person" tem="tem">
          <grup.nom gen="m" num="s">
            <n lem="Darryl" ne="person" pos="np00000" postype="proper" wd="Darryl"/>
          </grup.nom>
        </sn>
      </S>
      <f lem="&quot;" pos="fe" punct="quotation" wd="&quot;"/>
      <f lem="," pos="fc" punct="comma" wd=","/>
    </S>
    <grup.verb>
      <v lem="comentar" lss="A32.ditransitive-patient-benefactive" mood="indicative" num="s" person="3" pos="vmis3s0" postype="main" tense="past" wd="comentó"/>
    </grup.verb>
    <sn arg="arg0" coreftype="ident" entity="entity1" entityref="ne" func="suj" ne="person" tem="agt">
      <grup.nom gen="m" num="s">
        <n lem="Torre" ne="person" pos="np00000" postype="proper" wd="Torre"/>
      </grup.nom>
    </sn>
    <f lem="." pos="fp" punct="period" wd="."/>
  </sentence>
  <sentence id="3">
    <S arg="arg1" clausetype="completive" coord="yes" func="cd" tem="pat">
      <f lem="&quot;" pos="fe" punct="quotation" wd="&quot;"/>
      <S clausetype="completive">
        <neg func="mod">
          <r lem="no" pos="rn" postype="negative" wd="No"/>
        </neg>
        <grup.verb>
          <v lem="haber" lss="C11.state-existential" mood="indicative" num="s" person="3" pos="vaip3s0" postype="auxiliary" tense="present" wd="hay"/>
        </grup.verb>
        <sn arg="arg1" func="cd" functype="quantitative" tem="tem">
          <grup.nom gen="m" num="s">
            <p gen="c" lem="nada" num="s" pos="pi0cs000" postype="indefinite" wd="nada"/>
            <S clausetype="relative">
              <relatiu arg="arg1" func="cd" tem="pat">
                <p gen="c" lem="que" num="c" pos="pr0cn000" postype="relative" wd="que"/>
              </relatiu>
              <sn arg="arg0" coreftype="ident" elliptic="yes" entity="entity1" entityref="spec" func="suj" tem="agt"/>
              <grup.verb>
                <v lem="poder" mood="subjunctive" num="s" person="3" pos="vmsp3s0" postype="main" tense="present" wd="pueda"/>
                <infinitiu>
                  <v lem="hacer" lss="A21.transitive-agentive-patient" mood="infinitive" pos="vmn0000" postype="main" wd="hacer"/>
                </infinitiu>
              </grup.verb>
              <sp arg="argM" func="cc" tem="adv">
                <prep>
                  <s lem="por" pos="sps00" postype="preposition" wd="por"/>
                </prep>
                <sn coreftype="ident" entity="entity2" entityref="spec">
                  <grup.nom num="s">
                    <p gen="m" lem="él" num="s" person="3" pos="pp3ms000" postype="personal" wd="él"/>
                  </grup.nom>
                </sn>
              </sp>
              <S clausetype="completive" impersonal="yes">
                <sadv arg="argM" func="cc" tem="adv">
                  <grup.adv>
                    <r lem="menos" pos="rg" wd="menos"/>
                  </grup.adv>
                </sadv>
                <infinitiu entity="entity4">
                  <v coreftype="ident" entity="entity2" lem="apoyar" lss="A21.transitive-agentive-patient" mood="infinitive" pos="vmn0000" postype="main" wd="apoyarlo"/>
                </infinitiu>
              </S>
            </S>
          </grup.nom>
        </sn>
      </S>
      <conj conjunctiontype="coordinating">
        <c lem="y" pos="cc" postype="coordinating" wd="y"/>
      </conj>
      <S clausetype="completive" verbless="yes">
        <sn corefsubtype="token" coreftype="dx" entity="entity4" entityref="nne">
          <grup.nom gen="m" num="s">
            <p gen="c" lem="ese" num="s" pos="pd0ns000" postype="demonstrative" wd="eso"/>
          </grup.nom>
        </sn>
        <sn>
          <spec gen="m" num="s">
            <d gen="c" lem="el" num="s" pos="da0ns0" postype="article" wd="lo"/>
          </spec>
          <grup.nom gen="m" num="s">
            <S clausetype="relative">
              <relatiu arg="arg1" discid="1c" func="cd" tem="pat">
                <p gen="c" lem="que" num="c" pos="pr0cn000" postype="relative" wd="que"/>
              </relatiu>
              <sn arg="arg0" coreftype="ident" elliptic="yes" entity="entity1" entityref="spec" func="suj" tem="agt"/>
              <grup.verb>
                <v lem="pensar" lss="A21.transitive-agentive-patient" mood="indicative" num="s" person="1" pos="vmip1s0" postype="main" tense="present" wd="pienso"/>
              </grup.verb>
              <S arg="arg1" clausetype="completive" discid="1n" func="cd" impersonal="yes" tem="pat">
                <infinitiu>
                  <v lem="hacer" lss="A21.transitive-agentive-patient" mood="infinitive" pos="vmn0000" postype="main" wd="hacer"/>
                </infinitiu>
              </S>
            </S>
          </grup.nom>
        </sn>
      </S>
      <f lem="&quot;" pos="fe" punct="quotation" wd="&quot;"/>
      <f lem="," pos="fc" punct="comma" wd=","/>
    </S>
    <grup.verb>
      <v lem="añadir" lss="A21.transitive-agentive-patient" mood="indicative" num="s" person="3" pos="vmis3s0" postype="main" tense="past" wd="añadió"/>
    </grup.verb>
    <sn arg="arg0" coreftype="ident" elliptic="yes" entity="entity1" entityref="spec" func="suj" tem="agt"/>
    <f lem="." pos="fp" punct="period" wd="."/>
  </sentence>
  <sentence coord="yes" id="4">
    <S>
      <sn arg="arg1" coreftype="ident" entity="entity2" entityref="ne" func="suj" ne="person" tem="pat">
        <grup.nom gen="m" num="s">
          <n lem="Strawberry" ne="person" pos="np00000" postype="proper" wd="Strawberry"/>
          <S clausetype="participle" impersonal="yes">
            <f lem="," pos="fc" punct="comma" wd=","/>
            <sn arg="argM" func="cc" tem="adv">
              <spec gen="f" num="p">
                <d gen="c" lem="ocho" num="p" pos="dn0cp0" postype="numeral" wd="ocho"/>
              </spec>
              <grup.nom gen="f" num="p">
                <n gen="f" lem="vez" num="p" pos="ncfp000" postype="common" sense="16:05449233" wd="veces"/>
              </grup.nom>
            </sn>
            <participi>
              <a gen="m" lem="elegido" lss="B22.unaccusative-passive-transitive" num="s" pos="aq0msp" posfunction="participle" postype="qualificative" wd="elegido"/>
            </participi>
            <sp arg="argM" func="cc" tem="fin">
              <prep>
                <s lem="para" pos="sps00" postype="preposition" wd="para"/>
              </prep>
              <sn entityref="ne" ne="other">
                <spec gen="m" num="s">
                  <d gen="m" lem="el" num="s" pos="da0ms0" postype="article" wd="el"/>
                </spec>
                <grup.nom gen="m" num="s">
                  <n lem="Partido_de_las_Estrellas" ne="other" pos="np00000" postype="proper" wd="Partido_de_las_Estrellas"/>
                </grup.nom>
              </sn>
            </sp>
            <f lem="," pos="fc" punct="comma" wd=","/>
          </S>
        </grup.nom>
      </sn>
      <grup.verb>
        <v lem="haber" mood="indicative" num="s" person="3" pos="vaip3s0" postype="auxiliary" tense="present" wd="ha"/>
        <v gen="m" lem="ser" mood="participle" num="s" pos="vsp00sm" postype="semiauxiliary" wd="sido"/>
        <v gen="m" lem="suspender" lss="B22.unaccusative-passive-transitive" mood="participle" num="s" pos="vmp00sm" postype="main" wd="suspendido"/>
      </grup.verb>
      <sn arg="argM" func="cc" tem="adv">
        <spec gen="f" num="p">
          <d gen="c" lem="dos" num="p" pos="dn0cp0" postype="numeral" wd="dos"/>
        </spec>
        <grup.nom gen="f" num="p">
          <n gen="f" lem="vez" num="p" pos="ncfp000" postype="common" sense="16:05449233" wd="veces"/>
        </grup.nom>
      </sn>
      <sp arg="argM" func="cc" tem="cau">
        <prep>
          <s lem="por" pos="sps00" postype="preposition" wd="por"/>
        </prep>
        <sn entityref="nne">
          <grup.nom gen="m" num="s">
            <n gen="m" lem="consumo" lexicalid="noun.consumo.3.default" num="s" origin="deverbal" pos="ncms000" postype="common" sense="16:00229211" wd="consumo"/>
            <sp arg="arg1" func="cn" tem="pat">
              <prep>
                <s lem="de" pos="sps00" postype="preposition" wd="de"/>
              </prep>
              <sn entityref="nne">
                <grup.nom gen="f" num="s">
                  <n gen="f" lem="cocaína" num="s" pos="ncfs000" postype="common" sense="16:02463642" wd="cocaína"/>
                </grup.nom>
              </sn>
            </sp>
          </grup.nom>
        </sn>
      </sp>
    </S>
    <conj conjunctiontype="coordinating">
      <c lem="y" pos="cc" postype="coordinating" wd="y"/>
    </conj>
    <S>
      <sp func="ao">
        <f lem="," pos="fc" punct="comma" wd=","/>
        <prep>
          <s lem="según" pos="sps00" postype="preposition" wd="según"/>
        </prep>
        <sn entityref="nne">
          <spec gen="f" num="p">
            <d gen="f" lem="alguno" num="p" pos="di0fp0" postype="indefinite" wd="algunas"/>
          </spec>
          <grup.nom gen="f" num="p">
            <n gen="f" lem="fuente" num="p" pos="ncfp000" postype="common" sense="16:07338656" wd="fuentes"/>
            <sadv>
              <grup.adv>
                <r lem="dentro" pos="rg" wd="dentro"/>
                <sp>
                  <prep>
                    <s lem="de" pos="sps00" postype="preposition" wd="de"/>
                  </prep>
                  <sn entityref="nne" homophoricDD="yes">
                    <spec gen="f" num="s">
                      <d gen="f" lem="el" num="s" pos="da0fs0" postype="article" wd="la"/>
                    </spec>
                    <grup.nom gen="f" num="s">
                      <n gen="f" lem="oficina" num="s" pos="ncfs000" postype="common" sense="16:03052755" wd="oficina"/>
                      <sp>
                        <prep>
                          <s contracted="yes" gen="m" lem="del" num="s" pos="spcms" postype="preposition" wd="del"/>
                        </prep>
                        <sn entity="entity11" entityref="nne">
                          <grup.nom gen="m" num="s">
                            <n gen="m" lem="comisionado" num="s" pos="ncms000" postype="common" sense="16:07170728" wd="comisionado"/>
                          </grup.nom>
                        </sn>
                      </sp>
                    </grup.nom>
                  </sn>
                </sp>
              </grup.adv>
            </sadv>
          </grup.nom>
        </sn>
        <f lem="," pos="fc" punct="comma" wd=","/>
      </sp>
      <sn arg="arg0" coreftype="ident" elliptic="yes" entity="entity2" entityref="spec" func="suj" tem="agt"/>
      <grup.verb>
        <v lem="poder" mood="indicative" num="s" person="3" pos="vmip3s0" postype="main" tense="present" wd="puede"/>
        <infinitiu>
          <v lem="recibir" lss="A21.transitive-agentive-patient" mood="infinitive" pos="vmn0000" postype="main" wd="recibir"/>
        </infinitiu>
      </grup.verb>
      <sn arg="arg1" entityref="nne" func="cd" tem="pat">
        <spec gen="f" num="s">
          <d gen="f" lem="otro" num="s" pos="di0fs0" postype="indefinite" wd="otra"/>
        </spec>
        <grup.nom gen="f" num="s">
          <n gen="f" lem="sanción" lexicalid="noun.sanción.1.default" num="s" origin="deverbal" pos="ncfs000" postype="common" sense="16:04023017" wd="sanción"/>
          <sp arg="arg2" func="cn" tem="tem">
            <prep>
              <s lem="de" pos="sps00" postype="preposition" wd="de"/>
            </prep>
            <sn>
              <sadv adjunct="yes">
                <grup.adv>
                  <r lem="por_lo_menos" pos="rg" wd="por_lo_menos"/>
                </grup.adv>
              </sadv>
              <sn>
                <spec gen="m" num="s">
                  <d gen="m" lem="uno" num="s" pos="di0ms0" postype="indefinite" wd="un"/>
                </spec>
                <grup.nom gen="m" num="s">
                  <n gen="m" lem="año" num="s" pos="ncms000" postype="common" sense="16:10917509" wd="año"/>
                </grup.nom>
              </sn>
            </sn>
          </sp>
        </grup.nom>
      </sn>
    </S>
    <f lem="." pos="fp" punct="period" wd="."/>
  </sentence>
  <sentence id="5">
    <sn arg="arg0" coreftype="ident" entity="entity1" entityref="ne" func="suj" ne="person" tem="agt">
      <grup.nom gen="m" num="s">
        <n lem="Torre" ne="person" pos="np00000" postype="proper" wd="Torre"/>
      </grup.nom>
    </sn>
    <grup.verb>
      <v lem="ver" lss="A21.transitive-agentive-patient" mood="indicative" num="s" person="3" pos="vmis3s0" postype="main" tense="past" wd="vio"/>
    </grup.verb>
    <sp arg="argM" func="cpred" tem="atr">
      <prep>
        <c lem="como" pos="cs" postype="subordinating" wd="como"/>
      </prep>
      <s.a gen="m" num="s">
        <grup.a gen="m" num="s">
          <a gen="m" lem="positivo" num="s" pos="aq0ms0" postype="qualificative" wd="positivo"/>
        </grup.a>
      </s.a>
    </sp>
    <S arg="arg1" clausetype="completive" func="cd" tem="pat">
      <conj conjunctiontype="subordinating">
        <c lem="que" pos="cs" postype="subordinating" wd="que"/>
      </conj>
      <sn arg="arg0" entity="entity6" entityref="nne" func="suj" homophoricDD="yes" tem="agt">
        <spec gen="m" num="p">
          <d gen="m" lem="el" num="p" pos="da0mp0" postype="article" wd="los"/>
        </spec>
        <grup.nom gen="m" num="p">
          <n gen="m" lem="directivo" num="p" pos="ncmp000" postype="common" sense="16:07217113" wd="directivos"/>
          <sp>
            <prep>
              <s lem="de" pos="sps00" postype="preposition" wd="de"/>
            </prep>
            <sn coreftype="ident" entity="entity13" entityref="ne" ne="organization">
              <spec gen="f" num="p">
                <d gen="f" lem="el" num="p" pos="da0fp0" postype="article" wd="las"/>
              </spec>
              <grup.nom gen="f" num="p">
                <n lem="Grandes_Ligas" ne="organization" pos="np00000" postype="proper" wd="Grandes_Ligas"/>
              </grup.nom>
            </sn>
          </sp>
        </grup.nom>
      </sn>
      <neg func="mod">
        <r lem="no" pos="rn" postype="negative" wd="no"/>
      </neg>
      <grup.verb>
        <v lem="haber" mood="subjunctive" num="p" person="3" pos="vasp3p0" postype="auxiliary" tense="present" wd="hayan"/>
        <v gen="m" lem="llegar" lss="A22.transitive-agentive-theme" mood="participle" num="s" pos="vmp00sm" postype="main" wd="llegado"/>
      </grup.verb>
      <sp arg="arg1" func="creg" tem="tem">
        <prep>
          <s lem="a" pos="sps00" postype="preposition" wd="a"/>
        </prep>
        <sn entityref="nne">
          <spec gen="m" num="s">
            <d gen="m" lem="uno" num="s" pos="di0ms0" postype="indefinite" wd="un"/>
          </spec>
          <grup.nom gen="m" num="s">
            <n gen="m" lem="acuerdo" lexicalid="noun.acuerdo.1.default" num="s" origin="deverbal" pos="ncms000" postype="common" sense="16:05072418" wd="acuerdo"/>
            <sp arg="arg1" func="cn" tem="pat">
              <prep>
                <s lem="sobre" pos="sps00" postype="preposition" wd="sobre"/>
              </prep>
              <sn coreftype="ident" entity="entity7" entityref="nne" homophoricDD="yes">
                <spec gen="f" num="s">
                  <d gen="f" lem="el" num="s" pos="da0fs0" postype="article" wd="la"/>
                </spec>
                <grup.nom gen="f" num="s">
                  <n gen="f" lem="suspensión" lexicalid="noun.suspensión.2.default" num="s" origin="deverbal" pos="ncfs000" postype="common" sense="16:10093359" wd="suspensión"/>
                  <sp arg="arg1" func="cn" tem="pat">
                    <prep>
                      <s lem="de" pos="sps00" postype="preposition" wd="de"/>
                    </prep>
                    <sn coreftype="ident" entity="entity2" entityref="ne" ne="person">
                      <grup.nom gen="m" num="s">
                        <n lem="Strawberry" ne="person" pos="np00000" postype="proper" wd="Strawberry"/>
                      </grup.nom>
                    </sn>
                  </sp>
                </grup.nom>
              </sn>
            </sp>
          </grup.nom>
        </sn>
      </sp>
    </S>
    <f lem="." pos="fp" punct="period" wd="."/>
  </sentence>
  <sentence id="6">
    <S arg="arg1" clausetype="completive" entity="entity8" func="cd" tem="pat">
      <f lem="&quot;" pos="fe" punct="quotation" wd="&quot;"/>
      <sadv func="mod">
        <grup.adv>
          <r lem="quizás" pos="rg" wd="Quizás"/>
        </grup.adv>
      </sadv>
      <sn arg="arg1" coreftype="ident" elliptic="yes" entity="entity6" entityref="nne" func="suj" tem="tem"/>
      <grup.verb>
        <v lem="estar" mood="indicative" num="p" person="3" pos="vmip3p0" postype="main" tense="present" wd="están"/>
        <gerundi>
          <v lem="tomar_en_cuenta" lss="A22.transitive-agentive-theme" mood="gerund" pos="vmg0000" postype="main" wd="tomando_en_cuenta"/>
        </gerundi>
      </grup.verb>
      <sn arg="arg1" entityref="nne" func="cd" tem="pat">
        <spec gen="m" num="p">
          <d gen="m" lem="todo" num="p" pos="di0mp0" postype="indefinite" wd="todos"/>
          <d gen="m" lem="el" num="p" pos="da0mp0" postype="article" wd="los"/>
        </spec>
        <grup.nom gen="m" num="p">
          <n gen="m" lem="factor" num="p" pos="ncmp000" postype="common" sense="16:05460817" wd="factores"/>
        </grup.nom>
      </sn>
      <f lem="&quot;" pos="fe" punct="quotation" wd="&quot;"/>
      <f lem="," pos="fc" punct="comma" wd=","/>
    </S>
    <grup.verb>
      <v lem="decir" lss="A32.ditransitive-patient-benefactive" mood="indicative" num="s" person="3" pos="vmis3s0" postype="main" tense="past" wd="dijo"/>
    </grup.verb>
    <sn arg="arg0" coreftype="ident" entity="entity1" entityref="ne" func="suj" ne="person" tem="agt">
      <grup.nom gen="m" num="s">
        <n lem="Torre" ne="person" pos="np00000" postype="proper" wd="Torre"/>
      </grup.nom>
    </sn>
    <f lem="." pos="fp" punct="period" wd="."/>
  </sentence>
  <sentence id="7">
    <S arg="arg1" clausetype="completive" func="cd" tem="pat">
      <f lem="&quot;" pos="fe" punct="quotation" wd="&quot;"/>
      <sn arg="arg1" corefsubtype="token" coreftype="dx" entity="entity8" entityref="nne" func="suj" tem="tem">
        <grup.nom gen="m" num="s">
          <p gen="c" lem="ese" num="s" pos="pd0ns000" postype="demonstrative" wd="Eso"/>
        </grup.nom>
      </sn>
      <grup.verb>
        <v lem="ser" lss="C21.state-attributive" mood="indicative" num="s" person="3" pos="vsic3s0" postype="semiauxiliary" tense="conditional" wd="sería"/>
      </grup.verb>
      <sn arg="arg2" func="atr" tem="atr">
        <spec gen="f" num="s">
          <d gen="f" lem="uno" num="s" pos="di0fs0" postype="indefinite" wd="una"/>
        </spec>
        <grup.nom gen="f" num="s">
          <n gen="f" lem="señal" num="s" pos="ncfs000" postype="common" sense="16:cs1" wd="señal"/>
          <s.a gen="f" num="s">
            <grup.a gen="f" num="s">
              <a gen="f" lem="positivo" num="s" pos="aq0fs0" postype="qualificative" wd="positiva"/>
              <sp>
                <prep>
                  <s lem="para" pos="sps00" postype="preposition" wd="para"/>
                </prep>
                <sn coreftype="ident" entity="entity2" entityref="ne" ne="person">
                  <grup.nom gen="m" num="s">
                    <n lem="Darryl" ne="person" pos="np00000" postype="proper" wd="Darryl"/>
                  </grup.nom>
                </sn>
              </sp>
            </grup.a>
          </s.a>
        </grup.nom>
      </sn>
      <S arg="argM" clausetype="adverbial" func="cc" tem="cau">
        <f lem="," pos="fc" punct="comma" wd=","/>
        <conj conjunctiontype="subordinating">
          <c lem="porque" pos="cs" postype="subordinating" wd="porque"/>
        </conj>
        <sn arg="arg0" coreftype="ident" elliptic="yes" entity="entity1" entityref="spec" func="suj" tem="agt"/>
        <grup.verb>
          <v lem="saber" lss="A22.transitive-agentive-theme" mood="indicative" num="s" person="1" pos="vmip1s0" postype="main" tense="present" wd="sé"/>
        </grup.verb>
        <S arg="arg1" clausetype="completive" func="cd" tem="pat">
          <conj conjunctiontype="subordinating">
            <c lem="que" pos="cs" postype="subordinating" wd="que"/>
          </conj>
          <sn arg="arg0" coreftype="ident" elliptic="yes" entity="entity2" entityref="spec" func="suj" tem="agt"/>
          <grup.verb>
            <v lem="merecer" lss="A21.transitive-agentive-patient" mood="indicative" num="s" person="3" pos="vmip3s0" postype="main" tense="present" wd="merece"/>
          </grup.verb>
          <sn arg="arg1" entityref="nne" func="cd" tem="pat">
            <spec gen="f" num="s">
              <d gen="f" lem="otro" num="s" pos="di0fs0" postype="indefinite" wd="otra"/>
            </spec>
            <grup.nom gen="f" num="s">
              <n gen="f" lem="oportunidad" num="s" pos="ncfs000" postype="common" sense="16:10391618" wd="oportunidad"/>
            </grup.nom>
          </sn>
        </S>
      </S>
      <f lem="&quot;" pos="fe" punct="quotation" wd="&quot;"/>
      <f lem="," pos="fc" punct="comma" wd=","/>
    </S>
    <grup.verb>
      <v lem="agregar" lss="A21.transitive-agentive-patient" mood="indicative" num="s" person="3" pos="vmis3s0" postype="main" tense="past" wd="agregó"/>
    </grup.verb>
    <sn arg="arg0" coreftype="ident" elliptic="yes" entity="entity1" entityref="spec" func="suj" tem="agt"/>
    <f lem="." pos="fp" punct="period" wd="."/>
  </sentence>
  <sentence id="8">
    <sn arg="arg0" coreftype="ident" entity="entity1" entityref="ne" func="suj" ne="person" tem="agt">
      <spec gen="m" num="s">
        <d gen="m" lem="el" num="s" pos="da0ms0" postype="article" wd="El"/>
      </spec>
      <grup.nom gen="m" num="s">
        <n gen="c" lem="piloto" num="s" pos="nccs000" postype="common" sense="16:cs1" wd="piloto"/>
        <sp>
          <prep>
            <s lem="de" pos="sps00" postype="preposition" wd="de"/>
          </prep>
          <sn coreftype="ident" entity="entity9" entityref="ne" ne="organization">
            <spec gen="m" num="p">
              <d gen="m" lem="el" num="p" pos="da0mp0" postype="article" wd="los"/>
            </spec>
            <grup.nom gen="m" num="p">
              <n lem="Yanquis" ne="organization" pos="np00000" postype="proper" wd="Yanquis"/>
            </grup.nom>
          </sn>
        </sp>
      </grup.nom>
    </sn>
    <sadv func="mod">
      <grup.adv>
        <r lem="también" pos="rg" wd="también"/>
      </grup.adv>
    </sadv>
    <grup.verb>
      <v lem="decir" lss="A32.ditransitive-patient-benefactive" mood="indicative" num="s" person="3" pos="vmis3s0" postype="main" tense="past" wd="dijo"/>
    </grup.verb>
    <S arg="arg1" clausetype="completive" func="cd" tem="pat">
      <conj conjunctiontype="subordinating">
        <c lem="que" pos="cs" postype="subordinating" wd="que"/>
      </conj>
      <sn arg="arg1" coreftype="ident" elliptic="yes" entity="entity1" entityref="spec" func="suj" tem="pat"/>
      <neg func="mod">
        <r lem="no" pos="rn" postype="negative" wd="no"/>
      </neg>
      <grup.verb>
        <v lem="haber" mood="indicative" num="s" person="3" pos="vaip3s0" postype="auxiliary" tense="present" wd="ha"/>
        <v gen="m" lem="ser" mood="participle" num="s" pos="vsp00sm" postype="semiauxiliary" wd="sido"/>
        <v gen="m" lem="contactar" lss="B22.unaccusative-passive-transitive" mood="participle" num="s" pos="vmp00sm" postype="main" wd="contactado"/>
      </grup.verb>
      <sp arg="arg0" func="cag" tem="agt">
        <prep>
          <s lem="por" pos="sps00" postype="preposition" wd="por"/>
        </prep>
        <sn coreftype="ident" entity="entity6" entityref="nne" homophoricDD="yes">
          <spec gen="m" num="p">
            <d gen="m" lem="el" num="p" pos="da0mp0" postype="article" wd="los"/>
          </spec>
          <grup.nom gen="m" num="p">
            <n gen="m" lem="directivo" num="p" pos="ncmp000" postype="common" sense="16:07217113" wd="directivos"/>
            <sp>
              <prep>
                <s lem="de" pos="sps00" postype="preposition" wd="de"/>
              </prep>
              <sn coreftype="ident" entity="entity13" entityref="ne" ne="organization">
                <spec gen="f" num="p">
                  <d gen="f" lem="el" num="p" pos="da0fp0" postype="article" wd="las"/>
                </spec>
                <grup.nom gen="f" num="p">
                  <n lem="Grandes_Ligas" ne="organization" pos="np00000" postype="proper" wd="Grandes_Ligas"/>
                </grup.nom>
              </sn>
            </sp>
          </grup.nom>
        </sn>
      </sp>
      <sp arg="argM" func="cc" tem="adv">
        <prep>
          <c lem="como" pos="cs" postype="subordinating" wd="como"/>
        </prep>
        <sn>
          <grup.nom gen="f" num="s">
            <n gen="f" lem="parte" num="s" pos="ncfs000" postype="common" sense="16:03296757" wd="parte"/>
            <sp>
              <prep>
                <s lem="de" pos="sps00" postype="preposition" wd="de"/>
              </prep>
              <sn entityref="nne">
                <spec arg="arg0" gen="f" num="s" tem="agt">
                  <d coreftype="ident" entity="entity6" entityref="nne" gen="c" lem="su" num="s" person="3" pos="dp3cs0" postype="possessive" wd="su"/>
                </spec>
                <grup.nom gen="f" num="s">
                  <n gen="f" lem="investigación" lexicalid="noun.investigación.1.default" num="s" origin="deverbal" pos="ncfs000" postype="common" sense="16:04470360" wd="investigación"/>
                </grup.nom>
              </sn>
            </sp>
          </grup.nom>
        </sn>
      </sp>
    </S>
    <f lem="." pos="fp" punct="period" wd="."/>
  </sentence>
  <sentence id="9">
    <S arg="arg1" clausetype="completive" func="cd" tem="pat">
      <f lem="&quot;" pos="fe" punct="quotation" wd="&quot;"/>
      <sn arg="arg0" coreftype="ident" elliptic="yes" entity="entity1" entityref="spec" func="suj" tem="agt"/>
      <grup.verb>
        <v lem="creer" lss="A21.transitive-agentive-patient" mood="indicative" num="s" person="1" pos="vmip1s0" postype="main" tense="present" wd="Creo"/>
      </grup.verb>
      <S arg="arg1" clausetype="completive" func="cd" tem="pat">
        <conj conjunctiontype="subordinating">
          <c lem="que" pos="cs" postype="subordinating" wd="que"/>
        </conj>
        <sn arg="arg0" coreftype="ident" elliptic="yes" entity="entity6" entityref="nne" func="suj" tem="agt"/>
        <grup.verb>
          <v lem="recibir" lss="A21.transitive-agentive-patient" mood="indicative" num="p" person="3" pos="vmip3p0" postype="main" tense="present" wd="reciben"/>
        </grup.verb>
        <sn arg="arg1" entityref="nne" func="cd" tem="pat">
          <grup.nom gen="f" num="s">
            <n gen="f" lem="información" lexicalid="noun.información.1.default" num="s" origin="deverbal" pos="ncfs000" postype="common" sense="16:04480483" wd="información"/>
            <sp arg="arg1" func="cn" tem="pat">
              <prep>
                <s lem="de" pos="sps00" postype="preposition" wd="de"/>
              </prep>
              <sn entityref="nne" homophoricDD="yes">
                <spec gen="m" num="s">
                  <d gen="c" lem="el" num="s" pos="da0ns0" postype="article" wd="lo"/>
                </spec>
                <grup.nom gen="m" num="s">
                  <S clausetype="relative">
                    <relatiu arg="arg1" func="cd" tem="pat">
                      <p gen="c" lem="que" num="c" pos="pr0cn000" postype="relative" wd="que"/>
                    </relatiu>
                    <sn arg="arg0" coreftype="ident" elliptic="yes" entity="entity1" entityref="spec" func="suj" tem="agt"/>
                    <sn arg="arg3" coreftype="ident" entity="entity10" entityref="nne" func="ci" repetition="yes" tem="ben">
                      <grup.nom num="s">
                        <p case="dative" gen="c" lem="él" num="s" person="3" pos="pp3csd00" postype="personal" wd="le"/>
                      </grup.nom>
                    </sn>
                    <grup.verb>
                      <v lem="decir" lss="A32.ditransitive-patient-benefactive" mood="indicative" num="s" person="1" pos="vmip1s0" postype="main" tense="present" wd="digo"/>
                    </grup.verb>
                    <sp arg="arg3" func="ci" repetition="yes" tem="ben">
                      <prep>
                        <s lem="a" pos="sps00" postype="preposition" wd="a"/>
                      </prep>
                      <sn entity="entity10" entityref="nne" homophoricDD="yes">
                        <spec gen="f" num="s">
                          <d gen="f" lem="el" num="s" pos="da0fs0" postype="article" wd="la"/>
                        </spec>
                        <grup.nom gen="f" num="s">
                          <n gen="f" lem="prensa" num="s" pos="ncfs000" postype="common" sense="16:cs1" wd="prensa"/>
                        </grup.nom>
                      </sn>
                    </sp>
                  </S>
                </grup.nom>
              </sn>
            </sp>
          </grup.nom>
        </sn>
      </S>
      <f lem="&quot;" pos="fe" punct="quotation" wd="&quot;"/>
      <f lem="," pos="fc" punct="comma" wd=","/>
    </S>
    <grup.verb>
      <v lem="comentar" lss="A32.ditransitive-patient-benefactive" mood="indicative" num="s" person="3" pos="vmis3s0" postype="main" tense="past" wd="comentó"/>
    </grup.verb>
    <sn arg="arg0" coreftype="ident" entity="entity1" entityref="ne" func="suj" ne="person" tem="agt">
      <grup.nom gen="m" num="s">
        <n lem="Torre" ne="person" pos="np00000" postype="proper" wd="Torre"/>
      </grup.nom>
    </sn>
    <f lem="." pos="fp" punct="period" wd="."/>
  </sentence>
  <sentence id="10">
    <S arg="arg1" clausetype="completive" coord="yes" func="cd" tem="pat">
      <f lem="&quot;" pos="fe" punct="quotation" wd="&quot;"/>
      <S clausetype="completive">
        <sp arg="argM" func="cc" tem="tmp">
          <prep>
            <s lem="desde" pos="sps00" postype="preposition" wd="Desde"/>
          </prep>
          <S clausetype="completive">
            <conj conjunctiontype="subordinating">
              <c lem="que" pos="cs" postype="subordinating" wd="que"/>
            </conj>
            <grup.verb>
              <v lem="llegar" lss="B11.unaccusative-motion" mood="indicative" num="s" person="3" pos="vmis3s0" postype="main" tense="past" wd="llegó"/>
            </grup.verb>
            <sn arg="arg1" coreftype="ident" entity="entity2" entityref="ne" func="suj" ne="person" tem="tem">
              <grup.nom gen="m" num="s">
                <n lem="Strawberry" ne="person" pos="np00000" postype="proper" wd="Strawberry"/>
              </grup.nom>
            </sn>
            <sp arg="arg4" func="cc" tem="des">
              <prep>
                <s lem="a" pos="sps00" postype="preposition" wd="a"/>
              </prep>
              <sn coreftype="ident" entity="entity9" entityref="spec">
                <spec gen="m" num="s">
                  <d gen="m" lem="nuestro" num="s" person="1" pos="dp1msp" possessornum="p" postype="possessive" wd="nuestro"/>
                </spec>
                <grup.nom gen="m" num="s">
                  <n gen="m" lem="equipo" num="s" pos="ncms000" postype="common" sense="16:06093198" wd="equipo"/>
                </grup.nom>
              </sn>
            </sp>
          </S>
        </sp>
        <sn arg="arg1" coreftype="ident" elliptic="yes" entity="entity2" entityref="spec" func="suj" tem="tem"/>
        <grup.verb>
          <v lem="haber" mood="indicative" num="s" person="3" pos="vaip3s0" postype="auxiliary" tense="present" wd="ha"/>
          <v gen="m" lem="ser" lss="C21.state-attributive" mood="participle" num="s" pos="vsp00sm" postype="semiauxiliary" wd="sido"/>
        </grup.verb>
        <sn arg="arg2" corefsubtype="indefinit" coreftype="pred" entity="entity2" func="atr" tem="atr">
          <spec gen="m" num="s">
            <d gen="m" lem="uno" num="s" pos="di0ms0" postype="indefinite" wd="un"/>
          </spec>
          <grup.nom gen="m" num="s">
            <n gen="m" lem="ejemplo" num="s" pos="ncms000" postype="common" sense="16:07415674" wd="ejemplo"/>
            <sp>
              <prep>
                <s lem="de" pos="sps00" postype="preposition" wd="de"/>
              </prep>
              <S clausetype="completive">
                <sadv arg="argM" func="cc" tem="adv">
                  <grup.adv>
                    <p lem="cómo" pos="pt000000" postype="interrogative" wd="cómo"/>
                  </grup.adv>
                </sadv>
                <morfema.pronominal>
                  <p gen="c" lem="él" num="c" person="3" pos="p0300000" wd="se"/>
                </morfema.pronominal>
                <grup.verb>
                  <v lem="deber" mood="indicative" num="s" person="3" pos="vmip3s0" postype="main" tense="present" wd="debe"/>
                  <infinitiu>
                    <v lem="portar" lss="D11.inergative-agentive" mood="infinitive" pos="vmn0000" postype="main" wd="portar"/>
                  </infinitiu>
                </grup.verb>
                <sn arg="arg0" entityref="nne" func="suj" tem="agt">
                  <spec gen="m" num="s">
                    <d gen="m" lem="uno" num="s" pos="di0ms0" postype="indefinite" wd="un"/>
                  </spec>
                  <grup.nom gen="m" num="s">
                    <n gen="c" lem="profesional" num="s" pos="nccs000" postype="common" sense="16:07504007" wd="profesional"/>
                  </grup.nom>
                </sn>
              </S>
            </sp>
          </grup.nom>
        </sn>
      </S>
      <f lem="," pos="fc" punct="comma" wd=","/>
      <S clausetype="completive">
        <sn arg="arg0" coreftype="ident" elliptic="yes" entity="entity2" entityref="spec" func="suj" tem="agt"/>
        <sadv arg="argM" func="cc" tem="tmp">
          <grup.adv>
            <r lem="nunca" pos="rg" wd="nunca"/>
          </grup.adv>
        </sadv>
        <sn arg="arg2" coreftype="ident" entity="entity1" entityref="spec" func="ci" tem="ben">
          <grup.nom num="s">
            <p gen="c" lem="yo" num="s" person="1" pos="pp1cs000" postype="personal" wd="me"/>
          </grup.nom>
        </sn>
        <grup.verb>
          <v lem="haber" mood="indicative" num="s" person="3" pos="vaip3s0" postype="auxiliary" tense="present" wd="ha"/>
          <v gen="m" lem="dar" lss="A32.ditransitive-patient-benefactive" mood="participle" num="s" pos="vmp00sm" postype="main" wd="dado"/>
        </grup.verb>
        <sn arg="arg1" func="cd" tem="pat">
          <grup.nom gen="m" num="p">
            <n gen="m" lem="problema" num="p" pos="ncmp000" postype="common" sense="16:04394770" wd="problemas"/>
          </grup.nom>
        </sn>
      </S>
      <f lem="&quot;" pos="fe" punct="quotation" wd="&quot;"/>
      <f lem="," pos="fc" punct="comma" wd=","/>
    </S>
    <grup.verb>
      <v lem="apuntar" lss="A21.transitive-agentive-patient" mood="indicative" num="s" person="3" pos="vmis3s0" postype="main" tense="past" wd="apuntó"/>
    </grup.verb>
    <sn arg="arg0" coreftype="ident" elliptic="yes" entity="entity1" entityref="spec" func="suj" tem="agt"/>
    <f lem="." pos="fp" punct="period" wd="."/>
  </sentence>
  <sentence id="11">
    <S arg="argM" clausetype="adverbial" func="cc" tem="tmp">
      <conj conjunctiontype="subordinating">
        <c lem="mientras_que" pos="cs" postype="subordinating" wd="Mientras_que"/>
      </conj>
      <sn arg="arg0" coreftype="ident" elliptic="yes" entity="entity9" entityref="spec" func="suj" tem="agt"/>
      <grup.verb>
        <v lem="esperar" lss="A21.transitive-agentive-patient" mood="indicative" num="p" person="3" pos="vmip3p0" postype="main" tense="present" wd="esperan"/>
      </grup.verb>
      <sn arg="arg1" entityref="nne" func="cd" tem="pat">
        <spec gen="f" num="s">
          <d gen="f" lem="uno" num="s" pos="di0fs0" postype="indefinite" wd="una"/>
        </spec>
        <grup.nom gen="f" num="s">
          <n gen="f" lem="decisión" lexicalid="noun.decisión.1.default" num="s" origin="deverbal" pos="ncfs000" postype="common" sense="16:00105760" wd="decisión"/>
          <sp arg="arg0" func="cn" tem="agt">
            <prep>
              <s contracted="yes" gen="m" lem="del" num="s" pos="spcms" postype="preposition" wd="del"/>
            </prep>
            <sn coreftype="ident" entity="entity11" entityref="nne">
              <grup.nom gen="m" num="s">
                <n gen="m" lem="comisionado" num="s" pos="ncms000" postype="common" sense="16:07170728" wd="comisionado"/>
              </grup.nom>
            </sn>
          </sp>
        </grup.nom>
      </sn>
      <f lem="," pos="fc" punct="comma" wd=","/>
    </S>
    <sn arg="arg0" coreftype="ident" entity="entity9" entityref="ne" func="suj" ne="organization" tem="agt">
      <spec gen="m" num="p">
        <d gen="m" lem="el" num="p" pos="da0mp0" postype="article" wd="los"/>
      </spec>
      <grup.nom gen="m" num="p">
        <n lem="Yanquis" ne="organization" pos="np00000" postype="proper" wd="Yanquis"/>
      </grup.nom>
    </sn>
    <grup.verb>
      <v lem="haber" mood="indicative" num="p" person="3" pos="vaip3p0" postype="auxiliary" tense="present" wd="han"/>
      <v gen="m" lem="comenzar" mood="participle" num="s" pos="vmp00sm" postype="main" wd="comenzado"/>
      <s lem="a" pos="sps00" postype="preposition" wd="a"/>
      <infinitiu>
        <v lem="formular" lss="A21.transitive-agentive-patient" mood="infinitive" pos="vmn0000" postype="main" wd="formular"/>
      </infinitiu>
    </grup.verb>
    <sn arg="arg1" entityref="nne" func="cd" tem="pat">
      <grup.nom gen="m" num="p">
        <n gen="m" lem="plan" num="p" pos="ncmp000" postype="common" sense="16:04538868" wd="planes"/>
      </grup.nom>
    </sn>
    <sp arg="argM" func="cc" tem="cau">
      <prep>
        <s lem="por" pos="sps00" postype="preposition" wd="por"/>
      </prep>
      <S clausetype="completive">
        <conj conjunctiontype="subordinating">
          <c lem="si" pos="cs" postype="subordinating" wd="si"/>
        </conj>
        <sn arg="arg1" coreftype="ident" entity="entity2" entityref="ne" func="suj" ne="person" tem="tem">
          <grup.nom gen="m" num="s">
            <n lem="Strawberry" ne="person" pos="np00000" postype="proper" wd="Strawberry"/>
          </grup.nom>
        </sn>
        <neg func="mod">
          <r lem="no" pos="rn" postype="negative" wd="no"/>
        </neg>
        <grup.verb>
          <v lem="estar" lss="C21.state-attributive" mood="indicative" num="s" person="3" pos="vmip3s0" postype="main" tense="present" wd="está"/>
        </grup.verb>
        <sp arg="arg2" func="atr" tem="atr">
          <prep>
            <s lem="con" pos="sps00" postype="preposition" wd="con"/>
          </prep>
          <sn coreftype="ident" entity="entity9" entityref="spec">
            <spec gen="m" num="s">
              <d gen="m" lem="el" num="s" pos="da0ms0" postype="article" wd="el"/>
            </spec>
            <grup.nom gen="m" num="s">
              <n gen="m" lem="equipo" num="s" origin="deverbal" pos="ncms000" postype="common" sense="16:06093198" wd="equipo"/>
            </grup.nom>
          </sn>
        </sp>
      </S>
    </sp>
    <f lem="." pos="fp" punct="period" wd="."/>
  </sentence>
  <sentence id="12">
    <sn arg="arg0" coreftype="ident" entity="entity1" entityref="ne" func="suj" ne="person" tem="agt">
      <grup.nom gen="m" num="s">
        <n lem="Torre" ne="person" pos="np00000" postype="proper" wd="Torre"/>
      </grup.nom>
    </sn>
    <grup.verb>
      <v lem="dar" lss="A32.ditransitive-patient-benefactive" mood="indicative" num="s" person="3" pos="vmis3s0" postype="main" tense="past" wd="dio"/>
    </grup.verb>
    <sp arg="argM" func="cc" tem="adv">
      <prep>
        <c lem="como" pos="cs" postype="subordinating" wd="como"/>
      </prep>
      <sn>
        <spec gen="f" num="s">
          <d gen="f" lem="uno" num="s" pos="di0fs0" postype="indefinite" wd="una"/>
        </spec>
        <grup.nom gen="f" num="s">
          <s.a func="cn" gen="f" num="s">
            <grup.a gen="f" num="s">
              <a gen="c" lem="posible" num="s" pos="aq0cs0" postype="qualificative" wd="posible"/>
            </grup.a>
          </s.a>
          <n gen="f" lem="solución" lexicalid="noun.solución.1.default" num="s" origin="deverbal" pos="ncfs000" postype="common" sense="16:05053336" wd="solución"/>
          <sp arg="arg1" func="cn" tem="pat">
            <prep>
              <s contracted="yes" gen="m" lem="al" num="s" pos="spcms" postype="preposition" wd="al"/>
            </prep>
            <sn entityref="nne" homophoricDD="yes">
              <grup.nom gen="m" num="s">
                <n gen="m" lem="problema" num="s" pos="ncms000" postype="common" sense="16:10339059" wd="problema"/>
                <sp>
                  <prep>
                    <s contracted="yes" gen="m" lem="del" num="s" pos="spcms" postype="preposition" wd="del"/>
                  </prep>
                  <sn entity="entity12" entityref="nne">
                    <grup.nom gen="m" num="s">
                      <n gen="m" lem="bateador" num="s" pos="ncms000" postype="common" sense="16:07104922" wd="bateador"/>
                      <S clausetype="participle" impersonal="yes">
                        <participi>
                          <a gen="m" lem="designado" num="s" pos="aq0msp" posfunction="participle" postype="qualificative" wd="designado"/>
                        </participi>
                      </S>
                    </grup.nom>
                  </sn>
                </sp>
              </grup.nom>
            </sn>
          </sp>
        </grup.nom>
      </sn>
    </sp>
    <sn arg="arg1" entityref="nne" func="cd" tem="pat">
      <spec gen="m" num="s">
        <d gen="m" lem="el" num="s" pos="da0ms0" postype="article" wd="el"/>
      </spec>
      <grup.nom gen="m" num="s">
        <sp>
          <prep>
            <s lem="de" pos="sps00" postype="preposition" wd="de"/>
          </prep>
          <S clausetype="completive" coord="yes" impersonal="yes">
            <S clausetype="completive" impersonal="yes">
              <infinitiu>
                <v lem="usar" lss="A21.transitive-agentive-patient" mood="infinitive" pos="vmn0000" postype="main" wd="usar"/>
              </infinitiu>
              <sn arg="arg1" entityref="nne" func="cd" tem="pat">
                <grup.nom gen="m" num="p">
                  <n gen="m" lem="jugador" num="p" pos="ncmp000" postype="common" sense="16:07480903" wd="jugadores"/>
                  <sp>
                    <prep>
                      <c lem="como" pos="cs" postype="subordinating" wd="como"/>
                    </prep>
                    <sn complex="yes">
                      <grup.nom coord="yes">
                        <grup.nom gen="m" num="s">
                          <n lem="Bernie_Williams" ne="person" pos="np00000" postype="proper" wd="Bernie_Williams"/>
                        </grup.nom>
                        <f lem="," pos="fc" punct="comma" wd=","/>
                        <grup.nom gen="m" num="s">
                          <n lem="Paul_O`Neill" ne="person" pos="np00000" postype="proper" wd="Paul_O`Neill"/>
                        </grup.nom>
                        <conj conjunctiontype="coordinating">
                          <c lem="y" pos="cc" postype="coordinating" wd="y"/>
                        </conj>
                        <grup.nom gen="m" num="s">
                          <n lem="Tino_Martínez" ne="person" pos="np00000" postype="proper" wd="Tino_Martínez"/>
                        </grup.nom>
                      </grup.nom>
                    </sn>
                  </sp>
                </grup.nom>
              </sn>
            </S>
            <conj conjunctiontype="coordinating">
              <s lem="en_vez_de" pos="sps00" postype="preposition" wd="en_vez_de"/>
            </conj>
            <S clausetype="completive" impersonal="yes">
              <infinitiu>
                <v coreftype="ident" entity="entity12" lem="dar" lss="A32.ditransitive-patient-benefactive" mood="infinitive" pos="vmn0000" postype="main" wd="darle"/>
              </infinitiu>
              <sn arg="arg1" entityref="nne" func="cd" tem="pat">
                <grup.nom gen="m" num="p">
                  <n gen="m" lem="día" num="p" pos="ncmp000" postype="common" sense="16:10883946" wd="días"/>
                  <sp>
                    <prep>
                      <s lem="de" pos="sps00" postype="preposition" wd="de"/>
                    </prep>
                    <sn>
                      <grup.nom gen="m" num="s">
                        <n gen="m" lem="descanso" lexicalid="noun.descanso.1.default" num="s" origin="deverbal" pos="ncms000" postype="common" sense="16:00687814" wd="descanso"/>
                      </grup.nom>
                    </sn>
                  </sp>
                </grup.nom>
              </sn>
            </S>
          </S>
        </sp>
      </grup.nom>
    </sn>
    <f lem="." pos="fp" punct="period" wd="."/>
  </sentence>
</article>
