<?xml version="1.0" encoding="UTF-8"?>
<!-- 

  ancora-2.0
       
			Copyright (C) 2007, 2008, 2009, 2010, 2011 UB - CLiC
			Centre de Llenguatge i Computació - Universitat de Barcelona
 
  This file is part of ancora-2.0.
 
  ancora-2.0 is free software and data: you can redistribute it and/or modify
  it under the terms of the GNU General Public License as published
  by the Free Software Foundation, either version 3 of the License,
  or (at your option) any later version.

  ancora-2.0 is distributed in the hope that it will be useful,
  but WITHOUT ANY WARRANTY; without even the implied warranty of
  MERCHANTABILITY or FITNESS FOR A PARTICULAR PURPOSE.  See the
  GNU General Public License for more details.
 
  You should have received a copy of the GNU General Public License
  along with ancora-2.0.  If not, see &lt;http://www.gnu.org/licenses/&gt;.
 
  Check a text in catalan explaining the terms of the license at http://www.softcatala.cat/wiki/GPL3.
  In spanish at http://www.viti.es/gnu/licenses/gpl.html
 

  The following paper must be cited when using this corpus:

 * Taulé, M., M.A. Martí, M. Recasens (2008) 'Ancora: Multilevel Annotated Corpora for Catalan and Spanish',
   Proceedings of 6th International Conference on Language Resources and Evaluation. Marrakesh (Morocco).

  In addition, the following paper must be cited if coreference information (attributes entity, coreftype,
  corefsubtype, homophoricDD or entityref) is used:

 * Recasens, Marta, M. Antònia Martí (2010) ‘AnCora-CO: Coreferentially annotated corpora for Spanish and
   Catalan’. Language Resources and Evaluation, Springer Science.

  Additionally, the following paper must be cited when argumental attributes in "sn" or "grup.nom"
  (attributes func, arg, tem or lexicalid) are used:

 * Peris, Aina, Mariona Taulé, Horacio Rodríguez (2010) ‘Semantic Annotation of Deverbal Nominalizations in the
   Spanish AnCora corpus’. Treebanks and Linguistic Theories (TLT-2010), Estonia.
-->
<article lng="es">
  <sentence id="0">
    <sn arg="arg0" entity="entity4" entityref="ne" func="suj" ne="organization" tem="agt">
      <spec gen="m" num="s">
        <d gen="m" lem="el" num="s" pos="da0ms0" postype="article" wd="El"/>
      </spec>
      <grup.nom gen="m" num="s">
        <n lem="Deportivo" ne="organization" pos="np00000" postype="proper" wd="Deportivo"/>
      </grup.nom>
    </sn>
    <grup.verb>
      <v lem="defender" lss="A21.transitive-agentive-patient" mood="indicative" num="s" person="3" pos="vmif3s0" postype="main" tense="future" wd="defenderá"/>
    </grup.verb>
    <sp arg="argM" func="cc" tem="tmp">
      <prep>
        <s lem="en" pos="sps00" postype="preposition" wd="en"/>
      </prep>
      <sn entityref="lex">
        <spec gen="f" num="s">
          <d gen="f" lem="este" num="s" pos="dd0fs0" postype="demonstrative" wd="esta"/>
        </spec>
        <grup.nom gen="f" num="s">
          <n gen="f" lem="ocasión" num="s" pos="ncfs000" postype="common" sense="16:10391300" wd="ocasión"/>
        </grup.nom>
      </sn>
    </sp>
    <sn arg="arg1" entity="entity11" entityref="nne" func="cd" tem="pat">
      <spec gen="m" num="s">
        <d coreftype="ident" entity="entity4" entityref="spec" gen="c" lem="su" num="s" person="3" pos="dp3cs0" postype="possessive" wd="su"/>
      </spec>
      <grup.nom gen="m" num="s">
        <n gen="m" lem="liderato" num="s" pos="ncms000" postype="common" sense="16:10355477" wd="liderato"/>
      </grup.nom>
    </sn>
    <sp arg="argM" func="cc" tem="loc">
      <prep>
        <s lem="ante" pos="sps00" postype="preposition" wd="ante"/>
      </prep>
      <sn entity="entity1" entityref="ne" ne="organization">
        <spec gen="m" num="s">
          <d gen="m" lem="el" num="s" pos="da0ms0" postype="article" wd="el"/>
        </spec>
        <grup.nom gen="m" num="s">
          <n lem="Mallorca" ne="location" pos="np00000" postype="proper" sense="16:cs1" wd="Mallorca"/>
          <sn corefsubtype="indefinit" coreftype="pred" entity="entity1">
            <f lem="," pos="fc" punct="comma" wd=","/>
            <spec gen="m" num="s">
              <d gen="m" lem="uno" num="s" pos="di0ms0" postype="indefinite" wd="un"/>
            </spec>
            <grup.nom gen="m" num="s">
              <n gen="c" lem="rival" num="s" pos="nccs000" postype="common" sense="16:07535673" wd="rival"/>
              <S clausetype="relative">
                <relatiu arg="arg1" coreftype="ident" entity="entity1" entityref="spec" func="suj" tem="tem">
                  <p gen="c" lem="que" num="c" pos="pr0cn000" postype="relative" wd="que"/>
                </relatiu>
                <sp func="ao">
                  <prep>
                    <s lem="según" pos="sps00" postype="preposition" wd="según"/>
                  </prep>
                  <sn entity="entity3" entityref="ne" ne="person">
                    <spec gen="m" num="s">
                      <d coreftype="ident" entity="entity1" entityref="spec" gen="c" lem="su" num="s" person="3" pos="dp3cs0" postype="possessive" wd="su"/>
                    </spec>
                    <grup.nom gen="m" num="s">
                      <n gen="m" lem="técnico" num="s" pos="ncms000" postype="common" sense="16:07633674" wd="técnico"/>
                      <sn entityref="ne" ne="person">
                        <grup.nom gen="m" num="s">
                          <n lem="Javier_Irureta" ne="person" pos="np00000" postype="proper" wd="Javier_Irureta"/>
                        </grup.nom>
                      </sn>
                    </grup.nom>
                  </sn>
                  <f lem="," pos="fc" punct="comma" wd=","/>
                </sp>
                <f lem="&quot;" pos="fe" punct="quotation" wd="&quot;"/>
                <grup.verb>
                  <v lem="tener" lss="C21.state-attributive" mood="indicative" num="s" person="3" pos="vmip3s0" postype="main" tense="present" wd="tiene"/>
                </grup.verb>
                <sp arg="argM" func="cc" tem="adv">
                  <prep>
                    <s lem="en" pos="sps00" postype="preposition" wd="en"/>
                  </prep>
                  <sn entity="entity2" entityref="ne" ne="person">
                    <grup.nom gen="m" num="s">
                      <n lem="Diego_Tristán" ne="person" pos="np00000" postype="proper" wd="Diego_Tristán"/>
                    </grup.nom>
                  </sn>
                </sp>
                <sn arg="arg2" corefsubtype="indefinit" coreftype="pred" entity="entity2" func="cd" functype="quantitative" tem="atr">
                  <spec gen="m" num="s">
                    <d gen="m" lem="uno" num="s" pos="di0ms0" postype="indefinite" wd="un"/>
                  </spec>
                  <grup.nom gen="m" num="s">
                    <n gen="m" lem="hombre" num="s" pos="ncms000" postype="common" sense="16:07391044" wd="hombre"/>
                    <S clausetype="relative">
                      <relatiu arg="arg0" coreftype="ident" entity="entity2" entityref="spec" func="suj" tem="agt">
                        <p gen="c" lem="que" num="c" pos="pr0cn000" postype="relative" wd="que"/>
                      </relatiu>
                      <sn arg="arg2" coreftype="ident" entity="entity1" entityref="spec" func="ci" tem="ben">
                        <grup.nom num="s">
                          <p case="dative" gen="c" lem="él" num="s" person="3" pos="pp3csd00" postype="personal" wd="le"/>
                        </grup.nom>
                      </sn>
                      <grup.verb>
                        <v lem="estar" mood="indicative" num="s" person="3" pos="vmip3s0" postype="main" tense="present" wd="está"/>
                        <gerundi>
                          <v lem="resolver" lss="A21.transitive-agentive-patient" mood="gerund" pos="vmg0000" postype="main" wd="resolviendo"/>
                        </gerundi>
                      </grup.verb>
                      <sn arg="arg1" entityref="nne" func="cd" homophoricDD="yes" tem="pat">
                        <spec gen="m" num="p">
                          <d gen="m" lem="el" num="p" pos="da0mp0" postype="article" wd="los"/>
                        </spec>
                        <grup.nom gen="m" num="p">
                          <n gen="m" lem="partido" num="p" pos="ncmp000" postype="common" sense="16:05554348" wd="partidos"/>
                        </grup.nom>
                      </sn>
                    </S>
                  </grup.nom>
                </sn>
                <f lem="&quot;" pos="fe" punct="quotation" wd="&quot;"/>
                <S clausesubtype="concessive" clausetype="adverbial" func="ao">
                  <f lem="," pos="fc" punct="comma" wd=","/>
                  <conj conjunctiontype="subordinating">
                    <c lem="aunque" pos="cs" postype="subordinating" wd="aunque"/>
                  </conj>
                  <sn arg="arg0" coreftype="ident" elliptic="yes" entity="entity3" entityref="spec" func="suj" tem="agt"/>
                  <grup.verb>
                    <v lem="negar" lss="A21.transitive-agentive-patient" mood="indicative" num="s" person="3" pos="vmis3s0" postype="main" tense="past" wd="negó"/>
                  </grup.verb>
                  <S arg="arg1" clausetype="completive" func="cd" tem="pat">
                    <conj conjunctiontype="subordinating">
                      <c lem="que" pos="cs" postype="subordinating" wd="que"/>
                    </conj>
                    <sn arg="arg1" coreftype="ident" elliptic="yes" entity="entity3" entityref="spec" func="suj" tem="tem"/>
                    <grup.verb>
                      <v lem="tener" lss="C21.state-attributive" mood="subjunctive" num="s" person="3" pos="vmsp3s0" postype="main" tense="present" wd="tenga"/>
                    </grup.verb>
                    <S arg="argM" clausetype="participle" func="cpred" impersonal="yes" predicate="cd" tem="atr">
                      <participi>
                        <a gen="m" lem="pensado" num="s" pos="aq0msp" posfunction="participle" postype="qualificative" wd="pensado"/>
                      </participi>
                    </S>
                    <sn arg="arg2" entityref="nne" func="cd" functype="quantitative" tem="atr">
                      <spec gen="m" num="s">
                        <d gen="m" lem="uno" num="s" pos="di0ms0" postype="indefinite" wd="un"/>
                      </spec>
                      <grup.nom gen="m" num="s">
                        <n gen="m" lem="marcaje" lexicalid="noun.marcaje.3.default" num="s" origin="deverbal" pos="ncms000" postype="common" sense="16:cs2" wd="marcaje"/>
                        <s.a arg="arg1" func="cn" gen="m" num="s" tem="pat">
                          <grup.a gen="m" num="s">
                            <a gen="c" lem="individual" num="s" pos="aq0cs0" postype="qualificative" wd="individual"/>
                          </grup.a>
                        </s.a>
                        <sp arg="argM" func="cn" tem="fin">
                          <prep>
                            <s lem="para" pos="sps00" postype="preposition" wd="para"/>
                          </prep>
                          <S clausetype="completive" impersonal="yes">
                            <infinitiu>
                              <v coreftype="ident" entity="entity2" lem="frenar" lss="A11.transitive-causative" mood="infinitive" pos="vmn0000" postype="main" wd="frenarlo"/>
                            </infinitiu>
                          </S>
                        </sp>
                      </grup.nom>
                    </sn>
                  </S>
                </S>
              </S>
            </grup.nom>
          </sn>
        </grup.nom>
      </sn>
    </sp>
    <f lem="." pos="fp" punct="period" wd="."/>
  </sentence>
  <sentence coord="yes" id="1">
    <S>
      <sn arg="arg0" coreftype="ident" entity="entity3" entityref="ne" func="suj" ne="person" tem="agt">
        <grup.nom gen="m" num="s">
          <n lem="Irureta" ne="person" pos="np00000" postype="proper" wd="Irureta"/>
        </grup.nom>
      </sn>
      <grup.verb>
        <v lem="precisar" lss="A21.transitive-agentive-patient" mood="indicative" num="s" person="3" pos="vmis3s0" postype="main" tense="past" wd="precisó"/>
      </grup.verb>
      <sp func="ao">
        <f lem="," pos="fc" punct="comma" wd=","/>
        <prep>
          <s lem="respecto_a" pos="sps00" postype="preposition" wd="respecto_a"/>
        </prep>
        <sn coreftype="ident" entity="entity2" entityref="ne" ne="person">
          <grup.nom gen="m" num="s">
            <n lem="Tristán" ne="person" pos="np00000" postype="proper" wd="Tristán"/>
          </grup.nom>
        </sn>
        <f lem="," pos="fc" punct="comma" wd=","/>
      </sp>
      <S arg="arg1" clausetype="completive" func="cd" tem="pat">
        <conj conjunctiontype="subordinating">
          <c lem="que" pos="cs" postype="subordinating" wd="que"/>
        </conj>
        <sn arg="arg1" entityref="nne" func="suj" tem="tem">
          <spec gen="m" num="s">
            <d gen="c" lem="el" num="s" pos="da0ns0" postype="article" wd="lo"/>
          </spec>
          <grup.nom gen="m" num="s">
            <S clausetype="relative">
              <relatiu arg="arg1" func="cd" tem="pat">
                <p gen="c" lem="que" num="c" pos="pr0cn000" postype="relative" wd="que"/>
              </relatiu>
              <grup.verb>
                <v lem="tener" mood="indicative" num="p" person="3" pos="vmif3p0" postype="main" tense="future" wd="tendrán"/>
                <c lem="que" pos="cs" postype="subordinating" wd="que"/>
                <infinitiu>
                  <v lem="hacer" lss="A21.transitive-agentive-patient" mood="infinitive" pos="vmn0000" postype="main" wd="hacer"/>
                </infinitiu>
              </grup.verb>
              <sn arg="arg0" entityref="nne" func="suj" tem="agt">
                <spec gen="m" num="p">
                  <d coreftype="ident" entity="entity4" entityref="spec" gen="m" lem="nuestro" num="p" person="1" pos="dp1mpp" possessornum="p" postype="possessive" wd="nuestros"/>
                </spec>
                <grup.nom gen="m" num="p">
                  <a gen="c" lem="central" num="p" pos="aq0cp0" postype="qualificative" wd="centrales"/>
                </grup.nom>
              </sn>
            </S>
          </grup.nom>
        </sn>
        <grup.verb>
          <v lem="ser" lss="C21.state-attributive" mood="indicative" num="s" person="3" pos="vsip3s0" postype="semiauxiliary" tense="present" wd="es"/>
        </grup.verb>
        <S arg="arg2" clausetype="completive" func="atr" impersonal="yes" tem="atr">
          <infinitiu>
            <v lem="estar" lss="C21.state-attributive" mood="infinitive" pos="vmn0000" postype="main" wd="estar"/>
          </infinitiu>
          <sa arg="arg2" func="atr" tem="atr">
            <grup.a>
              <f lem="&quot;" pos="fe" punct="quotation" wd="&quot;"/>
              <a gen="m" lem="atento" num="p" pos="aq0mp0" postype="qualificative" wd="atentos"/>
              <f lem="&quot;" pos="fe" punct="quotation" wd="&quot;"/>
            </grup.a>
          </sa>
        </S>
      </S>
    </S>
    <conj conjunctiontype="coordinating">
      <c lem="y" pos="cc" postype="coordinating" wd="y"/>
    </conj>
    <S>
      <sn arg="arg0" coreftype="ident" elliptic="yes" entity="entity3" entityref="spec" func="suj" tem="agt"/>
      <grup.verb>
        <v lem="recalcar" lss="A32.ditransitive-patient-benefactive" mood="indicative" num="s" person="3" pos="vmis3s0" postype="main" tense="past" wd="recalcó"/>
      </grup.verb>
      <S arg="arg1" clausetype="completive" func="cd" tem="pat">
        <conj conjunctiontype="subordinating">
          <c lem="que" pos="cs" postype="subordinating" wd="que"/>
        </conj>
        <sn arg="arg0" coreftype="ident" entity="entity3" entityref="spec" func="suj" tem="agt">
          <grup.nom gen="m" num="s">
            <p gen="m" lem="él" num="s" person="3" pos="pp3ms000" postype="personal" wd="él"/>
          </grup.nom>
        </sn>
        <sadv arg="argM" func="cc" tem="tmp">
          <grup.adv>
            <r lem="nunca" pos="rg" wd="nunca"/>
          </grup.adv>
        </sadv>
        <grup.verb>
          <v lem="ordenar" lss="A32.ditransitive-patient-benefactive" mood="indicative" num="s" person="3" pos="vmip3s0" postype="main" tense="present" wd="ordena"/>
        </grup.verb>
        <sn arg="arg1" entityref="nne" func="cd" tem="pat">
          <grup.nom gen="m" num="p">
            <f lem="&quot;" pos="fe" punct="quotation" wd="&quot;"/>
            <n gen="m" lem="marcaje" lexicalid="noun.marcaje.3.default" num="p" origin="deverbal" pos="ncmp000" postype="common" sense="16:cs2" wd="marcajes"/>
            <sp arg="arg1" func="cn" tem="pat">
              <prep>
                <s contracted="yes" gen="m" lem="al" num="s" pos="spcms" postype="preposition" wd="al"/>
              </prep>
              <sn entityref="nne" homophoricDD="yes">
                <grup.nom gen="m" num="s">
                  <n gen="m" lem="hombre" num="s" pos="ncms000" postype="common" sense="16:07391044" wd="hombre"/>
                </grup.nom>
              </sn>
            </sp>
            <f lem="&quot;" pos="fe" punct="quotation" wd="&quot;"/>
          </grup.nom>
        </sn>
      </S>
    </S>
    <f lem="." pos="fp" punct="period" wd="."/>
  </sentence>
  <sentence id="2">
    <S arg="arg1" clausetype="completive" func="cd" tem="pat">
      <f lem="&quot;" pos="fe" punct="quotation" wd="&quot;"/>
      <sn arg="arg0" coreftype="ident" elliptic="yes" entity="entity4" entityref="spec" func="suj" tem="agt"/>
      <neg func="mod">
        <r lem="no" pos="rn" postype="negative" wd="No"/>
      </neg>
      <grup.verb>
        <v lem="cambiar" lss="A21.transitive-agentive-patient" mood="indicative" num="p" person="1" pos="vmif1p0" postype="main" tense="future" wd="cambiaremos"/>
      </grup.verb>
      <sadv arg="argM" func="cc" tem="tmp">
        <grup.adv>
          <r lem="nunca" pos="rg" wd="nunca"/>
        </grup.adv>
      </sadv>
      <sn arg="arg1" entityref="nne" func="cd" tem="pat">
        <spec gen="f" num="s">
          <d coreftype="ident" entity="entity4" entityref="spec" gen="f" lem="nuestro" num="s" person="1" pos="dp1fsp" possessornum="p" postype="possessive" wd="nuestra"/>
        </spec>
        <grup.nom gen="f" num="s">
          <n gen="f" lem="forma" num="s" pos="ncfs000" postype="common" sense="16:03856995" wd="forma"/>
          <sp>
            <prep>
              <s lem="de" pos="sps00" postype="preposition" wd="de"/>
            </prep>
            <S clausetype="completive" impersonal="yes">
              <infinitiu>
                <v lem="jugar" lss="A21.transitive-agentive-patient" mood="infinitive" pos="vmn0000" postype="main" wd="jugar"/>
              </infinitiu>
            </S>
          </sp>
        </grup.nom>
      </sn>
      <sp arg="argM" func="cc" tem="adv">
        <prep>
          <s lem="por" pos="sps00" postype="preposition" wd="por"/>
        </prep>
        <sn entityref="nne">
          <spec gen="m" num="s">
            <d gen="m" lem="uno" num="s" pos="di0ms0" postype="indefinite" wd="un"/>
          </spec>
          <grup.nom gen="m" num="s">
            <n gen="m" lem="hombre" num="s" pos="ncms000" postype="common" sense="16:07391044" wd="hombre"/>
            <S clausetype="participle" impersonal="yes">
              <participi>
                <a gen="m" lem="determinado" num="s" pos="aq0msp" posfunction="participle" postype="qualificative" wd="determinado"/>
              </participi>
            </S>
          </grup.nom>
        </sn>
      </sp>
      <f lem="&quot;" pos="fe" punct="quotation" wd="&quot;"/>
      <f lem="," pos="fc" punct="comma" wd=","/>
    </S>
    <grup.verb>
      <v lem="añadir" lss="A21.transitive-agentive-patient" mood="indicative" num="s" person="3" pos="vmis3s0" postype="main" tense="past" wd="añadió"/>
    </grup.verb>
    <sn arg="arg0" coreftype="ident" elliptic="yes" entity="entity3" entityref="spec" func="suj" tem="agt"/>
    <f lem="." pos="fp" punct="period" wd="."/>
  </sentence>
  <sentence id="3">
    <S arg="arg1" clausetype="completive" func="cd" tem="pat">
      <f lem="&quot;" pos="fe" punct="quotation" wd="&quot;"/>
      <sn arg="arg0" entityref="nne" func="suj" homophoricDD="yes" tem="agt">
        <spec gen="m" num="s">
          <d gen="m" lem="el" num="s" pos="da0ms0" postype="article" wd="El"/>
        </spec>
        <grup.nom gen="m" num="s">
          <n gen="m" lem="juego" lexicalid="noun.juego.5.default" num="s" origin="deverbal" pos="ncms000" postype="common" sense="16:00289269" wd="juego"/>
          <sp arg="arg0" func="cn" tem="agt">
            <prep>
              <s contracted="yes" gen="m" lem="del" num="s" pos="spcms" postype="preposition" wd="del"/>
            </prep>
            <sn coreftype="ident" entity="entity1" entityref="ne" ne="organization">
              <grup.nom gen="m" num="s">
                <n lem="Mallorca" ne="location" pos="np00000" postype="proper" sense="16:cs1" wd="Mallorca"/>
              </grup.nom>
            </sn>
          </sp>
        </grup.nom>
      </sn>
      <morfema.pronominal>
        <p gen="c" lem="él" num="c" person="3" pos="p0300000" wd="se"/>
      </morfema.pronominal>
      <grup.verb>
        <v lem="basar" lss="A34.ditransitive-patient-theme" mood="indicative" num="s" person="3" pos="vmip3s0" postype="main" tense="present" wd="basa"/>
      </grup.verb>
      <sp arg="arg2" coord="yes" func="creg" tem="tem">
        <sp>
          <prep>
            <s lem="en" pos="sps00" postype="preposition" wd="en"/>
          </prep>
          <sn entityref="nne">
            <spec gen="f" num="s">
              <d gen="f" lem="el" num="s" pos="da0fs0" postype="article" wd="la"/>
            </spec>
            <grup.nom gen="f" num="s">
              <n gen="f" lem="fortaleza" num="s" pos="ncfs000" postype="common" sense="16:03927465" wd="fortaleza"/>
              <s.a gen="f" num="s">
                <grup.a gen="f" num="s">
                  <a gen="f" lem="defensivo" num="s" pos="aq0fs0" postype="qualificative" wd="defensiva"/>
                </grup.a>
              </s.a>
            </grup.nom>
          </sn>
        </sp>
        <conj conjunctiontype="coordinating">
          <c lem="y" pos="cc" postype="coordinating" wd="y"/>
        </conj>
        <sp>
          <prep>
            <s lem="en" pos="sps00" postype="preposition" wd="en"/>
          </prep>
          <sn entity="entity5" entityref="nne">
            <grup.nom gen="m" num="p">
              <n gen="m" lem="contragolpe" lexicalid="noun.contragolpe.1.default" num="p" origin="deverbal" pos="ncmp000" postype="common" sense="16:cs1" wd="contragolpes"/>
              <S clausetype="relative" func="cn">
                <relatiu arg="arg1" coreftype="ident" entity="entity5" entityref="nne" func="cd" tem="pat">
                  <p gen="c" lem="que" num="c" pos="pr0cn000" postype="relative" wd="que"/>
                </relatiu>
                <sn arg="arg0" coreftype="ident" entity="entity2" entityref="ne" func="suj" ne="person" tem="agt">
                  <grup.nom gen="m" num="s">
                    <n lem="Tristán" ne="person" pos="np00000" postype="proper" wd="Tristán"/>
                  </grup.nom>
                </sn>
                <grup.verb>
                  <v lem="soler" mood="indicative" num="s" person="3" pos="vmip3s0" postype="main" tense="present" wd="suele"/>
                  <infinitiu>
                    <v lem="resolver" lss="A21.transitive-agentive-patient" mood="infinitive" pos="vmn0000" postype="main" wd="resolver"/>
                  </infinitiu>
                </grup.verb>
                <sadv arg="arg2" func="cc" tem="loc">
                  <spec>
                    <r lem="bien" pos="rg" wd="bien"/>
                  </spec>
                  <grup.adv>
                    <r lem="arriba" pos="rg" wd="arriba"/>
                  </grup.adv>
                </sadv>
              </S>
            </grup.nom>
          </sn>
        </sp>
      </sp>
      <f lem="&quot;" pos="fe" punct="quotation" wd="&quot;"/>
      <f lem="," pos="fc" punct="comma" wd=","/>
    </S>
    <grup.verb>
      <v lem="comentar" lss="A32.ditransitive-patient-benefactive" mood="indicative" num="s" person="3" pos="vmis3s0" postype="main" tense="past" wd="comentó"/>
    </grup.verb>
    <sn arg="arg0" coreftype="ident" entity="entity3" entityref="ne" func="suj" ne="person" tem="agt">
      <grup.nom gen="m" num="s">
        <n lem="Irureta" ne="person" pos="np00000" postype="proper" wd="Irureta"/>
        <S clausetype="relative">
          <f lem="," pos="fc" punct="comma" wd=","/>
          <relatiu arg="arg0" coreftype="ident" entity="entity3" entityref="spec" func="suj" tem="agt">
            <p gen="c" lem="quien" num="s" pos="pr0cs000" postype="relative" wd="quien"/>
          </relatiu>
          <grup.verb>
            <v lem="calificar" lss="A21.transitive-agentive-patient" mood="indicative" num="s" person="3" pos="vmis3s0" postype="main" tense="past" wd="calificó"/>
          </grup.verb>
          <sp arg="arg1" func="cd" tem="pat">
            <prep>
              <s contracted="yes" gen="m" lem="al" num="s" pos="spcms" postype="preposition" wd="al"/>
            </prep>
            <sn coreftype="ident" entity="entity1" entityref="ne" ne="organization">
              <grup.nom discid="1n" gen="m" num="s">
                <n gen="m" lem="equipo" num="s" pos="ncms000" postype="common" sense="16:06093198" wd="equipo"/>
                <s.a gen="m" num="s">
                  <grup.a gen="m" num="s">
                    <a gen="c" lem="balear" num="s" pos="aq0cs0" postype="qualificative" wd="balear"/>
                  </grup.a>
                </s.a>
              </grup.nom>
            </sn>
          </sp>
          <sp arg="arg2" func="cpred" predicate="cd" tem="atr">
            <prep>
              <s lem="de" pos="sps00" postype="preposition" wd="de"/>
            </prep>
            <s.a complex="yes" gen="m" num="s">
              <grup.a coord="yes" gen="m" num="s">
                <f lem="&quot;" pos="fe" punct="quotation" wd="&quot;"/>
                <sadv adjunct="yes">
                  <grup.adv>
                    <r lem="mucho" pos="rg" wd="muy"/>
                  </grup.adv>
                </sadv>
                <grup.a coord="yes" gen="m" num="s">
                  <grup.a gen="m" num="s">
                    <a gen="m" lem="armónico" num="s" pos="aq0ms0" postype="qualificative" wd="armónico"/>
                  </grup.a>
                  <conj conjunctiontype="coordinating">
                    <c lem="y" pos="cc" postype="coordinating" wd="y"/>
                  </conj>
                  <grup.a gen="m" num="s">
                    <a gen="m" lem="homogéneo" num="s" pos="aq0ms0" postype="qualificative" wd="homogéneo"/>
                  </grup.a>
                </grup.a>
              </grup.a>
            </s.a>
          </sp>
          <S clausetype="relative" coord="yes" discid="1c">
            <f lem="," pos="fc" punct="comma" wd=","/>
            <relatiu arg="arg0" coreftype="ident" entity="entity1" entityref="spec" func="suj" tem="agt">
              <p gen="c" lem="que" num="c" pos="pr0cn000" postype="relative" wd="que"/>
            </relatiu>
            <S clausetype="relative">
              <grup.verb>
                <v lem="llevar" lss="A21.transitive-agentive-patient" mood="indicative" num="s" person="3" pos="vmip3s0" postype="main" tense="present" wd="lleva"/>
              </grup.verb>
              <sadv arg="argM" func="cc" tem="tmp">
                <grup.adv>
                  <r lem="ya" pos="rg" wd="ya"/>
                </grup.adv>
              </sadv>
              <sn arg="argM" entityref="nne" func="cc" tem="tmp">
                <spec gen="m" num="p">
                  <d gen="c" lem="tres" num="p" pos="dn0cp0" postype="numeral" wd="tres"/>
                </spec>
                <grup.nom gen="m" num="p">
                  <n gen="m" lem="año" num="p" pos="ncmp000" postype="common" sense="16:10917791" wd="años"/>
                </grup.nom>
              </sn>
              <sadv arg="argM" func="cc" tem="adv">
                <spec>
                  <r lem="mucho" pos="rg" wd="muy"/>
                </spec>
                <grup.adv>
                  <r lem="bien" pos="rg" wd="bien"/>
                </grup.adv>
              </sadv>
            </S>
            <conj conjunctiontype="coordinating">
              <c lem="y" pos="cc" postype="coordinating" wd="y"/>
            </conj>
            <S clausetype="relative">
              <grup.verb>
                <v lem="estar" mood="indicative" num="s" person="3" pos="vmip3s0" postype="main" tense="present" wd="está"/>
                <gerundi>
                  <v lem="hacer" lss="A21.transitive-agentive-patient" mood="gerund" pos="vmg0000" postype="main" wd="haciendo"/>
                </gerundi>
              </grup.verb>
              <sn arg="arg1" entityref="nne" func="cd" tem="pat">
                <spec gen="m" num="s">
                  <d gen="m" lem="uno" num="s" pos="di0ms0" postype="indefinite" wd="un"/>
                </spec>
                <grup.nom gen="m" num="s">
                  <s.a gen="m" num="s">
                    <grup.a gen="m" num="s">
                      <a gen="m" lem="buen" num="s" pos="aq0ms0" postype="qualificative" wd="buen"/>
                    </grup.a>
                  </s.a>
                  <n gen="m" lem="campeonato" num="s" pos="ncms000" postype="common" sense="16:cs1" wd="campeonato"/>
                </grup.nom>
              </sn>
            </S>
          </S>
          <f lem="&quot;" pos="fe" punct="quotation" wd="&quot;"/>
        </S>
      </grup.nom>
    </sn>
    <f lem="." pos="fp" punct="period" wd="."/>
  </sentence>
  <sentence coord="yes" id="4">
    <S>
      <sn arg="arg0" coreftype="ident" entity="entity3" entityref="ne" func="suj" ne="person" tem="agt">
        <grup.nom gen="m" num="s">
          <n lem="Irureta" ne="person" pos="np00000" postype="proper" wd="Irureta"/>
        </grup.nom>
      </sn>
      <grup.verb>
        <v lem="indicar" lss="A32.ditransitive-patient-benefactive" mood="indicative" num="s" person="3" pos="vmis3s0" postype="main" tense="past" wd="indicó"/>
      </grup.verb>
      <S arg="arg1" clausetype="completive" func="cd" tem="pat">
        <conj conjunctiontype="subordinating">
          <c lem="que" pos="cs" postype="subordinating" wd="que"/>
        </conj>
        <sn arg="arg0" entity="entity6" entityref="ne" func="suj" ne="person" tem="agt">
          <spec gen="m" num="s">
            <d gen="m" lem="el" num="s" pos="da0ms0" postype="article" wd="el"/>
          </spec>
          <grup.nom gen="m" num="s">
            <n gen="m" lem="técnico" num="s" pos="ncms000" postype="common" sense="16:07633674" wd="técnico"/>
            <sp>
              <prep>
                <s contracted="yes" gen="m" lem="del" num="s" pos="spcms" postype="preposition" wd="del"/>
              </prep>
              <sn coreftype="ident" entity="entity1" entityref="ne" ne="organization">
                <grup.nom gen="m" num="s">
                  <n lem="Mallorca" ne="location" pos="np00000" postype="proper" sense="16:cs1" wd="Mallorca"/>
                </grup.nom>
              </sn>
            </sp>
            <sn corefsubtype="definit" coreftype="pred" entity="entity6" entityref="ne" ne="person">
              <f lem="," pos="fc" punct="comma" wd=","/>
              <grup.nom gen="m" num="s">
                <n lem="Fernando_Vázquez" ne="person" pos="np00000" postype="proper" wd="Fernando_Vázquez"/>
              </grup.nom>
              <f lem="," pos="fc" punct="comma" wd=","/>
            </sn>
          </grup.nom>
        </sn>
        <f lem="&quot;" pos="fe" punct="quotation" wd="&quot;"/>
        <grup.verb>
          <v lem="lograr" lss="A21.transitive-agentive-patient" mood="indicative" num="s" person="3" pos="vmis3s0" postype="main" tense="past" wd="logró"/>
        </grup.verb>
        <S arg="arg1" clausetype="completive" func="cd" impersonal="yes" tem="pat">
          <infinitiu>
            <v lem="recuperar" lss="A21.transitive-agentive-patient" mood="infinitive" pos="vmn0000" postype="main" wd="recuperar"/>
          </infinitiu>
          <sp arg="arg1" func="cd" tem="pat">
            <prep>
              <s lem="a" pos="sps00" postype="preposition" wd="a"/>
            </prep>
            <sn entityref="nne">
              <grup.nom gen="m" num="p">
                <n gen="m" lem="hombre" num="p" pos="ncmp000" postype="common" sense="16:07391044" wd="hombres"/>
                <s.a gen="m" num="p">
                  <grup.a gen="m" num="p">
                    <a gen="c" lem="importante" num="p" pos="aq0cp0" postype="qualificative" wd="importantes"/>
                  </grup.a>
                </s.a>
                <sp>
                  <f lem="," pos="fc" punct="comma" wd=","/>
                  <prep>
                    <c lem="como" pos="cs" postype="subordinating" wd="como"/>
                  </prep>
                  <sn complex="yes" entityref="nne">
                    <grup.nom coord="yes">
                      <grup.nom gen="m" num="s">
                        <n lem="Stankovic" ne="person" pos="np00000" postype="proper" wd="Stankovic"/>
                      </grup.nom>
                      <f lem="," pos="fc" punct="comma" wd=","/>
                      <grup.nom gen="m" num="s">
                        <n lem="Lauren" ne="person" pos="np00000" postype="proper" wd="Lauren"/>
                      </grup.nom>
                      <conj conjunctiontype="coordinating">
                        <c lem="o" pos="cc" postype="coordinating" wd="o"/>
                      </conj>
                      <grup.nom gen="m" num="s">
                        <n lem="Nadal" ne="person" pos="np00000" postype="proper" wd="Nadal"/>
                      </grup.nom>
                    </grup.nom>
                  </sn>
                </sp>
              </grup.nom>
            </sn>
          </sp>
        </S>
        <f lem="&quot;" pos="fe" punct="quotation" wd="&quot;"/>
      </S>
      <f lem="," pos="fc" punct="comma" wd=","/>
    </S>
    <conj conjunctiontype="coordinating">
      <c lem="y" pos="cc" postype="coordinating" wd="y"/>
    </conj>
    <S>
      <sn arg="arg0" coreftype="ident" elliptic="yes" entity="entity3" entityref="spec" func="suj" tem="agt"/>
      <grup.verb>
        <v lem="considerar" lss="A21.transitive-agentive-patient" mood="indicative" num="s" person="3" pos="vmis3s0" postype="main" tense="past" wd="consideró"/>
      </grup.verb>
      <sa arg="arg2" func="cpred" predicate="cd" tem="atr">
        <grup.a>
          <a gen="c" lem="importante" num="s" pos="aq0cs0" postype="qualificative" wd="importante"/>
        </grup.a>
      </sa>
      <S arg="arg1" clausetype="completive" coord="yes" func="cd" tem="pat">
        <conj conjunctiontype="subordinating">
          <c lem="que" pos="cs" postype="subordinating" wd="que"/>
        </conj>
        <S clausetype="completive">
          <sn arg="arg1" coreftype="ident" entity="entity4" entityref="ne" func="suj" ne="organization" tem="tem">
            <spec gen="m" num="s">
              <d gen="m" lem="el" num="s" pos="da0ms0" postype="article" wd="el"/>
            </spec>
            <grup.nom gen="m" num="s">
              <n lem="Deportivo" ne="organization" pos="np00000" postype="proper" wd="Deportivo"/>
            </grup.nom>
          </sn>
          <neg func="mod">
            <r lem="no" pos="rn" postype="negative" wd="no"/>
          </neg>
          <grup.verb>
            <v lem="perder" lss="C21.state-attributive" mood="subjunctive" num="s" person="3" pos="vmsp3s0" postype="main" tense="present" wd="pierda"/>
          </grup.verb>
          <sadv arg="argM" func="cc" tem="tmp">
            <grup.adv>
              <r lem="mañana" pos="rg" wd="mañana"/>
            </grup.adv>
          </sadv>
          <sn arg="arg2" entityref="lex" func="cd" functype="quantitative" tem="atr">
            <spec gen="f" num="s">
              <d gen="f" lem="el" num="s" pos="da0fs0" postype="article" wd="la"/>
            </spec>
            <grup.nom gen="f" num="s">
              <n gen="f" lem="paciencia" num="s" pos="ncfs000" postype="common" sense="16:03659752" wd="paciencia"/>
            </grup.nom>
          </sn>
          <sp arg="argM" func="cc" tem="tmp">
            <prep>
              <s lem="a" pos="sps00" postype="preposition" wd="a"/>
            </prep>
            <sn entityref="nne">
              <spec gen="f" num="s">
                <d gen="f" lem="el" num="s" pos="da0fs0" postype="article" wd="la"/>
              </spec>
              <grup.nom gen="f" num="s">
                <n gen="f" lem="hora" num="s" pos="ncfs000" postype="common" sense="16:10856821" wd="hora"/>
                <sp>
                  <prep>
                    <s lem="de" pos="sps00" postype="preposition" wd="de"/>
                  </prep>
                  <S clausetype="completive" impersonal="yes">
                    <infinitiu>
                      <v lem="buscar" lss="A21.transitive-agentive-patient" mood="infinitive" pos="vmn0000" postype="main" wd="buscar"/>
                    </infinitiu>
                    <sn arg="arg1" entityref="nne" func="cd" homophoricDD="yes" tem="pat">
                      <spec gen="m" num="s">
                        <d gen="m" lem="el" num="s" pos="da0ms0" postype="article" wd="el"/>
                      </spec>
                      <grup.nom gen="m" num="s">
                        <n gen="m" lem="gol" num="s" pos="ncms000" postype="common" sense="16:50004855" wd="gol"/>
                      </grup.nom>
                    </sn>
                  </S>
                </sp>
              </grup.nom>
            </sn>
          </sp>
        </S>
        <conj conjunctiontype="coordinating">
          <c lem="y" pos="cc" postype="coordinating" wd="y"/>
        </conj>
        <S clausetype="completive">
          <f lem="&quot;" pos="fe" punct="quotation" wd="&quot;"/>
          <sn arg="arg0" coreftype="ident" elliptic="yes" entity="entity4" entityref="spec" func="suj" tem="agt"/>
          <grup.verb>
            <v lem="llevar" lss="A21.transitive-agentive-patient" mood="imperative" num="s" person="3" pos="vmm03s0" postype="main" wd="lleve"/>
          </grup.verb>
          <sn arg="arg1" entityref="nne" func="cd" homophoricDD="yes" tem="pat">
            <spec gen="f" num="s">
              <d gen="f" lem="el" num="s" pos="da0fs0" postype="article" wd="la"/>
            </spec>
            <grup.nom gen="f" num="s">
              <n gen="f" lem="iniciativa" num="s" pos="ncfs000" postype="common" sense="16:03790844" wd="iniciativa"/>
              <sp coord="yes">
                <sp>
                  <prep>
                    <s lem="en" pos="sps00" postype="preposition" wd="en"/>
                  </prep>
                  <sn entityref="nne" homophoricDD="yes">
                    <spec gen="m" num="s">
                      <d gen="m" lem="el" num="s" pos="da0ms0" postype="article" wd="el"/>
                    </spec>
                    <grup.nom gen="m" num="s">
                      <n gen="m" lem="juego" lexicalid="noun.juego.5.default" num="s" origin="deverbal" pos="ncms000" postype="common" sense="16:00289269" wd="juego"/>
                    </grup.nom>
                  </sn>
                </sp>
                <conj conjunctiontype="coordinating">
                  <c lem="y" pos="cc" postype="coordinating" wd="y"/>
                </conj>
                <sp>
                  <prep>
                    <s lem="con" pos="sps00" postype="preposition" wd="con"/>
                  </prep>
                  <sn entityref="nne" homophoricDD="yes">
                    <spec gen="m" num="s">
                      <d gen="m" lem="el" num="s" pos="da0ms0" postype="article" wd="el"/>
                    </spec>
                    <grup.nom gen="m" num="s">
                      <n gen="m" lem="balón" num="s" pos="ncms000" postype="common" sense="16:02240791" wd="balón"/>
                    </grup.nom>
                  </sn>
                </sp>
              </sp>
            </grup.nom>
          </sn>
          <f lem="&quot;" pos="fe" punct="quotation" wd="&quot;"/>
        </S>
      </S>
    </S>
    <f lem="." pos="fp" punct="period" wd="."/>
  </sentence>
  <sentence id="5">
    <sp func="ao">
      <prep>
        <s contracted="yes" gen="m" lem="respecto_al" num="s" pos="spcms" postype="preposition" wd="Respecto_al"/>
      </prep>
      <sn entity="entity7" entityref="spec">
        <grup.nom gen="m" num="s">
          <n gen="m" lem="partido" num="s" pos="ncms000" postype="common" sense="16:05554348" wd="partido"/>
          <S clausetype="relative">
            <relatiu arg="arg0" coreftype="ident" entity="entity7" entityref="spec" func="suj" tem="agt">
              <p gen="c" lem="que" num="c" pos="pr0cn000" postype="relative" wd="que"/>
            </relatiu>
            <grup.verb>
              <v lem="enfrentar" lss="A22.transitive-agentive-theme" mood="indicative" num="s" person="3" pos="vmif3s0" postype="main" tense="future" wd="enfrentará"/>
            </grup.verb>
            <sp arg="arg1" coord="yes" func="cd" tem="pat">
              <sp arg="arg1" coord="yes" func="cd" tem="pat">
                <sp>
                  <prep>
                    <s contracted="yes" gen="m" lem="al" num="s" pos="spcms" postype="preposition" wd="al"/>
                  </prep>
                  <sn entity="entity8" entityref="ne" ne="organization">
                    <grup.nom gen="m" num="s">
                      <n lem="Real_Madrid" ne="organization" pos="np00000" postype="proper" wd="Real_Madrid"/>
                    </grup.nom>
                  </sn>
                </sp>
                <conj conjunctiontype="coordinating">
                  <c lem="y" pos="cc" postype="coordinating" wd="y"/>
                </conj>
                <sp>
                  <prep>
                    <s contracted="yes" gen="m" lem="al" num="s" pos="spcms" postype="preposition" wd="al"/>
                  </prep>
                  <sn entity="entity9" entityref="ne" ne="organization">
                    <grup.nom gen="m" num="s">
                      <n lem="Barcelona" ne="location" pos="np00000" postype="proper" sense="16:cs1" wd="Barcelona"/>
                    </grup.nom>
                  </sn>
                </sp>
              </sp>
              <sn adjunct="yes" corefsubtype="definit" coreftype="pred" entity="entity8+entity9">
                <f lem="," pos="fc" punct="comma" wd=","/>
                <grup.nom gen="m" num="p">
                  <n gen="c" lem="rival" num="p" pos="nccp000" postype="common" sense="16:07535673" wd="rivales"/>
                  <s.a gen="m" num="p">
                    <grup.a gen="m" num="p">
                      <a gen="m" lem="directo" num="p" pos="aq0mp0" postype="qualificative" wd="directos"/>
                    </grup.a>
                  </s.a>
                  <sp>
                    <prep>
                      <s contracted="yes" gen="m" lem="del" num="s" pos="spcms" postype="preposition" wd="del"/>
                    </prep>
                    <sn coreftype="ident" entity="entity4" entityref="ne" ne="organization">
                      <grup.nom gen="m" num="s">
                        <n lem="Deportivo" ne="organization" pos="np00000" postype="proper" wd="Deportivo"/>
                      </grup.nom>
                    </sn>
                  </sp>
                  <sp>
                    <prep>
                      <s lem="en" pos="sps00" postype="preposition" wd="en"/>
                    </prep>
                    <sn entityref="nne">
                      <spec arg="arg0" gen="f" num="s" tem="agt">
                        <d coreftype="ident" entity="entity8+entity9" entityref="spec" gen="c" lem="su" num="s" person="3" pos="dp3cs0" postype="possessive" wd="su"/>
                      </spec>
                      <grup.nom gen="f" num="s">
                        <n gen="f" lem="lucha" lexicalid="noun.lucha.1.default" num="s" origin="deverbal" pos="ncfs000" postype="common" sense="16:00283913" wd="lucha"/>
                        <sp arg="arg1" func="cn" tem="tem">
                          <prep>
                            <s lem="por" pos="sps00" postype="preposition" wd="por"/>
                          </prep>
                          <sn entityref="ne" ne="other">
                            <spec gen="m" num="s">
                              <d gen="m" lem="el" num="s" pos="da0ms0" postype="article" wd="el"/>
                            </spec>
                            <grup.nom gen="m" num="s">
                              <n gen="m" lem="título" num="s" pos="ncms000" postype="common" sense="16:cs1" wd="título"/>
                              <sp>
                                <prep>
                                  <s lem="de" pos="sps00" postype="preposition" wd="de"/>
                                </prep>
                                <sn entityref="ne" ne="other">
                                  <grup.nom gen="f" num="s">
                                    <n lem="Liga" ne="other" pos="np00000" postype="proper" wd="Liga"/>
                                  </grup.nom>
                                </sn>
                              </sp>
                            </grup.nom>
                          </sn>
                        </sp>
                      </grup.nom>
                    </sn>
                  </sp>
                </grup.nom>
                <f lem="," pos="fc" punct="comma" wd=","/>
              </sn>
            </sp>
          </S>
        </grup.nom>
      </sn>
    </sp>
    <sn arg="arg0" coreftype="ident" entity="entity3" entityref="ne" func="suj" ne="person" tem="agt">
      <grup.nom gen="m" num="s">
        <n lem="Irureta" ne="person" pos="np00000" postype="proper" wd="Irureta"/>
      </grup.nom>
    </sn>
    <grup.verb>
      <v lem="decir" lss="A32.ditransitive-patient-benefactive" mood="indicative" num="s" person="3" pos="vmis3s0" postype="main" tense="past" wd="dijo"/>
    </grup.verb>
    <S arg="arg1" clausetype="completive" func="cd" tem="pat">
      <f lem=":" pos="fd" punct="colon" wd=":"/>
      <f lem="&quot;" pos="fe" punct="quotation" wd="&quot;"/>
      <sn arg="arg1" entity="entity10" entityref="nne" func="suj" tem="tem">
        <spec gen="m" num="s">
          <d gen="m" lem="el" num="s" pos="da0ms0" postype="article" wd="El"/>
        </spec>
        <grup.nom gen="m" num="s">
          <S clausetype="relative">
            <relatiu arg="arg1" func="suj" tem="tem">
              <p gen="c" lem="que" num="c" pos="pr0cn000" postype="relative" wd="que"/>
            </relatiu>
            <sp arg="arg2" func="ci" repetition="yes" tem="exp">
              <prep>
                <s lem="a" pos="sps00" postype="preposition" wd="a"/>
              </prep>
              <sn coreftype="ident" entity="entity4" entityref="spec">
                <grup.nom gen="m" num="p">
                  <p gen="m" lem="yo" num="p" person="1" pos="pp1mp000" postype="personal" wd="nosotros"/>
                </grup.nom>
              </sn>
            </sp>
            <sn arg="arg2" coreftype="ident" entity="entity4" entityref="spec" func="ci" repetition="yes" tem="exp">
              <grup.nom num="p">
                <p gen="c" lem="yo" num="p" person="1" pos="pp1cp000" postype="personal" wd="nos"/>
              </grup.nom>
            </sn>
            <grup.verb>
              <v lem="importar" lss="C42.state-experiencer" mood="indicative" num="s" person="3" pos="vmip3s0" postype="main" tense="present" wd="importa"/>
            </grup.verb>
          </S>
        </grup.nom>
      </sn>
      <grup.verb>
        <v lem="ser" lss="C21.state-attributive" mood="indicative" num="s" person="3" pos="vsip3s0" postype="semiauxiliary" tense="present" wd="es"/>
      </grup.verb>
      <sn arg="arg2" corefsubtype="definit" coreftype="pred" entity="entity10" func="atr" tem="atr">
        <spec gen="m" num="s">
          <d gen="m" lem="el" num="s" pos="da0ms0" postype="article" wd="el"/>
        </spec>
        <grup.nom gen="m" num="s">
          <S clausetype="relative">
            <relatiu arg="arg1" func="cd" tem="pat">
              <p gen="c" lem="que" num="c" pos="pr0cn000" postype="relative" wd="que"/>
            </relatiu>
            <sn arg="arg0" coreftype="ident" elliptic="yes" entity="entity4" entityref="spec" func="suj" tem="agt"/>
            <grup.verb>
              <v lem="disputar" lss="A21.transitive-agentive-patient" mood="indicative" num="p" person="1" pos="vmif1p0" postype="main" tense="future" wd="disputaremos"/>
            </grup.verb>
            <sadv arg="argM" func="cc" tem="tmp">
              <grup.adv>
                <r lem="mañana" pos="rg" wd="mañana"/>
              </grup.adv>
            </sadv>
          </S>
        </grup.nom>
      </sn>
      <S arg="argM" clausetype="adverbial" coord="yes" func="cc" tem="cau">
        <conj conjunctiontype="subordinating">
          <c lem="porque" pos="cs" postype="subordinating" wd="porque"/>
        </conj>
        <S clausetype="adverbial">
          <sn arg="arg1" coreftype="ident" elliptic="yes" entity="entity4" entityref="spec" func="suj" tem="tem"/>
          <grup.verb>
            <v lem="depender" lss="C21.state-attributive" mood="indicative" num="p" person="1" pos="vmip1p0" postype="main" tense="present" wd="dependemos"/>
          </grup.verb>
          <sp arg="arg2" func="creg" tem="atr">
            <prep>
              <s lem="de" pos="sps00" postype="preposition" wd="de"/>
            </prep>
            <sn coreftype="ident" entity="entity4" entityref="spec">
              <grup.nom gen="m" num="p">
                <p gen="m" lem="yo" num="p" person="1" pos="pp1mp000" postype="personal" wd="nosotros"/>
                <sn>
                  <grup.nom gen="m" num="p">
                    <p gen="m" lem="mismo" num="p" pos="pi0mp0" postype="indefinite" wd="mismos"/>
                  </grup.nom>
                </sn>
              </grup.nom>
            </sn>
          </sp>
        </S>
        <conj conjunctiontype="coordinating">
          <c lem="y" pos="cc" postype="coordinating" wd="y"/>
        </conj>
        <S clausetype="adverbial" coord="yes">
          <S clausetype="adverbial">
            <S clausesubtype="conditional" clausetype="adverbial" func="ao">
              <conj conjunctiontype="subordinating">
                <c lem="si" pos="cs" postype="subordinating" wd="si"/>
              </conj>
              <sn arg="arg0" coreftype="ident" elliptic="yes" entity="entity4" entityref="spec" func="suj" tem="agt"/>
              <grup.verb>
                <v lem="ganar" lss="A21.transitive-agentive-patient" mood="indicative" num="p" person="1" pos="vmip1p0" postype="main" tense="present" wd="ganamos"/>
              </grup.verb>
            </S>
            <sn arg="arg0" coreftype="ident" elliptic="yes" entity="entity4" entityref="spec" func="suj" tem="cau"/>
            <grup.verb>
              <v lem="poder" mood="indicative" num="p" person="1" pos="vmif1p0" postype="main" tense="future" wd="podremos"/>
              <infinitiu>
                <v lem="aumentar" lss="A11.transitive-causative" mood="infinitive" pos="vmn0000" postype="main" wd="aumentar"/>
              </infinitiu>
            </grup.verb>
            <sn arg="argM" entityref="nne" func="cc" tem="adv">
              <spec gen="m" num="p">
                <d gen="c" lem="tres" num="p" pos="dn0cp0" postype="numeral" wd="tres"/>
              </spec>
              <grup.nom gen="m" num="p">
                <n gen="m" lem="punto" num="p" pos="ncmp000" postype="common" sense="16:09780630" wd="puntos"/>
                <sadv>
                  <grup.adv>
                    <r lem="más" pos="rg" wd="más"/>
                  </grup.adv>
                </sadv>
              </grup.nom>
            </sn>
            <sn arg="arg1" entityref="nne" func="cd" tem="tem">
              <spec arg="arg1" gen="f" num="s" tem="tem">
                <d coreftype="ident" entity="entity4" entityref="spec" gen="f" lem="nuestro" num="s" person="1" pos="dp1fsp" possessornum="p" postype="possessive" wd="nuestra"/>
              </spec>
              <grup.nom gen="f" num="s">
                <n gen="f" lem="ventaja" lexicalid="noun.ventaja.1.default" num="s" origin="deverbal" pos="ncfs000" postype="common" sense="16:04016440" wd="ventaja"/>
                <sp arg="argM" func="cn" tem="adv">
                  <prep>
                    <s lem="respecto_a" pos="sps00" postype="preposition" wd="respecto_a"/>
                  </prep>
                  <sn complex="yes">
                    <grup.nom coord="yes">
                      <grup.nom coreftype="ident" entity="entity8">
                        <n lem="Madrid" ne="organization" pos="np00000" postype="proper" sense="16:cs1" wd="Madrid"/>
                      </grup.nom>
                      <conj conjunctiontype="coordinating">
                        <c lem="o" pos="cc" postype="coordinating" wd="o"/>
                      </conj>
                      <grup.nom coreftype="ident" entity="entity9">
                        <n lem="Barca" ne="organization" pos="np00000" postype="proper" wd="Barca"/>
                      </grup.nom>
                    </grup.nom>
                  </sn>
                </sp>
              </grup.nom>
            </sn>
          </S>
          <conj conjunctiontype="coordinating">
            <c lem="o" pos="cc" postype="coordinating" wd="o"/>
          </conj>
          <S clausetype="adverbial" verbless="yes">
            <sp>
              <sadv adjunct="yes">
                <grup.adv>
                  <r lem="incluso" pos="rg" wd="incluso"/>
                </grup.adv>
              </sadv>
              <sp>
                <prep>
                  <s lem="en" pos="sps00" postype="preposition" wd="en"/>
                </prep>
                <sn entityref="nne">
                  <spec gen="m" num="p">
                    <d gen="c" lem="dos" num="p" pos="dn0cp0" postype="numeral" wd="dos"/>
                  </spec>
                  <grup.nom gen="m" num="p">
                    <n gen="m" lem="punto" num="p" pos="ncmp000" postype="common" sense="16:09780630" wd="puntos"/>
                  </grup.nom>
                </sn>
              </sp>
            </sp>
            <sp>
              <prep>
                <s lem="respecto_a" pos="sps00" postype="preposition" wd="respecto_a"/>
              </prep>
              <sn coreftype="ident" entity="entity8+entity9" entityref="nne">
                <spec gen="m" num="p">
                  <d gen="m" lem="el" num="p" pos="da0mp0" postype="article" wd="los"/>
                </spec>
                <grup.nom gen="m" num="p">
                  <p gen="c" lem="dos" num="p" pos="pn0cp000" postype="numeral" wd="dos"/>
                </grup.nom>
              </sn>
            </sp>
            <S clausesubtype="conditional" clausetype="adverbial">
              <f lem="," pos="fc" punct="comma" wd=","/>
              <conj conjunctiontype="subordinating">
                <c lem="si" pos="cs" postype="subordinating" wd="si"/>
              </conj>
              <sn arg="arg1" coreftype="ident" entity="entity8+entity9" entityref="nne" func="suj" tem="tem">
                <grup.nom gen="m" num="p">
                  <p gen="m" lem="él" num="p" person="3" pos="pp3mp000" postype="personal" wd="ellos"/>
                </grup.nom>
              </sn>
              <grup.verb>
                <v lem="empatar" lss="C21.state-attributive" mood="indicative" num="p" person="3" pos="vmip3p0" postype="main" tense="present" wd="empatan"/>
              </grup.verb>
            </S>
          </S>
        </S>
      </S>
      <f lem="&quot;" pos="fe" punct="quotation" wd="&quot;"/>
    </S>
    <f lem="." pos="fp" punct="period" wd="."/>
  </sentence>
  <sentence coord="yes" id="6">
    <S>
      <sn arg="arg0" coreftype="ident" entity="entity6" entityref="ne" func="suj" ne="person" tem="agt">
        <grup.nom gen="m" num="s">
          <n lem="Vázquez" ne="person" pos="np00000" postype="proper" wd="Vázquez"/>
        </grup.nom>
      </sn>
      <grup.verb>
        <v lem="viajar" lss="D11.inergative-agentive" mood="indicative" num="s" person="3" pos="vmip3s0" postype="main" tense="present" wd="viaja"/>
      </grup.verb>
      <sp arg="arg4" func="cc" tem="des">
        <prep>
          <s lem="a" pos="sps00" postype="preposition" wd="a"/>
        </prep>
        <sn entity="entity17" entityref="ne" ne="location">
          <grup.nom>
            <n lem="Riazor" ne="location" pos="np00000" postype="proper" wd="Riazor"/>
          </grup.nom>
        </sn>
      </sp>
      <sp arg="argM" func="cc" tem="fin">
        <prep>
          <s lem="con" pos="sps00" postype="preposition" wd="con"/>
        </prep>
        <sn entityref="nne">
          <spec gen="f" num="s">
            <d gen="f" lem="el" num="s" pos="da0fs0" postype="article" wd="la"/>
          </spec>
          <grup.nom gen="f" num="s">
            <n gen="f" lem="intención" lexicalid="noun.intención.1.default" num="s" origin="deverbal" pos="ncfs000" postype="common" sense="16:04588033" wd="intención"/>
            <sp arg="arg1" func="cn" tem="pat">
              <prep>
                <s lem="de" pos="sps00" postype="preposition" wd="de"/>
              </prep>
              <S clausetype="completive" impersonal="yes">
                <infinitiu>
                  <v lem="amargar" lss="A11.transitive-causative" mood="infinitive" pos="vmn0000" postype="main" wd="amargarle"/>
                </infinitiu>
                <sn arg="arg1" coreftype="ident" entity="entity11" entityref="nne" func="cd" tem="tem">
                  <spec gen="m" num="s">
                    <d gen="m" lem="el" num="s" pos="da0ms0" postype="article" wd="el"/>
                  </spec>
                  <grup.nom gen="m" num="s">
                    <n gen="m" lem="liderato" num="s" pos="ncms000" postype="common" sense="16:00816340" wd="liderato"/>
                  </grup.nom>
                </sn>
                <sp arg="arg2" func="ci" tem="ben">
                  <prep>
                    <s contracted="yes" gen="m" lem="al" num="s" pos="spcms" postype="preposition" wd="al"/>
                  </prep>
                  <sn coreftype="ident" entity="entity4" entityref="ne" ne="organization">
                    <grup.nom gen="m" num="s">
                      <n lem="Deportivo" ne="organization" pos="np00000" postype="proper" wd="Deportivo"/>
                    </grup.nom>
                  </sn>
                </sp>
              </S>
            </sp>
          </grup.nom>
        </sn>
      </sp>
    </S>
    <conj conjunctiontype="coordinating">
      <c lem="y" pos="cc" postype="coordinating" wd="y"/>
    </conj>
    <S>
      <sn arg="arg0" coreftype="ident" elliptic="yes" entity="entity6" entityref="spec" func="suj" tem="agt"/>
      <grup.verb>
        <v lem="decir" lss="A32.ditransitive-patient-benefactive" mood="indicative" num="s" person="3" pos="vmis3s0" postype="main" tense="past" wd="dijo"/>
      </grup.verb>
      <S arg="arg1" clausetype="completive" func="cd" tem="pat">
        <conj conjunctiontype="subordinating">
          <c lem="que" pos="cs" postype="subordinating" wd="que"/>
        </conj>
        <S clausesubtype="conditional" clausetype="adverbial" func="ao">
          <conj conjunctiontype="subordinating">
            <c lem="si" pos="cs" postype="subordinating" wd="si"/>
          </conj>
          <sn arg="arg1" coreftype="ident" entity="entity1" entityref="spec" func="suj" tem="tem">
            <spec gen="m" num="s">
              <d coreftype="ident" entity="entity6" entityref="spec" gen="c" lem="su" num="s" person="3" pos="dp3cs0" postype="possessive" wd="su"/>
            </spec>
            <grup.nom gen="m" num="s">
              <n gen="m" lem="equipo" num="s" pos="ncms000" postype="common" sense="16:06093198" wd="equipo"/>
            </grup.nom>
          </sn>
          <grup.verb>
            <v lem="ser" lss="C21.state-attributive" mood="indicative" num="s" person="3" pos="vsip3s0" postype="semiauxiliary" tense="present" wd="es"/>
          </grup.verb>
          <sa arg="arg2" func="atr" tem="atr">
            <grup.a>
              <a gen="c" lem="capaz" num="s" pos="aq0cs0" postype="qualificative" wd="capaz"/>
              <sp>
                <prep>
                  <s lem="de" pos="sps00" postype="preposition" wd="de"/>
                </prep>
                <S clausetype="completive" impersonal="yes">
                  <infinitiu>
                    <v lem="ganar" lss="A21.transitive-agentive-patient" mood="infinitive" pos="vmn0000" postype="main" wd="ganar"/>
                  </infinitiu>
                  <sadv arg="argM" func="cc" tem="tmp">
                    <grup.adv>
                      <r lem="mañana" pos="rg" wd="mañana"/>
                    </grup.adv>
                  </sadv>
                </S>
              </sp>
            </grup.a>
          </sa>
          <f lem="," pos="fc" punct="comma" wd=","/>
        </S>
        <sn arg="arg0" coreftype="ident" elliptic="yes" entity="entity1" entityref="spec" func="suj" tem="agt"/>
        <sadv func="mod">
          <grup.adv>
            <r lem="también" pos="rg" wd="también"/>
          </grup.adv>
        </sadv>
        <morfema.pronominal>
          <p gen="c" lem="él" num="c" person="3" pos="p0300000" wd="se"/>
        </morfema.pronominal>
        <grup.verb>
          <v lem="meter" lss="A21.transitive-agentive-patient" mood="indicative" num="s" person="3" pos="vmif3s0" postype="main" tense="future" wd="meterá"/>
        </grup.verb>
        <sp arg="arg2" func="cc" tem="loc">
          <f lem="&quot;" pos="fe" punct="quotation" wd="&quot;"/>
          <prep>
            <s lem="en" pos="sps00" postype="preposition" wd="en"/>
          </prep>
          <sn entityref="nne" homophoricDD="yes">
            <spec gen="m" num="s">
              <d gen="m" lem="el" num="s" pos="da0ms0" postype="article" wd="el"/>
            </spec>
            <grup.nom gen="m" num="s">
              <n gen="m" lem="grupo" num="s" pos="ncms000" postype="common" sense="16:cs1" wd="grupo"/>
              <sp>
                <prep>
                  <s lem="de" pos="sps00" postype="preposition" wd="de"/>
                </prep>
                <sn entityref="nne">
                  <grup.nom gen="m" num="p">
                    <n gen="c" lem="aspirante" num="p" pos="nccp000" postype="common" sense="16:06940455" wd="aspirantes"/>
                    <sp>
                      <prep>
                        <s contracted="yes" gen="m" lem="al" num="s" pos="spcms" postype="preposition" wd="al"/>
                      </prep>
                      <sn entity="entity12" entityref="spec">
                        <grup.nom gen="m" num="s">
                          <n gen="m" lem="título" num="s" pos="ncms000" postype="common" sense="16:cs1" wd="título"/>
                        </grup.nom>
                      </sn>
                    </sp>
                  </grup.nom>
                </sn>
              </sp>
            </grup.nom>
          </sn>
          <f lem="&quot;" pos="fe" punct="quotation" wd="&quot;"/>
        </sp>
      </S>
    </S>
    <f lem="." pos="fp" punct="period" wd="."/>
  </sentence>
  <sentence id="7">
    <conj conjunctiontype="coordinating" func="et">
      <c lem="no_obstante" pos="cc" postype="coordinating" wd="No_obstante"/>
    </conj>
    <sn arg="arg0" coreftype="ident" entity="entity6" entityref="ne" func="suj" ne="person" tem="agt">
      <grup.nom gen="m" num="s">
        <n lem="Vázquez" ne="person" pos="np00000" postype="proper" wd="Vázquez"/>
      </grup.nom>
    </sn>
    <grup.verb>
      <v lem="insistir" lss="A22.transitive-agentive-theme" mood="indicative" num="s" person="3" pos="vmis3s0" postype="main" tense="past" wd="insistió"/>
    </grup.verb>
    <sp arg="arg1" func="creg" tem="tem">
      <prep>
        <s lem="en" pos="sps00" postype="preposition" wd="en"/>
      </prep>
      <S clausetype="completive">
        <conj conjunctiontype="subordinating">
          <c lem="que" pos="cs" postype="subordinating" wd="que"/>
        </conj>
        <sn arg="arg1" coreftype="ident" entity="entity4" entityref="ne" func="suj" ne="person" tem="tem">
          <spec gen="m" num="s">
            <d gen="m" lem="el" num="s" pos="da0ms0" postype="article" wd="el"/>
          </spec>
          <grup.nom gen="m" num="s">
            <n lem="Deportivo" ne="person" pos="np00000" postype="proper" wd="Deportivo"/>
          </grup.nom>
        </sn>
        <f lem="&quot;" pos="fe" punct="quotation" wd="&quot;"/>
        <grup.verb>
          <v lem="ser" lss="C21.state-attributive" mood="indicative" num="s" person="3" pos="vsip3s0" postype="semiauxiliary" tense="present" wd="es"/>
        </grup.verb>
        <sn arg="arg2" corefsubtype="definit" coreftype="pred" entity="entity4" func="atr" tem="atr">
          <spec gen="m" num="s">
            <d gen="m" lem="el" num="s" pos="da0ms0" postype="article" wd="el"/>
          </spec>
          <grup.nom gen="m" num="s">
            <s.a gen="m" num="s">
              <grup.a gen="m" num="s">
                <a gen="c" lem="principal" num="s" pos="aq0cs0" postype="qualificative" wd="principal"/>
              </grup.a>
            </s.a>
            <n gen="m" lem="candidato" num="s" pos="ncms000" postype="common" sense="16:06940455" wd="candidato"/>
            <sp>
              <prep>
                <s lem="para" pos="sps00" postype="preposition" wd="para"/>
              </prep>
              <S clausetype="completive" impersonal="yes">
                <infinitiu>
                  <v lem="ganar" lss="A21.transitive-agentive-patient" mood="infinitive" pos="vmn0000" postype="main" wd="ganar"/>
                </infinitiu>
                <sn arg="arg1" coreftype="ident" entity="entity12" entityref="ne" func="cd" ne="other" tem="pat">
                  <spec gen="f" num="s">
                    <d gen="f" lem="el" num="s" pos="da0fs0" postype="article" wd="la"/>
                  </spec>
                  <grup.nom gen="f" num="s">
                    <n lem="Liga" ne="other" pos="np00000" postype="proper" wd="Liga"/>
                  </grup.nom>
                </sn>
              </S>
            </sp>
          </grup.nom>
        </sn>
        <f lem="&quot;" pos="fe" punct="quotation" wd="&quot;"/>
      </S>
    </sp>
    <f lem="." pos="fp" punct="period" wd="."/>
  </sentence>
  <sentence id="8">
    <S arg="arg1" clausetype="completive" coord="yes" func="cd" tem="pat">
      <f lem="&quot;" pos="fe" punct="quotation" wd="&quot;"/>
      <S clausetype="completive" entity="entity13">
        <sn arg="arg1" coreftype="ident" entity="entity4" entityref="ne" func="suj" ne="organization" tem="tem">
          <spec gen="m" num="s">
            <d gen="m" lem="el" num="s" pos="da0ms0" postype="article" wd="El"/>
          </spec>
          <grup.nom gen="m" num="s">
            <n lem="Deportivo" ne="organization" pos="np00000" postype="proper" wd="Deportivo"/>
          </grup.nom>
        </sn>
        <grup.verb>
          <v lem="ser" lss="C21.state-attributive" mood="indicative" num="s" person="3" pos="vsip3s0" postype="semiauxiliary" tense="present" wd="es"/>
        </grup.verb>
        <sn arg="arg2" corefsubtype="definit" coreftype="pred" entity="entity4" func="atr" tem="atr">
          <spec gen="m" num="s">
            <d gen="m" lem="el" num="s" pos="da0ms0" postype="article" wd="el"/>
          </spec>
          <grup.nom gen="m" num="s">
            <n gen="c" lem="líder" num="s" pos="nccs000" postype="common" sense="16:06950891" wd="líder"/>
          </grup.nom>
        </sn>
      </S>
      <conj conjunctiontype="coordinating">
        <c lem="y" pos="cc" postype="coordinating" wd="y"/>
      </conj>
      <S clausetype="completive" coord="yes">
        <S clausetype="completive">
          <sn arg="arg0" coreftype="ident" elliptic="yes" entity="entity4" entityref="spec" func="suj" tem="agt"/>
          <grup.verb>
            <v lem="merecer" lss="A21.transitive-agentive-patient" mood="indicative" num="s" person="3" pos="vmip3s0" postype="main" tense="present" wd="merece"/>
          </grup.verb>
          <sn arg="arg1" entityref="lex" func="cd" tem="pat">
            <spec gen="m" num="p">
              <d gen="m" lem="todo" num="p" pos="di0mp0" postype="indefinite" wd="todos"/>
              <d gen="m" lem="el" num="p" pos="da0mp0" postype="article" wd="los"/>
            </spec>
            <grup.nom gen="m" num="p">
              <n gen="m" lem="respeto" num="p" pos="ncmp000" postype="common" sense="16:10358350" wd="respetos"/>
            </grup.nom>
          </sn>
        </S>
        <f lem="," pos="fc" punct="comma" wd=","/>
        <S clausetype="completive">
          <sp arg="argM" func="cc" tem="cau">
            <prep>
              <s lem="por" pos="sps00" postype="preposition" wd="por"/>
            </prep>
            <sn corefsubtype="token" coreftype="dx" entity="entity13">
              <grup.nom gen="m" num="s">
                <p gen="c" lem="él" num="s" person="3" pos="pp3ns000" postype="personal" wd="ello"/>
              </grup.nom>
            </sn>
          </sp>
          <sn arg="arg0" coreftype="ident" elliptic="yes" entity="entity6" entityref="spec" func="suj" tem="agt"/>
          <morfema.pronominal>
            <p gen="c" lem="yo" num="s" person="1" pos="p010s000" wd="me"/>
          </morfema.pronominal>
          <grup.verb>
            <v lem="negar" lss="A22.transitive-agentive-theme" mood="indicative" num="s" person="1" pos="vmip1s0" postype="main" tense="present" wd="niego"/>
          </grup.verb>
          <sp arg="arg1" func="creg" tem="tem">
            <prep>
              <s lem="a" pos="sps00" postype="preposition" wd="a"/>
            </prep>
            <S clausetype="completive" impersonal="yes">
              <infinitiu>
                <v lem="hablar" lss="A22.transitive-agentive-theme" mood="infinitive" pos="vmn0000" postype="main" wd="hablar"/>
              </infinitiu>
              <sp arg="arg1" func="creg" tem="tem">
                <prep>
                  <s contracted="yes" gen="m" lem="del" num="s" pos="spcms" postype="preposition" wd="del"/>
                </prep>
                <sn coreftype="ident" entity="entity7" entityref="ne" ne="other">
                  <grup.nom gen="m" num="s">
                    <n lem="Madrid-Barcelona" ne="other" pos="np00000" postype="proper" wd="Madrid-Barcelona"/>
                  </grup.nom>
                </sn>
              </sp>
            </S>
          </sp>
          <S arg="argM" clausetype="adverbial" coord="yes" func="cc" tem="cau">
            <f lem="," pos="fc" punct="comma" wd=","/>
            <conj conjunctiontype="subordinating">
              <c lem="porque" pos="cs" postype="subordinating" wd="porque"/>
            </conj>
            <S clausetype="adverbial">
              <sn arg="arg1" elliptic="yes" entityref="lex" func="suj" tem="tem"/>
              <grup.verb>
                <v lem="parecer" lss="C21.state-attributive" mood="indicative" num="s" person="3" pos="vmip3s0" postype="main" tense="present" wd="parece"/>
              </grup.verb>
              <S arg="arg2" clausetype="completive" corefsubtype="prop" coreftype="dx" entity="entity20" entityref="nne" func="atr" tem="atr">
                <conj conjunctiontype="subordinating">
                  <c lem="que" pos="cs" postype="subordinating" wd="que"/>
                </conj>
                <sp arg="argM" func="cc" tem="loc">
                  <prep>
                    <s lem="en" pos="sps00" postype="preposition" wd="en"/>
                  </prep>
                  <sn entityref="ne" ne="location">
                    <grup.nom>
                      <n lem="España" ne="location" pos="np00000" postype="proper" sense="16:06581760" wd="España"/>
                    </grup.nom>
                  </sn>
                </sp>
                <grup.verb>
                  <v lem="existir" lss="C11.state-existential" mood="indicative" num="p" person="3" pos="vmip3p0" postype="main" tense="present" wd="existen"/>
                </grup.verb>
                <sn arg="arg1" func="suj" tem="tem">
                  <sadv adjunct="yes">
                    <grup.adv>
                      <r lem="sólo" pos="rg" wd="sólo"/>
                    </grup.adv>
                  </sadv>
                  <sn entityref="nne">
                    <spec gen="m" num="p">
                      <d gen="c" lem="dos" num="p" pos="dn0cp0" postype="numeral" wd="dos"/>
                    </spec>
                    <grup.nom gen="m" num="p">
                      <n gen="m" lem="equipo" num="p" pos="ncmp000" postype="common" sense="16:06093198" wd="equipos"/>
                    </grup.nom>
                  </sn>
                </sn>
              </S>
              <f lem="," pos="fc" punct="comma" wd=","/>
            </S>
            <conj conjunctiontype="coordinating">
              <c lem="y" pos="cc" postype="coordinating" wd="y"/>
            </conj>
            <S clausetype="adverbial">
              <sn arg="arg1" elliptic="yes" entity="entity20" entityref="nne" func="suj" tem="tem"/>
              <neg func="mod">
                <r lem="no" pos="rn" postype="negative" wd="no"/>
              </neg>
              <grup.verb>
                <v lem="ser" lss="C21.state-attributive" mood="indicative" num="s" person="3" pos="vsip3s0" postype="semiauxiliary" tense="present" wd="es"/>
              </grup.verb>
              <sadv arg="arg2" func="atr" tem="atr">
                <grup.adv>
                  <r lem="así" pos="rg" wd="así"/>
                </grup.adv>
              </sadv>
            </S>
          </S>
        </S>
      </S>
      <f lem="&quot;" pos="fe" punct="quotation" wd="&quot;"/>
      <f lem="," pos="fc" punct="comma" wd=","/>
    </S>
    <grup.verb>
      <v lem="señalar" lss="A31.ditransitive-patient-locative" mood="indicative" num="s" person="3" pos="vmis3s0" postype="main" tense="past" wd="señaló"/>
    </grup.verb>
    <sn arg="arg0" coreftype="ident" elliptic="yes" entity="entity6" entityref="spec" func="suj" tem="agt"/>
    <f lem="." pos="fp" punct="period" wd="."/>
  </sentence>
  <sentence id="9">
    <sn arg="arg0" coreftype="ident" entity="entity6" entityref="ne" func="suj" ne="person" tem="agt">
      <spec gen="m" num="s">
        <d gen="m" lem="el" num="s" pos="da0ms0" postype="article" wd="El"/>
      </spec>
      <grup.nom gen="m" num="s">
        <n gen="m" lem="técnico" num="s" pos="ncms000" postype="common" sense="16:07633674" wd="técnico"/>
        <s.a gen="m" num="s">
          <grup.a gen="m" num="s">
            <a gen="m" lem="gallego" num="s" pos="aq0ms0" postype="qualificative" wd="gallego"/>
          </grup.a>
        </s.a>
      </grup.nom>
    </sn>
    <grup.verb>
      <v lem="convocar" lss="A34.ditransitive-patient-theme" mood="indicative" num="s" person="3" pos="vmis3s0" postype="main" tense="past" wd="convocó"/>
    </grup.verb>
    <sp arg="arg1" func="cd" tem="pat">
      <prep>
        <s lem="a" pos="sps00" postype="preposition" wd="a"/>
      </prep>
      <sn entity="entity14" entityref="nne">
        <spec gen="m" num="p">
          <z lem="19" ne="number" wd="19"/>
        </spec>
        <grup.nom gen="m" num="p">
          <n gen="m" lem="jugador" num="p" pos="ncmp000" postype="common" sense="16:07480903" wd="jugadores"/>
          <S clausetype="relative">
            <f lem="," pos="fc" punct="comma" wd=","/>
            <sp arg="argM" func="cc" tem="adv">
              <prep>
                <s lem="entre" pos="sps00" postype="preposition" wd="entre"/>
              </prep>
              <sn coreftype="ident" entity="entity14" entityref="nne">
                <spec gen="m" num="p">
                  <d gen="m" lem="el" num="p" pos="da0mp0" postype="article" wd="los"/>
                </spec>
                <grup.nom gen="m" num="p">
                  <relatiu>
                    <p gen="c" lem="que" num="c" pos="pr0cn000" postype="relative" wd="que"/>
                  </relatiu>
                </grup.nom>
              </sn>
            </sp>
            <grup.verb>
              <v lem="destacar" lss="A21.transitive-agentive-patient" mood="indicative" num="s" person="3" pos="vmip3s0" postype="main" tense="present" wd="destaca"/>
            </grup.verb>
            <sn arg="arg0" entity="entity16" entityref="ne" func="suj" ne="person" tem="agt">
              <spec gen="m" num="s">
                <d gen="m" lem="el" num="s" pos="da0ms0" postype="article" wd="el"/>
              </spec>
              <grup.nom gen="m" num="s">
                <n gen="c" lem="mediocampista" num="s" pos="nccs000" postype="common" sense="16:cs2" wd="mediocampista"/>
                <s.a gen="m" num="s">
                  <grup.a gen="m" num="s">
                    <a gen="m" lem="argentino" num="s" pos="aq0ms0" postype="qualificative" wd="argentino"/>
                  </grup.a>
                </s.a>
                <sn entityref="ne" ne="person">
                  <grup.nom gen="m" num="s">
                    <n lem="Ariel_&quot;Caño&quot;_Ibagaza" ne="person" pos="np00000" postype="proper" wd="Ariel_&quot;Caño&quot;_Ibagaza"/>
                  </grup.nom>
                </sn>
                <S clausetype="participle" impersonal="yes">
                  <f lem="," pos="fc" punct="comma" wd=","/>
                  <participi>
                    <a gen="m" lem="recuperado" lss="B22.unaccusative-passive-transitive" num="s" pos="aq0msp" posfunction="participle" postype="qualificative" wd="recuperado"/>
                  </participi>
                  <sadv arg="argM" func="cc" tem="tmp">
                    <grup.adv>
                      <r lem="ya" pos="rg" wd="ya"/>
                    </grup.adv>
                  </sadv>
                  <sp arg="arg2" func="creg" tem="ein">
                    <prep>
                      <s lem="de" pos="sps00" postype="preposition" wd="de"/>
                    </prep>
                    <sn entity="entity15" entityref="nne" homophoricDD="yes">
                      <spec gen="f" num="s">
                        <d gen="f" lem="el" num="s" pos="da0fs0" postype="article" wd="la"/>
                      </spec>
                      <grup.nom gen="f" num="s">
                        <n gen="f" lem="lesión" lexicalid="noun.lesión.1.default" num="s" origin="deverbal" pos="ncfs000" postype="common" sense="16:10257548" wd="lesión"/>
                        <S clausetype="relative" func="cn">
                          <relatiu arg="arg0" coreftype="ident" entity="entity15" entityref="nne" func="suj" tem="agt">
                            <p gen="c" lem="que" num="c" pos="pr0cn000" postype="relative" wd="que"/>
                          </relatiu>
                          <sn arg="arg1" coreftype="ident" entity="entity16" entityref="spec" func="cd" tem="pat">
                            <grup.nom num="s">
                              <p case="dative" gen="c" lem="él" num="s" person="3" pos="pp3csd00" postype="personal" wd="le"/>
                            </grup.nom>
                          </sn>
                          <grup.verb>
                            <v lem="mantener" lss="A21.transitive-agentive-patient" mood="indicative" num="s" person="3" pos="vmis3s0" postype="main" tense="past" wd="mantuvo"/>
                          </grup.verb>
                          <sn arg="argM" func="cc" tem="tmp">
                            <spec gen="m" num="s">
                              <d gen="m" lem="uno" num="s" pos="di0ms0" postype="indefinite" wd="un"/>
                            </spec>
                            <grup.nom gen="m" num="s">
                              <n gen="m" lem="mes" num="s" pos="ncms000" postype="common" sense="16:10919146" wd="mes"/>
                            </grup.nom>
                          </sn>
                          <S arg="argM" clausetype="participle" func="cpred" impersonal="yes" predicate="cd" tem="atr">
                            <participi>
                              <a gen="m" lem="apartado" lss="B22.unaccusative-passive-transitive" num="s" pos="aq0msp" posfunction="participle" postype="qualificative" wd="apartado"/>
                            </participi>
                            <sp arg="arg2" func="cc" tem="loc">
                              <prep>
                                <s lem="de" pos="sps00" postype="preposition" wd="de"/>
                              </prep>
                              <sn entityref="nne" homophoricDD="yes">
                                <spec gen="m" num="p">
                                  <d gen="m" lem="el" num="p" pos="da0mp0" postype="article" wd="los"/>
                                </spec>
                                <grup.nom gen="m" num="p">
                                  <n gen="m" lem="terreno" num="p" pos="ncmp000" postype="common" sense="16:06384327" wd="terrenos"/>
                                  <sp>
                                    <prep>
                                      <s lem="de" pos="sps00" postype="preposition" wd="de"/>
                                    </prep>
                                    <sn>
                                      <grup.nom gen="m" num="s">
                                        <n gen="m" lem="juego" lexicalid="noun.juego.5.default" num="s" origin="deverbal" pos="ncms000" postype="common" sense="16:00289269" wd="juego"/>
                                      </grup.nom>
                                    </sn>
                                  </sp>
                                </grup.nom>
                              </sn>
                            </sp>
                          </S>
                        </S>
                      </grup.nom>
                    </sn>
                  </sp>
                </S>
              </grup.nom>
            </sn>
          </S>
        </grup.nom>
      </sn>
    </sp>
    <f lem="." pos="fp" punct="period" wd="."/>
  </sentence>
  <sentence id="10">
    <sn arg="arg0" coreftype="ident" entity="entity1" entityref="ne" func="suj" ne="organization" tem="agt">
      <spec gen="m" num="s">
        <d gen="m" lem="el" num="s" pos="da0ms0" postype="article" wd="El"/>
      </spec>
      <grup.nom gen="m" num="s">
        <n lem="Mallorca" ne="location" pos="np00000" postype="proper" sense="16:cs1" wd="Mallorca"/>
      </grup.nom>
    </sn>
    <grup.verb>
      <v lem="viajar" lss="D11.inergative-agentive" mood="indicative" num="s" person="3" pos="vmif3s0" postype="main" tense="future" wd="viajará"/>
    </grup.verb>
    <sp arg="arg4" coord="yes" func="cc" tem="des">
      <sp>
        <prep>
          <s lem="a" pos="sps00" postype="preposition" wd="a"/>
        </prep>
        <sn coreftype="ident" entity="entity17" entityref="spec">
          <spec gen="m" num="s">
            <d gen="m" lem="uno" num="s" pos="di0ms0" postype="indefinite" wd="un"/>
          </spec>
          <grup.nom gen="m" num="s">
            <n gen="m" lem="campo" num="s" pos="ncms000" postype="common" sense="16:02510690" wd="campo"/>
            <S clausetype="relative">
              <relatiu arg="argM" coreftype="ident" entity="entity17" entityref="spec" func="cc" tem="loc">
                <p gen="c" lem="donde" num="c" pos="pr000000" postype="relative" wd="donde"/>
              </relatiu>
              <sn arg="arg0" coreftype="ident" elliptic="yes" entity="entity1" entityref="spec" func="suj" tem="agt"/>
              <neg func="mod">
                <r lem="no" pos="rn" postype="negative" wd="no"/>
              </neg>
              <grup.verb>
                <v lem="ganar" lss="A21.transitive-agentive-patient" mood="indicative" num="s" person="3" pos="vmip3s0" postype="main" tense="present" wd="gana"/>
              </grup.verb>
              <sp arg="argM" func="cc" tem="tmp">
                <prep>
                  <s lem="desde" pos="sps00" postype="preposition" wd="desde"/>
                </prep>
                <sn entityref="ne" ne="other">
                  <spec gen="f" num="s">
                    <d gen="f" lem="el" num="s" pos="da0fs0" postype="article" wd="la"/>
                  </spec>
                  <grup.nom gen="f" num="s">
                    <n gen="f" lem="temporada" num="s" pos="ncfs000" postype="common" sense="16:10947841" wd="temporada"/>
                    <sn entityref="ne" ne="number">
                      <grup.nom gen="f" num="s">
                        <a lem="88-89" wd="88-89"/>
                      </grup.nom>
                    </sn>
                  </grup.nom>
                </sn>
              </sp>
            </S>
          </grup.nom>
        </sn>
        <f lem="," pos="fc" punct="comma" wd=","/>
      </sp>
      <conj conjunctiontype="coordinating">
        <c lem="y" pos="cc" postype="coordinating" wd="y"/>
      </conj>
      <sp>
        <prep>
          <s lem="en" pos="sps00" postype="preposition" wd="en"/>
        </prep>
        <sn entity="entity18" entityref="nne">
          <spec gen="m" num="p">
            <d gen="m" lem="uno" num="p" pos="di0mp0" postype="indefinite" wd="unos"/>
          </spec>
          <grup.nom gen="m" num="p">
            <n gen="m" lem="momento" num="p" pos="ncmp000" postype="common" sense="16:10850147" wd="momentos"/>
            <S clausetype="relative">
              <relatiu arg="arg1" coreftype="ident" entity="entity18" entityref="nne" func="suj" tem="tem">
                <p gen="c" lem="que" num="c" pos="pr0cn000" postype="relative" wd="que"/>
              </relatiu>
              <grup.verb>
                <v lem="coincidir" lss="C21.state-attributive" mood="indicative" num="p" person="3" pos="vmip3p0" postype="main" tense="present" wd="coinciden"/>
              </grup.verb>
              <sp arg="arg2" func="creg" tem="atr">
                <prep>
                  <s lem="con" pos="sps00" postype="preposition" wd="con"/>
                </prep>
                <sn entityref="nne">
                  <spec arg="arg3" gen="m" num="p" tem="ben">
                    <d coreftype="ident" entity="entity1" entityref="spec" gen="c" lem="su" num="p" person="3" pos="dp3cp0" postype="possessive" wd="sus"/>
                  </spec>
                  <grup.nom gen="m" num="p">
                    <s.a func="cn" gen="m" num="p">
                      <grup.a gen="m" num="p">
                        <a gen="m" lem="malo" num="p" pos="aq0mp0" postype="qualificative" wd="malos"/>
                      </grup.a>
                    </s.a>
                    <n gen="m" lem="resultado" lexicalid="noun.resultado.1.default" num="p" origin="deverbal" pos="ncmp000" postype="common" sense="16:09768132" wd="resultados"/>
                    <S clausetype="participle" func="cn" impersonal="yes">
                      <participi>
                        <a gen="m" lem="obtenido" lss="B22.unaccusative-passive-transitive" num="p" pos="aq0mpp" posfunction="participle" postype="qualificative" wd="obtenidos"/>
                      </participi>
                      <sp arg="argM" func="cc" tem="adv">
                        <prep>
                          <c lem="como" pos="cs" postype="subordinating" wd="como"/>
                        </prep>
                        <sn entityref="nne">
                          <grup.nom gen="m" num="s">
                            <n gen="m" lem="visitante" num="s" pos="ncms000" postype="common" sense="16:07668613" wd="visitante"/>
                          </grup.nom>
                        </sn>
                      </sp>
                    </S>
                  </grup.nom>
                </sn>
              </sp>
            </S>
          </grup.nom>
        </sn>
      </sp>
    </sp>
    <S arg="argM" clausetype="adverbial" func="cc" tem="cau">
      <f lem="," pos="fc" punct="comma" wd=","/>
      <conj conjunctiontype="subordinating">
        <c lem="ya_que" pos="cs" postype="subordinating" wd="ya_que"/>
      </conj>
      <sn arg="arg0" coreftype="ident" entity="entity1" entityref="ne" func="suj" ne="organization" tem="agt">
        <spec gen="m" num="s">
          <d gen="m" lem="el" num="s" pos="da0ms0" postype="article" wd="el"/>
        </spec>
        <grup.nom gen="m" num="s">
          <n gen="m" lem="equipo" num="s" pos="ncms000" postype="common" sense="16:06093198" wd="equipo"/>
          <s.a gen="m" num="s">
            <grup.a gen="m" num="s">
              <a gen="c" lem="balear" num="s" pos="aq0cs0" postype="qualificative" wd="balear"/>
            </grup.a>
          </s.a>
        </grup.nom>
      </sn>
      <neg func="mod">
        <r lem="no" pos="rn" postype="negative" wd="no"/>
      </neg>
      <grup.verb>
        <v lem="ganar" lss="A21.transitive-agentive-patient" mood="indicative" num="s" person="3" pos="vmip3s0" postype="main" tense="present" wd="gana"/>
      </grup.verb>
      <sadv arg="argM" func="cc" tem="loc">
        <grup.adv>
          <r lem="lejos" pos="rg" wd="lejos"/>
          <sp>
            <prep>
              <s lem="de" pos="sps00" postype="preposition" wd="de"/>
            </prep>
            <sn entityref="ne" ne="location">
              <grup.nom>
                <n lem="Son_Moix" ne="location" pos="np00000" postype="proper" wd="Son_Moix"/>
              </grup.nom>
            </sn>
          </sp>
        </grup.adv>
      </sadv>
      <sp arg="argM" func="cc" tem="tmp">
        <prep>
          <s lem="desde" pos="sps00" postype="preposition" wd="desde"/>
        </prep>
        <sn entity="entity19" entityref="ne" ne="date">
          <spec gen="m" num="s">
            <d gen="m" lem="el" num="s" pos="da0ms0" postype="article" wd="el"/>
          </spec>
          <grup.nom gen="m" num="s">
            <S clausetype="participle" impersonal="yes">
              <participi>
                <a gen="m" lem="pasado" num="s" pos="aq0msp" posfunction="participle" postype="qualificative" wd="pasado"/>
              </participi>
            </S>
            <w lem="[??:??/11/??:??.??]" ne="date" wd="mes_de_noviembre"/>
            <S clausetype="relative">
              <f lem="," pos="fc" punct="comma" wd=","/>
              <relatiu arg="argM" coreftype="ident" entity="entity19" entityref="spec" func="cc" tem="tmp">
                <p gen="c" lem="cuando" num="c" pos="pr000000" postype="relative" wd="cuando"/>
              </relatiu>
              <sn arg="arg0" coreftype="ident" elliptic="yes" entity="entity1" entityref="spec" func="suj" tem="agt"/>
              <grup.verb>
                <v lem="derrotar" lss="A21.transitive-agentive-patient" mood="indicative" num="s" person="3" pos="vmis3s0" postype="main" tense="past" wd="derrotó"/>
              </grup.verb>
              <sp arg="argM" func="cc" tem="adv">
                <prep>
                  <s lem="por" pos="sps00" postype="preposition" wd="por"/>
                </prep>
                <sn entityref="ne" ne="number">
                  <grup.nom>
                    <z lem="1-2" ne="number" wd="1-2"/>
                  </grup.nom>
                </sn>
              </sp>
              <sp arg="arg1" func="cd" tem="pat">
                <prep>
                  <s contracted="yes" gen="m" lem="al" num="s" pos="spcms" postype="preposition" wd="al"/>
                </prep>
                <sn entityref="ne" ne="organization">
                  <grup.nom gen="m" num="s">
                    <n lem="Espanyol" ne="organization" pos="np00000" postype="proper" wd="Espanyol"/>
                  </grup.nom>
                </sn>
              </sp>
            </S>
          </grup.nom>
        </sn>
      </sp>
    </S>
    <f lem="." pos="fp" punct="period" wd="."/>
  </sentence>
</article>
