<?xml version="1.0" encoding="UTF-8"?>
<!-- 

  ancora-2.0
       
			Copyright (C) 2007, 2008, 2009, 2010, 2011 UB - CLiC
			Centre de Llenguatge i Computació - Universitat de Barcelona
 
  This file is part of ancora-2.0.
 
  ancora-2.0 is free software and data: you can redistribute it and/or modify
  it under the terms of the GNU General Public License as published
  by the Free Software Foundation, either version 3 of the License,
  or (at your option) any later version.

  ancora-2.0 is distributed in the hope that it will be useful,
  but WITHOUT ANY WARRANTY; without even the implied warranty of
  MERCHANTABILITY or FITNESS FOR A PARTICULAR PURPOSE.  See the
  GNU General Public License for more details.
 
  You should have received a copy of the GNU General Public License
  along with ancora-2.0.  If not, see &lt;http://www.gnu.org/licenses/&gt;.
 
  Check a text in catalan explaining the terms of the license at http://www.softcatala.cat/wiki/GPL3.
  In spanish at http://www.viti.es/gnu/licenses/gpl.html
 

  The following paper must be cited when using this corpus:

 * Taulé, M., M.A. Martí, M. Recasens (2008) 'Ancora: Multilevel Annotated Corpora for Catalan and Spanish',
   Proceedings of 6th International Conference on Language Resources and Evaluation. Marrakesh (Morocco).

  In addition, the following paper must be cited if coreference information (attributes entity, coreftype,
  corefsubtype, homophoricDD or entityref) is used:

 * Recasens, Marta, M. Antònia Martí (2010) ‘AnCora-CO: Coreferentially annotated corpora for Spanish and
   Catalan’. Language Resources and Evaluation, Springer Science.

  Additionally, the following paper must be cited when argumental attributes in "sn" or "grup.nom"
  (attributes func, arg, tem or lexicalid) are used:

 * Peris, Aina, Mariona Taulé, Horacio Rodríguez (2010) ‘Semantic Annotation of Deverbal Nominalizations in the
   Spanish AnCora corpus’. Treebanks and Linguistic Theories (TLT-2010), Estonia.
-->
<article lng="es">
  <sentence id="0">
    <sn arg="arg0" entity="entity1" entityref="ne" func="suj" ne="person" tem="agt">
      <grup.nom gen="m" num="s">
        <n lem="Isabel_Fernández" ne="person" pos="np00000" postype="proper" wd="Isabel_Fernández"/>
        <sn corefsubtype="definit" coreftype="pred" entity="entity1">
          <f lem="," pos="fc" punct="comma" wd=","/>
          <grup.nom gen="f" num="s">
            <n gen="f" lem="medalla" num="s" pos="ncfs000" postype="common" sense="16:05029668" wd="medalla"/>
            <sp>
              <prep>
                <s lem="de" pos="sps00" postype="preposition" wd="de"/>
              </prep>
              <sn>
                <grup.nom gen="m" num="s">
                  <n gen="m" lem="oro" num="s" pos="ncms000" postype="common" sense="16:10487505" wd="oro"/>
                </grup.nom>
              </sn>
            </sp>
            <sp>
              <prep>
                <s lem="en" pos="sps00" postype="preposition" wd="en"/>
              </prep>
              <sn entity="entity6" entityref="ne" ne="other">
                <spec gen="m" num="p">
                  <d gen="m" lem="el" num="p" pos="da0mp0" postype="article" wd="los"/>
                </spec>
                <grup.nom gen="m" num="p">
                  <n lem="Juegos_Olímpicos" ne="other" pos="np00000" postype="proper" wd="Juegos_Olímpicos"/>
                  <sp>
                    <prep>
                      <s lem="de" pos="sps00" postype="preposition" wd="de"/>
                    </prep>
                    <sn entity="entity13" entityref="ne" ne="location">
                      <grup.nom>
                        <n lem="Sydney" ne="location" pos="np00000" postype="proper" wd="Sydney"/>
                      </grup.nom>
                    </sn>
                  </sp>
                </grup.nom>
              </sn>
            </sp>
            <sp>
              <prep>
                <s lem="en" pos="sps00" postype="preposition" wd="en"/>
              </prep>
              <sn entityref="ne" ne="other">
                <grup.nom gen="m" num="s">
                  <n lem="Judo" ne="other" pos="np00000" postype="proper" wd="Judo"/>
                </grup.nom>
              </sn>
            </sp>
            <sp>
              <prep>
                <s lem="en" pos="sps00" postype="preposition" wd="en"/>
              </prep>
              <sn entityref="ne" ne="other">
                <spec gen="f" num="s">
                  <d gen="f" lem="el" num="s" pos="da0fs0" postype="article" wd="la"/>
                </spec>
                <grup.nom gen="f" num="s">
                  <n gen="f" lem="categoría" num="s" pos="ncfs000" postype="common" sense="16:05991008" wd="categoría"/>
                  <sp>
                    <prep>
                      <s lem="de" pos="sps00" postype="preposition" wd="de"/>
                    </prep>
                    <sn entityref="ne" ne="number">
                      <spec gen="m" num="p">
                        <r lem="menos" pos="rg" wd="menos"/>
                        <s lem="de" pos="sps00" postype="preposition" wd="de"/>
                        <z lem="57" ne="number" wd="57"/>
                      </spec>
                      <grup.nom gen="m" num="p">
                        <n gen="m" lem="kilo" num="p" pos="ncmp000" postype="common" sense="16:09880778" wd="kilos"/>
                      </grup.nom>
                    </sn>
                  </sp>
                </grup.nom>
              </sn>
            </sp>
          </grup.nom>
          <f lem="," pos="fc" punct="comma" wd=","/>
        </sn>
      </grup.nom>
    </sn>
    <grup.verb>
      <v lem="haber" mood="indicative" num="s" person="3" pos="vaip3s0" postype="auxiliary" tense="present" wd="ha"/>
      <v gen="m" lem="asegurar" lss="A32.ditransitive-patient-benefactive" mood="participle" num="s" pos="vmp00sm" postype="main" wd="asegurado"/>
    </grup.verb>
    <sadv arg="argM" func="cc" tem="tmp">
      <grup.adv>
        <r lem="hoy" pos="rg" wd="hoy"/>
      </grup.adv>
    </sadv>
    <sp arg="argM" func="cc" tem="tmp">
      <prep>
        <s lem="a" pos="sps00" postype="preposition" wd="a"/>
      </prep>
      <sn entityref="nne">
        <spec arg="arg1" gen="f" num="s" tem="tem">
          <d coreftype="ident" entity="entity1" entityref="spec" gen="c" lem="su" num="s" person="3" pos="dp3cs0" postype="possessive" wd="su"/>
        </spec>
        <grup.nom gen="f" num="s">
          <n gen="f" lem="llegada" lexicalid="noun.llegada.2.default" num="s" origin="deverbal" pos="ncfs000" postype="common" sense="16:00025919" wd="llegada"/>
          <sp arg="arg4" func="cn" tem="des">
            <prep>
              <s lem="a" pos="sps00" postype="preposition" wd="a"/>
            </prep>
            <sn entityref="ne" ne="location">
              <grup.nom>
                <n lem="Alicante" ne="location" pos="np00000" postype="proper" sense="16:50004893" wd="Alicante"/>
              </grup.nom>
            </sn>
          </sp>
        </grup.nom>
      </sn>
    </sp>
    <S arg="arg1" clausetype="completive" func="cd" tem="pat">
      <conj conjunctiontype="subordinating">
        <c lem="que" pos="cs" postype="subordinating" wd="que"/>
      </conj>
      <sn arg="arg0" coreftype="ident" elliptic="yes" entity="entity1" entityref="spec" func="suj" tem="agt"/>
      <grup.verb>
        <v lem="continuar" lss="A21.transitive-agentive-patient" mood="indicative" num="s" person="3" pos="vmif3s0" postype="main" tense="future" wd="continuará"/>
      </grup.verb>
      <sp arg="argM" func="cc" tem="loc">
        <prep>
          <s lem="en" pos="sps00" postype="preposition" wd="en"/>
        </prep>
        <sn entityref="nne" homophoricDD="yes">
          <spec gen="f" num="s">
            <d gen="f" lem="el" num="s" pos="da0fs0" postype="article" wd="la"/>
          </spec>
          <grup.nom gen="f" num="s">
            <n gen="f" lem="competición" lexicalid="noun.competición.1.default" num="s" origin="deverbal" pos="ncfs000" postype="common" sense="16:05542799" wd="competición"/>
            <sp func="cn">
              <prep>
                <s lem="de" pos="sps00" postype="preposition" wd="de"/>
              </prep>
              <sn>
                <grup.nom gen="m" num="s">
                  <s.a gen="m" num="s">
                    <grup.a gen="m" num="s">
                      <a gen="m" lem="máximo" num="s" pos="aq0ms0" postype="qualificative" wd="máximo"/>
                    </grup.a>
                  </s.a>
                  <n gen="m" lem="nivel" num="s" pos="ncms000" postype="common" sense="16:03973686" wd="nivel"/>
                </grup.nom>
              </sn>
            </sp>
          </grup.nom>
        </sn>
      </sp>
      <S clausesubtype="conditional" clausetype="adverbial" func="ao">
        <f lem="&quot;" pos="fe" punct="quotation" wd="&quot;"/>
        <conj conjunctiontype="subordinating">
          <c lem="mientras" pos="cs" postype="subordinating" wd="mientras"/>
        </conj>
        <sn arg="arg1" coreftype="ident" elliptic="yes" entity="entity1" entityref="spec" func="suj" tem="tem"/>
        <grup.verb>
          <v lem="tener" lss="C21.state-attributive" mood="subjunctive" num="s" person="3" pos="vmsp3s0" postype="main" tense="present" wd="tenga"/>
        </grup.verb>
        <sn arg="arg2" entity="entity4" entityref="nne" func="cd" functype="quantitative" tem="atr">
          <grup.nom gen="f" num="s">
            <n gen="f" lem="motivación" lexicalid="noun.motivación.1.default" num="s" origin="deverbal" pos="ncfs000" postype="common" sense="16:00013700" wd="motivación"/>
          </grup.nom>
        </sn>
        <f lem="&quot;" pos="fe" punct="quotation" wd="&quot;"/>
      </S>
    </S>
    <f lem="." pos="fp" punct="period" wd="."/>
  </sentence>
  <sentence id="1">
    <sn arg="arg0" coreftype="ident" entity="entity1" entityref="ne" func="suj" ne="person" tem="agt">
      <grup.nom gen="f" num="s">
        <n lem="Fernández" ne="person" pos="np00000" postype="proper" wd="Fernández"/>
      </grup.nom>
    </sn>
    <grup.verb>
      <v lem="indicar" lss="A32.ditransitive-patient-benefactive" mood="indicative" num="s" person="3" pos="vmis3s0" postype="main" tense="past" wd="indicó"/>
    </grup.verb>
    <S arg="arg1" clausetype="completive" func="cd" tem="pat">
      <conj conjunctiontype="subordinating">
        <c lem="que" pos="cs" postype="subordinating" wd="que"/>
      </conj>
      <sp arg="argM" func="cc" tem="tmp">
        <prep>
          <s lem="durante" pos="sps00" postype="preposition" wd="durante"/>
        </prep>
        <sn complex="yes" entityref="nne" homophoricDD="yes">
          <spec gen="m" num="s">
            <d gen="m" lem="el" num="s" pos="da0ms0" postype="article" wd="el"/>
          </spec>
          <grup.nom coord="yes">
            <s.a adjunct="yes" gen="m" num="s">
              <grup.a gen="m" num="s">
                <a gen="m" lem="próximo" num="s" pos="aq0ms0" postype="qualificative" wd="próximo"/>
              </grup.a>
            </s.a>
            <grup.nom coord="yes">
              <grup.nom gen="m" num="s">
                <n gen="m" lem="mes" num="s" pos="ncms000" postype="common" sense="16:10919146" wd="mes"/>
              </grup.nom>
              <conj conjunctiontype="coordinating">
                <c lem="y" pos="cc" postype="coordinating" wd="y"/>
              </conj>
              <grup.nom gen="m" num="s">
                <s.a gen="m" num="s">
                  <grup.a gen="m" num="s">
                    <a gen="m" lem="medio" num="s" pos="aq0ms0" postype="qualificative" wd="medio"/>
                  </grup.a>
                </s.a>
              </grup.nom>
            </grup.nom>
          </grup.nom>
        </sn>
      </sp>
      <sn arg="arg0" coreftype="ident" elliptic="yes" entity="entity1" entityref="spec" func="suj" tem="agt"/>
      <grup.verb>
        <v lem="pensar" lss="A21.transitive-agentive-patient" mood="indicative" num="s" person="3" pos="vmip3s0" postype="main" tense="present" wd="piensa"/>
      </grup.verb>
      <S arg="arg1" clausetype="completive" func="cd" impersonal="yes" tem="pat">
        <infinitiu>
          <v lem="descansar" lss="D11.inergative-agentive" mood="infinitive" pos="vmn0000" postype="main" wd="descansar"/>
        </infinitiu>
      </S>
    </S>
    <S clausesubtype="concessive" clausetype="adverbial" func="ao">
      <f lem="," pos="fc" punct="comma" wd=","/>
      <conj conjunctiontype="subordinating">
        <c lem="aunque" pos="cs" postype="subordinating" wd="aunque"/>
      </conj>
      <sn arg="arg0" coreftype="ident" elliptic="yes" entity="entity1" entityref="spec" func="suj" tem="agt"/>
      <grup.verb>
        <v lem="asegurar" lss="A32.ditransitive-patient-benefactive" mood="indicative" num="s" person="3" pos="vmis3s0" postype="main" tense="past" wd="aseguró"/>
      </grup.verb>
      <S arg="arg1" clausetype="completive" func="cd" tem="pat">
        <conj conjunctiontype="subordinating">
          <c lem="que" pos="cs" postype="subordinating" wd="que"/>
        </conj>
        <sp arg="argM" func="cc" tem="tmp">
          <f lem="," pos="fc" punct="comma" wd=","/>
          <prep>
            <s lem="a_partir_de" pos="sps00" postype="preposition" wd="a_partir_de"/>
          </prep>
          <sn entityref="nne">
            <spec gen="f" num="s">
              <d gen="f" lem="ese" num="s" pos="dd0fs0" postype="demonstrative" wd="esa"/>
            </spec>
            <grup.nom gen="f" num="s">
              <n gen="f" lem="fecha" num="s" pos="ncfs000" postype="common" sense="16:10880047" wd="fecha"/>
            </grup.nom>
          </sn>
          <f lem="," pos="fc" punct="comma" wd=","/>
        </sp>
        <sn arg="arg0" coreftype="ident" elliptic="yes" entity="entity1" entityref="spec" func="suj" tem="agt"/>
        <grup.verb>
          <v lem="comenzar" mood="indicative" num="s" person="3" pos="vmif3s0" postype="main" tense="future" wd="comenzará"/>
          <s lem="a" pos="sps00" postype="preposition" wd="a"/>
          <infinitiu>
            <v lem="preparar" lss="A21.transitive-agentive-patient" mood="infinitive" pos="vmn0000" postype="main" wd="preparar"/>
          </infinitiu>
        </grup.verb>
        <sn arg="arg1" entity="entity2" entityref="ne" func="cd" ne="other" tem="pat">
          <spec gen="m" num="s">
            <d gen="m" lem="el" num="s" pos="da0ms0" postype="article" wd="el"/>
          </spec>
          <grup.nom gen="m" num="s">
            <n gen="m" lem="campeonato" num="s" pos="ncms000" postype="common" sense="16:05542799" wd="campeonato"/>
            <sp>
              <prep>
                <s contracted="yes" gen="m" lem="del" num="s" pos="spcms" postype="preposition" wd="del"/>
              </prep>
              <sn entityref="ne" ne="location">
                <grup.nom gen="m" num="s">
                  <n lem="Mundo" ne="location" pos="np00000" postype="proper" sense="16:50004164" wd="Mundo"/>
                </grup.nom>
              </sn>
            </sp>
            <S clausetype="relative">
              <f lem="," pos="fc" punct="comma" wd=","/>
              <relatiu arg="arg1" coreftype="ident" entity="entity2" entityref="spec" func="suj" num="p" tem="pat">
                <p gen="c" lem="que" num="c" pos="pr0cn000" postype="relative" wd="que"/>
              </relatiu>
              <morfema.verbal func="pass">
                <p gen="c" lem="se" num="c" pos="p0000000" wd="se"/>
              </morfema.verbal>
              <grup.verb>
                <v lem="disputar" lss="B22.unaccusative-passive-transitive" mood="indicative" num="s" person="3" pos="vmif3s0" postype="main" tense="future" wd="disputará"/>
              </grup.verb>
              <sn arg="argM" entityref="nne" func="cc" homophoricDD="yes" tem="tmp">
                <spec gen="m" num="s">
                  <d gen="m" lem="el" num="s" pos="da0ms0" postype="article" wd="el"/>
                </spec>
                <grup.nom gen="m" num="s">
                  <s.a gen="m" num="s">
                    <grup.a gen="m" num="s">
                      <a gen="m" lem="próximo" num="s" pos="aq0ms0" postype="qualificative" wd="próximo"/>
                    </grup.a>
                  </s.a>
                  <n gen="m" lem="año" num="s" pos="ncms000" postype="common" sense="16:10917509" wd="año"/>
                </grup.nom>
              </sn>
              <sp arg="argM" func="cc" tem="loc">
                <prep>
                  <s lem="en" pos="sps00" postype="preposition" wd="en"/>
                </prep>
                <sn entityref="ne" ne="location">
                  <spec gen="f" num="s">
                    <d gen="f" lem="el" num="s" pos="da0fs0" postype="article" wd="la"/>
                  </spec>
                  <grup.nom gen="f" num="s">
                    <n gen="f" lem="localidad" num="s" pos="ncfs000" postype="common" sense="16:cs1" wd="localidad"/>
                    <s.a gen="f" num="s">
                      <grup.a gen="f" num="s">
                        <a gen="f" lem="alemán" num="s" pos="aq0fs0" postype="qualificative" wd="alemana"/>
                      </grup.a>
                    </s.a>
                    <sp>
                      <prep>
                        <s lem="de" pos="sps00" postype="preposition" wd="de"/>
                      </prep>
                      <sn entityref="ne" ne="location">
                        <grup.nom>
                          <n lem="Munich" ne="location" pos="np00000" postype="proper" sense="16:06445738" wd="Munich"/>
                        </grup.nom>
                      </sn>
                    </sp>
                  </grup.nom>
                </sn>
              </sp>
            </S>
          </grup.nom>
        </sn>
      </S>
    </S>
    <f lem="." pos="fp" punct="period" wd="."/>
  </sentence>
  <sentence id="2">
    <sp func="ao">
      <prep>
        <s lem="en_cuanto_a" pos="sps00" postype="preposition" wd="En_cuanto_a"/>
      </prep>
      <sn coord="yes">
        <sn entityref="nne">
          <spec arg="arg0" gen="f" num="s" tem="agt">
            <d coreftype="ident" entity="entity1" entityref="spec" gen="c" lem="su" num="s" person="3" pos="dp3cs0" postype="possessive" wd="su"/>
          </spec>
          <grup.nom gen="f" num="s">
            <s.a func="cn" gen="f" num="s">
              <grup.a gen="f" num="s">
                <a gen="c" lem="posible" num="s" pos="aq0cs0" postype="qualificative" wd="posible"/>
              </grup.a>
            </s.a>
            <n gen="f" lem="participación" lexicalid="noun.participación.2.default" num="s" origin="deverbal" pos="ncfs000" postype="common" sense="16:00804778" wd="participación"/>
            <sp arg="arg1" func="cn" tem="tem">
              <prep>
                <s lem="en" pos="sps00" postype="preposition" wd="en"/>
              </prep>
              <sn entity="entity3" entityref="ne" ne="other">
                <spec gen="m" num="p">
                  <d gen="m" lem="el" num="p" pos="da0mp0" postype="article" wd="los"/>
                </spec>
                <grup.nom gen="m" num="p">
                  <s.a gen="m" num="p">
                    <grup.a gen="m" num="p">
                      <a gen="m" lem="próximo" num="p" pos="aq0mp0" postype="qualificative" wd="próximos"/>
                    </grup.a>
                  </s.a>
                  <n lem="Juegos_Olímpicos" ne="other" pos="np00000" postype="proper" wd="Juegos_Olímpicos"/>
                </grup.nom>
              </sn>
            </sp>
          </grup.nom>
        </sn>
        <conj conjunctiontype="coordinating">
          <c lem="y" pos="cc" postype="coordinating" wd="y"/>
        </conj>
        <S clausetype="completive" impersonal="yes">
          <sadv arg="argM" func="cc" tem="adv">
            <f lem="," pos="fc" punct="comma" wd=","/>
            <grup.adv>
              <r lem="así" pos="rg" wd="así"/>
            </grup.adv>
            <f lem="," pos="fc" punct="comma" wd=","/>
          </sadv>
          <infinitiu>
            <v lem="lograr" lss="A21.transitive-agentive-patient" mood="infinitive" pos="vmn0000" postype="main" wd="lograr"/>
          </infinitiu>
          <S arg="arg1" clausetype="completive" func="cd" impersonal="yes" tem="pat">
            <infinitiu>
              <v lem="ser" lss="C21.state-attributive" mood="infinitive" pos="vsn0000" postype="semiauxiliary" wd="ser"/>
            </infinitiu>
            <sn arg="arg2" corefsubtype="definit" coreftype="pred" entity="entity1" entityref="ne" func="atr" ne="person" tem="atr">
              <spec gen="f" num="s">
                <d gen="f" lem="el" num="s" pos="da0fs0" postype="article" wd="la"/>
              </spec>
              <grup.nom gen="f" num="s">
                <s.a gen="f" num="s">
                  <grup.a gen="f" num="s">
                    <a gen="f" lem="único" num="s" pos="aq0fs0" postype="qualificative" wd="única"/>
                  </grup.a>
                </s.a>
                <n gen="c" lem="deportista" num="s" pos="nccs000" postype="common" sense="16:07602168" wd="deportista"/>
                <s.a gen="f" num="s">
                  <grup.a gen="f" num="s">
                    <a gen="f" lem="español" num="s" pos="aq0fs0" postype="qualificative" wd="española"/>
                  </grup.a>
                </s.a>
                <S clausetype="relative">
                  <relatiu arg="arg0" coreftype="ident" entity="entity1" entityref="spec" func="suj" tem="agt">
                    <p gen="c" lem="que" num="c" pos="pr0cn000" postype="relative" wd="que"/>
                  </relatiu>
                  <grup.verb>
                    <v lem="conquistar" lss="A21.transitive-agentive-patient" mood="subjunctive" num="s" person="3" pos="vmsp3s0" postype="main" tense="present" wd="conquiste"/>
                  </grup.verb>
                  <sn arg="arg1" entityref="nne" func="cd" tem="pat">
                    <spec gen="f" num="p">
                      <d gen="c" lem="tres" num="p" pos="dn0cp0" postype="numeral" wd="tres"/>
                    </spec>
                    <grup.nom gen="f" num="p">
                      <n gen="f" lem="medalla" num="p" pos="ncfp000" postype="common" sense="16:05029668" wd="medallas"/>
                    </grup.nom>
                  </sn>
                  <sp arg="argM" func="cc" tem="loc">
                    <prep>
                      <s lem="en" pos="sps00" postype="preposition" wd="en"/>
                    </prep>
                    <sn entityref="ne" ne="other">
                      <spec gen="m" num="p">
                        <d gen="c" lem="tres" num="p" pos="dn0cp0" postype="numeral" wd="tres"/>
                      </spec>
                      <grup.nom gen="m" num="p">
                        <n lem="Juegos" ne="other" pos="np00000" postype="proper" wd="Juegos"/>
                        <s.a gen="m" num="p">
                          <grup.a gen="m" num="p">
                            <a gen="c" lem="diferente" num="p" pos="aq0cp0" postype="qualificative" wd="diferentes"/>
                          </grup.a>
                        </s.a>
                      </grup.nom>
                    </sn>
                  </sp>
                </S>
              </grup.nom>
            </sn>
          </S>
        </S>
      </sn>
      <f lem="," pos="fc" punct="comma" wd=","/>
    </sp>
    <sn arg="arg0" coreftype="ident" elliptic="yes" entity="entity1" entityref="spec" func="suj" tem="agt"/>
    <grup.verb>
      <v lem="comentar" lss="A32.ditransitive-patient-benefactive" mood="indicative" num="s" person="3" pos="vmis3s0" postype="main" tense="past" wd="comentó"/>
    </grup.verb>
    <S arg="arg1" clausetype="completive" coord="yes" func="cd" tem="pat">
      <conj conjunctiontype="subordinating">
        <c lem="que" pos="cs" postype="subordinating" wd="que"/>
      </conj>
      <S clausetype="completive">
        <f lem="&quot;" punct="quotation" wd="&quot;"/>
        <grup.verb>
          <v lem="quedar" lss="C41.state-benefactive" mood="indicative" num="p" person="3" pos="vmip3p0" postype="main" tense="present" wd="quedan"/>
        </grup.verb>
        <sn arg="arg1" entityref="nne" func="suj" tem="tem">
          <spec gen="m" num="p">
            <d gen="c" lem="cuatro" num="p" pos="dn0cp0" postype="numeral" wd="cuatro"/>
          </spec>
          <grup.nom gen="m" num="p">
            <n gen="m" lem="año" num="p" pos="ncmp000" postype="common" sense="16:10917509" wd="años"/>
          </grup.nom>
        </sn>
        <sp arg="argM" func="cc" tem="adv">
          <prep>
            <s lem="para" pos="sps00" postype="preposition" wd="para"/>
          </prep>
          <sn coreftype="ident" entity="entity3" entityref="ne" ne="other">
            <grup.nom>
              <n lem="Atenas" ne="location" pos="np00000" postype="proper" sense="16:06451557" wd="Atenas"/>
            </grup.nom>
          </sn>
        </sp>
      </S>
      <conj conjunctiontype="coordinating">
        <c lem="y" pos="cc" postype="coordinating" wd="y"/>
      </conj>
      <S clausetype="completive">
        <S clausesubtype="concessive" clausetype="adverbial" func="ao">
          <conj conjunctiontype="subordinating">
            <c lem="aunque" pos="cs" postype="subordinating" wd="aunque"/>
          </conj>
          <sn arg="arg1" entityref="nne" func="suj" homophoricDD="yes" tem="tem">
            <spec gen="m" num="s">
              <d gen="m" lem="el" num="s" pos="da0ms0" postype="article" wd="el"/>
            </spec>
            <grup.nom gen="m" num="s">
              <n gen="m" lem="tiempo" num="s" pos="ncms000" postype="common" sense="16:00015594" wd="tiempo"/>
            </grup.nom>
          </sn>
          <grup.verb>
            <v lem="pasar" lss="C21.state-attributive" mood="indicative" num="s" person="3" pos="vmip3s0" postype="main" tense="present" wd="pasa"/>
          </grup.verb>
          <S arg="argM" clausetype="adverbial" func="cc" impersonal="yes" tem="mnr">
            <gerundi>
              <v lem="volar" lss="D11.inergative-agentive" mood="gerund" pos="vmg0000" postype="main" wd="volando"/>
            </gerundi>
          </S>
        </S>
        <sadv func="mod">
          <grup.adv>
            <r lem="aún" pos="rg" wd="aún"/>
          </grup.adv>
        </sadv>
        <grup.verb>
          <v lem="poder" mood="indicative" num="p" person="3" pos="vmip3p0" postype="main" tense="present" wd="pueden"/>
          <infinitiu>
            <v lem="pasar" lss="C42.state-experiencer" mood="infinitive" pos="vmn0000" postype="main" wd="pasar"/>
          </infinitiu>
        </grup.verb>
        <sn arg="arg1" entityref="nne" func="suj" tem="tem">
          <spec gen="f" num="p">
            <d gen="f" lem="mucho" num="p" pos="di0fp0" postype="indefinite" wd="muchas"/>
          </spec>
          <grup.nom gen="f" num="p">
            <n gen="f" lem="cosa" num="p" pos="ncfp000" postype="common" sense="16:03495843" wd="cosas"/>
          </grup.nom>
        </sn>
        <f lem="&quot;" pos="fe" punct="quotation" wd="&quot;"/>
      </S>
    </S>
    <f lem="." pos="fp" punct="period" wd="."/>
  </sentence>
  <sentence id="3">
    <f lem="&quot;" punct="quotation" wd="&quot;"/>
    <conj conjunctiontype="coordinating" func="et">
      <c lem="pero" pos="cc" postype="coordinating" wd="Pero"/>
    </conj>
    <S clausesubtype="conditional" clausetype="adverbial" func="ao">
      <conj conjunctiontype="subordinating">
        <c lem="mientras" pos="cs" postype="subordinating" wd="mientras"/>
      </conj>
      <sn arg="arg1" coreftype="ident" elliptic="yes" entity="entity1" entityref="spec" func="suj" tem="tem"/>
      <grup.verb>
        <v lem="estar" lss="C21.state-attributive" mood="subjunctive" num="s" person="3" pos="vmsp3s0" postype="main" tense="present" wd="esté"/>
      </grup.verb>
      <sp arg="arg2" func="atr" tem="atr">
        <prep>
          <s lem="con" pos="sps00" postype="preposition" wd="con"/>
        </prep>
        <sn coreftype="ident" entity="entity4" entityref="nne">
          <grup.nom gen="f" num="p">
            <n gen="f" lem="gana" num="p" pos="ncfp000" postype="common" sense="16:cs2" wd="ganas"/>
            <sp coord="yes">
              <sp>
                <prep>
                  <s lem="de" pos="sps00" postype="preposition" wd="de"/>
                </prep>
                <S clausetype="completive" impersonal="yes">
                  <infinitiu>
                    <v lem="poner" lss="A31.ditransitive-patient-locative" mood="infinitive" pos="vmn0000" postype="main" wd="ponerme"/>
                  </infinitiu>
                  <sn arg="arg1" entityref="nne" func="cd" homophoricDD="yes" tem="pat">
                    <spec gen="m" num="s">
                      <d gen="m" lem="el" num="s" pos="da0ms0" postype="article" wd="el"/>
                    </spec>
                    <grup.nom gen="m" num="s">
                      <n gen="m" lem="quimono" num="s" pos="ncms000" postype="common" sense="16:02889173" wd="quimono"/>
                    </grup.nom>
                  </sn>
                </S>
              </sp>
              <conj conjunctiontype="coordinating">
                <c lem="y" pos="cc" postype="coordinating" wd="y"/>
              </conj>
              <sp>
                <prep>
                  <s lem="de" pos="sps00" postype="preposition" wd="de"/>
                </prep>
                <S clausetype="completive" impersonal="yes">
                  <infinitiu>
                    <v lem="entrenar" lss="A21.transitive-agentive-patient" mood="infinitive" pos="vmn0000" postype="main" wd="entrenar"/>
                  </infinitiu>
                </S>
              </sp>
            </sp>
          </grup.nom>
        </sn>
      </sp>
    </S>
    <sn arg="arg0" coreftype="ident" elliptic="yes" entity="entity1" entityref="spec" func="suj" tem="agt"/>
    <grup.verb>
      <v lem="seguir" mood="indicative" num="s" person="1" pos="vmif1s0" postype="main" tense="future" wd="seguiré"/>
      <gerundi>
        <v lem="competir" lss="A33.ditransitive-theme-locative" mood="gerund" pos="vmg0000" postype="main" wd="compitiendo"/>
      </gerundi>
    </grup.verb>
    <f lem="&quot;" pos="fe" punct="quotation" wd="&quot;"/>
    <f lem="." pos="fp" punct="period" wd="."/>
  </sentence>
  <sentence coord="yes" id="4">
    <S>
      <sn arg="arg0" coreftype="ident" entity="entity1" entityref="ne" func="suj" ne="person" tem="agt">
        <spec gen="f" num="s">
          <d gen="f" lem="el" num="s" pos="da0fs0" postype="article" wd="La"/>
        </spec>
        <grup.nom gen="f" num="s">
          <n gen="c" lem="judoca" num="s" pos="nccs000" postype="common" sense="16:cs2" wd="judoca"/>
          <s.a gen="f" num="s">
            <grup.a gen="f" num="s">
              <a gen="f" lem="alicantino" num="s" pos="aq0fs0" postype="qualificative" wd="alicantina"/>
            </grup.a>
          </s.a>
        </grup.nom>
      </sn>
      <grup.verb>
        <v lem="admitir" lss="A21.transitive-agentive-patient" mood="indicative" num="s" person="3" pos="vmis3s0" postype="main" tense="past" wd="admitió"/>
      </grup.verb>
      <S arg="arg1" clausetype="completive" func="cd" impersonal="yes" tem="pat">
        <infinitiu>
          <v lem="estar" lss="C21.state-attributive" mood="infinitive" pos="vmn0000" postype="main" wd="estar"/>
        </infinitiu>
        <S arg="arg2" clausetype="participle" func="atr" impersonal="yes" tem="atr">
          <f lem="&quot;" pos="fe" punct="quotation" wd="&quot;"/>
          <sadv arg="argM" func="cc" tem="adv">
            <grup.adv>
              <r lem="mucho" pos="rg" wd="muy"/>
            </grup.adv>
          </sadv>
          <participi>
            <a gen="f" lem="emocionado" lss="B22.unaccusative-passive-transitive" num="s" pos="aq0fsp" posfunction="participle" postype="qualificative" wd="emocionada"/>
          </participi>
          <f lem="&quot;" pos="fe" punct="quotation" wd="&quot;"/>
          <sp arg="argM" func="cc" tem="cau">
            <prep>
              <s lem="por" pos="sps00" postype="preposition" wd="por"/>
            </prep>
            <sn entity="entity5" entityref="nne" homophoricDD="yes">
              <spec gen="m" num="s">
                <d gen="m" lem="el" num="s" pos="da0ms0" postype="article" wd="el"/>
              </spec>
              <grup.nom gen="m" num="s">
                <n gen="m" lem="recibimiento" lexicalid="noun.recibimiento.1.default" num="s" origin="deverbal" pos="ncms000" postype="common" sense="16:04974571" wd="recibimiento"/>
                <S clausetype="relative" func="cn">
                  <relatiu arg="arg1" coreftype="ident" entity="entity5" entityref="nne" func="cd" tem="pat">
                    <p gen="c" lem="que" num="c" pos="pr0cn000" postype="relative" wd="que"/>
                  </relatiu>
                  <sn arg="arg2" coreftype="ident" entity="entity1" entityref="spec" func="ci" tem="ben">
                    <grup.nom num="s">
                      <p case="dative" gen="c" lem="él" num="s" person="3" pos="pp3csd00" postype="personal" wd="le"/>
                    </grup.nom>
                  </sn>
                  <grup.verb>
                    <v lem="haber" mood="indicative" num="p" person="3" pos="vaip3p0" postype="auxiliary" tense="present" wd="han"/>
                    <v gen="m" lem="ofrecer" lss="A32.ditransitive-patient-benefactive" mood="participle" num="s" pos="vmp00sm" postype="main" wd="ofrecido"/>
                  </grup.verb>
                  <sn arg="arg0" complex="yes" entityref="nne" func="suj" tem="agt">
                    <spec gen="m" num="p">
                      <d coreftype="ident" entity="entity1" entityref="spec" gen="c" lem="su" num="p" person="3" pos="dp3cp0" postype="possessive" wd="sus"/>
                    </spec>
                    <grup.nom coord="yes">
                      <grup.nom gen="m" num="p">
                        <n gen="m" lem="paisano" num="p" pos="ncmp000" postype="common" sense="16:07188374" wd="paisanos"/>
                      </grup.nom>
                      <conj conjunctiontype="coordinating">
                        <c lem="y" pos="cc" postype="coordinating" wd="y"/>
                      </conj>
                      <grup.nom gen="m" num="p">
                        <n gen="m" lem="compañero" num="p" pos="ncmp000" postype="common" sense="16:07165214" wd="compañeros"/>
                        <sp>
                          <prep>
                            <s lem="de" pos="sps00" postype="preposition" wd="de"/>
                          </prep>
                          <sn>
                            <grup.nom gen="m" num="s">
                              <n gen="m" lem="club" num="s" pos="ncms000" postype="common" sense="16:06107600" wd="club"/>
                            </grup.nom>
                          </sn>
                        </sp>
                      </grup.nom>
                    </grup.nom>
                  </sn>
                </S>
              </grup.nom>
            </sn>
          </sp>
        </S>
      </S>
    </S>
    <conj conjunctiontype="coordinating">
      <c lem="y" pos="cc" postype="coordinating" wd="y"/>
    </conj>
    <S>
      <sn arg="arg0" coreftype="ident" elliptic="yes" entity="entity1" entityref="spec" func="suj" tem="agt"/>
      <grup.verb>
        <v lem="calificar" lss="A21.transitive-agentive-patient" mood="indicative" num="s" person="3" pos="vmis3s0" postype="main" tense="past" wd="calificó"/>
      </grup.verb>
      <sp arg="argM" func="cc" tem="adv">
        <f lem="&quot;" pos="fe" punct="quotation" wd="&quot;"/>
        <prep>
          <c lem="como" pos="cs" postype="subordinating" wd="como"/>
        </prep>
        <sn>
          <spec gen="m" num="s">
            <d gen="m" lem="uno" num="s" pos="di0ms0" postype="indefinite" wd="un"/>
          </spec>
          <grup.nom gen="m" num="s">
            <n gen="m" lem="sueño" num="s" pos="ncms000" postype="common" sense="16:04357044" wd="sueño"/>
            <S clausetype="participle" impersonal="yes">
              <participi>
                <a gen="m" lem="cumplido" num="s" pos="aq0msp" posfunction="participle" postype="qualificative" wd="cumplido"/>
              </participi>
            </S>
          </grup.nom>
        </sn>
        <f lem="&quot;" pos="fe" punct="quotation" wd="&quot;"/>
      </sp>
      <sn arg="arg1" entity="entity12" entityref="nne" func="cd" homophoricDD="yes" tem="pat">
        <spec gen="f" num="s">
          <d gen="f" lem="el" num="s" pos="da0fs0" postype="article" wd="la"/>
        </spec>
        <grup.nom gen="f" num="s">
          <n gen="f" lem="conquista" lexicalid="noun.conquista.2.default" num="s" origin="deverbal" pos="ncfs000" postype="common" sense="16:00054499" wd="conquista"/>
          <sp arg="arg1" func="cn" tem="pat">
            <prep>
              <s lem="de" pos="sps00" postype="preposition" wd="de"/>
            </prep>
            <sn entity="entity9" entityref="nne" homophoricDD="yes">
              <spec gen="f" num="s">
                <d gen="f" lem="el" num="s" pos="da0fs0" postype="article" wd="la"/>
              </spec>
              <grup.nom gen="f" num="s">
                <n gen="f" lem="medalla" num="s" pos="ncfs000" postype="common" sense="16:05029668" wd="medalla"/>
                <sp>
                  <prep>
                    <s lem="de" pos="sps00" postype="preposition" wd="de"/>
                  </prep>
                  <sn>
                    <grup.nom gen="m" num="s">
                      <n gen="m" lem="oro" num="s" pos="ncms000" postype="common" sense="16:10487505" wd="oro"/>
                    </grup.nom>
                  </sn>
                </sp>
              </grup.nom>
            </sn>
          </sp>
          <sp arg="argM" func="cn" tem="loc">
            <prep>
              <s lem="en" pos="sps00" postype="preposition" wd="en"/>
            </prep>
            <sn coreftype="ident" entity="entity13" entityref="ne" ne="location">
              <grup.nom>
                <n lem="Sydney" ne="location" pos="np00000" postype="proper" wd="Sydney"/>
              </grup.nom>
            </sn>
          </sp>
        </grup.nom>
      </sn>
    </S>
    <f lem="." pos="fp" punct="period" wd="."/>
  </sentence>
  <sentence coord="yes" id="5">
    <S>
      <sn arg="arg0" coreftype="ident" entity="entity1" entityref="ne" func="suj" ne="person" tem="agt">
        <grup.nom gen="f" num="s">
          <n lem="Isabel_Fernández" ne="person" pos="np00000" postype="proper" wd="Isabel_Fernández"/>
        </grup.nom>
      </sn>
      <grup.verb>
        <v lem="rememorar" lss="A21.transitive-agentive-patient" mood="indicative" num="s" person="3" pos="vmis3s0" postype="main" tense="past" wd="rememoró"/>
      </grup.verb>
      <sn arg="arg1" entity="entity7" entityref="nne" func="cd" homophoricDD="yes" tem="pat">
        <spec gen="m" num="s">
          <d gen="m" lem="el" num="s" pos="da0ms0" postype="article" wd="el"/>
        </spec>
        <grup.nom gen="m" num="s">
          <n gen="m" lem="combate" lexicalid="noun.combate.3.default" num="s" origin="deverbal" pos="ncms000" postype="common" sense="16:cs1" wd="combate"/>
          <sadv arg="arg1" func="cn" tem="pat">
            <grup.adv>
              <r lem="frente" pos="rg" wd="frente"/>
              <sp>
                <prep>
                  <s lem="a" pos="sps00" postype="preposition" wd="a"/>
                </prep>
                <sn entityref="ne" ne="person">
                  <spec gen="f" num="s">
                    <d gen="f" lem="el" num="s" pos="da0fs0" postype="article" wd="la"/>
                  </spec>
                  <grup.nom gen="f" num="s">
                    <n gen="f" lem="cubana" num="s" pos="ncfs000" postype="common" sense="16:cs2" wd="cubana"/>
                    <sn entityref="ne" ne="person">
                      <grup.nom gen="f" num="s">
                        <n lem="Dryuslis_González" ne="person" pos="np00000" postype="proper" wd="Dryuslis_González"/>
                      </grup.nom>
                    </sn>
                  </grup.nom>
                </sn>
              </sp>
            </grup.adv>
          </sadv>
        </grup.nom>
      </sn>
    </S>
    <conj conjunctiontype="coordinating">
      <c lem="y" pos="cc" postype="coordinating" wd="y"/>
    </conj>
    <S>
      <sn arg="arg0" coreftype="ident" elliptic="yes" entity="entity1" entityref="spec" func="suj" tem="agt"/>
      <grup.verb>
        <v lem="admitir" lss="A21.transitive-agentive-patient" mood="indicative" num="s" person="3" pos="vmis3s0" postype="main" tense="past" wd="admitió"/>
      </grup.verb>
      <S arg="arg1" clausetype="completive" func="cd" tem="pat">
        <conj conjunctiontype="subordinating">
          <c lem="que" pos="cs" postype="subordinating" wd="que"/>
        </conj>
        <S clausetype="completive" coord="yes">
          <S>
            <sn arg="arg1" entity="entity8" entityref="nne" func="suj" tem="tem">
              <spec gen="m" num="p">
                <d gen="m" lem="el" num="p" pos="da0mp0" postype="article" wd="los"/>
              </spec>
              <grup.nom gen="m" num="p">
                <s.a gen="m" num="p">
                  <grup.a gen="m" num="p">
                    <a gen="m" lem="último" num="p" pos="ao0mp0" postype="ordinal" wd="últimos"/>
                  </grup.a>
                </s.a>
                <n gen="m" lem="segundo" num="p" pos="ncmp000" postype="common" sense="16:09781695" wd="segundos"/>
                <sp>
                  <prep>
                    <s lem="de" pos="sps00" postype="preposition" wd="de"/>
                  </prep>
                  <sn coreftype="ident" entity="entity7" entityref="nne">
                    <spec gen="f" num="s">
                      <d gen="f" lem="el" num="s" pos="da0fs0" postype="article" wd="la"/>
                    </spec>
                    <grup.nom gen="f" num="s">
                      <n gen="f" lem="final" num="s" pos="ncfs000" postype="common" sense="16:05550251" wd="final"/>
                    </grup.nom>
                  </sn>
                </sp>
              </grup.nom>
              <f lem="&quot;" pos="fe" punct="quotation" wd="&quot;"/>
            </sn>
            <grup.verb>
              <v lem="ser" lss="C21.state-attributive" mood="indicative" num="p" person="3" pos="vsis3p0" postype="semiauxiliary" tense="past" wd="fueron"/>
            </grup.verb>
            <sn arg="arg2" corefsubtype="indefinit" coreftype="pred" entity="entity8" func="atr" tem="atr">
              <spec gen="m" num="p">
                <d gen="m" lem="el" num="p" pos="da0mp0" postype="article" wd="los"/>
              </spec>
              <grup.nom gen="m" num="p">
                <s.a gen="m" num="p">
                  <spec>
                    <r lem="más" pos="rg" wd="más"/>
                  </spec>
                  <grup.a gen="m" num="p">
                    <a gen="m" lem="intenso" num="p" pos="aq0mp0" postype="qualificative" wd="intensos"/>
                    <sp>
                      <prep>
                        <s lem="de" pos="sps00" postype="preposition" wd="de"/>
                      </prep>
                      <sn entityref="nne">
                        <spec gen="f" num="s">
                          <d coreftype="ident" entity="entity1" entityref="spec" gen="c" lem="mi" num="s" person="1" pos="dp1css" possessornum="s" postype="possessive" wd="mi"/>
                        </spec>
                        <grup.nom gen="f" num="s">
                          <n gen="f" lem="vida" num="s" pos="ncfs000" postype="common" sense="16:00266805" wd="vida"/>
                          <s.a gen="f" num="s">
                            <grup.a gen="f" num="s">
                              <a gen="f" lem="deportivo" num="s" pos="aq0fs0" postype="qualificative" wd="deportiva"/>
                            </grup.a>
                          </s.a>
                        </grup.nom>
                      </sn>
                    </sp>
                  </grup.a>
                </s.a>
              </grup.nom>
            </sn>
          </S>
          <conj conjunctiontype="coordinating">
            <f lem="." pos="fp" punct="period" wd="."/>
          </conj>
          <S id="6">
            <S arg="argM" clausetype="adverbial" func="cc" tem="tmp">
              <conj conjunctiontype="subordinating">
                <c lem="cuando" pos="cs" postype="subordinating" wd="Cuando"/>
              </conj>
              <morfema.pronominal>
                <p gen="c" lem="él" num="c" person="3" pos="p0300000" wd="se"/>
              </morfema.pronominal>
              <grup.verb>
                <v lem="acabar" lss="C11.state-existential" mood="indicative" num="s" person="3" pos="vmis3s0" postype="main" tense="past" wd="acabó"/>
              </grup.verb>
              <sn arg="arg1" coreftype="ident" entity="entity7" entityref="nne" func="suj" tem="tem">
                <spec gen="m" num="s">
                  <d gen="m" lem="el" num="s" pos="da0ms0" postype="article" wd="el"/>
                </spec>
                <grup.nom gen="m" num="s">
                  <n gen="m" lem="combate" lexicalid="noun.combate.1.default" num="s" origin="deverbal" pos="ncms000" postype="common" sense="16:cs1" wd="combate"/>
                </grup.nom>
              </sn>
            </S>
            <sn arg="arg0" coreftype="ident" elliptic="yes" entity="entity1" entityref="spec" func="suj" tem="agt"/>
            <neg func="mod">
              <r lem="no" pos="rn" postype="negative" wd="no"/>
            </neg>
            <morfema.pronominal>
              <p gen="c" lem="yo" num="s" person="1" pos="p010s000" wd="me"/>
            </morfema.pronominal>
            <sn arg="arg1" coreftype="ident" entity="entity12" entityref="lex" func="cd" tem="pat">
              <grup.nom gen="m" num="s">
                <p case="accusative" gen="m" lem="él" num="s" person="3" pos="pp3msa00" postype="personal" wd="lo"/>
              </grup.nom>
            </sn>
            <grup.verb>
              <v lem="creer" lss="A21.transitive-agentive-patient" mood="indicative" num="s" person="3" pos="vmii3s0" postype="main" tense="imperfect" wd="creía"/>
            </grup.verb>
            <f lem="," pos="fc" punct="comma" wd=","/>
            <S arg="argM" clausetype="adverbial" func="cc" tem="cau">
              <conj conjunctiontype="subordinating">
                <c lem="porque" pos="cs" postype="subordinating" wd="porque"/>
              </conj>
              <sn arg="arg1" elliptic="yes" entity="entity12" entityref="nne" func="suj" tem="tem"/>
              <grup.verb>
                <v lem="ser" lss="C21.state-attributive" mood="indicative" num="s" person="3" pos="vsii3s0" postype="semiauxiliary" tense="imperfect" wd="era"/>
              </grup.verb>
              <sn arg="arg2" corefsubtype="indefinit" coreftype="pred" entity="entity12" func="atr" tem="atr">
                <grup.nom gen="m" num="s">
                  <p gen="c" lem="algo" num="s" pos="pi0cs000" postype="indefinite" wd="algo"/>
                  <S clausetype="relative">
                    <relatiu arg="arg1" coreftype="ident" entity="entity12" entityref="nne" func="cd" tem="pat">
                      <p gen="c" lem="que" num="c" pos="pr0cn000" postype="relative" wd="que"/>
                    </relatiu>
                    <sn arg="arg0" coreftype="ident" elliptic="yes" entity="entity1" entityref="spec" func="suj" tem="agt"/>
                    <grup.verb>
                      <v lem="haber" mood="indicative" num="s" person="3" pos="vaii3s0" postype="auxiliary" tense="imperfect" wd="había"/>
                      <v gen="m" lem="soñar" lss="A21.transitive-agentive-patient" mood="participle" num="s" pos="vmp00sm" postype="main" wd="soñado"/>
                    </grup.verb>
                    <sn arg="argM" entityref="nne" func="cc" tem="tmp">
                      <sn entityref="nne">
                        <spec gen="f" num="p">
                          <d gen="f" lem="tanto" num="p" pos="di0fp0" postype="indefinite" wd="tantas"/>
                        </spec>
                        <grup.nom gen="f" num="p">
                          <n gen="f" lem="vez" num="p" pos="ncfp000" postype="common" sense="16:05449233" wd="veces"/>
                        </grup.nom>
                      </sn>
                      <S adjunct="yes" clausesubtype="consecutive" clausetype="adverbial">
                        <conj conjunctiontype="subordinating">
                          <c lem="que" pos="cs" postype="subordinating" wd="que"/>
                        </conj>
                        <sn arg="arg3" coreftype="ident" entity="entity1" entityref="spec" func="ci" tem="ben">
                          <grup.nom num="s">
                            <p gen="c" lem="yo" num="s" person="1" pos="pp1cs000" postype="personal" wd="me"/>
                          </grup.nom>
                        </sn>
                        <grup.verb>
                          <v lem="costar" lss="C41.state-benefactive" mood="indicative" num="s" person="3" pos="vmii3s0" postype="main" tense="imperfect" wd="costaba"/>
                        </grup.verb>
                        <S arg="arg1" clausetype="completive" func="suj" impersonal="yes" tem="tem">
                          <infinitiu>
                            <v lem="pensar" lss="A21.transitive-agentive-patient" mood="infinitive" pos="vmn0000" postype="main" wd="pensar"/>
                          </infinitiu>
                          <S arg="arg1" clausetype="completive" func="cd" tem="pat">
                            <conj conjunctiontype="subordinating">
                              <c lem="que" pos="cs" postype="subordinating" wd="que"/>
                            </conj>
                            <sn arg="arg1" coreftype="ident" elliptic="yes" entity="entity12" entityref="nne" func="suj" tem="tem"/>
                            <grup.verb>
                              <v lem="ser" lss="C21.state-attributive" mood="subjunctive" num="s" person="3" pos="vssi3s0" postype="semiauxiliary" tense="imperfect" wd="fuera"/>
                            </grup.verb>
                            <sn arg="arg2" corefsubtype="definit" coreftype="pred" entity="entity12" func="atr" tem="atr">
                              <grup.nom gen="f" num="s">
                                <n gen="f" lem="realidad" num="s" pos="ncfs000" postype="common" sense="16:04476879" wd="realidad"/>
                              </grup.nom>
                            </sn>
                          </S>
                        </S>
                      </S>
                    </sn>
                  </S>
                </grup.nom>
              </sn>
            </S>
          </S>
          <conj conjunctiontype="coordinating">
            <f lem="." pos="fp" punct="period" wd="."/>
          </conj>
          <S>
            <S adjunct="yes" arg="argM" clausetype="adverbial" func="cc" tem="adv">
              <conj conjunctiontype="subordinating">
                <c lem="según" pos="cs" postype="subordinating" wd="Según"/>
              </conj>
              <grup.verb>
                <v lem="pasar" lss="C21.state-attributive" mood="indicative" num="p" person="3" pos="vmii3p0" postype="main" tense="imperfect" wd="pasaban"/>
              </grup.verb>
              <sn arg="arg1" entityref="nne" func="suj" homophoricDD="yes" tem="tem">
                <spec gen="m" num="p">
                  <d gen="m" lem="el" num="p" pos="da0mp0" postype="article" wd="los"/>
                </spec>
                <grup.nom gen="m" num="p">
                  <n gen="m" lem="día" num="p" pos="ncmp000" postype="common" sense="16:10883946" wd="días"/>
                </grup.nom>
              </sn>
            </S>
            <S>
              <sn arg="arg0" coreftype="ident" elliptic="yes" entity="entity1" entityref="spec" func="suj" tem="agt"/>
              <grup.verb>
                <v lem="ir" mood="indicative" num="s" person="3" pos="vmii3s0" postype="main" tense="imperfect" wd="iba"/>
                <gerundi>
                  <v lem="tocar" lss="A21.transitive-agentive-patient" mood="gerund" pos="vmg0000" postype="main" wd="tocando"/>
                </gerundi>
              </grup.verb>
              <sn arg="arg1" coreftype="ident" entity="entity9" entityref="nne" func="cd" tem="pat">
                <spec gen="f" num="s">
                  <d gen="f" lem="el" num="s" pos="da0fs0" postype="article" wd="la"/>
                </spec>
                <grup.nom gen="f" num="s">
                  <n gen="f" lem="medalla" num="s" pos="ncfs000" postype="common" sense="16:05029668" wd="medalla"/>
                </grup.nom>
              </sn>
            </S>
            <conj conjunctiontype="coordinating">
              <c lem="y" pos="cc" postype="coordinating" wd="y"/>
            </conj>
            <sn arg="arg0" coreftype="ident" elliptic="yes" entity="entity1" entityref="spec" func="suj" tem="agt"/>
            <sn arg="arg2" coreftype="ident" entity="entity1" entityref="spec" func="ci" tem="ben">
              <grup.nom num="s">
                <p gen="c" lem="yo" num="s" person="1" pos="pp1cs000" postype="personal" wd="me"/>
              </grup.nom>
            </sn>
            <grup.verb>
              <v lem="decir" lss="A32.ditransitive-patient-benefactive" mood="indicative" num="s" person="3" pos="vmii3s0" postype="main" tense="imperfect" wd="decía"/>
            </grup.verb>
            <S arg="arg1" clausetype="completive" func="cd" tem="pat">
              <f lem=":" pos="fd" punct="colon" wd=":"/>
              <S arg="argM" clausetype="adverbial" func="cc" tem="adv" verbless="yes">
                <conj conjunctiontype="subordinating">
                  <c lem="pues" pos="cs" postype="subordinating" wd="pues"/>
                </conj>
                <sadv>
                  <grup.adv>
                    <r lem="sí" pos="rg" wd="sí"/>
                  </grup.adv>
                </sadv>
                <f lem="," pos="fc" punct="comma" wd=","/>
              </S>
              <sn arg="arg1" coreftype="ident" elliptic="yes" entity="entity9" entityref="nne" func="suj" tem="tem"/>
              <sadv arg="argM" func="cc" tem="tmp">
                <grup.adv>
                  <r lem="ya" pos="rg" wd="ya"/>
                </grup.adv>
              </sadv>
              <grup.verb>
                <v lem="ser" lss="C21.state-attributive" mood="indicative" num="s" person="3" pos="vsip3s0" postype="semiauxiliary" tense="present" wd="es"/>
              </grup.verb>
              <sa arg="arg2" func="atr" tem="atr">
                <grup.a>
                  <p coreftype="ident" entity="entity1" entityref="spec" gen="f" lem="mío" num="s" person="1" pos="px1fs0s0" possessornum="s" postype="possessive" wd="mía"/>
                </grup.a>
              </sa>
            </S>
          </S>
        </S>
        <f lem="&quot;" punct="quotation" wd="&quot;"/>
      </S>
    </S>
    <f lem="." pos="fp" punct="period" wd="."/>
  </sentence>
  <sentence id="8">
    <sp func="ao">
      <prep>
        <s lem="en_cuanto_a" pos="sps00" postype="preposition" wd="En_cuanto_a"/>
      </prep>
      <sn entity="entity10" entityref="nne" homophoricDD="yes">
        <spec gen="f" num="s">
          <d gen="f" lem="el" num="s" pos="da0fs0" postype="article" wd="la"/>
        </spec>
        <grup.nom gen="f" num="s">
          <n gen="f" lem="repercusión" lexicalid="noun.repercusión.1.default" num="s" origin="deverbal" pos="ncfs000" postype="common" sense="16:04027354" wd="repercusión"/>
          <S clausetype="relative" func="cn">
            <relatiu arg="arg2" coreftype="ident" entity="entity10" entityref="nne" func="cd" functype="quantitative" tem="atr">
              <p gen="c" lem="que" num="c" pos="pr0cn000" postype="relative" wd="que"/>
            </relatiu>
            <grup.verb>
              <v lem="haber" mood="indicative" num="s" person="3" pos="vaip3s0" postype="auxiliary" tense="present" wd="ha"/>
              <v gen="m" lem="tener" lss="C21.state-attributive" mood="participle" num="s" pos="vmp00sm" postype="main" wd="tenido"/>
            </grup.verb>
            <sn arg="arg1" coreftype="ident" entity="entity9" entityref="nne" func="suj" homophoricDD="yes" tem="tem">
              <spec gen="m" num="s">
                <d gen="m" lem="el" num="s" pos="da0ms0" postype="article" wd="el"/>
              </spec>
              <grup.nom gen="m" num="s">
                <n gen="m" lem="oro" num="s" pos="ncms000" postype="common" sense="16:10487505" wd="oro"/>
                <s.a gen="m" num="s">
                  <grup.a gen="m" num="s">
                    <a gen="m" lem="olímpico" num="s" pos="aq0ms0" postype="qualificative" wd="olímpico"/>
                  </grup.a>
                </s.a>
                <S clausetype="participle" impersonal="yes">
                  <participi>
                    <a gen="m" lem="conseguido" lss="B22.unaccusative-passive-transitive" num="s" pos="aq0msp" posfunction="participle" postype="qualificative" wd="conseguido"/>
                  </participi>
                  <sp arg="argM" func="cc" tem="loc">
                    <prep>
                      <s lem="en" pos="sps00" postype="preposition" wd="en"/>
                    </prep>
                    <sn coreftype="ident" entity="entity13" entityref="ne" ne="location">
                      <grup.nom>
                        <n lem="Sydney" ne="location" pos="np00000" postype="proper" wd="Sydney"/>
                      </grup.nom>
                    </sn>
                  </sp>
                </S>
              </grup.nom>
            </sn>
          </S>
        </grup.nom>
      </sn>
      <f lem="," pos="fc" punct="comma" wd=","/>
    </sp>
    <sn arg="arg0" coreftype="ident" entity="entity1" entityref="spec" func="suj" tem="agt">
      <spec gen="f" num="s">
        <d gen="f" lem="el" num="s" pos="da0fs0" postype="article" wd="la"/>
      </spec>
      <grup.nom gen="f" num="s">
        <n gen="c" lem="judoca" num="s" pos="nccs000" postype="common" sense="16:cs2" wd="judoca"/>
      </grup.nom>
    </sn>
    <grup.verb>
      <v lem="comentar" lss="A32.ditransitive-patient-benefactive" mood="indicative" num="s" person="3" pos="vmis3s0" postype="main" tense="past" wd="comentó"/>
    </grup.verb>
    <S arg="arg1" clausetype="completive" func="cd" tem="pat">
      <sadv arg="argM" func="cc" tem="loc">
        <grup.adv>
          <r lem="aquí" pos="rg" wd="aquí"/>
        </grup.adv>
      </sadv>
      <morfema.verbal func="pass">
        <p gen="c" lem="se" num="c" pos="p0000000" wd="se"/>
      </morfema.verbal>
      <sn arg="arg2" coreftype="ident" entity="entity9" entityref="nne" func="ci" tem="ben">
        <grup.nom gen="f" num="s">
          <p case="accusative" gen="f" lem="él" num="s" person="3" pos="pp3fsa00" postype="personal" wd="la"/>
        </grup.nom>
      </sn>
      <grup.verb>
        <v lem="haber" mood="indicative" num="s" person="3" pos="vaii3s0" postype="auxiliary" tense="imperfect" wd="había"/>
        <v gen="m" lem="dar" lss="B22.unaccusative-passive-transitive" mood="participle" num="s" pos="vmp00sm" postype="main" wd="dado"/>
      </grup.verb>
      <sn arg="arg1" entityref="nne" func="suj" tem="pat">
        <spec gen="m" num="s">
          <d gen="m" lem="mucho" num="s" pos="di0ms0" postype="indefinite" wd="mucho"/>
        </spec>
        <grup.nom gen="m" num="s">
          <n gen="m" lem="valor" num="s" pos="ncms000" postype="common" sense="16:04003291" wd="valor"/>
        </grup.nom>
      </sn>
      <sp arg="argM" func="cc" tem="cau">
        <prep>
          <s lem="por" pos="sps00" postype="preposition" wd="por"/>
        </prep>
        <S clausetype="completive" impersonal="yes">
          <infinitiu>
            <v lem="ser" lss="C21.state-attributive" mood="infinitive" pos="vsn0000" postype="semiauxiliary" wd="ser"/>
          </infinitiu>
          <sn arg="arg2" corefsubtype="definit" coreftype="pred" entity="entity9" func="atr" tem="atr">
            <spec gen="f" num="s">
              <d gen="f" lem="el" num="s" pos="da0fs0" postype="article" wd="la"/>
            </spec>
            <grup.nom gen="f" num="s">
              <s.a gen="f" num="s">
                <grup.a gen="f" num="s">
                  <a gen="f" lem="primero" num="s" pos="ao0fs0" postype="ordinal" wd="primera"/>
                </grup.a>
              </s.a>
              <S clausetype="relative">
                <relatiu arg="arg1" coreftype="ident" entity="entity9" entityref="nne" func="cd" tem="pat">
                  <p gen="c" lem="que" num="c" pos="pr0cn000" postype="relative" wd="que"/>
                </relatiu>
                <sn arg="arg0" entityref="ne" func="suj" ne="organization" tem="agt">
                  <spec gen="m" num="s">
                    <d gen="m" lem="el" num="s" pos="da0ms0" postype="article" wd="el"/>
                  </spec>
                  <grup.nom gen="m" num="s">
                    <n gen="m" lem="equipo" num="s" pos="ncms000" postype="common" sense="16:06093198" wd="equipo"/>
                    <s.a gen="m" num="s">
                      <grup.a gen="m" num="s">
                        <a gen="m" lem="español" num="s" pos="aq0ms0" postype="qualificative" wd="español"/>
                      </grup.a>
                    </s.a>
                  </grup.nom>
                </sn>
                <grup.verb>
                  <v lem="lograr" lss="A21.transitive-agentive-patient" mood="indicative" num="s" person="3" pos="vmii3s0" postype="main" tense="imperfect" wd="lograba"/>
                </grup.verb>
                <sp arg="argM" func="cc" tem="loc">
                  <prep>
                    <s lem="en" pos="sps00" postype="preposition" wd="en"/>
                  </prep>
                  <sn coreftype="ident" entity="entity6" entityref="ne" ne="other">
                    <spec gen="m" num="p">
                      <d gen="m" lem="el" num="p" pos="da0mp0" postype="article" wd="los"/>
                    </spec>
                    <grup.nom gen="m" num="p">
                      <n lem="Juegos" ne="other" pos="np00000" postype="proper" wd="Juegos"/>
                    </grup.nom>
                  </sn>
                </sp>
              </S>
            </grup.nom>
          </sn>
        </S>
      </sp>
    </S>
    <f lem="." pos="fp" punct="period" wd="."/>
  </sentence>
  <sentence id="9">
    <S arg="arg1" clausetype="completive" func="cd" tem="pat">
      <f lem="&quot;" pos="fe" punct="quotation" wd="&quot;"/>
      <sn arg="arg1" coreftype="ident" elliptic="yes" entity="entity1" entityref="spec" func="suj" tem="tem"/>
      <grup.verb>
        <v lem="ser" lss="C21.state-attributive" mood="indicative" num="s" person="1" pos="vsip1s0" postype="semiauxiliary" tense="present" wd="Soy"/>
      </grup.verb>
      <sa arg="arg2" func="atr" tem="atr">
        <grup.a>
          <a gen="c" lem="consciente" num="s" pos="aq0cs0" postype="qualificative" wd="consciente"/>
          <sp>
            <prep>
              <s lem="de" pos="sps00" postype="preposition" wd="de"/>
            </prep>
            <S clausetype="completive">
              <conj conjunctiontype="subordinating">
                <c lem="que" pos="cs" postype="subordinating" wd="que"/>
              </conj>
              <sp arg="argM" func="cc" tem="loc">
                <prep>
                  <s lem="en" pos="sps00" postype="preposition" wd="en"/>
                </prep>
                <sn entityref="ne" ne="location">
                  <grup.nom>
                    <n lem="España" ne="location" pos="np00000" postype="proper" sense="16:06581760" wd="España"/>
                  </grup.nom>
                </sn>
              </sp>
              <morfema.verbal func="pass">
                <p gen="c" lem="se" num="c" pos="p0000000" wd="se"/>
              </morfema.verbal>
              <grup.verb>
                <v lem="haber" mood="indicative" num="s" person="3" pos="vaip3s0" postype="auxiliary" tense="present" wd="ha"/>
                <v gen="m" lem="vivir" lss="B22.unaccusative-passive-transitive" mood="participle" num="s" pos="vmp00sm" postype="main" wd="vivido"/>
              </grup.verb>
              <sadv arg="argM" func="cc" tem="adv">
                <grup.adv>
                  <r lem="intensamente" pos="rg" wd="intensamente"/>
                </grup.adv>
              </sadv>
              <sn arg="arg1" coreftype="ident" entity="entity9" entityref="nne" func="suj" tem="pat">
                <spec gen="f" num="s">
                  <d gen="f" lem="este" num="s" pos="dd0fs0" postype="demonstrative" wd="esta"/>
                </spec>
                <grup.nom gen="f" num="s">
                  <n gen="f" lem="medalla" num="s" pos="ncfs000" postype="common" sense="16:05029668" wd="medalla"/>
                </grup.nom>
              </sn>
            </S>
          </sp>
        </grup.a>
      </sa>
      <S arg="argM" clausetype="adverbial" func="cc" tem="cau">
        <f lem="," pos="fc" punct="comma" wd=","/>
        <conj conjunctiontype="subordinating">
          <c lem="porque" pos="cs" postype="subordinating" wd="porque"/>
        </conj>
        <sadv arg="argM" func="cc" tem="tmp">
          <grup.adv>
            <r lem="hoy" pos="rg" wd="hoy"/>
          </grup.adv>
        </sadv>
        <sp arg="argM" func="cc" tem="loc">
          <prep>
            <s lem="en" pos="sps00" postype="preposition" wd="en"/>
          </prep>
          <sn entityref="ne" ne="location">
            <grup.nom>
              <n lem="Madrid" ne="location" pos="np00000" postype="proper" sense="16:06582454" wd="Madrid"/>
            </grup.nom>
          </sn>
        </sp>
        <sn arg="arg1" entityref="nne" func="suj" homophoricDD="yes" tem="tem">
          <spec gen="f" num="s">
            <d gen="f" lem="el" num="s" pos="da0fs0" postype="article" wd="la"/>
          </spec>
          <grup.nom gen="f" num="s">
            <n gen="f" lem="gente" num="s" pos="ncfs000" postype="common" sense="16:06080290" wd="gente"/>
          </grup.nom>
        </sn>
        <sn arg="arg2" coreftype="ident" entity="entity1" entityref="spec" func="ci" tem="ben">
          <grup.nom>
            <p gen="c" lem="yo" num="c" person="1" pos="pp1cn000" postype="personal" wd="me"/>
          </grup.nom>
        </sn>
        <grup.verb>
          <v lem="parar" lss="B22.unaccusative-passive-transitive" mood="indicative" num="s" person="3" pos="vmii3s0" postype="main" tense="imperfect" wd="paraba"/>
        </grup.verb>
        <sp arg="argM" func="cc" tem="loc">
          <prep>
            <s lem="en" pos="sps00" postype="preposition" wd="en"/>
          </prep>
          <sn entityref="nne" homophoricDD="yes">
            <spec gen="f" num="s">
              <d gen="f" lem="el" num="s" pos="da0fs0" postype="article" wd="la"/>
            </spec>
            <grup.nom gen="f" num="s">
              <n gen="f" lem="calle" num="s" pos="ncfs000" postype="common" sense="16:03426236" wd="calle"/>
            </grup.nom>
          </sn>
        </sp>
        <sp arg="argM" func="cc" tem="fin">
          <prep>
            <s lem="para" pos="sps00" postype="preposition" wd="para"/>
          </prep>
          <S clausetype="completive" impersonal="yes">
            <infinitiu>
              <v lem="dar" lss="A32.ditransitive-patient-benefactive" mood="infinitive" pos="vmn0000" postype="main" wd="darme"/>
            </infinitiu>
            <sn arg="arg1" entityref="lex" func="cd" tem="pat">
              <spec gen="f" num="s">
                <d gen="f" lem="el" num="s" pos="da0fs0" postype="article" wd="la"/>
              </spec>
              <grup.nom gen="f" num="s">
                <n gen="f" lem="enhorabuena" num="s" pos="ncfs000" postype="common" sense="16:04976920" wd="enhorabuena"/>
              </grup.nom>
            </sn>
          </S>
        </sp>
      </S>
      <f lem="&quot;" pos="fe" punct="quotation" wd="&quot;"/>
      <f lem="," pos="fc" punct="comma" wd=","/>
    </S>
    <grup.verb>
      <v lem="declarar" lss="A32.ditransitive-patient-benefactive" mood="indicative" num="s" person="3" pos="vmis3s0" postype="main" tense="past" wd="declaró"/>
    </grup.verb>
    <sn arg="arg0" coreftype="ident" elliptic="yes" entity="entity1" entityref="spec" func="suj" tem="agt"/>
    <f lem="." pos="fp" punct="period" wd="."/>
  </sentence>
  <sentence coord="yes" id="10">
    <S>
      <sn arg="arg0" coreftype="ident" entity="entity1" entityref="ne" func="suj" ne="person" tem="agt">
        <grup.nom gen="f" num="s">
          <n lem="Fernández" ne="person" pos="np00000" postype="proper" wd="Fernández"/>
        </grup.nom>
      </sn>
      <grup.verb>
        <v lem="afirmar" lss="A32.ditransitive-patient-benefactive" mood="indicative" num="s" person="3" pos="vmis3s0" postype="main" tense="past" wd="afirmó"/>
      </grup.verb>
      <S arg="arg1" clausetype="completive" func="cd" tem="pat">
        <conj conjunctiontype="subordinating">
          <c lem="que" pos="cs" postype="subordinating" wd="que"/>
        </conj>
        <sn arg="arg1" entityref="nne" func="suj" tem="tem">
          <spec gen="f" num="s">
            <d gen="f" lem="uno" num="s" pos="di0fs0" postype="indefinite" wd="una"/>
          </spec>
          <grup.nom gen="f" num="s">
            <n gen="f" lem="parte" num="s" pos="ncfs000" postype="common" sense="16:03296757" wd="parte"/>
            <s.a gen="f" num="s">
              <grup.a gen="f" num="s">
                <a gen="c" lem="importante" num="s" pos="aq0cs0" postype="qualificative" wd="importante"/>
              </grup.a>
            </s.a>
            <sp>
              <prep>
                <s contracted="yes" gen="m" lem="del" num="s" pos="spcms" postype="preposition" wd="del"/>
              </prep>
              <sn entityref="nne" homophoricDD="yes">
                <grup.nom gen="m" num="s">
                  <n gen="m" lem="éxito" num="s" pos="ncms000" postype="common" sense="16:10383516" wd="éxito"/>
                  <S clausetype="participle" impersonal="yes">
                    <participi>
                      <a gen="m" lem="obtenido" num="s" pos="aq0msp" posfunction="participle" postype="qualificative" wd="obtenido"/>
                    </participi>
                  </S>
                </grup.nom>
              </sn>
            </sp>
          </grup.nom>
        </sn>
        <grup.verb>
          <v lem="corresponder" lss="C21.state-attributive" mood="indicative" num="s" person="3" pos="vmip3s0" postype="main" tense="present" wd="corresponde"/>
        </grup.verb>
        <sp arg="arg2" func="creg" tem="atr">
          <prep>
            <s lem="a" pos="sps00" postype="preposition" wd="a"/>
          </prep>
          <sn complex="yes" entity="entity11" entityref="ne" ne="person">
            <spec gen="m" num="s">
              <d coreftype="ident" entity="entity1" entityref="spec" gen="c" lem="su" num="s" person="3" pos="dp3cs0" postype="possessive" wd="su"/>
            </spec>
            <grup.nom coord="yes">
              <grup.nom coord="yes">
                <grup.nom gen="m" num="s">
                  <n gen="m" lem="marido" num="s" pos="ncms000" postype="common" sense="16:07331418" wd="marido"/>
                </grup.nom>
                <conj conjunctiontype="coordinating">
                  <c lem="y" pos="cc" postype="coordinating" wd="y"/>
                </conj>
                <grup.nom gen="m" num="s">
                  <n gen="m" lem="entrenador" num="s" pos="ncms000" postype="common" sense="16:07162467" wd="entrenador"/>
                </grup.nom>
              </grup.nom>
              <sn adjunct="yes" corefsubtype="definit" coreftype="pred" entity="entity11" entityref="ne" ne="person">
                <f lem="," pos="fc" punct="comma" wd=","/>
                <grup.nom gen="m" num="s">
                  <n lem="Javier_Alonso" ne="person" pos="np00000" postype="proper" wd="Javier_Alonso"/>
                </grup.nom>
                <f lem="," pos="fc" punct="comma" wd=","/>
              </sn>
            </grup.nom>
          </sn>
        </sp>
      </S>
    </S>
    <S>
      <S arg="arg1" clausetype="completive" func="cd" tem="pat">
        <f lem="&quot;" pos="fe" punct="quotation" wd="&quot;"/>
        <sn arg="arg1" coreftype="ident" entity="entity11" entityref="spec" func="suj" tem="tem">
          <grup.nom gen="m" num="s">
            <p gen="m" lem="él" num="s" person="3" pos="pp3ms000" postype="personal" wd="él"/>
          </grup.nom>
        </sn>
        <grup.verb>
          <v lem="tener" mood="indicative" num="s" person="3" pos="vmip3s0" postype="main" tense="present" wd="tiene"/>
          <c lem="que" pos="cs" postype="subordinating" wd="que"/>
          <infinitiu>
            <v lem="ver" lss="C21.state-attributive" mood="infinitive" pos="vmn0000" postype="main" wd="ver"/>
          </infinitiu>
        </grup.verb>
        <sadv arg="argM" func="cc" tem="adv">
          <grup.adv>
            <r lem="mucho" pos="rg" wd="mucho"/>
          </grup.adv>
        </sadv>
        <sp arg="argM" func="cc" tem="loc">
          <prep>
            <s lem="en" pos="sps00" postype="preposition" wd="en"/>
          </prep>
          <sn coreftype="ident" entity="entity9" entityref="nne">
            <spec gen="f" num="s">
              <d gen="f" lem="este" num="s" pos="dd0fs0" postype="demonstrative" wd="esta"/>
            </spec>
            <grup.nom gen="f" num="s">
              <n gen="f" lem="medalla" num="s" pos="ncfs000" postype="common" sense="16:05029668" wd="medalla"/>
            </grup.nom>
          </sn>
        </sp>
        <S arg="argM" clausetype="adverbial" coord="yes" func="cc" tem="cau">
          <conj conjunctiontype="subordinating">
            <c lem="porque" pos="cs" postype="subordinating" wd="porque"/>
          </conj>
          <S clausetype="adverbial" coord="yes">
            <S clausetype="adverbial">
              <sn arg="arg0" coreftype="ident" elliptic="yes" entity="entity11" entityref="spec" func="suj" tem="agt"/>
              <sn arg="arg1" coreftype="ident" entity="entity1" entityref="spec" func="cd" tem="pat">
                <grup.nom num="s">
                  <p gen="c" lem="yo" num="s" person="1" pos="pp1cs000" postype="personal" wd="me"/>
                </grup.nom>
              </sn>
              <grup.verb>
                <v lem="haber" mood="indicative" num="s" person="3" pos="vaip3s0" postype="auxiliary" tense="present" wd="ha"/>
                <v gen="m" lem="ayudar" lss="A34.ditransitive-patient-theme" mood="participle" num="s" pos="vmp00sm" postype="main" wd="ayudado"/>
              </grup.verb>
            </S>
            <conj conjunctiontype="coordinating">
              <c lem="y" pos="cc" postype="coordinating" wd="y"/>
            </conj>
            <S clausetype="adverbial" verbless="yes">
              <grup.verb>
                <v gen="m" lem="apoyar" mood="participle" num="s" pos="vmp00sm" postype="main" wd="apoyado"/>
              </grup.verb>
            </S>
          </S>
          <sp adjunct="yes" arg="argM" func="cc" tem="tmp">
            <prep>
              <s lem="en" pos="sps00" postype="preposition" wd="en"/>
            </prep>
            <sn entityref="nne">
              <spec gen="m" num="p">
                <d gen="m" lem="el" num="p" pos="da0mp0" postype="article" wd="los"/>
              </spec>
              <grup.nom gen="m" num="p">
                <n gen="m" lem="momento" num="p" pos="ncmp000" postype="common" sense="16:10850147" wd="momentos"/>
                <s.a gen="m" num="p">
                  <grup.a gen="m" num="p">
                    <a gen="c" lem="difícil" num="p" pos="aq0cp0" postype="qualificative" wd="difíciles"/>
                  </grup.a>
                </s.a>
              </grup.nom>
            </sn>
          </sp>
        </S>
        <f lem="&quot;" pos="fe" punct="quotation" wd="&quot;"/>
        <f lem="," pos="fc" punct="comma" wd=","/>
      </S>
      <grup.verb>
        <v lem="indicar" lss="A32.ditransitive-patient-benefactive" mood="indicative" num="s" person="3" pos="vmis3s0" postype="main" tense="past" wd="indicó"/>
      </grup.verb>
      <sn arg="arg0" coreftype="ident" entity="entity1" entityref="spec" func="suj" tem="agt">
        <spec gen="f" num="s">
          <d gen="f" lem="el" num="s" pos="da0fs0" postype="article" wd="la"/>
        </spec>
        <grup.nom gen="f" num="s">
          <n gen="f" lem="campeona" num="s" pos="ncfs000" postype="common" sense="16:cs2" wd="campeona"/>
          <s.a gen="f" num="s">
            <grup.a gen="f" num="s">
              <a gen="f" lem="olímpico" num="s" pos="aq0fs0" postype="qualificative" wd="olímpica"/>
            </grup.a>
          </s.a>
          <S clausetype="relative">
            <relatiu arg="arg0" coreftype="ident" entity="entity1" entityref="spec" func="suj" tem="agt">
              <p gen="c" lem="que" num="c" pos="pr0cn000" postype="relative" wd="que"/>
            </relatiu>
            <grup.verb>
              <v lem="agradecer" lss="A32.ditransitive-patient-benefactive" mood="indicative" num="s" person="3" pos="vmis3s0" postype="main" tense="past" wd="agradeció"/>
            </grup.verb>
            <sn arg="arg1" entityref="nne" func="cd" homophoricDD="yes" tem="pat">
              <spec gen="f" num="s">
                <d gen="f" lem="el" num="s" pos="da0fs0" postype="article" wd="la"/>
              </spec>
              <grup.nom gen="f" num="s">
                <n gen="f" lem="colaboración" lexicalid="noun.colaboración.1.default" num="s" origin="deverbal" pos="ncfs000" postype="common" sense="16:00780822" wd="colaboración"/>
                <sp arg="arg0" func="cn" tem="agt">
                  <prep>
                    <s lem="de" pos="sps00" postype="preposition" wd="de"/>
                  </prep>
                  <sn entityref="ne" ne="organization">
                    <spec gen="f" num="s">
                      <d gen="f" lem="el" num="s" pos="da0fs0" postype="article" wd="la"/>
                    </spec>
                    <grup.nom gen="f" num="s">
                      <n lem="Federación_Española_de_Judo" ne="organization" pos="np00000" postype="proper" wd="Federación_Española_de_Judo"/>
                    </grup.nom>
                  </sn>
                </sp>
                <sp arg="argM" func="cn" tem="fin">
                  <prep>
                    <s lem="para" pos="sps00" postype="preposition" wd="para"/>
                  </prep>
                  <S clausetype="completive">
                    <conj conjunctiontype="subordinating">
                      <c lem="que" pos="cs" postype="subordinating" wd="que"/>
                    </conj>
                    <sn arg="arg1" coreftype="ident" entity="entity11" entityref="spec" func="suj" tem="tem">
                      <spec gen="m" num="s">
                        <d coreftype="ident" entity="entity1" entityref="spec" gen="c" lem="su" num="s" person="3" pos="dp3cs0" postype="possessive" wd="su"/>
                      </spec>
                      <grup.nom gen="m" num="s">
                        <n gen="m" lem="entrenador" num="s" pos="ncms000" postype="common" sense="16:07162467" wd="entrenador"/>
                      </grup.nom>
                    </sn>
                    <grup.verb>
                      <v lem="poder" mood="subjunctive" num="s" person="3" pos="vmsi3s0" postype="main" tense="imperfect" wd="pudiera"/>
                      <infinitiu>
                        <v lem="estar" lss="C11.state-existential" mood="infinitive" pos="vmn0000" postype="main" wd="estar"/>
                      </infinitiu>
                    </grup.verb>
                    <sadv arg="arg2" func="cc" tem="loc">
                      <grup.adv>
                        <r lem="cerca" pos="rg" wd="cerca"/>
                        <sp>
                          <prep>
                            <s lem="de" pos="sps00" postype="preposition" wd="de"/>
                          </prep>
                          <sn coreftype="ident" entity="entity1" entityref="spec">
                            <grup.nom gen="f" num="s">
                              <p gen="f" lem="él" num="s" person="3" pos="pp3fs000" postype="personal" wd="ella"/>
                            </grup.nom>
                          </sn>
                        </sp>
                      </grup.adv>
                    </sadv>
                    <sp arg="argM" func="cc" tem="tmp">
                      <prep>
                        <s lem="durante" pos="sps00" postype="preposition" wd="durante"/>
                      </prep>
                      <sn entityref="nne">
                        <spec gen="m" num="p">
                          <d gen="m" lem="el" num="p" pos="da0mp0" postype="article" wd="los"/>
                        </spec>
                        <grup.nom gen="m" num="p">
                          <n gen="m" lem="combate" lexicalid="noun.combate.1.default" num="p" origin="deverbal" pos="ncmp000" postype="common" sense="16:cs1" wd="combates"/>
                        </grup.nom>
                      </sn>
                    </sp>
                  </S>
                </sp>
              </grup.nom>
            </sn>
          </S>
        </grup.nom>
      </sn>
    </S>
    <f lem="." pos="fp" punct="period" wd="."/>
  </sentence>
</article>
