<?xml version="1.0" encoding="UTF-8"?>
<!-- 

  ancora-2.0
       
			Copyright (C) 2007, 2008, 2009, 2010, 2011 UB - CLiC
			Centre de Llenguatge i Computació - Universitat de Barcelona
 
  This file is part of ancora-2.0.
 
  ancora-2.0 is free software and data: you can redistribute it and/or modify
  it under the terms of the GNU General Public License as published
  by the Free Software Foundation, either version 3 of the License,
  or (at your option) any later version.

  ancora-2.0 is distributed in the hope that it will be useful,
  but WITHOUT ANY WARRANTY; without even the implied warranty of
  MERCHANTABILITY or FITNESS FOR A PARTICULAR PURPOSE.  See the
  GNU General Public License for more details.
 
  You should have received a copy of the GNU General Public License
  along with ancora-2.0.  If not, see &lt;http://www.gnu.org/licenses/&gt;.
 
  Check a text in catalan explaining the terms of the license at http://www.softcatala.cat/wiki/GPL3.
  In spanish at http://www.viti.es/gnu/licenses/gpl.html
 

  The following paper must be cited when using this corpus:

 * Taulé, M., M.A. Martí, M. Recasens (2008) 'Ancora: Multilevel Annotated Corpora for Catalan and Spanish',
   Proceedings of 6th International Conference on Language Resources and Evaluation. Marrakesh (Morocco).

  In addition, the following paper must be cited if coreference information (attributes entity, coreftype,
  corefsubtype, homophoricDD or entityref) is used:

 * Recasens, Marta, M. Antònia Martí (2010) ‘AnCora-CO: Coreferentially annotated corpora for Spanish and
   Catalan’. Language Resources and Evaluation, Springer Science.

  Additionally, the following paper must be cited when argumental attributes in "sn" or "grup.nom"
  (attributes func, arg, tem or lexicalid) are used:

 * Peris, Aina, Mariona Taulé, Horacio Rodríguez (2010) ‘Semantic Annotation of Deverbal Nominalizations in the
   Spanish AnCora corpus’. Treebanks and Linguistic Theories (TLT-2010), Estonia.
-->
<article lng="es">
  <sentence>
    <sn arg="arg0" entity="entity1" entityref="ne" func="suj" ne="person" tem="agt">
      <spec gen="m" num="s">
        <d gen="m" lem="el" num="s" pos="da0ms0" postype="article" wd="El"/>
      </spec>
      <grup.nom gen="m" num="s">
        <n gen="m" lem="entrenador" num="s" pos="ncms000" postype="common" sense="16:07162467" wd="entrenador"/>
        <sp>
          <prep>
            <s contracted="yes" gen="m" lem="del" num="s" pos="spcms" postype="preposition" wd="del"/>
          </prep>
          <sn entity="entity3" entityref="ne" ne="organization">
            <grup.nom gen="m" num="s">
              <n lem="Espanyol" ne="organization" pos="np00000" postype="proper" wd="Espanyol"/>
            </grup.nom>
          </sn>
        </sp>
        <sn corefsubtype="definit" coreftype="pred" entity="entity1" entityref="ne" ne="person">
          <f lem="," pos="fc" punct="comma" wd=","/>
          <grup.nom gen="m" num="s">
            <n lem="Paco_Flores" ne="person" pos="np00000" postype="proper" wd="Paco_Flores"/>
          </grup.nom>
          <f lem="," pos="fc" punct="comma" wd=","/>
        </sn>
      </grup.nom>
    </sn>
    <grup.verb>
      <v lem="haber" mood="indicative" num="s" person="3" pos="vaip3s0" postype="auxiliary" tense="present" wd="ha"/>
      <v gen="m" lem="aplaudir" lss="A21.transitive-agentive-patient" mood="participle" num="s" pos="vmp00sm" postype="main" wd="aplaudido"/>
    </grup.verb>
    <sn arg="arg1" entity="entity2" entityref="spec" func="cd" homophoricDD="yes" tem="pat">
      <spec gen="m" num="s">
        <d gen="m" lem="el" num="s" pos="da0ms0" postype="article" wd="el"/>
      </spec>
      <grup.nom gen="m" num="s">
        <n gen="m" lem="triunfo" lexicalid="noun.triunfo.1.default" num="s" origin="deverbal" pos="ncms000" postype="common" sense="16:05478453" wd="triunfo"/>
        <sp arg="arg1" func="cn" tem="tem">
          <prep>
            <s lem="de" pos="sps00" postype="preposition" wd="de"/>
          </prep>
          <sn coreftype="ident" entity="entity3" entityref="spec">
            <spec gen="m" num="s">
              <d coreftype="ident" entity="entity1" entityref="spec" gen="c" lem="su" num="s" person="3" pos="dp3cs0" postype="possessive" wd="su"/>
            </spec>
            <grup.nom gen="m" num="s">
              <n gen="m" lem="equipo" num="s" pos="ncms000" postype="common" sense="16:06093198" wd="equipo"/>
            </grup.nom>
          </sn>
        </sp>
        <sn arg="argM" corefsubtype="definit" coreftype="pred" entity="entity2" entityref="ne" func="cn" ne="number" tem="ext">
          <grup.nom>
            <f lem="(" pos="fpa" punct="bracket" punctenclose="open" wd="("/>
            <z lem="5-1" ne="number" wd="5-1"/>
            <f lem=")" pos="fpt" punct="bracket" punctenclose="close" wd=")"/>
          </grup.nom>
        </sn>
        <sp arg="argM" func="cn" tem="adv">
          <prep>
            <s lem="ante" pos="sps00" postype="preposition" wd="ante"/>
          </prep>
          <sn entity="entity8" entityref="ne" ne="organization">
            <spec gen="m" num="s">
              <d gen="m" lem="el" num="s" pos="da0ms0" postype="article" wd="el"/>
            </spec>
            <grup.nom gen="m" num="s">
              <n lem="Rayo_Vallecano" ne="organization" pos="np00000" postype="proper" wd="Rayo_Vallecano"/>
            </grup.nom>
          </sn>
        </sp>
      </grup.nom>
    </sn>
    <S arg="argM" clausetype="adverbial" func="cc" tem="cau">
      <f lem="," pos="fc" punct="comma" wd=","/>
      <conj conjunctiontype="subordinating">
        <c lem="porque" pos="cs" postype="subordinating" wd="porque"/>
      </conj>
      <sn arg="arg0" coreftype="ident" elliptic="yes" entity="entity1" entityref="spec" func="suj" tem="agt"/>
      <sn arg="arg1" coreftype="ident" entity="entity2" entityref="spec" func="cd" tem="pat">
        <grup.nom gen="m" num="s">
          <p case="accusative" gen="m" lem="él" num="s" person="3" pos="pp3msa00" postype="personal" wd="lo"/>
        </grup.nom>
      </sn>
      <grup.verb>
        <v lem="interpretar" lss="A21.transitive-agentive-patient" mood="indicative" num="s" person="3" pos="vmip3s0" postype="main" tense="present" wd="interpreta"/>
      </grup.verb>
      <sp arg="argM" func="cc" tem="adv">
        <prep>
          <c lem="como" pos="cs" postype="subordinating" wd="como"/>
        </prep>
        <sn>
          <spec gen="m" num="s">
            <d gen="f" lem="uno" num="s" pos="di0fs0" postype="indefinite" wd="una"/>
          </spec>
          <grup.nom gen="f" num="s">
            <n gen="f" lem="inyección" lexicalid="noun.inyección.1.default" num="s" origin="deverbal" pos="ncfs000" postype="common" sense="16:cs1" wd="inyección"/>
            <sp arg="arg1" coord="yes" func="cn" tem="pat">
              <sp>
                <prep>
                  <s lem="de" pos="sps00" postype="preposition" wd="de"/>
                </prep>
                <sn>
                  <grup.nom gen="f" num="s">
                    <n gen="f" lem="moral" num="s" pos="ncfs000" postype="common" sense="16:03649078" wd="moral"/>
                  </grup.nom>
                </sn>
              </sp>
              <conj conjunctiontype="coordinating">
                <c lem="y" pos="cc" postype="coordinating" wd="y"/>
              </conj>
              <sp>
                <prep>
                  <s lem="de" pos="sps00" postype="preposition" wd="de"/>
                </prep>
                <sn>
                  <grup.nom gen="f" num="s">
                    <n gen="f" lem="credibilidad" num="s" pos="ncfs000" postype="common" sense="16:03753074" wd="credibilidad"/>
                  </grup.nom>
                </sn>
              </sp>
            </sp>
            <sp arg="argM" func="cn" tem="tmp">
              <prep>
                <s lem="para" pos="sps00" postype="preposition" wd="para"/>
              </prep>
              <sn entityref="nne" homophoricDD="yes">
                <spec gen="f" num="s">
                  <d gen="f" lem="el" num="s" pos="da0fs0" postype="article" wd="la"/>
                </spec>
                <grup.nom gen="f" num="s">
                  <n gen="f" lem="recta" num="s" pos="ncfs000" postype="common" sense="16:cs1" wd="recta"/>
                  <s.a gen="f" num="s">
                    <grup.a gen="f" num="s">
                      <a gen="c" lem="final" num="s" pos="aq0cs0" postype="qualificative" wd="final"/>
                    </grup.a>
                  </s.a>
                  <sp>
                    <prep>
                      <s contracted="yes" gen="m" lem="del" num="s" pos="spcms" postype="preposition" wd="del"/>
                    </prep>
                    <sn entityref="nne" homophoricDD="yes">
                      <grup.nom gen="m" num="s">
                        <n gen="m" lem="campeonato" num="s" pos="ncms000" postype="common" sense="16:05542799" wd="campeonato"/>
                      </grup.nom>
                    </sn>
                  </sp>
                </grup.nom>
              </sn>
            </sp>
          </grup.nom>
        </sn>
      </sp>
    </S>
    <f lem="." pos="fp" punct="period" wd="."/>
  </sentence>
  <sentence>
    <S arg="arg1" clausetype="completive" func="cd" tem="pat">
      <f lem="&quot;" pos="fe" punct="quotation" wd="&quot;"/>
      <sn arg="arg0" coreftype="ident" elliptic="yes" entity="entity3" entityref="spec" func="suj" tem="agt"/>
      <grup.verb>
        <v lem="necesitar" lss="A21.transitive-agentive-patient" mood="indicative" num="p" person="1" pos="vmii1p0" postype="main" tense="imperfect" wd="Necesitábamos"/>
      </grup.verb>
      <sn arg="arg1" coreftype="ident" entity="entity2" entityref="spec" func="cd" tem="pat">
        <spec gen="m" num="s">
          <d gen="m" lem="uno" num="s" pos="di0ms0" postype="indefinite" wd="un"/>
        </spec>
        <grup.nom gen="m" num="s">
          <n gen="m" lem="resultado" lexicalid="noun.resultado.3.default" num="s" origin="deverbal" pos="ncms000" postype="common" sense="16:09768132" wd="resultado"/>
          <sp arg="arg3" func="cn" tem="ori">
            <prep>
              <s lem="de" pos="sps00" postype="preposition" wd="de"/>
            </prep>
            <sn entityref="nne">
              <spec gen="f" num="s">
                <d gen="f" lem="este" num="s" pos="dd0fs0" postype="demonstrative" wd="esta"/>
              </spec>
              <grup.nom gen="f" num="s">
                <n gen="f" lem="contundencia" num="s" pos="ncfs000" postype="common" sense="16:cs2" wd="contundencia"/>
              </grup.nom>
            </sn>
          </sp>
        </grup.nom>
      </sn>
      <sp arg="argM" coord="yes" func="cc" tem="cau">
        <f lem="," pos="fc" punct="comma" wd=","/>
        <sp>
          <prep>
            <s lem="por" pos="sps00" postype="preposition" wd="por"/>
          </prep>
          <sn entity="entity4" entityref="nne" homophoricDD="yes">
            <spec gen="f" num="s">
              <d gen="f" lem="el" num="s" pos="da0fs0" postype="article" wd="la"/>
            </spec>
            <grup.nom gen="f" num="s">
              <n gen="f" lem="situación" lexicalid="noun.situación.2.anticausative" num="s" origin="deverbal" pos="ncfs000" postype="common" sense="16:10035141" wd="situación"/>
              <S clausetype="relative" func="cn">
                <sp arg="argM" func="cc" tem="loc">
                  <prep>
                    <s lem="en" pos="sps00" postype="preposition" wd="en"/>
                  </prep>
                  <sn coreftype="ident" entity="entity4" entityref="nne">
                    <spec gen="f" num="s">
                      <d gen="f" lem="el" num="s" pos="da0fs0" postype="article" wd="la"/>
                    </spec>
                    <grup.nom gen="f" num="s">
                      <relatiu>
                        <p gen="c" lem="que" num="c" pos="pr0cn000" postype="relative" wd="que"/>
                      </relatiu>
                    </grup.nom>
                  </sn>
                </sp>
                <sn arg="arg1" coreftype="ident" elliptic="yes" entity="entity3" entityref="spec" func="suj" tem="tem"/>
                <morfema.pronominal>
                  <p gen="c" lem="yo" num="p" person="1" pos="p010p000" wd="nos"/>
                </morfema.pronominal>
                <grup.verb>
                  <v lem="encontrar" lss="C21.state-attributive" mood="indicative" num="p" person="1" pos="vmii1p0" postype="main" tense="imperfect" wd="encontrábamos"/>
                </grup.verb>
              </S>
            </grup.nom>
          </sn>
        </sp>
        <conj conjunctiontype="coordinating">
          <c lem="y" pos="cc" postype="coordinating" wd="y"/>
        </conj>
        <sp>
          <prep>
            <s lem="para" pos="sps00" postype="preposition" wd="para"/>
          </prep>
          <S clausetype="completive" impersonal="yes">
            <infinitiu>
              <v lem="ganar" lss="A21.transitive-agentive-patient" mood="infinitive" pos="vmn0000" postype="main" wd="ganar"/>
            </infinitiu>
            <sn arg="arg1" entityref="lex" func="cd" tem="pat">
              <grup.nom gen="f" num="s">
                <n gen="f" lem="credibilidad" num="s" pos="ncfs000" postype="common" sense="16:03753074" wd="credibilidad"/>
              </grup.nom>
            </sn>
            <sp arg="argM" coord="yes" func="cc" tem="loc">
              <sp>
                <prep>
                  <s lem="ante" pos="sps00" postype="preposition" wd="ante"/>
                </prep>
                <sn coreftype="ident" entity="entity3" entityref="spec">
                  <grup.nom gen="m" num="p">
                    <p gen="m" lem="yo" num="p" person="1" pos="pp1mp000" postype="personal" wd="nosotros"/>
                  </grup.nom>
                </sn>
              </sp>
              <conj conjunctiontype="coordinating">
                <c lem="y" pos="cc" postype="coordinating" wd="y"/>
              </conj>
              <sp>
                <prep>
                  <s lem="ante" pos="sps00" postype="preposition" wd="ante"/>
                </prep>
                <sn entityref="nne" homophoricDD="yes">
                  <spec gen="f" num="s">
                    <d gen="f" lem="el" num="s" pos="da0fs0" postype="article" wd="la"/>
                  </spec>
                  <grup.nom gen="f" num="s">
                    <n gen="f" lem="afición" lexicalid="noun.afición.1.default" num="s" origin="deverbal" pos="ncfs000" postype="common" sense="16:50001167" wd="afición"/>
                  </grup.nom>
                </sn>
              </sp>
            </sp>
          </S>
        </sp>
      </sp>
      <f lem="&quot;" pos="fe" punct="quotation" wd="&quot;"/>
      <f lem="," pos="fc" punct="comma" wd=","/>
    </S>
    <grup.verb>
      <v lem="haber" mood="indicative" num="s" person="3" pos="vaip3s0" postype="auxiliary" tense="present" wd="ha"/>
      <v gen="m" lem="decir" lss="A32.ditransitive-patient-benefactive" mood="participle" num="s" pos="vmp00sm" postype="main" wd="dicho"/>
    </grup.verb>
    <sn arg="arg0" coreftype="ident" entity="entity1" entityref="ne" func="suj" ne="person" tem="agt">
      <grup.nom gen="m" num="s">
        <n lem="Flores" ne="person" pos="np00000" postype="proper" wd="Flores"/>
      </grup.nom>
    </sn>
    <f lem="." pos="fp" punct="period" wd="."/>
  </sentence>
  <sentence>
    <sn arg="arg0" coreftype="ident" entity="entity1" entityref="ne" func="suj" ne="person" tem="agt">
      <spec gen="m" num="s">
        <d gen="m" lem="el" num="s" pos="da0ms0" postype="article" wd="El"/>
      </spec>
      <grup.nom gen="m" num="s">
        <n gen="m" lem="técnico" num="s" pos="ncms000" postype="common" sense="16:07633674" wd="técnico"/>
        <sp>
          <prep>
            <s contracted="yes" gen="m" lem="del" num="s" pos="spcms" postype="preposition" wd="del"/>
          </prep>
          <sn coreftype="ident" entity="entity3" entityref="ne" ne="organization">
            <grup.nom gen="m" num="s">
              <n lem="Espanyol" ne="organization" pos="np00000" postype="proper" wd="Espanyol"/>
            </grup.nom>
          </sn>
        </sp>
      </grup.nom>
    </sn>
    <grup.verb>
      <v lem="haber" mood="indicative" num="s" person="3" pos="vaip3s0" postype="auxiliary" tense="present" wd="ha"/>
      <v gen="m" lem="destacar" lss="A21.transitive-agentive-patient" mood="participle" num="s" pos="vmp00sm" postype="main" wd="destacado"/>
    </grup.verb>
    <sn arg="arg1" entityref="nne" func="cd" homophoricDD="yes" tem="pat">
      <spec gen="f" num="s">
        <d gen="f" lem="el" num="s" pos="da0fs0" postype="article" wd="la"/>
      </spec>
      <grup.nom gen="f" num="s">
        <n gen="f" lem="labor" num="s" pos="ncfs000" postype="common" sense="16:00408411" wd="labor"/>
        <sp>
          <prep>
            <s lem="de" pos="sps00" postype="preposition" wd="de"/>
          </prep>
          <sn entity="entity6" entityref="ne" ne="person">
            <grup.nom gen="m" num="s">
              <n lem="Martín_Posse" ne="person" pos="np00000" postype="proper" wd="Martín_Posse"/>
              <S clausetype="relative" coord="yes">
                <f lem="," pos="fc" punct="comma" wd=","/>
                <relatiu arg="arg0" coreftype="ident" entity="entity6" entityref="spec" func="suj" tem="agt">
                  <p gen="c" lem="quien" num="s" pos="pr0cs000" postype="relative" wd="quien"/>
                </relatiu>
                <S clausetype="relative">
                  <grup.verb>
                    <v lem="haber" mood="indicative" num="s" person="3" pos="vaip3s0" postype="auxiliary" tense="present" wd="ha"/>
                    <v gen="m" lem="marcar" lss="A21.transitive-agentive-patient" mood="participle" num="s" pos="vmp00sm" postype="main" wd="marcado"/>
                  </grup.verb>
                  <sn arg="arg1" entity="entity11" entityref="nne" func="cd" tem="pat">
                    <spec gen="m" num="p">
                      <d gen="c" lem="dos" num="p" pos="dn0cp0" postype="numeral" wd="dos"/>
                    </spec>
                    <grup.nom gen="m" num="p">
                      <n gen="m" lem="gol" num="p" pos="ncmp000" postype="common" sense="16:50004855" wd="goles"/>
                    </grup.nom>
                  </sn>
                  <f lem="," pos="fc" punct="comma" wd=","/>
                </S>
                <conj conjunctiontype="coordinating">
                  <c lem="y" pos="cc" postype="coordinating" wd="y"/>
                </conj>
                <S clausetype="relative">
                  <morfema.pronominal>
                    <p gen="c" lem="él" num="c" person="3" pos="p0300000" wd="se"/>
                  </morfema.pronominal>
                  <grup.verb>
                    <v lem="haber" mood="indicative" num="s" person="3" pos="vaip3s0" postype="auxiliary" tense="present" wd="ha"/>
                    <v gen="m" lem="atreverse" lss="A22.transitive-agentive-theme" mood="participle" num="s" pos="vmp00sm" postype="main" wd="atrevido"/>
                  </grup.verb>
                  <sp arg="arg1" func="creg" tem="tem">
                    <prep>
                      <s lem="a" pos="sps00" postype="preposition" wd="a"/>
                    </prep>
                    <S clausetype="completive" impersonal="yes">
                      <infinitiu>
                        <v lem="asegurar" lss="A32.ditransitive-patient-benefactive" mood="infinitive" pos="vmn0000" postype="main" wd="asegurar"/>
                      </infinitiu>
                      <S arg="arg1" clausetype="completive" func="cd" tem="pat">
                        <conj conjunctiontype="subordinating">
                          <c lem="que" pos="cs" postype="subordinating" wd="que"/>
                        </conj>
                        <sn arg="arg0" coreftype="ident" elliptic="yes" entity="entity6" entityref="spec" func="suj" tem="agt"/>
                        <morfema.pronominal>
                          <p gen="c" lem="él" num="c" person="3" pos="p0300000" wd="se"/>
                        </morfema.pronominal>
                        <grup.verb>
                          <v lem="haber" mood="indicative" num="s" person="3" pos="vaip3s0" postype="auxiliary" tense="present" wd="ha"/>
                          <v gen="m" lem="ganar" lss="A21.transitive-agentive-patient" mood="participle" num="s" pos="vmp00sm" postype="main" wd="ganado"/>
                        </grup.verb>
                        <sn arg="arg1" entityref="nne" func="cd" tem="pat">
                          <spec gen="f" num="s">
                            <d gen="f" lem="el" num="s" pos="da0fs0" postype="article" wd="la"/>
                          </spec>
                          <grup.nom gen="f" num="s">
                            <n gen="f" lem="continuidad" num="s" pos="ncfs000" postype="common" sense="16:03943986" wd="continuidad"/>
                          </grup.nom>
                        </sn>
                      </S>
                    </S>
                  </sp>
                </S>
              </S>
            </grup.nom>
          </sn>
        </sp>
      </grup.nom>
    </sn>
    <f lem="." pos="fp" punct="period" wd="."/>
  </sentence>
  <sentence>
    <S arg="arg1" clausetype="completive" func="cd" tem="pat">
      <f lem="&quot;" pos="fe" punct="quotation" wd="&quot;"/>
      <sn arg="arg1" entityref="nne" func="suj" homophoricDD="yes" tem="tem">
        <spec gen="m" num="s">
          <d gen="c" lem="el" num="s" pos="da0ns0" postype="article" wd="Lo"/>
        </spec>
        <grup.nom gen="m" num="s">
          <s.a gen="m" num="s">
            <grup.a gen="m" num="s">
              <a gen="c" lem="mejor" num="s" pos="aq0cs0" postype="qualificative" wd="mejor"/>
              <sp>
                <prep>
                  <s contracted="yes" gen="m" lem="del" num="s" pos="spcms" postype="preposition" wd="del"/>
                </prep>
                <sn entity="entity10" entityref="nne">
                  <grup.nom gen="m" num="s">
                    <n gen="m" lem="partido" num="s" pos="ncms000" postype="common" sense="16:05554348" wd="partido"/>
                  </grup.nom>
                </sn>
              </sp>
            </grup.a>
          </s.a>
        </grup.nom>
      </sn>
      <grup.verb>
        <v lem="ser" lss="C21.state-attributive" mood="indicative" num="s" person="3" pos="vsip3s0" postype="semiauxiliary" tense="present" wd="es"/>
      </grup.verb>
      <S arg="arg2" clausetype="completive" func="atr" tem="atr">
        <conj conjunctiontype="subordinating">
          <c lem="que" pos="cs" postype="subordinating" wd="que"/>
        </conj>
        <sadv arg="argM" func="cc" tem="adv">
          <f lem="," pos="fc" punct="comma" wd=","/>
          <grup.adv>
            <r lem="además" pos="rg" wd="además"/>
            <sp>
              <prep>
                <s lem="de" pos="sps00" postype="preposition" wd="de"/>
              </prep>
              <sn coreftype="ident" entity="entity11" entityref="nne">
                <spec gen="m" num="p">
                  <d gen="m" lem="el" num="p" pos="da0mp0" postype="article" wd="los"/>
                </spec>
                <grup.nom gen="m" num="p">
                  <n gen="m" lem="gol" num="p" pos="ncmp000" postype="common" sense="16:50004855" wd="goles"/>
                </grup.nom>
              </sn>
            </sp>
          </grup.adv>
          <f lem="," pos="fc" punct="comma" wd=","/>
        </sadv>
        <sn arg="arg0" coreftype="ident" elliptic="yes" entity="entity3" entityref="spec" func="suj" tem="agt"/>
        <grup.verb>
          <v lem="haber" mood="indicative" num="p" person="1" pos="vaip1p0" postype="auxiliary" tense="present" wd="hemos"/>
          <v gen="m" lem="dar" lss="A32.ditransitive-patient-benefactive" mood="participle" num="s" pos="vmp00sm" postype="main" wd="dado"/>
        </grup.verb>
        <sn arg="arg1" entityref="lex" func="cd" tem="pat">
          <spec gen="f" num="s">
            <d gen="f" lem="el" num="s" pos="da0fs0" postype="article" wd="la"/>
          </spec>
          <grup.nom gen="f" num="s">
            <n gen="f" lem="cara" num="s" pos="ncfs000" postype="common" sense="16:04340595" wd="cara"/>
          </grup.nom>
        </sn>
        <S arg="argM" clausetype="adverbial" func="cc" tem="tmp">
          <conj conjunctiontype="subordinating">
            <c lem="cuando" pos="cs" postype="subordinating" wd="cuando"/>
          </conj>
          <sn arg="arg1" coreftype="ident" elliptic="yes" entity="entity3" entityref="spec" func="suj" tem="tem"/>
          <grup.verb>
            <v lem="ir" lss="C21.state-attributive" mood="indicative" num="p" person="1" pos="vmii1p0" postype="main" tense="imperfect" wd="íbamos"/>
          </grup.verb>
          <sp arg="argM" func="cc" tem="adv">
            <prep>
              <s lem="con" pos="sps00" postype="preposition" wd="con"/>
            </prep>
            <sn entityref="nne" homophoricDD="yes">
              <spec gen="m" num="s">
                <d gen="m" lem="el" num="s" pos="da0ms0" postype="article" wd="el"/>
              </spec>
              <grup.nom gen="m" num="s">
                <n gen="m" lem="marcador" num="s" pos="ncms000" postype="common" sense="16:03284884" wd="marcador"/>
                <sadv>
                  <grup.adv>
                    <r lem="en_contra" pos="rg" wd="en_contra"/>
                  </grup.adv>
                </sadv>
              </grup.nom>
            </sn>
          </sp>
        </S>
      </S>
      <f lem="&quot;" pos="fe" punct="quotation" wd="&quot;"/>
      <f lem="," pos="fc" punct="comma" wd=","/>
    </S>
    <grup.verb>
      <v lem="haber" mood="indicative" num="s" person="3" pos="vaip3s0" postype="auxiliary" tense="present" wd="ha"/>
      <v gen="m" lem="añadir" lss="A21.transitive-agentive-patient" mood="participle" num="s" pos="vmp00sm" postype="main" wd="añadido"/>
    </grup.verb>
    <sn arg="arg0" coreftype="ident" entity="entity1" entityref="ne" func="suj" ne="person" tem="agt">
      <grup.nom gen="m" num="s">
        <n lem="Flores" ne="person" pos="np00000" postype="proper" wd="Flores"/>
      </grup.nom>
    </sn>
    <f lem="." pos="fp" punct="period" wd="."/>
  </sentence>
  <sentence>
    <sp arg="argM" func="cc" tem="adv">
      <prep>
        <s lem="por" pos="sps00" postype="preposition" wd="Por"/>
      </prep>
      <sn entityref="lex">
        <spec gen="f" num="s">
          <d entityref="lex" gen="c" lem="su" num="s" person="3" pos="dp3cs0" postype="possessive" wd="su"/>
        </spec>
        <grup.nom gen="f" num="s">
          <n gen="f" lem="parte" num="s" pos="ncfs000" postype="common" sense="16:04505974" wd="parte"/>
        </grup.nom>
      </sn>
      <f lem="," pos="fc" punct="comma" wd=","/>
    </sp>
    <sn arg="arg0" entity="entity7" entityref="ne" func="suj" ne="person" tem="cau">
      <spec gen="m" num="s">
        <d gen="m" lem="el" num="s" pos="da0ms0" postype="article" wd="el"/>
      </spec>
      <grup.nom gen="m" num="s">
        <n gen="m" lem="técnico" num="s" pos="ncms000" postype="common" sense="16:07633674" wd="técnico"/>
        <sp>
          <prep>
            <s contracted="yes" gen="m" lem="del" num="s" pos="spcms" postype="preposition" wd="del"/>
          </prep>
          <sn coreftype="ident" entity="entity8" entityref="ne" ne="organization">
            <grup.nom gen="m" num="s">
              <n lem="Rayo" ne="organization" pos="np00000" postype="proper" wd="Rayo"/>
            </grup.nom>
          </sn>
        </sp>
        <sn corefsubtype="definit" coreftype="pred" entity="entity7" entityref="ne" ne="person">
          <f lem="," pos="fc" punct="comma" wd=","/>
          <grup.nom gen="m" num="s">
            <n lem="Juande_Ramos" ne="person" pos="np00000" postype="proper" wd="Juande_Ramos"/>
          </grup.nom>
          <f lem="," pos="fc" punct="comma" wd=","/>
        </sn>
      </grup.nom>
    </sn>
    <neg func="mod">
      <r lem="no" pos="rn" postype="negative" wd="no"/>
    </neg>
    <grup.verb>
      <v lem="haber" mood="indicative" num="s" person="3" pos="vaip3s0" postype="auxiliary" tense="present" wd="ha"/>
      <v gen="m" lem="poner" lss="A11.transitive-causative" mood="participle" num="s" pos="vmp00sm" postype="main" wd="puesto"/>
    </grup.verb>
    <sn arg="arg1" func="cd" tem="tem">
      <spec gen="m" num="s">
        <d gen="m" lem="ninguno" num="s" pos="di0ms0" postype="indefinite" wd="ningún"/>
      </spec>
      <grup.nom gen="m" num="s">
        <n gen="m" lem="reproche" lexicalid="noun.reproche.1.default" num="s" origin="deverbal" pos="ncms000" postype="common" sense="16:05033972" wd="reproche"/>
      </grup.nom>
    </sn>
    <sp arg="arg2" func="ci" tem="ben">
      <prep>
        <s lem="a" pos="sps00" postype="preposition" wd="a"/>
      </prep>
      <sn coreftype="ident" entity="entity2" entityref="spec">
        <spec gen="f" num="s">
          <d gen="f" lem="el" num="s" pos="da0fs0" postype="article" wd="la"/>
        </spec>
        <grup.nom gen="f" num="s">
          <n gen="f" lem="victoria" lexicalid="noun.victoria.1.default" num="s" origin="deverbal" pos="ncfs000" postype="common" sense="16:05556959" wd="victoria"/>
          <s.a arg="arg0" func="cn" gen="f" num="s" tem="agt">
            <grup.a gen="f" num="s">
              <a gen="c" lem="españolista" num="s" pos="aq0cs0" postype="qualificative" wd="españolista"/>
            </grup.a>
          </s.a>
        </grup.nom>
      </sn>
    </sp>
    <S clausesubtype="concessive" clausetype="adverbial" func="ao">
      <f lem="," pos="fc" punct="comma" wd=","/>
      <conj conjunctiontype="subordinating">
        <c lem="aunque" pos="cs" postype="subordinating" wd="aunque"/>
      </conj>
      <sn arg="arg0" coreftype="ident" elliptic="yes" entity="entity7" entityref="spec" func="suj" tem="agt"/>
      <grup.verb>
        <v lem="creer" lss="A21.transitive-agentive-patient" mood="indicative" num="s" person="3" pos="vmip3s0" postype="main" tense="present" wd="cree"/>
      </grup.verb>
      <S arg="arg1" clausetype="completive" func="cd" tem="pat">
        <conj conjunctiontype="subordinating">
          <c lem="que" pos="cs" postype="subordinating" wd="que"/>
        </conj>
        <sn arg="arg1" coreftype="ident" elliptic="yes" entity="entity2" entityref="spec" func="suj" tem="tem"/>
        <grup.verb>
          <v lem="estar" lss="C21.state-attributive" mood="indicative" num="s" person="3" pos="vmip3s0" postype="main" tense="present" wd="está"/>
        </grup.verb>
        <S arg="arg2" clausetype="participle" func="atr" impersonal="yes" tem="atr">
          <participi>
            <a gen="f" lem="sobredimensionado" num="s" pos="aq0fsp" posfunction="participle" postype="qualificative" wd="sobredimensionada"/>
          </participi>
        </S>
      </S>
      <S arg="argM" clausetype="adverbial" func="cc" tem="cau">
        <f lem="," pos="fc" punct="comma" wd=","/>
        <conj conjunctiontype="subordinating">
          <c lem="porque" pos="cs" postype="subordinating" wd="porque"/>
        </conj>
        <sn arg="arg0" coreftype="ident" elliptic="yes" entity="entity7" entityref="spec" func="suj" tem="agt"/>
        <grup.verb>
          <v lem="entender" lss="A21.transitive-agentive-patient" mood="indicative" num="s" person="3" pos="vmip3s0" postype="main" tense="present" wd="entiende"/>
        </grup.verb>
        <S arg="arg1" clausetype="completive" func="cd" tem="pat">
          <conj conjunctiontype="subordinating">
            <c lem="que" pos="cs" postype="subordinating" wd="que"/>
          </conj>
          <sn arg="arg1" coreftype="ident" entity="entity2" entityref="ne" func="suj" ne="number" tem="tem">
            <spec gen="m" num="s">
              <d gen="m" lem="el" num="s" pos="da0ms0" postype="article" wd="el"/>
            </spec>
            <grup.nom gen="m" num="s">
              <z lem="5-1" ne="number" wd="5-1"/>
            </grup.nom>
          </sn>
          <f lem="&quot;" pos="fe" punct="quotation" wd="&quot;"/>
          <neg func="mod">
            <r lem="no" pos="rn" postype="negative" wd="no"/>
          </neg>
          <grup.verb>
            <v lem="ser" lss="C21.state-attributive" mood="indicative" num="s" person="3" pos="vsip3s0" postype="semiauxiliary" tense="present" wd="es"/>
          </grup.verb>
          <sn arg="arg2" func="atr" tem="atr">
            <spec gen="f" num="s">
              <d gen="f" lem="el" num="s" pos="da0fs0" postype="article" wd="la"/>
            </spec>
            <grup.nom gen="f" num="s">
              <n gen="f" lem="diferencia" lexicalid="noun.diferencia.1.default" num="s" origin="deverbal" pos="ncfs000" postype="common" sense="16:03731027" wd="diferencia"/>
              <sp arg="arg1" func="cn" tem="pat">
                <prep>
                  <s lem="entre" pos="sps00" postype="preposition" wd="entre"/>
                </prep>
                <sn coreftype="ident" entity="entity3+entity8" entityref="spec">
                  <spec gen="m" num="p">
                    <d gen="m" lem="el" num="p" pos="da0mp0" postype="article" wd="los"/>
                    <d gen="c" lem="dos" num="p" pos="dn0cp0" postype="numeral" wd="dos"/>
                  </spec>
                  <grup.nom gen="m" num="p">
                    <n gen="m" lem="equipo" num="p" pos="ncmp000" postype="common" sense="16:06093198" wd="equipos"/>
                  </grup.nom>
                </sn>
              </sp>
            </grup.nom>
          </sn>
          <f lem="&quot;" pos="fe" punct="quotation" wd="&quot;"/>
        </S>
      </S>
    </S>
    <f lem="." pos="fp" punct="period" wd="."/>
  </sentence>
  <sentence>
    <S arg="arg1" clausetype="completive" coord="yes" func="cd" tem="pat">
      <f lem="&quot;" pos="fe" punct="quotation" wd="&quot;"/>
      <S>
        <sn arg="arg1" elliptic="yes" entityref="nne" func="suj" tem="tem"/>
        <grup.verb>
          <v lem="haber" mood="indicative" num="s" person="3" pos="vaip3s0" postype="auxiliary" tense="present" wd="Ha"/>
          <v gen="m" lem="ser" lss="C21.state-attributive" mood="participle" num="s" pos="vsp00sm" postype="semiauxiliary" wd="sido"/>
        </grup.verb>
        <sn arg="arg2" func="atr" tem="atr">
          <spec gen="m" num="s">
            <d gen="m" lem="uno" num="s" pos="di0ms0" postype="indefinite" wd="un"/>
          </spec>
          <grup.nom gen="m" num="s">
            <n gen="m" lem="marcador" num="s" pos="ncms000" postype="common" sense="16:03284884" wd="marcador"/>
            <s.a gen="m" num="s">
              <grup.a gen="m" num="s">
                <a gen="m" lem="duro" num="s" pos="aq0ms0" postype="qualificative" wd="duro"/>
              </grup.a>
            </s.a>
          </grup.nom>
        </sn>
      </S>
      <conj conjunctiontype="coordinating">
        <f lem="." pos="fp" punct="period" wd="."/>
      </conj>
      <S>
        <sadv adjunct="yes" arg="argM" func="cc" tem="tmp">
          <grup.adv>
            <r lem="después" pos="rg" wd="Después"/>
            <sp>
              <prep>
                <s lem="de" pos="sps00" postype="preposition" wd="de"/>
              </prep>
              <S clausetype="completive" impersonal="yes">
                <infinitiu>
                  <v lem="controlar" lss="A21.transitive-agentive-patient" mood="infinitive" pos="vmn0000" postype="main" wd="controlar"/>
                </infinitiu>
                <sn arg="arg1" coreftype="ident" entity="entity10" entityref="nne" func="cd" homophoricDD="yes" tem="pat">
                  <spec gen="m" num="s">
                    <d gen="m" lem="el" num="s" pos="da0ms0" postype="article" wd="el"/>
                  </spec>
                  <grup.nom gen="m" num="s">
                    <n gen="m" lem="partido" num="s" pos="ncms000" postype="common" sense="16:05554348" wd="partido"/>
                  </grup.nom>
                </sn>
                <inc>
                  <sn entityref="ne" ne="number">
                    <grup.nom>
                      <f lem="(" pos="fpa" punct="bracket" punctenclose="open" wd="("/>
                      <z lem="0-1" ne="number" wd="0-1"/>
                      <f lem=")" pos="fpt" punct="bracket" punctenclose="close" wd=")"/>
                    </grup.nom>
                  </sn>
                </inc>
              </S>
            </sp>
          </grup.adv>
          <f lem="," pos="fc" punct="comma" wd=","/>
        </sadv>
        <S clausetype="completive" coord="yes">
          <S clausetype="completive">
            <sn arg="arg1" coreftype="ident" elliptic="yes" entity="entity8" entityref="spec" func="suj" tem="tem"/>
            <morfema.pronominal>
              <p gen="c" lem="yo" num="p" person="1" pos="p010p000" wd="nos"/>
            </morfema.pronominal>
            <grup.verb>
              <v lem="haber" mood="indicative" num="p" person="1" pos="vaip1p0" postype="auxiliary" tense="present" wd="hemos"/>
              <v gen="m" lem="relajar" lss="B21.unaccusative-state" mood="participle" num="s" pos="vmp00sm" postype="main" wd="relajado"/>
            </grup.verb>
          </S>
          <conj conjunctiontype="coordinating">
            <c lem="y" pos="cc" postype="coordinating" wd="y"/>
          </conj>
          <S clausetype="completive">
            <sn arg="arg0" coreftype="ident" elliptic="yes" entity="entity3" entityref="spec" func="suj" tem="agt"/>
            <sn arg="arg2" coreftype="ident" entity="entity8" entityref="spec" func="ci" tem="ben">
              <grup.nom num="p">
                <p gen="c" lem="yo" num="p" person="1" pos="pp1cp000" postype="personal" wd="nos"/>
              </grup.nom>
            </sn>
            <grup.verb>
              <v lem="haber" mood="indicative" num="p" person="3" pos="vaip3p0" postype="auxiliary" tense="present" wd="han"/>
              <v gen="m" lem="marcar" lss="A21.transitive-agentive-patient" mood="participle" num="s" pos="vmp00sm" postype="main" wd="marcado"/>
            </grup.verb>
            <sn arg="arg1" coreftype="ident" entity="entity11" entityref="nne" func="cd" tem="pat">
              <spec gen="m" num="p">
                <d gen="c" lem="dos" num="p" pos="dn0cp0" postype="numeral" wd="dos"/>
              </spec>
              <grup.nom gen="m" num="p">
                <n gen="m" lem="gol" num="p" pos="ncmp000" postype="common" sense="16:50004855" wd="goles"/>
              </grup.nom>
            </sn>
            <sp arg="argM" func="cc" tem="cau">
              <prep>
                <s lem="por" pos="sps00" postype="preposition" wd="por"/>
              </prep>
              <sn entityref="nne">
                <grup.nom gen="m" num="p">
                  <n gen="m" lem="error" num="p" pos="ncmp000" postype="common" sense="16:00042411" wd="errores"/>
                  <s.a gen="m" num="p">
                    <grup.a gen="m" num="p">
                      <a gen="c" lem="infantil" num="p" pos="aq0cp0" postype="qualificative" wd="infantiles"/>
                    </grup.a>
                  </s.a>
                </grup.nom>
              </sn>
            </sp>
          </S>
        </S>
      </S>
      <f lem="&quot;" pos="fe" punct="quotation" wd="&quot;"/>
    </S>
    <f lem="," pos="fc" punct="comma" wd=","/>
    <grup.verb>
      <v lem="haber" mood="indicative" num="s" person="3" pos="vaip3s0" postype="auxiliary" tense="present" wd="ha"/>
      <v gen="m" lem="subrayar" lss="A21.transitive-agentive-patient" mood="participle" num="s" pos="vmp00sm" postype="main" wd="subrayado"/>
    </grup.verb>
    <sn arg="arg0" coreftype="ident" entity="entity7" entityref="ne" func="suj" ne="person" tem="agt">
      <grup.nom gen="m" num="s">
        <n lem="Ramos" ne="person" pos="np00000" postype="proper" wd="Ramos"/>
      </grup.nom>
    </sn>
    <f lem="." pos="fp" punct="period" wd="."/>
  </sentence>
  <sentence>
    <S arg="arg1" clausetype="completive" coord="yes" func="cd" tem="pat">
      <f lem="&quot;" pos="fe" punct="quotation" wd="&quot;"/>
      <S>
        <sp arg="argM" func="cc" tem="adv">
          <prep>
            <s lem="con" pos="sps00" postype="preposition" wd="Con"/>
          </prep>
          <sn entityref="nne">
            <spec gen="f" num="s">
              <d gen="f" lem="el" num="s" pos="da0fs0" postype="article" wd="la"/>
            </spec>
            <grup.nom gen="f" num="s">
              <s.a func="cn" gen="f" num="s">
                <grup.a gen="f" num="s">
                  <a gen="f" lem="mínimo" num="s" pos="aq0fs0" postype="qualificative" wd="mínima"/>
                </grup.a>
              </s.a>
              <n gen="f" lem="ventaja" lexicalid="noun.ventaja.1.default" num="s" origin="deverbal" pos="ncfs000" postype="common" sense="16:04016440" wd="ventaja"/>
            </grup.nom>
          </sn>
        </sp>
        <sn arg="arg0" coreftype="ident" elliptic="yes" entity="entity8" entityref="spec" func="suj" tem="agt"/>
        <morfema.pronominal>
          <p gen="c" lem="yo" num="p" person="1" pos="p010p000" wd="nos"/>
        </morfema.pronominal>
        <grup.verb>
          <v lem="pensar" lss="A21.transitive-agentive-patient" mood="indicative" num="p" person="1" pos="vmii1p0" postype="main" tense="imperfect" wd="pensábamos"/>
        </grup.verb>
        <S arg="arg1" clausetype="completive" coord="yes" func="cd" tem="pat">
          <S clausetype="completive">
            <conj conjunctiontype="subordinating">
              <c lem="que" pos="cs" postype="subordinating" wd="que"/>
            </conj>
            <grup.verb>
              <v lem="estar" lss="C21.state-attributive" mood="indicative" num="s" person="3" pos="vmii3s0" postype="main" tense="imperfect" wd="estaba"/>
            </grup.verb>
            <sn arg="arg1" entityref="lex" func="suj" tem="tem">
              <grup.nom gen="m" num="s">
                <p gen="m" lem="todo" num="s" pos="pi0ms000" postype="indefinite" wd="todo"/>
              </grup.nom>
            </sn>
            <S arg="arg2" clausetype="participle" func="atr" impersonal="yes" tem="atr">
              <participi>
                <a gen="m" lem="hecho" num="s" pos="aq0msp" posfunction="participle" postype="qualificative" wd="hecho"/>
              </participi>
            </S>
          </S>
          <conj conjunctiontype="coordinating">
            <c lem="y" pos="cc" postype="coordinating" wd="y"/>
          </conj>
          <S clausetype="completive">
            <conj conjunctiontype="subordinating">
              <c lem="que" pos="cs" postype="subordinating" wd="que"/>
            </conj>
            <sn arg="arg0" coreftype="ident" elliptic="yes" entity="entity8" entityref="spec" func="suj" tem="agt"/>
            <grup.verb>
              <v lem="ir" mood="indicative" num="p" person="1" pos="vmii1p0" postype="main" tense="imperfect" wd="íbamos"/>
              <s lem="a" pos="sps00" postype="preposition" wd="a"/>
              <infinitiu>
                <v lem="ganar" lss="A21.transitive-agentive-patient" mood="infinitive" pos="vmn0000" postype="main" wd="ganar"/>
              </infinitiu>
            </grup.verb>
          </S>
        </S>
      </S>
      <conj conjunctiontype="coordinating">
        <f lem="." pos="fp" punct="period" wd="."/>
      </conj>
      <S>
        <sn arg="arg0" entity="entity12" entityref="nne" func="suj" homophoricDD="yes" tem="agt">
          <spec gen="f" num="p">
            <d gen="f" lem="el" num="p" pos="da0fp0" postype="article" wd="Las"/>
            <d gen="c" lem="tres" num="p" pos="dn0cp0" postype="numeral" wd="tres"/>
          </spec>
          <grup.nom gen="f" num="p">
            <n gen="f" lem="ausencia" lexicalid="noun.ausencia.1.default" num="p" origin="deverbal" pos="ncfp000" postype="common" sense="16:00801297" wd="ausencias"/>
            <sp arg="argM" func="cn" tem="loc">
              <prep>
                <s lem="en" pos="sps00" postype="preposition" wd="en"/>
              </prep>
              <sn entityref="nne">
                <grup.nom gen="f" num="s">
                  <n gen="c" lem="defensa" lexicalid="noun.defensa.1.default" num="s" origin="deverbal" pos="nccs000" postype="common" sense="16:00466389" wd="defensa"/>
                </grup.nom>
              </sn>
            </sp>
          </grup.nom>
        </sn>
        <sn arg="arg2" coreftype="ident" entity="entity8" entityref="spec" func="ci" tem="ben">
          <grup.nom num="p">
            <p gen="c" lem="yo" num="p" person="1" pos="pp1cp000" postype="personal" wd="nos"/>
          </grup.nom>
        </sn>
        <grup.verb>
          <v lem="haber" mood="indicative" num="p" person="3" pos="vaip3p0" postype="auxiliary" tense="present" wd="han"/>
          <v gen="m" lem="hacer" lss="A21.transitive-agentive-patient" mood="participle" num="s" pos="vmp00sm" postype="main" wd="hecho"/>
        </grup.verb>
        <sn arg="arg1" entityref="nne" func="cd" tem="pat">
          <spec gen="m" num="s">
            <d gen="m" lem="mucho" num="s" pos="di0ms0" postype="indefinite" wd="mucho"/>
          </spec>
          <grup.nom gen="m" num="s">
            <n gen="m" lem="daño" lexicalid="noun.daño.1.default" num="s" origin="deverbal" pos="ncms000" postype="common" sense="16:00258668" wd="daño"/>
          </grup.nom>
        </sn>
      </S>
      <conj conjunctiontype="coordinating">
        <f lem="." pos="fp" punct="period" wd="."/>
      </conj>
      <S>
        <sn arg="arg0" coreftype="ident" elliptic="yes" entity="entity12" entityref="nne" func="suj" tem="agt"/>
        <morfema.pronominal>
          <p gen="c" lem="él" num="c" person="3" pos="p0300000" wd="Se"/>
        </morfema.pronominal>
        <grup.verb>
          <v lem="haber" mood="indicative" num="p" person="3" pos="vaip3p0" postype="auxiliary" tense="present" wd="han"/>
          <v gen="m" lem="notar" lss="A21.transitive-agentive-patient" mood="participle" num="s" pos="vmp00sm" postype="main" wd="notado"/>
        </grup.verb>
        <sadv arg="argM" func="cc" tem="adv">
          <grup.adv>
            <r lem="mucho" pos="rg" wd="mucho"/>
          </grup.adv>
        </sadv>
      </S>
      <f lem="&quot;" pos="fe" punct="quotation" wd="&quot;"/>
    </S>
    <f lem="," pos="fc" punct="comma" wd=","/>
    <grup.verb>
      <v lem="haber" mood="indicative" num="s" person="3" pos="vaip3s0" postype="auxiliary" tense="present" wd="ha"/>
      <v gen="m" lem="añadir" lss="A21.transitive-agentive-patient" mood="participle" num="s" pos="vmp00sm" postype="main" wd="añadido"/>
    </grup.verb>
    <sn arg="arg0" coreftype="ident" elliptic="yes" entity="entity7" entityref="spec" func="suj" tem="agt"/>
    <f lem="." pos="fp" punct="period" wd="."/>
  </sentence>
</article>
