<?xml version="1.0" encoding="UTF-8"?>
<!-- 

  ancora-2.0
       
			Copyright (C) 2007, 2008, 2009, 2010, 2011 UB - CLiC
			Centre de Llenguatge i Computació - Universitat de Barcelona
 
  This file is part of ancora-2.0.
 
  ancora-2.0 is free software and data: you can redistribute it and/or modify
  it under the terms of the GNU General Public License as published
  by the Free Software Foundation, either version 3 of the License,
  or (at your option) any later version.

  ancora-2.0 is distributed in the hope that it will be useful,
  but WITHOUT ANY WARRANTY; without even the implied warranty of
  MERCHANTABILITY or FITNESS FOR A PARTICULAR PURPOSE.  See the
  GNU General Public License for more details.
 
  You should have received a copy of the GNU General Public License
  along with ancora-2.0.  If not, see &lt;http://www.gnu.org/licenses/&gt;.
 
  Check a text in catalan explaining the terms of the license at http://www.softcatala.cat/wiki/GPL3.
  In spanish at http://www.viti.es/gnu/licenses/gpl.html
 

  The following paper must be cited when using this corpus:

 * Taulé, M., M.A. Martí, M. Recasens (2008) 'Ancora: Multilevel Annotated Corpora for Catalan and Spanish',
   Proceedings of 6th International Conference on Language Resources and Evaluation. Marrakesh (Morocco).

  In addition, the following paper must be cited if coreference information (attributes entity, coreftype,
  corefsubtype, homophoricDD or entityref) is used:

 * Recasens, Marta, M. Antònia Martí (2010) ‘AnCora-CO: Coreferentially annotated corpora for Spanish and
   Catalan’. Language Resources and Evaluation, Springer Science.

  Additionally, the following paper must be cited when argumental attributes in "sn" or "grup.nom"
  (attributes func, arg, tem or lexicalid) are used:

 * Peris, Aina, Mariona Taulé, Horacio Rodríguez (2010) ‘Semantic Annotation of Deverbal Nominalizations in the
   Spanish AnCora corpus’. Treebanks and Linguistic Theories (TLT-2010), Estonia.
-->
<article lng="es">
  <sentence coord="yes" id="0">
    <S>
      <sn arg="arg0" entity="entity1" entityref="ne" func="suj" ne="person" tem="agt">
        <spec gen="m" num="s">
          <d gen="m" lem="el" num="s" pos="da0ms0" postype="article" wd="El"/>
        </spec>
        <grup.nom gen="m" num="s">
          <n gen="m" lem="secretario" num="s" pos="ncms000" postype="common" sense="16:07556911" wd="secretario"/>
          <s.a gen="m" num="s">
            <grup.a gen="m" num="s">
              <a gen="c" lem="general" num="s" pos="aq0cs0" postype="qualificative" wd="general"/>
            </grup.a>
          </s.a>
          <sp>
            <prep>
              <s contracted="yes" gen="m" lem="del" num="s" pos="spcms" postype="preposition" wd="del"/>
            </prep>
            <sn entity="entity4" entityref="ne" ne="organization">
              <grup.nom gen="m" num="s">
                <n lem="PP" ne="organization" pos="np00000" postype="proper" sense="16:50001207" wd="PP"/>
              </grup.nom>
            </sn>
          </sp>
          <sn corefsubtype="definit" coreftype="pred" entity="entity1" entityref="ne" ne="person">
            <f lem="," pos="fc" punct="comma" wd=","/>
            <grup.nom gen="m" num="s">
              <n lem="Javier_Arenas" ne="person" pos="np00000" postype="proper" wd="Javier_Arenas"/>
            </grup.nom>
            <f lem="," pos="fc" punct="comma" wd=","/>
          </sn>
        </grup.nom>
      </sn>
      <grup.verb>
        <v lem="expresar" lss="A32.ditransitive-patient-benefactive" mood="indicative" num="s" person="3" pos="vmis3s0" postype="main" tense="past" wd="expresó"/>
      </grup.verb>
      <sadv arg="argM" func="cc" tem="tmp">
        <grup.adv>
          <r lem="hoy" pos="rg" wd="hoy"/>
        </grup.adv>
      </sadv>
      <sn arg="arg1" entity="entity5" entityref="nne" func="cd" tem="pat">
        <spec arg="arg1" gen="f" num="s" tem="tem">
          <d coreftype="ident" entity="entity1" entityref="spec" gen="c" lem="su" num="s" person="3" pos="dp3cs0" postype="possessive" wd="su"/>
        </spec>
        <grup.nom gen="f" num="s">
          <n gen="f" lem="satisfacción" lexicalid="noun.satisfacción.1.default" num="s" origin="deverbal" pos="ncfs000" postype="common" sense="16:03760132" wd="satisfacción"/>
          <sp arg="arg0" func="cn" tem="cau">
            <prep>
              <s lem="por" pos="sps00" postype="preposition" wd="por"/>
            </prep>
            <sn entity="entity2" entityref="nne" homophoricDD="yes">
              <spec gen="f" num="s">
                <d gen="f" lem="el" num="s" pos="da0fs0" postype="article" wd="la"/>
              </spec>
              <grup.nom gen="f" num="s">
                <n gen="f" lem="concesión" lexicalid="noun.concesión.2.default" num="s" origin="deverbal" pos="ncfs000" postype="common" sense="16:00740440" wd="concesión"/>
                <sp arg="arg1" func="cn" tem="pat">
                  <prep>
                    <s lem="de" pos="sps00" postype="preposition" wd="de"/>
                  </prep>
                  <sn entity="entity3" entityref="nne">
                    <spec gen="m" num="s">
                      <d gen="m" lem="uno" num="s" pos="di0ms0" postype="indefinite" wd="un"/>
                    </spec>
                    <grup.nom gen="m" num="s">
                      <n gen="m" lem="crédito" num="s" pos="ncms000" postype="common" sense="16:09631860" wd="crédito"/>
                      <sp>
                        <prep>
                          <s lem="de" pos="sps00" postype="preposition" wd="de"/>
                        </prep>
                        <sn entityref="ne" ne="number">
                          <spec gen="m" num="p">
                            <z lem="1000" ne="number" wd="1.000"/>
                          </spec>
                          <grup.nom gen="m" num="p">
                            <n gen="m" lem="millón" num="p" pos="ncmp000" postype="common" sense="16:09902865" wd="millones"/>
                            <sp>
                              <prep>
                                <s lem="de" pos="sps00" postype="preposition" wd="de"/>
                              </prep>
                              <sn entityref="ne" ne="number">
                                <grup.nom gen="f" num="p">
                                  <z lem="peseta" ne="number" pos="zm" postype="currency" wd="pesetas"/>
                                </grup.nom>
                              </sn>
                            </sp>
                          </grup.nom>
                        </sn>
                      </sp>
                    </grup.nom>
                  </sn>
                </sp>
                <sp arg="arg2" func="cn" tem="ben">
                  <prep>
                    <s lem="a" pos="sps00" postype="preposition" wd="a"/>
                  </prep>
                  <sn entity="entity12" entityref="ne" ne="organization">
                    <spec gen="f" num="p">
                      <d gen="f" lem="el" num="p" pos="da0fp0" postype="article" wd="las"/>
                    </spec>
                    <grup.nom gen="f" num="p">
                      <n lem="Minas_de_Río_Tinto_Sociedad_Anónima_Laboral" ne="organization" pos="np00000" postype="proper" wd="Minas_de_Río_Tinto_Sociedad_Anónima_Laboral"/>
                    </grup.nom>
                  </sn>
                </sp>
              </grup.nom>
            </sn>
          </sp>
        </grup.nom>
      </sn>
      <f lem="," pos="fc" punct="comma" wd=","/>
    </S>
    <conj conjunctiontype="coordinating">
      <c lem="y" pos="cc" postype="coordinating" wd="y"/>
    </conj>
    <S>
      <sn arg="arg0" coreftype="ident" elliptic="yes" entity="entity1" entityref="spec" func="suj" tem="agt"/>
      <grup.verb>
        <v lem="desear" lss="A21.transitive-agentive-patient" mood="indicative" num="s" person="3" pos="vmis3s0" postype="main" tense="past" wd="deseó"/>
      </grup.verb>
      <S arg="arg1" clausetype="completive" func="cd" tem="pat">
        <conj conjunctiontype="subordinating">
          <c lem="que" pos="cs" postype="subordinating" wd="que"/>
        </conj>
        <f lem="&quot;" pos="fe" punct="quotation" wd="&quot;"/>
        <S arg="argM" clausetype="adverbial" func="cc" tem="adv">
          <conj conjunctiontype="subordinating">
            <c lem="igual_que" pos="cs" postype="subordinating" wd="igual_que"/>
          </conj>
          <grup.verb>
            <v lem="haber" mood="indicative" num="s" person="3" pos="vaip3s0" postype="auxiliary" tense="present" wd="ha"/>
            <v gen="m" lem="hacer" lss="A21.transitive-agentive-patient" mood="participle" num="s" pos="vmp00sm" postype="main" wd="hecho"/>
          </grup.verb>
          <sn arg="arg0" entity="entity11" entityref="ne" func="suj" ne="organization" tem="agt">
            <spec gen="m" num="s">
              <d gen="m" lem="el" num="s" pos="da0ms0" postype="article" wd="el"/>
            </spec>
            <grup.nom gen="m" num="s">
              <n lem="Gobierno" ne="organization" pos="np00000" postype="proper" wd="Gobierno"/>
              <sp>
                <prep>
                  <s lem="de" pos="sps00" postype="preposition" wd="de"/>
                </prep>
                <sn entityref="ne" ne="location">
                  <grup.nom>
                    <n lem="España" ne="location" pos="np00000" postype="proper" sense="16:06581760" wd="España"/>
                  </grup.nom>
                </sn>
              </sp>
            </grup.nom>
          </sn>
          <f lem="," pos="fc" punct="comma" wd=","/>
        </S>
        <sn arg="arg0" entity="entity15" entityref="nne" func="suj" tem="agt">
          <spec gen="m" num="s">
            <d gen="m" lem="el" num="s" pos="da0ms0" postype="article" wd="el"/>
            <n gen="m" lem="resto" num="s" pos="ncms000" postype="common" sense="16:09947291" wd="resto"/>
            <s lem="de" pos="sps00" postype="preposition" wd="de"/>
            <d gen="f" lem="el" num="p" pos="da0fp0" postype="article" wd="las"/>
          </spec>
          <grup.nom gen="f" num="p">
            <n gen="f" lem="administración" lexicalid="noun.administración.1.default" num="p" origin="deverbal" pos="ncfp000" postype="common" sense="16:06188759" wd="administraciones"/>
          </grup.nom>
        </sn>
        <morfema.pronominal>
          <p gen="c" lem="él" num="c" person="3" pos="p0300000" wd="se"/>
        </morfema.pronominal>
        <grup.verb>
          <v lem="implicar" lss="A34.ditransitive-patient-theme" mood="subjunctive" num="p" person="3" pos="vmsp3p0" postype="main" tense="present" wd="impliquen"/>
        </grup.verb>
        <sadv arg="argM" func="cc" tem="mnr">
          <grup.adv>
            <r lem="a_fondo" pos="rg" wd="a_fondo"/>
          </grup.adv>
        </sadv>
        <f lem="&quot;" pos="fe" punct="quotation" wd="&quot;"/>
      </S>
    </S>
    <f lem="." pos="fp" punct="period" wd="."/>
  </sentence>
  <sentence id="1">
    <sn arg="arg1" coreftype="ident" entity="entity1" entityref="ne" func="suj" ne="person" tem="tem">
      <grup.nom gen="m" num="s">
        <n lem="Arenas" ne="person" pos="np00000" postype="proper" wd="Arenas"/>
      </grup.nom>
    </sn>
    <morfema.pronominal>
      <p gen="c" lem="él" num="c" person="3" pos="p0300000" wd="se"/>
    </morfema.pronominal>
    <grup.verb>
      <v lem="referir" lss="C21.state-attributive" mood="indicative" num="s" person="3" pos="vmis3s0" postype="main" tense="past" wd="refirió"/>
    </grup.verb>
    <sp arg="argM" func="cc" tem="loc">
      <prep>
        <s lem="en" pos="sps00" postype="preposition" wd="en"/>
      </prep>
      <sn entityref="nne">
        <grup.nom gen="f" num="p">
          <n arg="arg1" gen="f" lem="declaración" lexicalid="noun.declaración.1.default" num="p" origin="deverbal" pos="ncfp000" postype="common" sense="16:05397001" tem="pat" wd="declaraciones"/>
          <sp arg="arg2" func="cn" tem="ben">
            <prep>
              <s lem="a" pos="sps00" postype="preposition" wd="a"/>
            </prep>
            <sn entityref="nne" homophoricDD="yes">
              <spec gen="m" num="p">
                <d gen="m" lem="el" num="p" pos="da0mp0" postype="article" wd="los"/>
              </spec>
              <grup.nom gen="m" num="p">
                <n gen="c" lem="periodista" num="p" pos="nccp000" postype="common" sense="16:07528776" wd="periodistas"/>
              </grup.nom>
            </sn>
          </sp>
        </grup.nom>
      </sn>
    </sp>
    <sp arg="arg2" func="creg" tem="atr">
      <prep>
        <s lem="a" pos="sps00" postype="preposition" wd="a"/>
      </prep>
      <sn coreftype="ident" entity="entity2" entityref="nne" homophoricDD="yes">
        <spec gen="f" num="s">
          <d gen="f" lem="el" num="s" pos="da0fs0" postype="article" wd="la"/>
        </spec>
        <grup.nom gen="f" num="s">
          <n gen="f" lem="decisión" lexicalid="noun.decisión.1.default" num="s" origin="deverbal" pos="ncfs000" postype="common" sense="16:00105760" wd="decisión"/>
          <sp arg="arg0" func="cn" tem="agt">
            <prep>
              <s lem="de" pos="sps00" postype="preposition" wd="de"/>
            </prep>
            <sn entityref="ne" ne="organization">
              <spec gen="f" num="s">
                <d gen="f" lem="el" num="s" pos="da0fs0" postype="article" wd="la"/>
              </spec>
              <grup.nom gen="f" num="s">
                <n lem="Comisión_Delegada_para_Asuntos_Económicos" ne="organization" pos="np00000" postype="proper" wd="Comisión_Delegada_para_Asuntos_Económicos"/>
              </grup.nom>
            </sn>
          </sp>
          <sp arg="arg1" func="cn" tem="pat">
            <prep>
              <s lem="de" pos="sps00" postype="preposition" wd="de"/>
            </prep>
            <S clausetype="completive" impersonal="yes">
              <infinitiu>
                <v lem="conceder" lss="A32.ditransitive-patient-benefactive" mood="infinitive" pos="vmn0000" postype="main" wd="conceder"/>
              </infinitiu>
              <sn arg="arg1" coreftype="ident" entity="entity3" entityref="nne" func="cd" tem="pat">
                <spec gen="m" num="s">
                  <d gen="m" lem="el" num="s" pos="da0ms0" postype="article" wd="el"/>
                </spec>
                <grup.nom gen="m" num="s">
                  <n gen="m" lem="crédito" num="s" pos="ncms000" postype="common" sense="16:09631860" wd="crédito"/>
                </grup.nom>
              </sn>
            </S>
          </sp>
          <S clausetype="relative" func="cn">
            <f lem="," pos="fc" punct="comma" wd=","/>
            <relatiu arg="arg0" coreftype="ident" entity="entity2" entityref="nne" func="suj" tem="agt">
              <p gen="c" lem="que" num="c" pos="pr0cn000" postype="relative" wd="que"/>
            </relatiu>
            <grup.verb>
              <v lem="haber" mood="indicative" num="s" person="3" pos="vaip3s0" postype="auxiliary" tense="present" wd="ha"/>
              <v gen="m" lem="propiciar" lss="A21.transitive-agentive-patient" mood="participle" num="s" pos="vmp00sm" postype="main" wd="propiciado"/>
            </grup.verb>
            <S arg="arg1" clausetype="completive" func="cd" tem="pat">
              <conj conjunctiontype="subordinating">
                <c lem="que" pos="cs" postype="subordinating" wd="que"/>
              </conj>
              <sn arg="arg1" entityref="nne" func="suj" homophoricDD="yes" tem="tem">
                <spec gen="m" num="p">
                  <d gen="m" lem="el" num="p" pos="da0mp0" postype="article" wd="los"/>
                  <d gen="c" lem="seis" num="p" pos="dn0cp0" postype="numeral" wd="seis"/>
                </spec>
                <grup.nom gen="m" num="p">
                  <n gen="m" lem="minero" num="p" pos="ncmp000" postype="common" sense="16:07412036" wd="mineros"/>
                  <S clausetype="participle" impersonal="yes">
                    <participi>
                      <a gen="m" lem="encerrado" lss="B12.unaccusative-passive-ditransitive" num="p" pos="aq0mpp" posfunction="participle" postype="qualificative" wd="encerrados"/>
                    </participi>
                    <sp arg="argM" func="cc" tem="tmp">
                      <prep>
                        <s lem="desde" pos="sps00" postype="preposition" wd="desde"/>
                      </prep>
                      <sn entityref="nne">
                        <v lem="hacer" mood="indicative" num="s" person="3" pos="vmii3s0" postype="main" tense="imperfect" wd="hacía"/>
                        <z lem="21" ne="number" wd="21"/>
                        <n gen="m" lem="día" num="p" pos="ncmp000" postype="common" sense="16:10878116" wd="días"/>
                      </sn>
                    </sp>
                    <sp arg="argM" func="cc" tem="loc">
                      <prep>
                        <s lem="en" pos="sps00" postype="preposition" wd="en"/>
                      </prep>
                      <sn entityref="ne" ne="location">
                        <spec gen="m" num="s">
                          <d gen="m" lem="el" num="s" pos="da0ms0" postype="article" wd="el"/>
                        </spec>
                        <grup.nom gen="m" num="s">
                          <n lem="Pozo_Alfredo" ne="location" pos="np00000" postype="proper" wd="Pozo_Alfredo"/>
                        </grup.nom>
                      </sn>
                    </sp>
                    <sp arg="argM" func="cc" tem="loc">
                      <prep>
                        <s lem="a" pos="sps00" postype="preposition" wd="a"/>
                      </prep>
                      <sn entityref="ne" ne="number">
                        <spec gen="m" num="p">
                          <z lem="500" ne="number" wd="500"/>
                        </spec>
                        <grup.nom gen="m" num="p">
                          <n gen="m" lem="metro" num="p" pos="ncmp000" postype="common" sense="16:09822324" wd="metros"/>
                          <sp>
                            <prep>
                              <s lem="de" pos="sps00" postype="preposition" wd="de"/>
                            </prep>
                            <sn>
                              <grup.nom gen="f" num="s">
                                <n gen="f" lem="profundidad" num="s" pos="ncfs000" postype="common" sense="16:04000219" wd="profundidad"/>
                              </grup.nom>
                            </sn>
                          </sp>
                        </grup.nom>
                      </sn>
                    </sp>
                  </S>
                </grup.nom>
              </sn>
              <grup.verb>
                <v lem="salir" lss="B11.unaccusative-motion" mood="subjunctive" num="p" person="3" pos="vmsi3p0" postype="main" tense="imperfect" wd="salieran"/>
              </grup.verb>
              <sp arg="arg4" func="cc" tem="des">
                <prep>
                  <s lem="a" pos="sps00" postype="preposition" wd="a"/>
                </prep>
                <sn entityref="nne" homophoricDD="yes">
                  <spec gen="f" num="s">
                    <d gen="f" lem="el" num="s" pos="da0fs0" postype="article" wd="la"/>
                  </spec>
                  <grup.nom gen="f" num="s">
                    <n gen="f" lem="superficie" num="s" pos="ncfs000" postype="common" sense="16:06778839" wd="superficie"/>
                  </grup.nom>
                </sn>
              </sp>
              <sn arg="argM" entityref="nne" func="cc" tem="tmp">
                <spec gen="f" num="s">
                  <d gen="f" lem="este" num="s" pos="dd0fs0" postype="demonstrative" wd="esta"/>
                </spec>
                <grup.nom gen="f" num="s">
                  <n gen="f" lem="tarde" num="s" pos="ncfs000" postype="common" sense="16:10885066" wd="tarde"/>
                </grup.nom>
              </sn>
              <sp arg="argM" func="cc" tem="tmp">
                <prep>
                  <s lem="tras" pos="sps00" postype="preposition" wd="tras"/>
                </prep>
                <S clausetype="completive" impersonal="yes">
                  <infinitiu>
                    <v lem="conocer" lss="A21.transitive-agentive-patient" mood="infinitive" pos="vmn0000" postype="main" wd="conocer"/>
                  </infinitiu>
                  <sn arg="arg1" coreftype="ident" entity="entity2" entityref="nne" func="cd" tem="pat">
                    <spec gen="f" num="s">
                      <d gen="f" lem="este" num="s" pos="dd0fs0" postype="demonstrative" wd="esta"/>
                    </spec>
                    <grup.nom gen="f" num="s">
                      <n arg="arg1" gen="f" lem="decisión" lexicalid="noun.decisión.1.default" num="s" origin="deverbal" pos="ncfs000" postype="common" sense="16:00105760" tem="pat" wd="decisión"/>
                    </grup.nom>
                  </sn>
                </S>
              </sp>
            </S>
          </S>
        </grup.nom>
      </sn>
    </sp>
    <f lem="." pos="fp" punct="period" wd="."/>
  </sentence>
  <sentence coord="yes" id="2">
    <S>
      <sn arg="arg0" coreftype="ident" entity="entity1" entityref="ne" func="suj" ne="person" tem="agt">
        <spec gen="m" num="s">
          <d gen="m" lem="el" num="s" pos="da0ms0" postype="article" wd="El"/>
        </spec>
        <grup.nom gen="m" num="s">
          <n gen="m" lem="secretario" num="s" pos="ncms000" postype="common" sense="16:07556911" wd="secretario"/>
          <s.a gen="m" num="s">
            <grup.a gen="m" num="s">
              <a gen="c" lem="general" num="s" pos="aq0cs0" postype="qualificative" wd="general"/>
            </grup.a>
          </s.a>
          <sp>
            <prep>
              <s contracted="yes" gen="m" lem="del" num="s" pos="spcms" postype="preposition" wd="del"/>
            </prep>
            <sn coreftype="ident" entity="entity4" entityref="ne" ne="organization">
              <grup.nom gen="m" num="s">
                <n lem="PP" ne="organization" pos="np00000" postype="proper" sense="16:50001207" wd="PP"/>
              </grup.nom>
            </sn>
          </sp>
        </grup.nom>
      </sn>
      <grup.verb>
        <v lem="expresar" lss="A32.ditransitive-patient-benefactive" mood="indicative" num="s" person="3" pos="vmis3s0" postype="main" tense="past" wd="expresó"/>
      </grup.verb>
      <sn arg="arg1" coreftype="ident" entity="entity5" entityref="nne" func="cd" tem="pat">
        <spec arg="arg1" gen="f" num="s" tem="tem">
          <d coreftype="ident" entity="entity1" entityref="spec" gen="c" lem="su" num="s" person="3" pos="dp3cs0" postype="possessive" wd="su"/>
        </spec>
        <grup.nom gen="f" num="s">
          <f lem="&quot;" pos="fe" punct="quotation" wd="&quot;"/>
          <s.a func="cn" gen="f" num="s">
            <grup.a gen="f" num="s">
              <a gen="c" lem="gran" num="s" pos="aq0cs0" postype="qualificative" wd="gran"/>
            </grup.a>
          </s.a>
          <n gen="f" lem="satisfacción" lexicalid="noun.satisfacción.1.default" num="s" origin="deverbal" pos="ncfs000" postype="common" sense="16:03760132" wd="satisfacción"/>
          <f lem="&quot;" pos="fe" punct="quotation" wd="&quot;"/>
          <sp arg="arg0" func="cn" tem="cau">
            <prep>
              <s lem="por" pos="sps00" postype="preposition" wd="por"/>
            </prep>
            <sn coreftype="ident" entity="entity2" entityref="nne">
              <spec gen="f" num="s">
                <d gen="f" lem="este" num="s" pos="dd0fs0" postype="demonstrative" wd="esta"/>
              </spec>
              <grup.nom gen="f" num="s">
                <n gen="f" lem="noticia" num="s" pos="ncfs000" postype="common" sense="16:cs1" wd="noticia"/>
              </grup.nom>
            </sn>
          </sp>
        </grup.nom>
      </sn>
    </S>
    <conj conjunctiontype="coordinating">
      <c lem="y" pos="cc" postype="coordinating" wd="y"/>
    </conj>
    <S>
      <sn arg="arg0" coreftype="ident" elliptic="yes" entity="entity1" entityref="spec" func="suj" tem="agt"/>
      <grup.verb>
        <v lem="decir" lss="A32.ditransitive-patient-benefactive" mood="indicative" num="s" person="3" pos="vmis3s0" postype="main" tense="past" wd="dijo"/>
      </grup.verb>
      <S arg="arg1" clausetype="completive" func="cd" tem="pat">
        <conj conjunctiontype="subordinating">
          <c lem="que" pos="cs" postype="subordinating" wd="que"/>
        </conj>
        <sn arg="arg1" coreftype="ident" entity="entity2" entityref="nne" func="suj" tem="pat">
          <spec gen="f" num="s">
            <d gen="f" lem="este" num="s" pos="dd0fs0" postype="demonstrative" wd="esta"/>
          </spec>
          <grup.nom gen="f" num="s">
            <n gen="f" lem="resolución" lexicalid="noun.resolución.1.default" num="s" origin="deverbal" pos="ncfs000" postype="common" sense="16:05365792" wd="resolución"/>
          </grup.nom>
        </sn>
        <morfema.pronominal>
          <p gen="c" lem="él" num="c" person="3" pos="p0300000" wd="se"/>
        </morfema.pronominal>
        <grup.verb>
          <v lem="haber" mood="indicative" num="s" person="3" pos="vaip3s0" postype="auxiliary" tense="present" wd="ha"/>
          <v gen="m" lem="producir" lss="B22.unaccusative-passive-transitive" mood="participle" num="s" pos="vmp00sm" postype="main" wd="producido"/>
        </grup.verb>
        <sp arg="argM" func="cc" tem="cau">
          <prep>
            <s lem="gracias_a" pos="sps00" postype="preposition" wd="gracias_a"/>
          </prep>
          <sn entityref="nne" homophoricDD="yes">
            <spec gen="f" num="p">
              <d gen="f" lem="el" num="p" pos="da0fp0" postype="article" wd="las"/>
            </spec>
            <grup.nom gen="f" num="p">
              <n gen="f" lem="gestión" lexicalid="noun.gestión.1.default" num="p" origin="deverbal" pos="ncfp000" postype="common" sense="16:05347846" wd="gestiones"/>
              <S clausetype="participle" func="cn" impersonal="yes">
                <participi>
                  <a gen="f" lem="llevado_a_cabo" lss="B22.unaccusative-passive-transitive" num="p" pos="aq0fpp" posfunction="participle" postype="qualificative" wd="llevadas_a_cabo"/>
                </participi>
                <sp arg="arg0" func="cag" tem="agt">
                  <prep>
                    <s lem="por" pos="sps00" postype="preposition" wd="por"/>
                  </prep>
                  <sn coord="yes">
                    <sn entity="entity7" entityref="ne" ne="person">
                      <spec gen="m" num="s">
                        <d gen="m" lem="el" num="s" pos="da0ms0" postype="article" wd="el"/>
                      </spec>
                      <grup.nom gen="m" num="s">
                        <grup.nom gen="m" num="s">
                          <n gen="m" lem="alcalde" num="s" pos="ncms000" postype="common" sense="16:07401898" wd="alcalde"/>
                          <sp>
                            <prep>
                              <s lem="de" pos="sps00" postype="preposition" wd="de"/>
                            </prep>
                            <sn entity="entity18" entityref="ne" ne="location">
                              <grup.nom>
                                <n lem="Huelva" ne="location" pos="np00000" postype="proper" sense="16:50004903" wd="Huelva"/>
                              </grup.nom>
                            </sn>
                          </sp>
                          <sn corefsubtype="definit" coreftype="pred" entity="entity7" entityref="ne" ne="person">
                            <f lem="," pos="fc" punct="comma" wd=","/>
                            <grup.nom gen="m" num="s">
                              <n lem="Pedro_Rodríguez" ne="person" pos="np00000" postype="proper" wd="Pedro_Rodríguez"/>
                            </grup.nom>
                          </sn>
                        </grup.nom>
                        <sn adjunct="yes" coreftype="ident" entity="entity4" entityref="ne" ne="organization">
                          <grup.nom>
                            <f lem="(" pos="fpa" punct="bracket" punctenclose="open" wd="("/>
                            <n lem="PP" ne="organization" pos="np00000" postype="proper" sense="16:50001207" wd="PP"/>
                            <f lem=")" pos="fpt" punct="bracket" punctenclose="close" wd=")"/>
                          </grup.nom>
                        </sn>
                      </grup.nom>
                    </sn>
                    <f lem=";" pos="fx" punct="semicolon" wd=";"/>
                    <sn entity="entity8" entityref="ne" ne="person">
                      <spec gen="f" num="s">
                        <d gen="f" lem="el" num="s" pos="da0fs0" postype="article" wd="la"/>
                      </spec>
                      <grup.nom gen="f" num="s">
                        <n gen="f" lem="presidenta" num="s" pos="ncfs000" postype="common" sense="16:07496197" wd="presidenta"/>
                        <sp>
                          <prep>
                            <s contracted="yes" gen="m" lem="del" num="s" pos="spcms" postype="preposition" wd="del"/>
                          </prep>
                          <sn entity="entity10" entityref="ne" ne="organization">
                            <grup.nom gen="m" num="s">
                              <n lem="PP" ne="organization" pos="np00000" postype="proper" sense="16:50001207" wd="PP"/>
                              <s.a gen="m" num="s">
                                <grup.a gen="m" num="s">
                                  <a gen="m" lem="andaluz" num="s" pos="aq0ms0" postype="qualificative" wd="andaluz"/>
                                </grup.a>
                              </s.a>
                            </grup.nom>
                          </sn>
                        </sp>
                        <sn corefsubtype="definit" coreftype="pred" entity="entity8" entityref="ne" ne="person">
                          <f lem="," pos="fc" punct="comma" wd=","/>
                          <grup.nom gen="f" num="s">
                            <n lem="Teófila_Martínez" ne="person" pos="np00000" postype="proper" wd="Teófila_Martínez"/>
                          </grup.nom>
                          <f lem="," pos="fc" punct="comma" wd=","/>
                        </sn>
                      </grup.nom>
                    </sn>
                    <conj conjunctiontype="coordinating">
                      <c lem="y" pos="cc" postype="coordinating" wd="y"/>
                    </conj>
                    <sn entity="entity9" entityref="ne" ne="person">
                      <spec gen="m" num="s">
                        <d gen="m" lem="el" num="s" pos="da0ms0" postype="article" wd="el"/>
                      </spec>
                      <grup.nom gen="m" num="s">
                        <n gen="m" lem="secretario" num="s" pos="ncms000" postype="common" sense="16:07556911" wd="secretario"/>
                        <s.a gen="m" num="s">
                          <grup.a gen="m" num="s">
                            <a gen="c" lem="general" num="s" pos="aq0cs0" postype="qualificative" wd="general"/>
                          </grup.a>
                        </s.a>
                        <sp>
                          <prep>
                            <s contracted="yes" gen="m" lem="del" num="s" pos="spcms" postype="preposition" wd="del"/>
                          </prep>
                          <sn coreftype="ident" entity="entity10" entityref="ne" ne="organization">
                            <grup.nom gen="m" num="s">
                              <n lem="PP" ne="organization" pos="np00000" postype="proper" sense="16:50001207" wd="PP-A"/>
                            </grup.nom>
                          </sn>
                        </sp>
                        <sn corefsubtype="definit" coreftype="pred" entity="entity9" entityref="ne" ne="person">
                          <f lem="," pos="fc" punct="comma" wd=","/>
                          <grup.nom gen="m" num="s">
                            <n lem="Antonio_Sanz" ne="person" pos="np00000" postype="proper" wd="Antonio_Sanz"/>
                          </grup.nom>
                        </sn>
                      </grup.nom>
                    </sn>
                  </sn>
                </sp>
              </S>
            </grup.nom>
          </sn>
        </sp>
      </S>
    </S>
    <f lem="." pos="fp" punct="period" wd="."/>
  </sentence>
  <sentence id="3">
    <S arg="arg1" clausetype="completive" func="cd" tem="pat">
      <f lem="&quot;" pos="fe" punct="quotation" wd="&quot;"/>
      <sn arg="arg1" coreftype="ident" elliptic="yes" entity="entity11" entityref="spec" func="suj" tem="tem"/>
      <grup.verb>
        <v lem="llevar" lss="C21.state-attributive" mood="indicative" num="p" person="1" pos="vmii1p0" postype="main" tense="imperfect" wd="Llevábamos"/>
      </grup.verb>
      <sn arg="argM" func="cc" tem="tmp">
        <spec gen="m" num="s">
          <d gen="m" lem="mucho" num="s" pos="di0ms0" postype="indefinite" wd="mucho"/>
        </spec>
        <grup.nom gen="m" num="s">
          <n gen="m" lem="tiempo" num="s" pos="ncms000" postype="common" sense="16:10850147" wd="tiempo"/>
        </grup.nom>
      </sn>
      <S arg="arg2" clausetype="adverbial" func="atr" impersonal="yes" tem="atr">
        <gerundi>
          <v lem="hablar" lss="A21.transitive-agentive-patient" mood="gerund" pos="vmg0000" postype="main" wd="hablando"/>
        </gerundi>
        <sp arg="argM" func="cc" tem="adv">
          <prep>
            <s lem="con" pos="sps00" postype="preposition" wd="con"/>
          </prep>
          <sn entityref="nne" homophoricDD="yes">
            <spec gen="f" num="p">
              <d gen="f" lem="el" num="p" pos="da0fp0" postype="article" wd="las"/>
            </spec>
            <grup.nom gen="f" num="p">
              <n gen="f" lem="administración" lexicalid="noun.administración.1.default" num="p" origin="deverbal" pos="ncfp000" postype="common" sense="16:06188759" wd="administraciones"/>
            </grup.nom>
          </sn>
        </sp>
        <S arg="argM" clausetype="adverbial" coord="yes" func="cc" tem="fin">
          <sp>
            <prep>
              <s lem="para" pos="sps00" postype="preposition" wd="para"/>
            </prep>
            <S clausetype="completive">
              <conj conjunctiontype="subordinating">
                <c lem="que" pos="cs" postype="subordinating" wd="que"/>
              </conj>
              <sn arg="arg1" coreftype="ident" entity="entity2" entityref="nne" func="suj" tem="tem">
                <grup.nom gen="m" num="s">
                  <p gen="c" lem="este" num="s" pos="pd0ns000" postype="demonstrative" wd="esto"/>
                </grup.nom>
              </sn>
              <grup.verb>
                <v lem="ser" lss="C21.state-attributive" mood="subjunctive" num="s" person="3" pos="vssi3s0" postype="semiauxiliary" tense="imperfect" wd="fuera"/>
              </grup.verb>
              <sn arg="arg2" func="atr" tem="atr">
                <spec gen="f" num="s">
                  <d gen="f" lem="uno" num="s" pos="di0fs0" postype="indefinite" wd="una"/>
                </spec>
                <grup.nom gen="f" num="s">
                  <n gen="f" lem="realidad" num="s" pos="ncfs000" postype="common" sense="16:10055422" wd="realidad"/>
                </grup.nom>
              </sn>
            </S>
          </sp>
          <conj conjunctiontype="coordinating">
            <c lem="y" pos="cc" postype="coordinating" wd="y"/>
          </conj>
          <S clausetype="adverbial">
            <conj conjunctiontype="subordinating">
              <c lem="porque" pos="cs" postype="subordinating" wd="porque"/>
            </conj>
            <sn arg="arg1" coreftype="ident" elliptic="yes" entity="entity11" entityref="spec" func="suj" tem="tem"/>
            <sadv arg="argM" func="cc" tem="tmp">
              <grup.adv>
                <r lem="siempre" pos="rg" wd="siempre"/>
              </grup.adv>
            </sadv>
            <morfema.pronominal>
              <p gen="c" lem="yo" num="p" person="1" pos="p010p000" wd="nos"/>
            </morfema.pronominal>
            <grup.verb>
              <v lem="haber" mood="indicative" num="p" person="1" pos="vaip1p0" postype="auxiliary" tense="present" wd="hemos"/>
              <v gen="m" lem="sentir" lss="C21.state-attributive" mood="participle" num="s" pos="vmp00sm" postype="main" wd="sentido"/>
            </grup.verb>
            <sadv arg="argM" func="cc" tem="loc">
              <spec>
                <r lem="extraordinariamente" pos="rg" wd="extraordinariamente"/>
              </spec>
              <grup.adv>
                <r lem="cerca" pos="rg" wd="cerca"/>
                <sp>
                  <prep>
                    <s lem="de" pos="sps00" postype="preposition" wd="de"/>
                  </prep>
                  <sn entity="entity13" entityref="nne" homophoricDD="yes">
                    <spec gen="m" num="p">
                      <d gen="m" lem="el" num="p" pos="da0mp0" postype="article" wd="los"/>
                    </spec>
                    <grup.nom gen="m" num="p">
                      <n gen="m" lem="minero" num="p" pos="ncmp000" postype="common" sense="16:07412036" wd="mineros"/>
                      <sp>
                        <prep>
                          <s lem="de" pos="sps00" postype="preposition" wd="de"/>
                        </prep>
                        <sn entityref="ne" ne="location">
                          <grup.nom>
                            <n lem="Río_Tinto" ne="location" pos="np00000" postype="proper" wd="Río_Tinto"/>
                          </grup.nom>
                        </sn>
                      </sp>
                    </grup.nom>
                  </sn>
                </sp>
              </grup.adv>
            </sadv>
          </S>
        </S>
      </S>
      <f lem="&quot;" pos="fe" punct="quotation" wd="&quot;"/>
      <f lem="," pos="fc" punct="comma" wd=","/>
    </S>
    <grup.verb>
      <v lem="explicar" lss="A32.ditransitive-patient-benefactive" mood="indicative" num="s" person="3" pos="vmis3s0" postype="main" tense="past" wd="explicó"/>
    </grup.verb>
    <sn arg="arg0" coreftype="ident" entity="entity1" entityref="ne" func="suj" ne="person" tem="agt">
      <grup.nom gen="m" num="s">
        <n lem="Arenas" ne="person" pos="np00000" postype="proper" wd="Arenas"/>
        <S clausetype="relative">
          <f lem="," pos="fc" punct="comma" wd=","/>
          <relatiu arg="arg0" coreftype="ident" entity="entity1" entityref="spec" func="suj" tem="agt">
            <p gen="c" lem="quien" num="s" pos="pr0cs000" postype="relative" wd="quien"/>
          </relatiu>
          <grup.verb>
            <v lem="recordar" lss="A21.transitive-agentive-patient" mood="indicative" num="s" person="3" pos="vmis3s0" postype="main" tense="past" wd="recordó"/>
          </grup.verb>
          <S arg="arg1" clausetype="completive" func="cd" tem="pat">
            <conj conjunctiontype="subordinating">
              <c lem="que" pos="cs" postype="subordinating" wd="que"/>
            </conj>
            <sp arg="argM" func="cc" tem="tmp">
              <prep>
                <s lem="en" pos="sps00" postype="preposition" wd="en"/>
              </prep>
              <sn entityref="nne" homophoricDD="yes">
                <spec gen="m" num="s">
                  <d gen="m" lem="el" num="s" pos="da0ms0" postype="article" wd="el"/>
                </spec>
                <grup.nom gen="m" num="s">
                  <n gen="m" lem="pasado" num="s" pos="ncms000" postype="common" sense="16:10849142" wd="pasado"/>
                </grup.nom>
              </sn>
            </sp>
            <sn arg="arg1" coreftype="ident" elliptic="yes" entity="entity1" entityref="spec" func="suj" tem="tem"/>
            <grup.verb>
              <v lem="haber" mood="indicative" num="s" person="3" pos="vaip3s0" postype="auxiliary" tense="present" wd="ha"/>
              <v gen="m" lem="tener" lss="C21.state-attributive" mood="participle" num="s" pos="vmp00sm" postype="main" wd="tenido"/>
            </grup.verb>
            <sn arg="arg2" coord="yes" func="cd" functype="quantitative" tem="atr">
              <sn coord="yes">
                <f lem="&quot;" pos="fe" punct="quotation" wd="&quot;"/>
                <sn entityref="nne" homophoricDD="yes">
                  <spec gen="m" num="s">
                    <d gen="m" lem="el" num="s" pos="da0ms0" postype="article" wd="el"/>
                  </spec>
                  <grup.nom gen="m" num="s">
                    <n gen="m" lem="honor" num="s" pos="ncms000" postype="common" sense="16:10357889" wd="honor"/>
                  </grup.nom>
                </sn>
                <conj conjunctiontype="coordinating">
                  <c lem="y" pos="cc" postype="coordinating" wd="y"/>
                </conj>
                <sn entityref="nne" homophoricDD="yes">
                  <spec gen="f" num="s">
                    <d gen="f" lem="el" num="s" pos="da0fs0" postype="article" wd="la"/>
                  </spec>
                  <grup.nom gen="f" num="s">
                    <n gen="f" lem="satisfacción" lexicalid="noun.satisfacción.1.default" num="s" origin="deverbal" pos="ncfs000" postype="common" sense="16:03760132" wd="satisfacción"/>
                  </grup.nom>
                </sn>
              </sn>
              <sp adjunct="yes">
                <f lem="&quot;" pos="fe" punct="quotation" wd="&quot;"/>
                <prep>
                  <s lem="de" pos="sps00" postype="preposition" wd="de"/>
                </prep>
                <S clausetype="completive" impersonal="yes">
                  <infinitiu>
                    <v lem="acompañar" lss="A21.transitive-agentive-patient" mood="infinitive" pos="vmn0000" postype="main" wd="acompañar"/>
                  </infinitiu>
                  <sp arg="arg1" func="cd" tem="pat">
                    <prep>
                      <s lem="a" pos="sps00" postype="preposition" wd="a"/>
                    </prep>
                    <sn coreftype="ident" entity="entity13" entityref="nne" homophoricDD="yes">
                      <spec gen="m" num="p">
                        <d gen="m" lem="el" num="p" pos="da0mp0" postype="article" wd="los"/>
                      </spec>
                      <grup.nom gen="m" num="p">
                        <n gen="m" lem="trabajador" num="p" pos="ncmp000" postype="common" sense="16:07240707" wd="trabajadores"/>
                        <sp>
                          <prep>
                            <s lem="de" pos="sps00" postype="preposition" wd="de"/>
                          </prep>
                          <sn coreftype="ident" entity="entity12" entityref="spec">
                            <spec gen="f" num="s">
                              <d gen="f" lem="el" num="s" pos="da0fs0" postype="article" wd="la"/>
                            </spec>
                            <grup.nom gen="f" num="s">
                              <n gen="f" lem="mina" num="s" pos="ncfs000" postype="common" sense="16:03001546" wd="mina"/>
                            </grup.nom>
                          </sn>
                        </sp>
                      </grup.nom>
                    </sn>
                  </sp>
                </S>
              </sp>
            </sn>
          </S>
        </S>
      </grup.nom>
    </sn>
    <f lem="." pos="fp" punct="period" wd="."/>
  </sentence>
  <sentence coord="yes" id="4">
    <S>
      <sn arg="arg0" coreftype="ident" elliptic="yes" entity="entity1" entityref="spec" func="suj" tem="agt"/>
      <grup.verb>
        <v lem="señalar" lss="A31.ditransitive-patient-locative" mood="indicative" num="s" person="3" pos="vmis3s0" postype="main" tense="past" wd="Señaló"/>
      </grup.verb>
      <S arg="arg1" clausetype="completive" func="cd" tem="pat">
        <conj conjunctiontype="subordinating">
          <c lem="que" pos="cs" postype="subordinating" wd="que"/>
        </conj>
        <sn arg="arg1" coreftype="ident" elliptic="yes" entity="entity1" entityref="spec" func="suj" tem="tem"/>
        <grup.verb>
          <v lem="tener" lss="C21.state-attributive" mood="indicative" num="s" person="3" pos="vmip3s0" postype="main" tense="present" wd="tiene"/>
        </grup.verb>
        <sn arg="arg2" entityref="nne" func="cd" functype="quantitative" homophoricDD="yes" tem="atr">
          <spec gen="f" num="s">
            <d gen="f" lem="el" num="s" pos="da0fs0" postype="article" wd="la"/>
          </spec>
          <grup.nom gen="f" num="s">
            <n gen="f" lem="esperanza" lexicalid="noun.esperanza.1.default" num="s" origin="deverbal" pos="ncfs000" postype="common" sense="16:05605928" wd="esperanza"/>
            <sp arg="arg1" func="cn" tem="pat">
              <prep>
                <s lem="de" pos="sps00" postype="preposition" wd="de"/>
              </prep>
              <S clausetype="completive">
                <conj conjunctiontype="subordinating">
                  <c lem="que" pos="cs" postype="subordinating" wd="que"/>
                </conj>
                <sn arg="arg1" coreftype="ident" entity="entity3" entityref="nne" func="suj" tem="tem">
                  <spec gen="m" num="s">
                    <d gen="m" lem="este" num="s" pos="dd0ms0" postype="demonstrative" wd="este"/>
                  </spec>
                  <grup.nom gen="m" num="s">
                    <n gen="m" lem="crédito" num="s" pos="ncms000" postype="common" sense="16:09631860" wd="crédito"/>
                  </grup.nom>
                </sn>
                <grup.verb>
                  <v lem="servir" lss="C41.state-benefactive" mood="subjunctive" num="s" person="3" pos="vmsp3s0" postype="main" tense="present" wd="sirva"/>
                </grup.verb>
                <sp arg="arg3" func="creg" tem="fin">
                  <prep>
                    <s lem="para" pos="sps00" postype="preposition" wd="para"/>
                  </prep>
                  <S clausetype="completive" impersonal="yes">
                    <infinitiu>
                      <v lem="solucionar" lss="A21.transitive-agentive-patient" mood="infinitive" pos="vmn0000" postype="main" wd="solucionar"/>
                    </infinitiu>
                    <sn arg="arg1" entityref="nne" func="cd" tem="pat">
                      <spec gen="m" num="s">
                        <d gen="m" lem="el" num="s" pos="da0ms0" postype="article" wd="el"/>
                      </spec>
                      <grup.nom gen="m" num="s">
                        <n gen="m" lem="problema" num="s" pos="ncms000" postype="common" sense="16:10339059" wd="problema"/>
                      </grup.nom>
                    </sn>
                  </S>
                </sp>
              </S>
            </sp>
          </grup.nom>
        </sn>
      </S>
      <S clausesubtype="concessive" clausetype="adverbial" func="ao">
        <f lem="," pos="fc" punct="comma" wd=","/>
        <conj conjunctiontype="subordinating">
          <c lem="aunque" pos="cs" postype="subordinating" wd="aunque"/>
        </conj>
        <sn arg="arg0" coreftype="ident" elliptic="yes" entity="entity1" entityref="spec" func="suj" tem="agt"/>
        <grup.verb>
          <v lem="precisar" lss="A21.transitive-agentive-patient" mood="indicative" num="s" person="3" pos="vmis3s0" postype="main" tense="past" wd="precisó"/>
        </grup.verb>
        <S arg="arg1" clausetype="completive" func="cd" tem="pat">
          <conj conjunctiontype="subordinating">
            <c lem="que" pos="cs" postype="subordinating" wd="que"/>
          </conj>
          <grup.verb>
            <v lem="existir" lss="C11.state-existential" mood="indicative" num="p" person="3" pos="vmip3p0" postype="main" tense="present" wd="existen"/>
          </grup.verb>
          <sn arg="arg1" entity="entity14" entityref="nne" func="suj" tem="tem">
            <grup.nom gen="f" num="p">
              <f lem="&quot;" pos="fe" punct="quotation" wd="&quot;"/>
              <n gen="f" lem="circunstancia" num="p" pos="ncfp000" postype="common" sense="16:10409482" wd="circunstancias"/>
              <s.a gen="f" num="p">
                <grup.a gen="f" num="p">
                  <a gen="f" lem="externo" num="p" pos="aq0fp0" postype="qualificative" wd="externas"/>
                </grup.a>
              </s.a>
              <f lem="&quot;" pos="fe" punct="quotation" wd="&quot;"/>
              <S clausetype="relative">
                <relatiu arg="arg0" coreftype="ident" entity="entity14" entityref="nne" func="suj" tem="agt">
                  <p gen="c" lem="que" num="c" pos="pr0cn000" postype="relative" wd="que"/>
                </relatiu>
                <grup.verb>
                  <v lem="condicionar" lss="A34.ditransitive-patient-theme" mood="indicative" num="p" person="3" pos="vmip3p0" postype="main" tense="present" wd="condicionan"/>
                </grup.verb>
                <sn arg="arg1" entityref="nne" func="cd" homophoricDD="yes" tem="pat">
                  <spec gen="f" num="s">
                    <d gen="f" lem="el" num="s" pos="da0fs0" postype="article" wd="la"/>
                  </spec>
                  <grup.nom gen="f" num="s">
                    <n gen="f" lem="actividad" num="s" pos="ncfs000" postype="common" sense="16:00261466" wd="actividad"/>
                    <s.a gen="f" num="s">
                      <grup.a gen="f" num="s">
                        <a gen="f" lem="minero" num="s" pos="aq0fs0" postype="qualificative" wd="minera"/>
                      </grup.a>
                    </s.a>
                    <sp>
                      <prep>
                        <s lem="en" pos="sps00" postype="preposition" wd="en"/>
                      </prep>
                      <sn coreftype="ident" entity="entity18" entityref="ne" ne="location">
                        <grup.nom>
                          <n lem="Huelva" ne="location" pos="np00000" postype="proper" sense="16:50004903" wd="Huelva"/>
                        </grup.nom>
                      </sn>
                    </sp>
                  </grup.nom>
                </sn>
              </S>
            </grup.nom>
          </sn>
        </S>
      </S>
    </S>
    <conj conjunctiontype="coordinating">
      <c lem="y" pos="cc" postype="coordinating" wd="y"/>
    </conj>
    <S>
      <sn arg="arg0" coreftype="ident" elliptic="yes" entity="entity1" entityref="spec" func="suj" tem="agt"/>
      <grup.verb>
        <v lem="decir" lss="A32.ditransitive-patient-benefactive" mood="indicative" num="s" person="3" pos="vmis3s0" postype="main" tense="past" wd="dijo"/>
      </grup.verb>
      <S arg="arg1" clausetype="completive" func="cd" tem="pat">
        <conj conjunctiontype="subordinating">
          <c lem="que" pos="cs" postype="subordinating" wd="que"/>
        </conj>
        <sn arg="arg0" coreftype="ident" entity="entity15" entityref="nne" func="suj" tem="agt">
          <spec gen="f" num="p">
            <d gen="m" lem="el" num="s" pos="da0ms0" postype="article" wd="el"/>
            <n gen="m" lem="resto" num="s" pos="ncms000" postype="common" sense="16:09947291" wd="resto"/>
            <s lem="de" pos="sps00" postype="preposition" wd="de"/>
            <d gen="f" lem="el" num="p" pos="da0fp0" postype="article" wd="las"/>
          </spec>
          <grup.nom gen="f" num="p">
            <n gen="f" lem="administración" lexicalid="noun.administración.1.default" num="p" origin="deverbal" pos="ncfp000" postype="common" sense="16:06188759" wd="administraciones"/>
          </grup.nom>
        </sn>
        <morfema.pronominal>
          <p gen="c" lem="él" num="c" person="3" pos="p0300000" wd="se"/>
        </morfema.pronominal>
        <grup.verb>
          <v lem="deber" mood="indicative" num="p" person="3" pos="vmip3p0" postype="main" tense="present" wd="deben"/>
          <infinitiu entity="entity19">
            <v lem="implicar" lss="A34.ditransitive-patient-theme" mood="infinitive" pos="vmn0000" postype="main" wd="implicar"/>
          </infinitiu>
        </grup.verb>
        <sp arg="argM" func="cc" tem="adv">
          <prep>
            <s lem="de" pos="sps00" postype="preposition" wd="de"/>
          </prep>
          <sn entity="entity16" entityref="nne">
            <spec gen="f" num="s">
              <d gen="f" lem="el" num="s" pos="da0fs0" postype="article" wd="la"/>
              <d gen="f" lem="mismo" num="s" pos="di0fs0" postype="indefinite" wd="misma"/>
            </spec>
            <grup.nom gen="f" num="s">
              <n gen="f" lem="forma" num="s" pos="ncfs000" postype="common" sense="16:03856995" wd="forma"/>
              <S clausetype="relative">
                <relatiu arg="argM" coreftype="ident" entity="entity16" entityref="nne" func="cc" tem="mnr">
                  <p gen="c" lem="que" num="c" pos="pr0cn000" postype="relative" wd="que"/>
                </relatiu>
                <sn arg="arg1" corefsubtype="type" coreftype="dx" entity="entity19" entityref="nne" func="cd" tem="pat">
                  <grup.nom gen="m" num="s">
                    <p case="accusative" gen="m" lem="él" num="s" person="3" pos="pp3msa00" postype="personal" wd="lo"/>
                  </grup.nom>
                </sn>
                <grup.verb>
                  <v lem="haber" mood="indicative" num="s" person="3" pos="vaip3s0" postype="auxiliary" tense="present" wd="ha"/>
                  <v gen="m" lem="hacer" lss="A21.transitive-agentive-patient" mood="participle" num="s" pos="vmp00sm" postype="main" wd="hecho"/>
                </grup.verb>
                <sn arg="arg0" coreftype="ident" entity="entity11" entityref="ne" func="suj" ne="organization" tem="agt">
                  <spec gen="m" num="s">
                    <d gen="m" lem="el" num="s" pos="da0ms0" postype="article" wd="el"/>
                  </spec>
                  <grup.nom gen="m" num="s">
                    <n lem="Gobierno" ne="organization" pos="np00000" postype="proper" wd="Gobierno"/>
                    <s.a gen="m" num="s">
                      <grup.a gen="m" num="s">
                        <a gen="c" lem="central" num="s" pos="aq0cs0" postype="qualificative" wd="central"/>
                      </grup.a>
                    </s.a>
                  </grup.nom>
                </sn>
              </S>
            </grup.nom>
          </sn>
        </sp>
      </S>
    </S>
    <f lem="." pos="fp" punct="period" wd="."/>
  </sentence>
</article>
