<?xml version="1.0" encoding="UTF-8"?>
<!-- 

  ancora-2.0
       
			Copyright (C) 2007, 2008, 2009, 2010, 2011 UB - CLiC
			Centre de Llenguatge i Computació - Universitat de Barcelona
 
  This file is part of ancora-2.0.
 
  ancora-2.0 is free software and data: you can redistribute it and/or modify
  it under the terms of the GNU General Public License as published
  by the Free Software Foundation, either version 3 of the License,
  or (at your option) any later version.

  ancora-2.0 is distributed in the hope that it will be useful,
  but WITHOUT ANY WARRANTY; without even the implied warranty of
  MERCHANTABILITY or FITNESS FOR A PARTICULAR PURPOSE.  See the
  GNU General Public License for more details.
 
  You should have received a copy of the GNU General Public License
  along with ancora-2.0.  If not, see &lt;http://www.gnu.org/licenses/&gt;.
 
  Check a text in catalan explaining the terms of the license at http://www.softcatala.cat/wiki/GPL3.
  In spanish at http://www.viti.es/gnu/licenses/gpl.html
 

  The following paper must be cited when using this corpus:

 * Taulé, M., M.A. Martí, M. Recasens (2008) 'Ancora: Multilevel Annotated Corpora for Catalan and Spanish',
   Proceedings of 6th International Conference on Language Resources and Evaluation. Marrakesh (Morocco).

  In addition, the following paper must be cited if coreference information (attributes entity, coreftype,
  corefsubtype, homophoricDD or entityref) is used:

 * Recasens, Marta, M. Antònia Martí (2010) ‘AnCora-CO: Coreferentially annotated corpora for Spanish and
   Catalan’. Language Resources and Evaluation, Springer Science.

  Additionally, the following paper must be cited when argumental attributes in "sn" or "grup.nom"
  (attributes func, arg, tem or lexicalid) are used:

 * Peris, Aina, Mariona Taulé, Horacio Rodríguez (2010) ‘Semantic Annotation of Deverbal Nominalizations in the
   Spanish AnCora corpus’. Treebanks and Linguistic Theories (TLT-2010), Estonia.
-->
<article lng="es">
  <sentence>
    <sn arg="arg1" entity="entity1" entityref="ne" func="suj" ne="person" tem="pat">
      <grup.nom gen="m" num="s">
        <n lem="David_Copeland" ne="person" pos="np00000" postype="proper" wd="David_Copeland"/>
        <sn corefsubtype="definit" coreftype="pred" entity="entity1" entityref="ne" ne="person">
          <f lem="," pos="fc" punct="comma" wd=","/>
          <spec gen="m" num="s">
            <d gen="m" lem="el" num="s" pos="da0ms0" postype="article" wd="el"/>
          </spec>
          <grup.nom gen="m" num="s">
            <n gen="c" lem="nazi" num="s" pos="nccs000" postype="common" sense="16:07428898" wd="nazi"/>
            <S clausetype="relative">
              <relatiu arg="arg0" coreftype="ident" entity="entity1" entityref="spec" func="suj" tem="agt">
                <p gen="c" lem="que" num="c" pos="pr0cn000" postype="relative" wd="que"/>
              </relatiu>
              <sn arg="argM" entityref="nne" func="cc" homophoricDD="yes" tem="tmp">
                <spec gen="f" num="s">
                  <d gen="f" lem="el" num="s" pos="da0fs0" postype="article" wd="la"/>
                </spec>
                <grup.nom gen="f" num="s">
                  <S clausetype="participle" impersonal="yes">
                    <participi>
                      <a gen="f" lem="pasado" num="s" pos="aq0fsp" posfunction="participle" postype="qualificative" wd="pasada"/>
                    </participi>
                  </S>
                  <n gen="c" lem="primavera" num="s" pos="nccs000" postype="common" sense="16:10945917" wd="primavera"/>
                </grup.nom>
              </sn>
              <grup.verb>
                <v lem="colocar" lss="A31.ditransitive-patient-locative" mood="indicative" num="s" person="3" pos="vmis3s0" postype="main" tense="past" wd="colocó"/>
              </grup.verb>
              <sn arg="arg1" entityref="nne" func="cd" tem="pat">
                <spec gen="f" num="p">
                  <d gen="c" lem="tres" num="p" pos="dn0cp0" postype="numeral" wd="tres"/>
                </spec>
                <grup.nom gen="f" num="p">
                  <n gen="f" lem="bomba" num="p" pos="ncfp000" postype="common" sense="16:02310834" wd="bombas"/>
                </grup.nom>
              </sn>
              <sp arg="arg2" func="cc" tem="loc">
                <prep>
                  <s lem="en" pos="sps00" postype="preposition" wd="en"/>
                </prep>
                <sn entityref="ne" ne="location">
                  <grup.nom>
                    <n lem="Londres" ne="location" pos="np00000" postype="proper" wd="Londres"/>
                  </grup.nom>
                </sn>
              </sp>
            </S>
          </grup.nom>
          <f lem="," pos="fc" punct="comma" wd=","/>
        </sn>
      </grup.nom>
    </sn>
    <grup.verb>
      <v lem="ser" mood="indicative" num="s" person="3" pos="vsis3s0" postype="semiauxiliary" tense="past" wd="fue"/>
      <v gen="m" lem="condenar" lss="B22.unaccusative-passive-transitive" mood="participle" num="s" pos="vmp00sm" postype="main" wd="condenado"/>
    </grup.verb>
    <sadv arg="argM" func="cc" tem="tmp">
      <grup.adv>
        <r lem="ayer" pos="rg" wd="ayer"/>
      </grup.adv>
    </sadv>
    <sp arg="arg2" func="creg" tem="tem">
      <prep>
        <s lem="a" pos="sps00" postype="preposition" wd="a"/>
      </prep>
      <sn entity="entity10" entityref="nne">
        <spec gen="f" num="p">
          <d gen="c" lem="seis" num="p" pos="dn0cp0" postype="numeral" wd="seis"/>
        </spec>
        <grup.nom gen="f" num="p">
          <n gen="f" lem="pena" num="p" pos="ncfp000" postype="common" sense="16:00751324" wd="penas"/>
          <sp>
            <prep>
              <s lem="de" pos="sps00" postype="preposition" wd="de"/>
            </prep>
            <sn>
              <grup.nom gen="f" num="s">
                <n gen="f" lem="cadena" num="s" pos="ncfs000" postype="common" sense="16:cs3" wd="cadena"/>
                <s.a gen="f" num="s">
                  <grup.a gen="f" num="s">
                    <a gen="f" lem="perpetuo" num="s" pos="aq0fs0" postype="qualificative" wd="perpetua"/>
                  </grup.a>
                </s.a>
              </grup.nom>
            </sn>
          </sp>
        </grup.nom>
      </sn>
    </sp>
    <f lem="." pos="fp" punct="period" wd="."/>
  </sentence>
  <sentence coord="yes">
    <S>
      <sn arg="arg0" entity="entity2" entityref="nne" func="suj" homophoricDD="yes" tem="cau">
        <spec gen="f" num="p">
          <d gen="f" lem="el" num="p" pos="da0fp0" postype="article" wd="Las"/>
        </spec>
        <grup.nom gen="f" num="p">
          <n gen="f" lem="explosión" lexicalid="noun.explosión.1.default" num="p" origin="deverbal" pos="ncfp000" postype="common" sense="16:00242644" wd="explosiones"/>
        </grup.nom>
      </sn>
      <grup.verb>
        <v lem="causar" lss="A11.transitive-causative" mood="indicative" num="p" person="3" pos="vmis3p0" postype="main" tense="past" wd="causaron"/>
      </grup.verb>
      <sn arg="arg1" entityref="nne" func="cd" homophoricDD="yes" tem="tem">
        <spec gen="f" num="s">
          <d gen="f" lem="el" num="s" pos="da0fs0" postype="article" wd="la"/>
        </spec>
        <grup.nom gen="f" num="s">
          <n gen="f" lem="muerte" lexicalid="noun.muerte.3.default" num="s" origin="deverbal" pos="ncfs000" postype="common" sense="16:07788946" wd="muerte"/>
          <sp arg="arg1" func="cn" tem="tem">
            <prep>
              <s lem="de" pos="sps00" postype="preposition" wd="de"/>
            </prep>
            <sn entityref="nne">
              <spec gen="f" num="p">
                <d gen="c" lem="tres" num="p" pos="dn0cp0" postype="numeral" wd="tres"/>
              </spec>
              <grup.nom gen="f" num="p">
                <n gen="f" lem="persona" num="p" pos="ncfp000" postype="common" sense="16:00004123" wd="personas"/>
                <sn coord="yes">
                  <f lem="(" pos="fpa" punct="bracket" punctenclose="open" wd="("/>
                  <sn>
                    <spec gen="f" num="s">
                      <d gen="f" lem="uno" num="s" pos="di0fs0" postype="indefinite" wd="una"/>
                    </spec>
                    <grup.nom gen="f" num="s">
                      <n gen="f" lem="mujer" num="s" pos="ncfs000" postype="common" sense="16:07684780" wd="mujer"/>
                      <S clausetype="participle" impersonal="yes">
                        <participi>
                          <a gen="f" lem="embarazado" num="s" pos="aq0fsp" posfunction="participle" postype="qualificative" wd="embarazada"/>
                        </participi>
                      </S>
                    </grup.nom>
                  </sn>
                  <conj conjunctiontype="coordinating">
                    <c lem="y" pos="cc" postype="coordinating" wd="y"/>
                  </conj>
                  <sn>
                    <spec gen="m" num="p">
                      <d gen="c" lem="dos" num="p" pos="dn0cp0" postype="numeral" wd="dos"/>
                    </spec>
                    <grup.nom gen="m" num="p">
                      <n gen="m" lem="hombre" num="p" pos="ncmp000" postype="common" sense="16:07391044" wd="hombres"/>
                    </grup.nom>
                  </sn>
                  <f lem=")" pos="fpt" punct="bracket" punctenclose="close" wd=")"/>
                </sn>
              </grup.nom>
            </sn>
          </sp>
        </grup.nom>
      </sn>
    </S>
    <conj conjunctiontype="coordinating">
      <c lem="y" pos="cc" postype="coordinating" wd="y"/>
    </conj>
    <S>
      <sn arg="arg0" coreftype="ident" elliptic="yes" entity="entity2" entityref="nne" func="suj" tem="cau"/>
      <grup.verb>
        <v lem="provocar" lss="A11.transitive-causative" mood="indicative" num="p" person="3" pos="vmis3p0" postype="main" tense="past" wd="provocaron"/>
      </grup.verb>
      <sn arg="arg1" entity="entity9" entityref="nne" func="cd" tem="tem">
        <spec gen="m" num="s">
          <d gen="m" lem="uno" num="s" pos="di0ms0" postype="indefinite" wd="un"/>
        </spec>
        <grup.nom gen="m" num="s">
          <n gen="m" lem="centenar" num="s" pos="ncms000" postype="common" sense="16:09901877" wd="centenar"/>
          <sp>
            <prep>
              <s lem="de" pos="sps00" postype="preposition" wd="de"/>
            </prep>
            <sn>
              <grup.nom gen="m" num="p">
                <n gen="m" lem="herido" num="p" pos="ncmp000" postype="common" sense="16:05962842" wd="heridos"/>
              </grup.nom>
            </sn>
          </sp>
        </grup.nom>
      </sn>
    </S>
    <f lem="." pos="fp" punct="period" wd="."/>
  </sentence>
  <sentence coord="yes">
    <S>
      <sn arg="arg1" entity="entity3" entityref="nne" func="suj" tem="tem">
        <grup.nom gen="m" num="p">
          <p gen="m" lem="alguno" num="p" pos="pi0mp000" postype="indefinite" wd="Algunos"/>
          <sp>
            <prep>
              <s lem="de" pos="sps00" postype="preposition" wd="de"/>
            </prep>
            <sn coreftype="ident" entity="entity9" entityref="nne">
              <grup.nom gen="m" num="p">
                <p gen="m" lem="él" num="p" person="3" pos="pp3mp000" postype="personal" wd="ellos"/>
              </grup.nom>
            </sn>
          </sp>
          <S clausetype="relative" corefsubtype="indefinit" coreftype="pred" entity="entity3">
            <f lem="," pos="fc" punct="comma" wd=","/>
            <relatiu arg="arg1" coreftype="ident" entity="entity3" entityref="nne" func="suj" tem="tem">
              <p gen="c" lem="que" num="c" pos="pr0cn000" postype="relative" wd="que"/>
            </relatiu>
            <grup.verb>
              <v lem="sufrir" lss="C21.state-attributive" mood="indicative" num="p" person="3" pos="vmis3p0" postype="main" tense="past" wd="sufrieron"/>
            </grup.verb>
            <sn arg="arg2" entityref="nne" func="cd" functype="quantitative" homophoricDD="yes" tem="atr">
              <spec gen="f" num="s">
                <d gen="f" lem="el" num="s" pos="da0fs0" postype="article" wd="la"/>
              </spec>
              <grup.nom gen="f" num="s">
                <n gen="f" lem="amputación" lexicalid="noun.amputación.2.default" num="s" origin="deverbal" pos="ncfs000" postype="common" sense="16:10433993" wd="amputación"/>
                <sp arg="arg1" func="cn" tem="pat">
                  <prep>
                    <s lem="de" pos="sps00" postype="preposition" wd="de"/>
                  </prep>
                  <sn complex="yes">
                    <grup.nom coord="yes">
                      <grup.nom gen="m" num="p">
                        <n gen="m" lem="brazo" num="p" pos="ncmp000" postype="common" sense="16:04310435" wd="brazos"/>
                      </grup.nom>
                      <conj conjunctiontype="coordinating">
                        <c lem="y" pos="cc" postype="coordinating" wd="y"/>
                      </conj>
                      <grup.nom gen="f" num="p">
                        <n gen="f" lem="pierna" num="p" pos="ncfp000" postype="common" sense="16:04307856" wd="piernas"/>
                      </grup.nom>
                    </grup.nom>
                  </sn>
                </sp>
              </grup.nom>
            </sn>
            <f lem="," pos="fc" punct="comma" wd=","/>
          </S>
        </grup.nom>
      </sn>
      <grup.verb>
        <v lem="acudir" lss="B22.unaccusative-passive-transitive" mood="indicative" num="p" person="3" pos="vmis3p0" postype="main" tense="past" wd="acudieron"/>
      </grup.verb>
      <sp arg="argM" func="cc" tem="mnr">
        <prep>
          <s lem="en" pos="sps00" postype="preposition" wd="en"/>
        </prep>
        <sn entityref="nne">
          <grup.nom gen="f" num="s">
            <n gen="f" lem="silla" num="s" pos="ncfs000" postype="common" sense="16:02418562" wd="silla"/>
            <sp>
              <prep>
                <s lem="de" pos="sps00" postype="preposition" wd="de"/>
              </prep>
              <sn>
                <grup.nom gen="f" num="p">
                  <n gen="f" lem="rueda" num="p" pos="ncfp000" postype="common" sense="16:03609242" wd="ruedas"/>
                </grup.nom>
              </sn>
            </sp>
          </grup.nom>
        </sn>
      </sp>
      <sp arg="arg2" func="cc" tem="loc">
        <prep>
          <s contracted="yes" gen="m" lem="al" num="s" pos="spcms" postype="preposition" wd="al"/>
        </prep>
        <sn entityref="ne" ne="location">
          <grup.nom gen="m" num="s">
            <n gen="m" lem="tribunal" num="s" pos="ncms000" postype="common" sense="16:06176884" wd="tribunal"/>
            <sp>
              <prep>
                <s contracted="yes" gen="m" lem="del" num="s" pos="spcms" postype="preposition" wd="del"/>
              </prep>
              <sn entityref="ne" ne="location">
                <grup.nom gen="m" num="s">
                  <n lem="Old_Baily" ne="location" pos="np00000" postype="proper" wd="Old_Baily"/>
                </grup.nom>
              </sn>
            </sp>
          </grup.nom>
        </sn>
      </sp>
    </S>
    <conj conjunctiontype="coordinating">
      <c lem="y" pos="cc" postype="coordinating" wd="y"/>
    </conj>
    <S>
      <sn arg="arg0" coreftype="ident" elliptic="yes" entity="entity3" entityref="nne" func="suj" tem="agt"/>
      <grup.verb>
        <v lem="recibir" lss="A21.transitive-agentive-patient" mood="indicative" num="p" person="3" pos="vmis3p0" postype="main" tense="past" wd="recibieron"/>
      </grup.verb>
      <sp arg="argM" func="cc" tem="mnr">
        <prep>
          <s lem="con" pos="sps00" postype="preposition" wd="con"/>
        </prep>
        <sn complex="yes" entityref="nne">
          <grup.nom coord="yes">
            <grup.nom gen="m" num="p">
              <n gen="m" lem="grito" lexicalid="noun.grito.1.default" num="p" origin="deverbal" pos="ncmp000" postype="common" sense="16:05328790" wd="gritos"/>
              <sp arg="argM" func="cn" tem="mnr">
                <prep>
                  <s lem="de" pos="sps00" postype="preposition" wd="de"/>
                </prep>
                <sn>
                  <grup.nom gen="m" num="s">
                    <n gen="m" lem="júbilo" num="s" pos="ncms000" postype="common" sense="16:05596527" wd="júbilo"/>
                  </grup.nom>
                </sn>
              </sp>
            </grup.nom>
            <conj conjunctiontype="coordinating">
              <c lem="y" pos="cc" postype="coordinating" wd="y"/>
            </conj>
            <grup.nom gen="m" num="p">
              <n gen="m" lem="aplauso" lexicalid="noun.aplauso.1.default" num="p" origin="deverbal" pos="ncmp000" postype="common" sense="16:05016983" wd="aplausos"/>
            </grup.nom>
          </grup.nom>
        </sn>
      </sp>
      <sn arg="arg1" coreftype="ident" entity="entity10" entityref="nne" func="cd" tem="pat">
        <spec gen="f" num="s">
          <d gen="f" lem="el" num="s" pos="da0fs0" postype="article" wd="la"/>
        </spec>
        <grup.nom gen="f" num="s">
          <s.a func="cn" gen="f" num="s">
            <grup.a gen="f" num="s">
              <a gen="c" lem="implacable" num="s" pos="aq0cs0" postype="qualificative" wd="implacable"/>
            </grup.a>
          </s.a>
          <n gen="f" lem="sentencia" lexicalid="noun.sentencia.2.default" num="s" origin="deverbal" pos="ncfs000" postype="common" sense="16:04909380" wd="sentencia"/>
        </grup.nom>
      </sn>
    </S>
    <f lem="." pos="fp" punct="period" wd="."/>
  </sentence>
  <sentence coord="yes">
    <S>
      <sn arg="arg0" coreftype="ident" entity="entity1" entityref="ne" func="suj" ne="person" tem="agt">
        <grup.nom gen="m" num="s">
          <n lem="Copeland" ne="person" pos="np00000" postype="proper" wd="Copeland"/>
          <sn corefsubtype="indefinit" coreftype="pred" entity="entity1">
            <f lem="," pos="fc" punct="comma" wd=","/>
            <spec gen="m" num="s">
              <d gen="m" lem="uno" num="s" pos="di0ms0" postype="indefinite" wd="un"/>
            </spec>
            <grup.nom gen="m" num="s">
              <n gen="m" lem="ingeniero" num="s" pos="ncms000" postype="common" sense="16:06945718" wd="ingeniero"/>
              <sp>
                <prep>
                  <s lem="de" pos="sps00" postype="preposition" wd="de"/>
                </prep>
                <sn>
                  <spec gen="m" num="p">
                    <z lem="24" ne="number" wd="24"/>
                  </spec>
                  <grup.nom gen="m" num="p">
                    <n gen="m" lem="año" num="p" pos="ncmp000" postype="common" sense="16:10917509" wd="años"/>
                  </grup.nom>
                </sn>
              </sp>
            </grup.nom>
            <f lem="," pos="fc" punct="comma" wd=","/>
          </sn>
        </grup.nom>
      </sn>
      <grup.verb>
        <v lem="haber" mood="indicative" num="s" person="3" pos="vaii3s0" postype="auxiliary" tense="imperfect" wd="había"/>
        <v gen="m" lem="admitir" lss="A21.transitive-agentive-patient" mood="participle" num="s" pos="vmp00sm" postype="main" wd="admitido"/>
      </grup.verb>
      <S arg="arg1" clausetype="completive" func="cd" impersonal="yes" tem="pat">
        <infinitiu>
          <v lem="ser" lss="C21.state-attributive" mood="infinitive" pos="vsn0000" postype="semiauxiliary" wd="ser"/>
        </infinitiu>
        <sn arg="arg2" corefsubtype="definit" coreftype="pred" entity="entity1" func="atr" tem="atr">
          <spec gen="m" num="s">
            <d gen="m" lem="el" num="s" pos="da0ms0" postype="article" wd="el"/>
          </spec>
          <grup.nom gen="m" num="s">
            <n gen="m" lem="autor" num="s" pos="ncms000" postype="common" sense="16:07288141" wd="autor"/>
            <sp>
              <prep>
                <s lem="de" pos="sps00" postype="preposition" wd="de"/>
              </prep>
              <sn entityref="nne" homophoricDD="yes">
                <spec gen="m" num="p">
                  <d gen="m" lem="el" num="p" pos="da0mp0" postype="article" wd="los"/>
                </spec>
                <grup.nom gen="m" num="p">
                  <n gen="m" lem="atentado" lexicalid="noun.atentado.1.default" num="p" origin="deverbal" pos="ncmp000" postype="common" sense="16:00494444" wd="atentados"/>
                </grup.nom>
              </sn>
            </sp>
          </grup.nom>
        </sn>
      </S>
      <f lem="," pos="fc" punct="comma" wd=","/>
    </S>
    <conj conjunctiontype="coordinating">
      <c lem="pero" pos="cc" postype="coordinating" wd="pero"/>
    </conj>
    <S>
      <sn arg="arg0" coreftype="ident" elliptic="yes" entity="entity1" func="suj" tem="agt"/>
      <grup.verb>
        <v lem="intentar" lss="A21.transitive-agentive-patient" mood="indicative" num="s" person="3" pos="vmis3s0" postype="main" tense="past" wd="intentó"/>
      </grup.verb>
      <S arg="arg1" clausetype="completive" func="cd" impersonal="yes" tem="pat">
        <infinitiu>
          <v lem="conseguir" lss="A21.transitive-agentive-patient" mood="infinitive" pos="vmn0000" postype="main" wd="conseguir"/>
        </infinitiu>
        <sn arg="arg1" entityref="nne" func="cd" tem="pat">
          <spec gen="f" num="s">
            <d gen="f" lem="uno" num="s" pos="di0fs0" postype="indefinite" wd="una"/>
          </spec>
          <grup.nom gen="f" num="s">
            <n gen="f" lem="rebaja" lexicalid="noun.rebaja.1.default" num="s" origin="deverbal" pos="ncfs000" postype="common" sense="16:cs1" wd="rebaja"/>
            <sp arg="arg1" func="cn" tem="tem">
              <prep>
                <s lem="en" pos="sps00" postype="preposition" wd="en"/>
              </prep>
              <sn coreftype="ident" entity="entity10" entityref="nne">
                <spec gen="f" num="s">
                  <d gen="f" lem="el" num="s" pos="da0fs0" postype="article" wd="la"/>
                </spec>
                <grup.nom gen="f" num="s">
                  <n gen="f" lem="pena" num="s" pos="ncfs000" postype="common" sense="16:00751324" wd="pena"/>
                </grup.nom>
              </sn>
            </sp>
          </grup.nom>
        </sn>
        <S arg="argM" clausetype="adverbial" func="cc" impersonal="yes" tem="mnr">
          <gerundi>
            <v lem="alegar" lss="A21.transitive-agentive-patient" mood="gerund" pos="vmg0000" postype="main" wd="alegando"/>
          </gerundi>
          <sn arg="arg1" entity="entity4" entityref="nne" func="cd" tem="pat">
            <spec gen="m" num="s">
              <d gen="m" lem="uno" num="s" pos="di0ms0" postype="indefinite" wd="un"/>
            </spec>
            <grup.nom gen="m" num="s">
              <n gen="m" lem="ataque" lexicalid="noun.ataque.1.default" num="s" origin="deverbal" pos="ncms000" postype="common" sense="16:10134893" wd="ataque"/>
              <sp arg="arg0" func="cn" tem="agt">
                <prep>
                  <s lem="de" pos="sps00" postype="preposition" wd="de"/>
                </prep>
                <sn complex="yes">
                  <grup.nom coord="yes">
                    <grup.nom gen="f" num="s">
                      <n gen="f" lem="paranoia" num="s" pos="ncfs000" postype="common" sense="16:10331029" wd="paranoia"/>
                    </grup.nom>
                    <conj conjunctiontype="coordinating">
                      <c lem="y" pos="cc" postype="coordinating" wd="y"/>
                    </conj>
                    <grup.nom gen="f" num="s">
                      <n gen="f" lem="esquizofrenia" num="s" pos="ncfs000" postype="common" sense="16:10331162" wd="esquizofrenia"/>
                    </grup.nom>
                  </grup.nom>
                </sn>
              </sp>
            </grup.nom>
          </sn>
        </S>
      </S>
    </S>
    <f lem="." pos="fp" punct="period" wd="."/>
  </sentence>
  <sentence coord="yes">
    <S>
      <sn arg="arg0" entity="entity5" entityref="nne" func="suj" homophoricDD="yes" tem="cau">
        <spec gen="m" num="s">
          <d gen="m" lem="el" num="s" pos="da0ms0" postype="article" wd="El"/>
        </spec>
        <grup.nom gen="m" num="s">
          <n gen="m" lem="tribunal" num="s" pos="ncms000" postype="common" sense="16:06176884" wd="tribunal"/>
        </grup.nom>
      </sn>
      <grup.verb>
        <v lem="rechazar" lss="A11.transitive-causative" mood="indicative" num="s" person="3" pos="vmis3s0" postype="main" tense="past" wd="rechazó"/>
      </grup.verb>
      <sn arg="arg1" coreftype="ident" entity="entity4" entityref="nne" func="cd" tem="tem">
        <spec gen="m" num="p">
          <d gen="m" lem="este" num="p" pos="dd0mp0" postype="demonstrative" wd="estos"/>
        </spec>
        <grup.nom gen="m" num="p">
          <n gen="m" lem="argumento" num="p" pos="ncmp000" postype="common" sense="16:05046324" wd="argumentos"/>
        </grup.nom>
      </sn>
    </S>
    <conj conjunctiontype="coordinating">
      <c lem="y" pos="cc" postype="coordinating" wd="y"/>
    </conj>
    <S>
      <sn arg="arg0" coreftype="ident" elliptic="yes" entity="entity5" entityref="nne" func="suj" tem="agt"/>
      <sn arg="arg1" coreftype="ident" entity="entity1" entityref="spec" func="cd" tem="pat">
        <grup.nom num="s">
          <p case="dative" gen="c" lem="él" num="s" person="3" pos="pp3csd00" postype="personal" wd="le"/>
        </grup.nom>
      </sn>
      <grup.verb>
        <v lem="declarar" lss="A21.transitive-agentive-patient" mood="indicative" num="s" person="3" pos="vmis3s0" postype="main" tense="past" wd="declaró"/>
      </grup.verb>
      <sa arg="arg2" func="cpred" predicate="cd" tem="atr">
        <grup.a>
          <a gen="c" lem="culpable" num="s" pos="aq0cs0" postype="qualificative" wd="culpable"/>
          <sp>
            <prep>
              <s lem="de" pos="sps00" postype="preposition" wd="de"/>
            </prep>
            <sn entityref="nne">
              <spec gen="m" num="p">
                <d gen="c" lem="tres" num="p" pos="dn0cp0" postype="numeral" wd="tres"/>
              </spec>
              <grup.nom gen="m" num="p">
                <n gen="m" lem="delito" lexicalid="noun.delito.1.default" num="p" origin="deverbal" pos="ncmp000" postype="common" sense="16:00490590" wd="delitos"/>
                <sp arg="argM" func="cn" tem="mnr">
                  <prep>
                    <s lem="de" pos="sps00" postype="preposition" wd="de"/>
                  </prep>
                  <sn>
                    <grup.nom gen="m" num="s">
                      <n gen="m" lem="asesinato" lexicalid="noun.asesinato.1.default" num="s" origin="deverbal" pos="ncms000" postype="common" sense="16:00143589" wd="asesinato"/>
                    </grup.nom>
                  </sn>
                </sp>
              </grup.nom>
            </sn>
          </sp>
        </grup.a>
      </sa>
    </S>
    <f lem="." pos="fp" punct="period" wd="."/>
  </sentence>
  <sentence>
    <sn arg="arg0" coreftype="ident" entity="entity1" entityref="ne" func="suj" ne="person" tem="agt">
      <grup.nom gen="m" num="s">
        <n lem="Copeland" ne="person" pos="np00000" postype="proper" wd="Copeland"/>
      </grup.nom>
    </sn>
    <grup.verb>
      <v lem="proclamar" lss="A21.transitive-agentive-patient" mood="indicative" num="s" person="3" pos="vmis3s0" postype="main" tense="past" wd="proclamó"/>
    </grup.verb>
    <S arg="arg1" clausetype="completive" func="cd" impersonal="yes" tem="pat">
      <infinitiu>
        <v lem="ser" lss="C21.state-attributive" mood="infinitive" pos="vsn0000" postype="semiauxiliary" wd="ser"/>
      </infinitiu>
      <sn arg="arg2" corefsubtype="indefinit" coreftype="pred" entity="entity6" func="atr" tem="atr">
        <f lem="&quot;" pos="fe" punct="quotation" wd="&quot;"/>
        <spec gen="m" num="s">
          <d gen="m" lem="uno" num="s" pos="di0ms0" postype="indefinite" wd="un"/>
        </spec>
        <grup.nom gen="m" num="s">
          <n gen="c" lem="nazi" num="s" pos="nccs000" postype="common" sense="16:07428898" wd="nazi"/>
          <f lem="&quot;" pos="fe" punct="quotation" wd="&quot;"/>
          <s.a gen="m" num="s">
            <grup.a gen="m" num="s">
              <a gen="c" lem="creyente" num="s" pos="aq0cs0" postype="qualificative" wd="creyente"/>
            </grup.a>
          </s.a>
          <sp>
            <prep>
              <s lem="en" pos="sps00" postype="preposition" wd="en"/>
            </prep>
            <sn entityref="nne" homophoricDD="yes">
              <f lem="&quot;" pos="fe" punct="quotation" wd="&quot;"/>
              <spec gen="f" num="s">
                <d gen="f" lem="el" num="s" pos="da0fs0" postype="article" wd="la"/>
              </spec>
              <grup.nom gen="f" num="s">
                <n gen="f" lem="supremacía" num="s" pos="ncfs000" postype="common" sense="16:10362361" wd="supremacía"/>
                <sp>
                  <prep>
                    <s lem="de" pos="sps00" postype="preposition" wd="de"/>
                  </prep>
                  <sn entityref="nne">
                    <spec gen="f" num="s">
                      <d gen="f" lem="uno" num="s" pos="di0fs0" postype="indefinite" wd="una"/>
                    </spec>
                    <grup.nom gen="f" num="s">
                      <n gen="f" lem="raza" num="s" pos="ncfs000" postype="common" sense="16:03852666" wd="raza"/>
                      <s.a gen="f" num="s">
                        <grup.a gen="f" num="s">
                          <a gen="c" lem="superior" num="s" pos="aq0cs0" postype="qualificative" wd="superior"/>
                        </grup.a>
                      </s.a>
                    </grup.nom>
                  </sn>
                </sp>
              </grup.nom>
              <f lem="&quot;" pos="fe" punct="quotation" wd="&quot;"/>
            </sn>
          </sp>
          <S clausetype="relative">
            <relatiu arg="arg0" coreftype="ident" entity="entity6" entityref="nne" func="suj" tem="agt">
              <p gen="c" lem="que" num="c" pos="pr0cn000" postype="relative" wd="que"/>
            </relatiu>
            <grup.verb>
              <v lem="querer" lss="A21.transitive-agentive-patient" mood="indicative" num="s" person="3" pos="vmii3s0" postype="main" tense="imperfect" wd="quería"/>
            </grup.verb>
            <S arg="arg1" clausetype="completive" func="cd" impersonal="yes" tem="pat">
              <infinitiu>
                <v lem="desencadenar" lss="A11.transitive-causative" mood="infinitive" pos="vmn0000" postype="main" wd="desencadenar"/>
              </infinitiu>
              <sn arg="arg1" entityref="nne" func="cd" tem="tem">
                <spec gen="f" num="s">
                  <d gen="f" lem="uno" num="s" pos="di0fs0" postype="indefinite" wd="una"/>
                </spec>
                <grup.nom gen="f" num="s">
                  <n gen="f" lem="guerra" num="s" pos="ncfs000" postype="common" sense="16:10071856" wd="guerra"/>
                  <s.a gen="f" num="s">
                    <grup.a gen="f" num="s">
                      <a gen="c" lem="racial" num="s" pos="aq0cs0" postype="qualificative" wd="racial"/>
                    </grup.a>
                  </s.a>
                </grup.nom>
              </sn>
              <sp arg="argM" func="cc" tem="loc">
                <prep>
                  <s lem="en" pos="sps00" postype="preposition" wd="en"/>
                </prep>
                <sn entityref="ne" ne="location">
                  <spec gen="m" num="s">
                    <d gen="m" lem="el" num="s" pos="da0ms0" postype="article" wd="el"/>
                  </spec>
                  <grup.nom gen="m" num="s">
                    <n lem="Reino_Unido" ne="location" pos="np00000" postype="proper" wd="Reino_Unido"/>
                  </grup.nom>
                </sn>
              </sp>
            </S>
          </S>
        </grup.nom>
      </sn>
    </S>
    <f lem="." pos="fp" punct="period" wd="."/>
  </sentence>
  <sentence coord="yes">
    <sn adjunct="yes" arg="argM" entityref="ne" func="cc" ne="date" tem="tmp">
      <spec gen="m" num="s">
        <d gen="m" lem="el" num="s" pos="da0ms0" postype="article" wd="El"/>
      </spec>
      <grup.nom gen="m" num="s">
        <S clausetype="participle" impersonal="yes">
          <participi>
            <a gen="m" lem="pasado" num="s" pos="aq0msp" posfunction="participle" postype="qualificative" wd="pasado"/>
          </participi>
        </S>
        <w lem="[??:??/04/??:??.??]" ne="date" wd="abril"/>
      </grup.nom>
    </sn>
    <S coord="yes">
      <S>
        <sn arg="arg0" coreftype="ident" elliptic="yes" entity="entity1" entityref="spec" func="suj" tem="agt"/>
        <grup.verb>
          <v lem="colocar" lss="A31.ditransitive-patient-locative" mood="indicative" num="s" person="3" pos="vmis3s0" postype="main" tense="past" wd="colocó"/>
        </grup.verb>
        <sn arg="arg1" entityref="nne" func="cd" tem="pat">
          <spec gen="f" num="s">
            <d gen="f" lem="uno" num="s" pos="di0fs0" postype="indefinite" wd="una"/>
          </spec>
          <grup.nom gen="f" num="s">
            <n gen="f" lem="bomba" num="s" pos="ncfs000" postype="common" sense="16:02310834" wd="bomba"/>
          </grup.nom>
        </sn>
        <sp arg="arg2" func="cc" tem="loc">
          <prep>
            <s lem="en" pos="sps00" postype="preposition" wd="en"/>
          </prep>
          <sn entity="entity11" entityref="ne" ne="location">
            <grup.nom>
              <n lem="Brixton" ne="location" pos="np00000" postype="proper" wd="Brixton"/>
              <sn corefsubtype="indefinit" coreftype="pred" entity="entity11">
                <f lem="," pos="fc" punct="comma" wd=","/>
                <spec gen="m" num="s">
                  <d gen="m" lem="uno" num="s" pos="di0ms0" postype="indefinite" wd="un"/>
                </spec>
                <grup.nom gen="m" num="s">
                  <n gen="m" lem="barrio" num="s" pos="ncms000" postype="common" sense="16:06293689" wd="barrio"/>
                  <sp>
                    <prep>
                      <s lem="de" pos="sps00" postype="preposition" wd="de"/>
                    </prep>
                    <sn>
                      <grup.nom gen="f" num="s">
                        <n gen="f" lem="mayoría" num="s" pos="ncfs000" postype="common" sense="16:03991218" wd="mayoría"/>
                        <s.a gen="f" num="s">
                          <grup.a gen="f" num="s">
                            <a gen="f" lem="jamaicano" num="s" pos="aq0fs0" postype="qualificative" wd="jamaicana"/>
                          </grup.a>
                        </s.a>
                      </grup.nom>
                    </sn>
                  </sp>
                </grup.nom>
              </sn>
            </grup.nom>
          </sn>
        </sp>
      </S>
      <f lem=";" pos="fx" punct="semicolon" wd=";"/>
      <S verbless="yes">
        <sn entityref="nne">
          <spec gen="m" num="s">
            <d gen="m" lem="uno" num="s" pos="di0ms0" postype="indefinite" wd="un"/>
          </spec>
          <grup.nom gen="m" num="s">
            <s.a gen="m" num="s">
              <grup.a gen="m" num="s">
                <a gen="m" lem="segundo" num="s" pos="ao0ms0" postype="ordinal" wd="segundo"/>
              </grup.a>
            </s.a>
            <n gen="m" lem="artefacto" num="s" pos="ncms000" postype="common" sense="16:00011937" wd="artefacto"/>
          </grup.nom>
        </sn>
        <sp>
          <prep>
            <s lem="en" pos="sps00" postype="preposition" wd="en"/>
          </prep>
          <sn entity="entity7" entityref="ne" ne="location">
            <grup.nom>
              <n lem="Brick_Lane" ne="location" pos="np00000" postype="proper" wd="Brick_Lane"/>
              <S clausetype="relative">
                <f lem="," pos="fc" punct="comma" wd=","/>
                <relatiu arg="arg2" coreftype="ident" entity="entity7" entityref="spec" func="cc" tem="loc">
                  <p gen="c" lem="donde" num="c" pos="pr000000" postype="relative" wd="donde"/>
                </relatiu>
                <grup.verb>
                  <v lem="vivir" lss="C11.state-existential" mood="indicative" num="p" person="3" pos="vmip3p0" postype="main" tense="present" wd="viven"/>
                </grup.verb>
                <sn arg="arg1" entityref="nne" func="suj" tem="tem">
                  <grup.nom gen="m" num="p">
                    <n gen="c" lem="inmigrante" num="p" pos="nccp000" postype="common" sense="16:07334599" wd="inmigrantes"/>
                    <s.a gen="m" num="p">
                      <grup.a gen="m" num="p">
                        <a gen="c" lem="procedente" num="p" pos="aq0cp0" postype="qualificative" wd="procedentes"/>
                        <sp>
                          <prep>
                            <s lem="de" pos="sps00" postype="preposition" wd="de"/>
                          </prep>
                          <sn entityref="ne" ne="location">
                            <grup.nom>
                              <n lem="Bangladesh" ne="location" pos="np00000" postype="proper" wd="Bangladesh"/>
                            </grup.nom>
                          </sn>
                        </sp>
                      </grup.a>
                    </s.a>
                  </grup.nom>
                </sn>
                <f lem="," pos="fc" punct="comma" wd=","/>
              </S>
            </grup.nom>
          </sn>
        </sp>
      </S>
      <conj conjunctiontype="coordinating">
        <c lem="y" pos="cc" postype="coordinating" wd="y"/>
      </conj>
      <S verbless="yes">
        <sn entity="entity8" entityref="nne">
          <spec gen="f" num="s">
            <d gen="f" lem="uno" num="s" pos="di0fs0" postype="indefinite" wd="una"/>
          </spec>
          <grup.nom gen="f" num="s">
            <s.a gen="f" num="s">
              <grup.a gen="f" num="s">
                <a gen="f" lem="tercero" num="s" pos="ao0fs0" postype="ordinal" wd="tercera"/>
              </grup.a>
            </s.a>
            <n gen="f" lem="bomba" num="s" pos="ncfs000" postype="common" sense="16:02310834" wd="bomba"/>
            <S clausetype="relative">
              <f lem="," pos="fc" punct="comma" wd=","/>
              <relatiu arg="arg0" coreftype="ident" entity="entity8" entityref="nne" func="suj" tem="cau">
                <p gen="c" lem="que" num="c" pos="pr0cn000" postype="relative" wd="que"/>
              </relatiu>
              <grup.verb>
                <v lem="causar" lss="A11.transitive-causative" mood="indicative" num="s" person="3" pos="vmis3s0" postype="main" tense="past" wd="causó"/>
              </grup.verb>
              <sn arg="arg1" entityref="nne" func="cd" tem="tem">
                <spec gen="f" num="p">
                  <d gen="c" lem="tres" num="p" pos="dn0cp0" postype="numeral" wd="tres"/>
                </spec>
                <grup.nom gen="f" num="p">
                  <n gen="f" lem="víctima" num="p" pos="ncfp000" postype="common" sense="16:07665319" wd="víctimas"/>
                  <s.a gen="f" num="p">
                    <grup.a gen="f" num="p">
                      <a gen="c" lem="mortal" num="p" pos="aq0cp0" postype="qualificative" wd="mortales"/>
                    </grup.a>
                  </s.a>
                </grup.nom>
              </sn>
              <sp arg="argM" func="cc" tem="loc">
                <f lem="," pos="fc" punct="comma" wd=","/>
                <prep>
                  <s lem="en" pos="sps00" postype="preposition" wd="en"/>
                </prep>
                <sn entityref="nne">
                  <spec gen="m" num="s">
                    <d gen="m" lem="uno" num="s" pos="di0ms0" postype="indefinite" wd="un"/>
                  </spec>
                  <grup.nom gen="m" num="s">
                    <n gen="m" lem="pub" num="s" pos="ncms000" postype="common" sense="16:50004107" wd="pub"/>
                    <S clausetype="participle" impersonal="yes">
                      <participi>
                        <a gen="m" lem="situado" lss="B22.unaccusative-passive-transitive" num="s" pos="aq0msp" posfunction="participle" postype="qualificative" wd="situado"/>
                      </participi>
                      <sp arg="arg2" func="cc" tem="loc">
                        <prep>
                          <s lem="en" pos="sps00" postype="preposition" wd="en"/>
                        </prep>
                        <sn entityref="ne" ne="location">
                          <spec gen="m" num="s">
                            <d gen="m" lem="el" num="s" pos="da0ms0" postype="article" wd="el"/>
                          </spec>
                          <grup.nom gen="m" num="s">
                            <n lem="Soho" ne="location" pos="np00000" postype="proper" wd="Soho"/>
                          </grup.nom>
                        </sn>
                      </sp>
                    </S>
                  </grup.nom>
                </sn>
              </sp>
            </S>
          </grup.nom>
        </sn>
      </S>
    </S>
    <f lem="." pos="fp" punct="period" wd="."/>
  </sentence>
</article>
