<?xml version="1.0" encoding="UTF-8"?>
<!-- 

  ancora-2.0
       
			Copyright (C) 2007, 2008, 2009, 2010, 2011 UB - CLiC
			Centre de Llenguatge i Computació - Universitat de Barcelona
 
  This file is part of ancora-2.0.
 
  ancora-2.0 is free software and data: you can redistribute it and/or modify
  it under the terms of the GNU General Public License as published
  by the Free Software Foundation, either version 3 of the License,
  or (at your option) any later version.

  ancora-2.0 is distributed in the hope that it will be useful,
  but WITHOUT ANY WARRANTY; without even the implied warranty of
  MERCHANTABILITY or FITNESS FOR A PARTICULAR PURPOSE.  See the
  GNU General Public License for more details.
 
  You should have received a copy of the GNU General Public License
  along with ancora-2.0.  If not, see &lt;http://www.gnu.org/licenses/&gt;.
 
  Check a text in catalan explaining the terms of the license at http://www.softcatala.cat/wiki/GPL3.
  In spanish at http://www.viti.es/gnu/licenses/gpl.html
 

  The following paper must be cited when using this corpus:

 * Taulé, M., M.A. Martí, M. Recasens (2008) 'Ancora: Multilevel Annotated Corpora for Catalan and Spanish',
   Proceedings of 6th International Conference on Language Resources and Evaluation. Marrakesh (Morocco).

  In addition, the following paper must be cited if coreference information (attributes entity, coreftype,
  corefsubtype, homophoricDD or entityref) is used:

 * Recasens, Marta, M. Antònia Martí (2010) ‘AnCora-CO: Coreferentially annotated corpora for Spanish and
   Catalan’. Language Resources and Evaluation, Springer Science.

  Additionally, the following paper must be cited when argumental attributes in "sn" or "grup.nom"
  (attributes func, arg, tem or lexicalid) are used:

 * Peris, Aina, Mariona Taulé, Horacio Rodríguez (2010) ‘Semantic Annotation of Deverbal Nominalizations in the
   Spanish AnCora corpus’. Treebanks and Linguistic Theories (TLT-2010), Estonia.
-->
<article lng="es">
  <sentence>
    <sn arg="arg0" entity="entity2" entityref="nne" func="suj" homophoricDD="yes" tem="agt">
      <spec gen="m" num="p">
        <d gen="m" lem="el" num="p" pos="da0mp0" postype="article" wd="Los"/>
      </spec>
      <grup.nom gen="m" num="p">
        <n gen="m" lem="grupo" num="p" pos="ncmp000" postype="common" sense="16:00017954" wd="grupos"/>
        <s.a gen="m" num="p">
          <grup.a gen="m" num="p">
            <a gen="m" lem="satánico" num="p" pos="aq0mp0" postype="qualificative" wd="satánicos"/>
          </grup.a>
        </s.a>
        <s.a gen="m" num="p">
          <grup.a gen="m" num="p">
            <a gen="m" lem="español" num="p" pos="aq0mp0" postype="qualificative" wd="españoles"/>
          </grup.a>
        </s.a>
      </grup.nom>
    </sn>
    <grup.verb>
      <v lem="utilizar" lss="A21.transitive-agentive-patient" mood="indicative" num="p" person="3" pos="vmip3p0" postype="main" tense="present" wd="utilizan"/>
    </grup.verb>
    <sadv arg="argM" func="cc" tem="adv">
      <sn adjunct="yes">
        <spec gen="f" num="s">
          <d gen="c" lem="cada" num="s" pos="di0cs0" postype="indefinite" wd="cada"/>
        </spec>
        <grup.nom gen="f" num="s">
          <n gen="f" lem="vez" num="s" pos="ncfs000" postype="common" sense="16:05449233" wd="vez"/>
        </grup.nom>
      </sn>
      <sadv>
        <grup.adv>
          <r lem="más" pos="rg" wd="más"/>
        </grup.adv>
      </sadv>
    </sadv>
    <sn arg="arg1" entity="entity1" entityref="ne" func="cd" ne="other" tem="pat">
      <grup.nom>
        <n lem="Internet" ne="other" pos="np00000" postype="proper" wd="Internet"/>
      </grup.nom>
    </sn>
    <sp arg="argM" func="cc" tem="fin">
      <prep>
        <s lem="para" pos="sps00" postype="preposition" wd="para"/>
      </prep>
      <S clausetype="completive" impersonal="yes">
        <infinitiu>
          <v lem="difundir" lss="A21.transitive-agentive-patient" mood="infinitive" pos="vmn0000" postype="main" wd="difundir"/>
        </infinitiu>
        <sn arg="arg1" entityref="nne" func="cd" tem="pat">
          <spec gen="m" num="p">
            <d coreftype="ident" entity="entity2" entityref="nne" gen="c" lem="su" num="p" person="3" pos="dp3cp0" postype="possessive" wd="sus"/>
          </spec>
          <grup.nom gen="m" num="p">
            <n gen="m" lem="ideal" num="p" pos="ncmp000" postype="common" sense="16:04548473" wd="ideales"/>
          </grup.nom>
        </sn>
      </S>
    </sp>
    <f lem="." pos="fp" punct="period" wd="."/>
  </sentence>
  <sentence>
    <sp arg="arg2" func="cc" tem="loc">
      <prep>
        <s lem="en" pos="sps00" postype="preposition" wd="En"/>
      </prep>
      <sn coreftype="ident" entity="entity1" entityref="ne" ne="other">
        <spec gen="f" num="s">
          <d gen="f" lem="el" num="s" pos="da0fs0" postype="article" wd="la"/>
        </spec>
        <grup.nom gen="f" num="s">
          <n lem="Red" ne="other" pos="np00000" postype="proper" wd="Red"/>
        </grup.nom>
      </sn>
    </sp>
    <grup.verb>
      <v lem="existir" lss="C11.state-existential" mood="indicative" num="p" person="3" pos="vmip3p0" postype="main" tense="present" wd="existen"/>
    </grup.verb>
    <sn arg="arg1" entity="entity3" entityref="nne" func="suj" tem="tem">
      <grup.nom gen="f" num="p">
        <n gen="f" lem="página" num="p" pos="ncfp000" postype="common" sense="16:cs1" wd="páginas"/>
        <sp>
          <prep>
            <s lem="en" pos="sps00" postype="preposition" wd="en"/>
          </prep>
          <sn>
            <grup.nom gen="m" num="s">
              <n gen="m" lem="castellano" num="s" pos="ncms000" postype="common" sense="16:05224721" wd="castellano"/>
            </grup.nom>
          </sn>
        </sp>
        <S clausetype="participle" impersonal="yes">
          <participi>
            <a gen="f" lem="abierto" lss="B22.unaccusative-passive-transitive" num="p" pos="aq0fpp" posfunction="participle" postype="qualificative" wd="abiertas"/>
          </participi>
          <sp arg="arg0" coord="yes" func="cag" tem="agt">
            <sp>
              <prep>
                <s lem="por" pos="sps00" postype="preposition" wd="por"/>
              </prep>
              <sn entityref="nne">
                <grup.nom gen="m" num="p">
                  <n gen="m" lem="miembro" num="p" pos="ncmp000" postype="common" sense="16:07404067" wd="miembros"/>
                  <sp>
                    <prep>
                      <s lem="de" pos="sps00" postype="preposition" wd="de"/>
                    </prep>
                    <sn coreftype="ident" entity="entity2" entityref="nne">
                      <spec gen="f" num="p">
                        <d gen="f" lem="este" num="p" pos="dd0fp0" postype="demonstrative" wd="estas"/>
                      </spec>
                      <grup.nom gen="f" num="p">
                        <n gen="f" lem="secta" num="p" pos="ncfp000" postype="common" sense="16:06065230" wd="sectas"/>
                      </grup.nom>
                    </sn>
                  </sp>
                </grup.nom>
              </sn>
            </sp>
            <conj conjunctiontype="coordinating">
              <c lem="o" pos="cc" postype="coordinating" wd="o"/>
            </conj>
            <sp>
              <prep>
                <s lem="por" pos="sps00" postype="preposition" wd="por"/>
              </prep>
              <sn coreftype="ident" entity="entity2" entityref="nne">
                <spec gen="f" num="p">
                  <d gen="f" lem="el" num="p" pos="da0fp0" postype="article" wd="las"/>
                  <d gen="f" lem="mismo" num="p" pos="di0fp0" postype="indefinite" wd="mismas"/>
                </spec>
                <grup.nom gen="f" num="p">
                  <n gen="f" lem="hermandad" num="p" pos="ncfp000" postype="common" sense="16:06019148" wd="hermandades"/>
                </grup.nom>
              </sn>
            </sp>
          </sp>
        </S>
      </grup.nom>
    </sn>
    <f lem="." pos="fp" punct="period" wd="."/>
  </sentence>
  <sentence>
    <sp arg="argM" func="cc" tem="loc">
      <prep>
        <s lem="en" pos="sps00" postype="preposition" wd="En"/>
      </prep>
      <sn entityref="nne">
        <grup.nom gen="f" num="p">
          <p gen="f" lem="alguno" num="p" pos="pi0fp000" postype="indefinite" wd="algunas"/>
          <sp>
            <prep>
              <s lem="de" pos="sps00" postype="preposition" wd="de"/>
            </prep>
            <sn coreftype="ident" entity="entity3" entityref="nne">
              <grup.nom gen="f" num="p">
                <p gen="f" lem="él" num="p" person="3" pos="pp3fp000" postype="personal" wd="ellas"/>
              </grup.nom>
            </sn>
          </sp>
        </grup.nom>
      </sn>
    </sp>
    <grup.verb>
      <v lem="poder" mood="indicative" num="p" person="3" pos="vmip3p0" postype="main" tense="present" wd="pueden"/>
      <infinitiu>
        <v lem="encontrar" lss="B22.unaccusative-passive-transitive" mood="infinitive" pos="vmn0000" postype="main" wd="encontrarse"/>
      </infinitiu>
    </grup.verb>
    <sn arg="arg1" coord="yes" func="suj" tem="pat">
      <sn entity="entity4" entityref="nne">
        <grup.nom gen="m" num="p">
          <n gen="m" lem="chat" num="p" pos="ncmp000" postype="common" sense="16:cs2" wd="chats"/>
          <sn entityref="nne">
            <f lem="(" pos="fpa" punct="bracket" punctenclose="open" wd="("/>
            <grup.nom gen="f" num="p">
              <n gen="f" lem="página" num="p" pos="ncfp000" postype="common" sense="16:cs1" wd="páginas"/>
              <sp>
                <prep>
                  <s lem="de" pos="sps00" postype="preposition" wd="de"/>
                </prep>
                <sn>
                  <grup.nom gen="f" num="s">
                    <n gen="f" lem="conversación" lexicalid="noun.conversación.1.default" num="s" origin="deverbal" pos="ncfs000" postype="common" sense="16:05339187" wd="conversación"/>
                  </grup.nom>
                </sn>
              </sp>
            </grup.nom>
            <f lem=")" pos="fpt" punct="bracket" punctenclose="close" wd=")"/>
          </sn>
          <S clausetype="relative">
            <relatiu arg="argM" coreftype="ident" entity="entity4" entityref="nne" func="cc" tem="loc">
              <p gen="c" lem="donde" num="c" pos="pr000000" postype="relative" wd="donde"/>
            </relatiu>
            <sn arg="arg0" entity="entity12" entityref="nne" func="suj" homophoricDD="yes" tem="agt">
              <spec gen="m" num="p">
                <d gen="m" lem="el" num="p" pos="da0mp0" postype="article" wd="los"/>
              </spec>
              <grup.nom gen="m" num="p">
                <n gen="m" lem="adepto" num="p" pos="ncmp000" postype="common" sense="16:07623193" wd="adeptos"/>
              </grup.nom>
            </sn>
            <morfema.pronominal>
              <p gen="c" lem="él" num="c" person="3" pos="p0300000" wd="se"/>
            </morfema.pronominal>
            <grup.verb>
              <v lem="comunicar" lss="A32.ditransitive-patient-benefactive" mood="indicative" num="p" person="3" pos="vmip3p0" postype="main" tense="present" wd="comunican"/>
            </grup.verb>
          </S>
        </grup.nom>
      </sn>
      <conj conjunctiontype="coordinating">
        <c lem="y" pos="cc" postype="coordinating" wd="y"/>
      </conj>
      <sn entity="entity5" entityref="nne">
        <spec gen="m" num="s">
          <d gen="m" lem="uno" num="s" pos="di0ms0" postype="indefinite" wd="un"/>
        </spec>
        <grup.nom gen="m" num="s">
          <n gen="m" lem="tablón" num="s" pos="ncms000" postype="common" sense="16:10836071" wd="tablón"/>
          <S clausetype="relative" impersonal="yes">
            <relatiu arg="argM" coreftype="ident" entity="entity5" entityref="nne" func="cc" tem="loc">
              <p gen="c" lem="donde" num="c" pos="pr000000" postype="relative" wd="donde"/>
            </relatiu>
            <infinitiu>
              <v lem="dejar" lss="A21.transitive-agentive-patient" mood="infinitive" pos="vmn0000" postype="main" wd="dejar"/>
            </infinitiu>
            <sn arg="arg1" entityref="nne" func="cd" tem="pat">
              <grup.nom gen="m" num="p">
                <n gen="m" lem="anuncio" lexicalid="noun.anuncio.1.default" num="p" origin="deverbal" pos="ncmp000" postype="common" sense="16:05411678" wd="anuncios"/>
                <s.a func="cn" gen="m" num="p">
                  <grup.a gen="m" num="p">
                    <a gen="m" lem="diverso" num="p" pos="aq0mp0" postype="qualificative" wd="diversos"/>
                  </grup.a>
                </s.a>
              </grup.nom>
            </sn>
          </S>
        </grup.nom>
      </sn>
    </sn>
    <f lem="." pos="fp" punct="period" wd="."/>
  </sentence>
  <sentence coord="yes">
    <S>
      <interjeccio>
        <i lem="hola" wd="Hola"/>
        <f lem="," pos="fc" punct="comma" wd=","/>
      </interjeccio>
      <sn arg="arg1" entityref="nne" func="suj" tem="tem">
        <spec gen="m" num="s">
          <d entity="entity6" entityref="nne" gen="c" lem="mi" num="s" person="1" pos="dp1css" possessornum="s" postype="possessive" wd="mi"/>
        </spec>
        <grup.nom gen="m" num="s">
          <n gen="m" lem="nombre" num="s" pos="ncms000" postype="common" sense="16:04768298" wd="nombre"/>
        </grup.nom>
      </sn>
      <grup.verb>
        <v lem="ser" lss="C21.state-attributive" mood="indicative" num="s" person="3" pos="vsip3s0" postype="semiauxiliary" tense="present" wd="es"/>
      </grup.verb>
      <f lem="..." pos="fs" punct="etc" wd="..."/>
    </S>
    <f lem="," pos="fc" punct="comma" wd=","/>
    <S>
      <sn arg="arg0" coreftype="ident" elliptic="yes" entity="entity6" entityref="nne" func="suj" tem="agt"/>
      <grup.verb>
        <v lem="querer" lss="A21.transitive-agentive-patient" mood="subjunctive" num="s" person="3" pos="vmsi3s0" postype="main" tense="imperfect" wd="quisiera"/>
      </grup.verb>
      <S arg="arg1" clausetype="completive" func="cd" impersonal="yes" tem="pat">
        <infinitiu>
          <v lem="saber" lss="A22.transitive-agentive-theme" mood="infinitive" pos="vmn0000" postype="main" wd="saber"/>
        </infinitiu>
        <S arg="arg1" clausetype="completive" func="cd" impersonal="yes" tem="pat">
          <sn arg="arg1" func="cd" tem="pat">
            <grup.nom num="s">
              <p gen="c" lem="qué" num="s" pos="pt0cs000" postype="interrogative" wd="qué"/>
            </grup.nom>
          </sn>
          <infinitiu>
            <v lem="hacer" lss="A21.transitive-agentive-patient" mood="infinitive" pos="vmn0000" postype="main" wd="hacer"/>
          </infinitiu>
          <sp arg="argM" func="cc" tem="fin">
            <prep>
              <s lem="para" pos="sps00" postype="preposition" wd="para"/>
            </prep>
            <S clausetype="completive" impersonal="yes">
              <infinitiu>
                <v coreftype="ident" entity="entity6" lem="iniciar" lss="A34.ditransitive-patient-theme" mood="infinitive" pos="vmn0000" postype="main" wd="iniciarme"/>
              </infinitiu>
              <sp arg="arg2" func="creg" tem="tem">
                <prep>
                  <s lem="en" pos="sps00" postype="preposition" wd="en"/>
                </prep>
                <sn entity="entity7" entityref="nne" homophoricDD="yes">
                  <spec gen="m" num="s">
                    <d gen="m" lem="el" num="s" pos="da0ms0" postype="article" wd="el"/>
                  </spec>
                  <grup.nom gen="m" num="s">
                    <n gen="m" lem="satanismo" num="s" pos="ncms000" postype="common" sense="16:04586228" wd="satanismo"/>
                  </grup.nom>
                </sn>
              </sp>
            </S>
          </sp>
        </S>
      </S>
      <S arg="argM" clausetype="adverbial" func="cc" tem="cau">
        <f lem="," pos="fc" punct="comma" wd=","/>
        <conj conjunctiontype="subordinating">
          <c lem="pues" pos="cs" postype="subordinating" wd="pues"/>
        </conj>
        <sn arg="arg1" coreftype="ident" elliptic="yes" entity="entity6" entityref="nne" func="suj" tem="tem"/>
        <grup.verb>
          <v lem="sentir" lss="C21.state-attributive" mood="indicative" num="s" person="1" pos="vmip1s0" postype="main" tense="present" wd="siento"/>
        </grup.verb>
        <S arg="arg2" clausetype="completive" func="cd" functype="quantitative" tem="atr">
          <conj conjunctiontype="subordinating">
            <c lem="que" pos="cs" postype="subordinating" wd="que"/>
          </conj>
          <sn arg="arg0" coreftype="ident" elliptic="yes" entity="entity7" entityref="nne" func="suj" tem="cau"/>
          <sn arg="arg2" coreftype="ident" entity="entity6" entityref="nne" func="ci" tem="ben">
            <grup.nom num="s">
              <p gen="c" lem="yo" num="s" person="1" pos="pp1cs000" postype="personal" wd="me"/>
            </grup.nom>
          </sn>
          <grup.verb>
            <v lem="atraer" lss="A11.transitive-causative" mood="indicative" num="s" person="3" pos="vmip3s0" postype="main" tense="present" wd="atrae"/>
          </grup.verb>
          <sadv arg="argM" func="cc" tem="adv">
            <grup.adv>
              <r lem="poderosamente" pos="rg" wd="poderosamente"/>
            </grup.adv>
          </sadv>
          <sn arg="arg1" entityref="nne" func="cd" homophoricDD="yes" tem="tem">
            <spec gen="f" num="s">
              <d gen="f" lem="el" num="s" pos="da0fs0" postype="article" wd="la"/>
            </spec>
            <grup.nom gen="f" num="s">
              <n gen="f" lem="atención" lexicalid="noun.atención.1.default" num="s" origin="deverbal" pos="ncfs000" postype="common" sense="16:04506619" wd="atención"/>
            </grup.nom>
          </sn>
        </S>
      </S>
    </S>
    <f lem="." pos="fp" punct="period" wd="."/>
  </sentence>
  <sentence coord="yes" entity="entity8">
    <S>
      <sn arg="arg1" coreftype="ident" elliptic="yes" entity="entity6" entityref="nne" func="suj" tem="tem"/>
      <grup.verb>
        <v lem="tener" lss="C21.state-attributive" mood="indicative" num="s" person="1" pos="vmip1s0" postype="main" tense="present" wd="Tengo"/>
      </grup.verb>
      <sn arg="arg2" func="cd" functype="quantitative" tem="atr">
        <spec gen="m" num="p">
          <z lem="14" ne="number" wd="14"/>
        </spec>
        <grup.nom gen="m" num="p">
          <n gen="m" lem="año" num="p" pos="ncmp000" postype="common" sense="16:10917509" wd="años"/>
        </grup.nom>
      </sn>
    </S>
    <f lem="," pos="fc" punct="comma" wd=","/>
    <S>
      <sn arg="arg1" coreftype="ident" elliptic="yes" entity="entity6" entityref="nne" func="suj" tem="tem"/>
      <grup.verb>
        <v lem="vivir" lss="C11.state-existential" mood="indicative" num="s" person="1" pos="vmip1s0" postype="main" tense="present" wd="Vivo"/>
      </grup.verb>
      <sp arg="arg2" func="cc" tem="loc">
        <prep>
          <s lem="en" pos="sps00" postype="preposition" wd="en"/>
        </prep>
        <sn entityref="ne" ne="location">
          <sn entityref="ne" ne="location">
            <grup.nom>
              <n lem="Medellín" ne="location" pos="np00000" postype="proper" wd="Medellín"/>
            </grup.nom>
          </sn>
          <sn adjunct="yes" entityref="ne" ne="location">
            <f lem="," pos="fc" punct="comma" wd=","/>
            <grup.nom>
              <n lem="Colombia" ne="location" pos="np00000" postype="proper" wd="Colombia"/>
            </grup.nom>
          </sn>
        </sn>
      </sp>
    </S>
    <f lem="..." pos="fs" punct="etc" wd="..."/>
    <f lem="." pos="fp" punct="period" wd="."/>
  </sentence>
  <sentence>
    <sn arg="arg1" corefsubtype="prop" coreftype="dx" entity="entity8" entityref="nne" func="suj" tem="tem">
      <grup.nom gen="m" num="s">
        <p gen="m" lem="este" num="s" pos="pd0ms000" postype="demonstrative" wd="Este"/>
      </grup.nom>
    </sn>
    <grup.verb>
      <v lem="ser" lss="C21.state-attributive" mood="indicative" num="s" person="3" pos="vsip3s0" postype="semiauxiliary" tense="present" wd="es"/>
    </grup.verb>
    <sn arg="arg2" corefsubtype="indefinit" coreftype="pred" entity="entity8" func="atr" tem="atr">
      <grup.nom gen="m" num="s">
        <p gen="m" lem="uno" num="s" pos="pi0ms000" postype="indefinite" wd="uno"/>
        <sp>
          <prep>
            <s lem="de" pos="sps00" postype="preposition" wd="de"/>
          </prep>
          <sn entityref="nne" homophoricDD="yes">
            <spec gen="m" num="p">
              <d gen="m" lem="el" num="p" pos="da0mp0" postype="article" wd="los"/>
            </spec>
            <grup.nom gen="m" num="p">
              <n gen="m" lem="mensaje" lexicalid="noun.mensaje.1.default" num="p" origin="deverbal" pos="ncmp000" postype="common" sense="16:04949838" wd="mensajes"/>
            </grup.nom>
          </sn>
        </sp>
        <S clausetype="relative">
          <relatiu arg="arg1" coreftype="ident" entity="entity8" entityref="nne" func="suj" num="p" tem="pat">
            <p gen="c" lem="que" num="c" pos="pr0cn000" postype="relative" wd="que"/>
          </relatiu>
          <morfema.verbal func="pass">
            <p gen="c" lem="se" num="c" pos="p0000000" wd="se"/>
          </morfema.verbal>
          <grup.verb>
            <v lem="leer" lss="B22.unaccusative-passive-transitive" mood="indicative" num="s" person="3" pos="vmip3s0" postype="main" tense="present" wd="lee"/>
          </grup.verb>
          <sp arg="argM" func="cc" tem="loc">
            <prep>
              <s lem="en" pos="sps00" postype="preposition" wd="en"/>
            </prep>
            <sn entityref="nne">
              <grup.nom gen="m" num="s">
                <p gen="m" lem="uno" num="s" pos="pi0ms000" postype="indefinite" wd="uno"/>
                <sp>
                  <prep>
                    <s lem="de" pos="sps00" postype="preposition" wd="de"/>
                  </prep>
                  <sn entityref="nne">
                    <spec gen="m" num="p">
                      <d gen="m" lem="ese" num="p" pos="dd0mp0" postype="demonstrative" wd="esos"/>
                    </spec>
                    <grup.nom gen="m" num="p">
                      <n gen="m" lem="tablero" num="p" pos="ncmp000" postype="common" sense="16:02294665" wd="tableros"/>
                    </grup.nom>
                  </sn>
                </sp>
              </grup.nom>
            </sn>
          </sp>
        </S>
      </grup.nom>
    </sn>
    <f lem="." pos="fp" punct="period" wd="."/>
  </sentence>
  <sentence impersonal="yes">
    <sadv func="mod">
      <grup.adv>
        <r lem="también" pos="rg" wd="También"/>
      </grup.adv>
    </sadv>
    <grup.verb>
      <v lem="haber" lss="C11.state-existential" mood="indicative" num="s" person="3" pos="vaip3s0" postype="auxiliary" tense="present" wd="hay"/>
    </grup.verb>
    <sn arg="arg1" entityref="nne" func="cd" functype="quantitative" tem="tem">
      <grup.nom gen="m" num="p">
        <n gen="m" lem="escrito" num="p" pos="ncmp000" postype="common" sense="16:04797504" wd="escritos"/>
        <sp>
          <prep>
            <s lem="de" pos="sps00" postype="preposition" wd="de"/>
          </prep>
          <sn entityref="nne">
            <grup.nom gen="f" num="p">
              <n gen="f" lem="persona" num="p" pos="ncfp000" postype="common" sense="16:00004123" wd="personas"/>
              <sp>
                <prep>
                  <s lem="de" pos="sps00" postype="preposition" wd="de"/>
                </prep>
                <sn coord="yes">
                  <sn entityref="ne" ne="location">
                    <grup.nom>
                      <n lem="Barcelona" ne="location" pos="np00000" postype="proper" wd="Barcelona"/>
                    </grup.nom>
                  </sn>
                  <f lem="," pos="fc" punct="comma" wd=","/>
                  <sn entityref="ne" ne="location">
                    <grup.nom>
                      <n lem="Girona" ne="location" pos="np00000" postype="proper" wd="Girona"/>
                    </grup.nom>
                  </sn>
                  <conj conjunctiontype="coordinating">
                    <c lem="y" pos="cc" postype="coordinating" wd="y"/>
                  </conj>
                  <sn entityref="nne">
                    <spec gen="m" num="p">
                      <d gen="m" lem="otro" num="p" pos="di0mp0" postype="indefinite" wd="otros"/>
                    </spec>
                    <grup.nom gen="m" num="p">
                      <n gen="m" lem="lugar" num="p" pos="ncmp000" postype="common" sense="16:06381267" wd="lugares"/>
                      <sp>
                        <prep>
                          <s lem="de" pos="sps00" postype="preposition" wd="de"/>
                        </prep>
                        <sn entityref="ne" ne="location">
                          <grup.nom>
                            <n lem="España" ne="location" pos="np00000" postype="proper" wd="España"/>
                          </grup.nom>
                        </sn>
                      </sp>
                    </grup.nom>
                  </sn>
                </sn>
              </sp>
            </grup.nom>
          </sn>
        </sp>
      </grup.nom>
    </sn>
    <f lem="." pos="fp" punct="period" wd="."/>
  </sentence>
  <sentence>
    <sn arg="arg1" entity="entity9" entityref="spec" func="suj" tem="tem">
      <grup.nom gen="f" num="s">
        <p gen="f" lem="uno" num="s" pos="pi0fs000" postype="indefinite" wd="Una"/>
        <sp>
          <prep>
            <s lem="de" pos="sps00" postype="preposition" wd="de"/>
          </prep>
          <sn entityref="nne" homophoricDD="yes">
            <spec gen="f" num="p">
              <d gen="f" lem="el" num="p" pos="da0fp0" postype="article" wd="las"/>
            </spec>
            <grup.nom gen="f" num="p">
              <n gen="f" lem="web" num="p" pos="ncfp000" postype="common" sense="16:cs2" wd="webs"/>
              <S clausetype="participle" impersonal="yes">
                <sadv arg="argM" func="cc" tem="adv">
                  <grup.adv>
                    <r lem="más" pos="rg" wd="más"/>
                  </grup.adv>
                </sadv>
                <participi>
                  <a gen="f" lem="visitado" lss="B22.unaccusative-passive-transitive" num="p" pos="aq0fpp" posfunction="participle" postype="qualificative" wd="visitadas"/>
                </participi>
              </S>
            </grup.nom>
          </sn>
        </sp>
      </grup.nom>
    </sn>
    <grup.verb>
      <v lem="ser" lss="C21.state-attributive" mood="indicative" num="s" person="3" pos="vsip3s0" postype="semiauxiliary" tense="present" wd="es"/>
    </grup.verb>
    <sn arg="arg2" corefsubtype="definit" coreftype="pred" entity="entity9" entityref="ne" func="atr" ne="other" tem="atr">
      <grup.nom>
        <n lem="Aquelarre_Infernal" ne="other" pos="np00000" postype="proper" wd="Aquelarre_Infernal"/>
        <S clausetype="relative">
          <f lem="," pos="fc" punct="comma" wd=","/>
          <relatiu arg="arg1" coreftype="ident" entity="entity9" entityref="spec" func="suj" num="p" tem="pat">
            <p gen="c" lem="que" num="c" pos="pr0cn000" postype="relative" wd="que"/>
          </relatiu>
          <morfema.verbal func="pass">
            <p gen="c" lem="se" num="c" pos="p0000000" wd="se"/>
          </morfema.verbal>
          <grup.verb>
            <v lem="definir" lss="B22.unaccusative-passive-transitive" mood="indicative" num="s" person="3" pos="vmip3s0" postype="main" tense="present" wd="define"/>
          </grup.verb>
          <sp arg="argM" func="cpred" predicate="suj" tem="atr">
            <prep>
              <c lem="como" pos="cs" postype="subordinating" wd="como"/>
            </prep>
            <sn>
              <f lem="&quot;" pos="fe" punct="quotation" wd="&quot;"/>
              <spec gen="m" num="s">
                <d gen="m" lem="uno" num="s" pos="di0ms0" postype="indefinite" wd="un"/>
              </spec>
              <grup.nom gen="m" num="s">
                <n gen="m" lem="punto" num="s" pos="ncms000" postype="common" sense="16:06351684" wd="punto"/>
                <sp>
                  <prep>
                    <s lem="de" pos="sps00" postype="preposition" wd="de"/>
                  </prep>
                  <sn>
                    <grup.nom gen="m" num="s">
                      <n gen="m" lem="encuentro" lexicalid="noun.encuentro.4.default" num="s" origin="deverbal" pos="ncms000" postype="common" sense="16:00799023" wd="encuentro"/>
                    </grup.nom>
                  </sn>
                </sp>
                <sp>
                  <prep>
                    <s lem="para" pos="sps00" postype="preposition" wd="para"/>
                  </prep>
                  <sn entityref="nne" homophoricDD="yes">
                    <spec gen="m" num="p">
                      <d gen="m" lem="el" num="p" pos="da0mp0" postype="article" wd="los"/>
                    </spec>
                    <grup.nom gen="m" num="p">
                      <n gen="c" lem="satanista" num="c" pos="nc00000" postype="common" sense="16:cs2" wd="satanistas"/>
                      <s.a gen="m" num="p">
                        <grup.a gen="m" num="p">
                          <a gen="c" lem="hispanohablante" num="p" pos="aq0cp0" postype="qualificative" wd="hispanohablantes"/>
                        </grup.a>
                      </s.a>
                    </grup.nom>
                  </sn>
                </sp>
              </grup.nom>
              <f lem="&quot;" pos="fe" punct="quotation" wd="&quot;"/>
            </sn>
          </sp>
        </S>
      </grup.nom>
    </sn>
    <f lem="." pos="fp" punct="period" wd="."/>
  </sentence>
  <sentence>
    <sn arg="arg1" coreftype="ident" elliptic="yes" entity="entity9" entityref="spec" func="suj" tem="tem"/>
    <grup.verb>
      <v lem="estar" lss="C21.state-attributive" mood="indicative" num="s" person="3" pos="vmip3s0" postype="main" tense="present" wd="Está"/>
    </grup.verb>
    <S arg="arg2" clausetype="participle" func="atr" impersonal="yes" tem="atr">
      <participi>
        <a gen="f" lem="abierto" lss="B22.unaccusative-passive-transitive" num="s" pos="aq0fsp" posfunction="participle" postype="qualificative" wd="abierta"/>
      </participi>
      <sp arg="arg0" func="cag" tem="agt">
        <prep>
          <s lem="por" pos="sps00" postype="preposition" wd="por"/>
        </prep>
        <sn entityref="nne">
          <spec gen="m" num="s">
            <d gen="m" lem="uno" num="s" pos="di0ms0" postype="indefinite" wd="un"/>
          </spec>
          <grup.nom gen="m" num="s">
            <n gen="m" lem="miembro" num="s" pos="ncms000" postype="common" sense="16:07404067" wd="miembro"/>
            <sp>
              <prep>
                <s lem="de" pos="sps00" postype="preposition" wd="de"/>
              </prep>
              <sn entity="entity15" entityref="ne" ne="organization">
                <spec gen="f" num="s">
                  <d gen="f" lem="el" num="s" pos="da0fs0" postype="article" wd="la"/>
                </spec>
                <grup.nom gen="f" num="s">
                  <n gen="f" lem="organización" lexicalid="noun.organización.1.default" num="s" origin="deverbal" pos="ncfs000" postype="common" sense="16:05997592" wd="organización"/>
                  <sn entityref="ne" func="cn" ne="organization">
                    <grup.nom>
                      <n lem="Church_of_Satan" ne="organization" pos="np00000" postype="proper" wd="Church_of_Satan"/>
                      <sn entityref="ne" ne="organization">
                        <grup.nom>
                          <f lem="(" pos="fpa" punct="bracket" punctenclose="open" wd="("/>
                          <n lem="Iglesia_de_Satán" ne="organization" pos="np00000" postype="proper" wd="Iglesia_de_Satán"/>
                          <f lem=")" pos="fpt" punct="bracket" punctenclose="close" wd=")"/>
                        </grup.nom>
                      </sn>
                    </grup.nom>
                  </sn>
                </grup.nom>
              </sn>
            </sp>
          </grup.nom>
        </sn>
      </sp>
    </S>
    <f lem="." pos="fp" punct="period" wd="."/>
  </sentence>
  <sentence>
    <sp arg="argM" func="cc" tem="loc">
      <prep>
        <s lem="en" pos="sps00" postype="preposition" wd="En"/>
      </prep>
      <sn coreftype="ident" entity="entity9" entityref="spec">
        <spec gen="f" num="s">
          <d gen="f" lem="este" num="s" pos="dd0fs0" postype="demonstrative" wd="esta"/>
        </spec>
        <grup.nom gen="f" num="s">
          <n gen="f" lem="página" num="s" pos="ncfs000" postype="common" sense="16:cs2" wd="página"/>
        </grup.nom>
      </sn>
    </sp>
    <morfema.verbal func="impers">
      <p gen="c" lem="se" num="c" pos="p0000000" wd="se"/>
    </morfema.verbal>
    <grup.verb>
      <v lem="poder" mood="indicative" num="s" person="3" pos="vmip3s0" postype="main" tense="present" wd="puede"/>
      <infinitiu>
        <v lem="enlazar" lss="B22.unaccusative-passive-transitive" mood="infinitive" pos="vmn0000" postype="main" wd="enlazar"/>
      </infinitiu>
    </grup.verb>
    <sadv arg="argM" func="cc" tem="loc">
      <grup.adv>
        <r lem="curiosamente" pos="rg" wd="curiosamente"/>
      </grup.adv>
    </sadv>
    <sp arg="arg2" func="creg" tem="loc">
      <prep>
        <s lem="con" pos="sps00" postype="preposition" wd="con"/>
      </prep>
      <sn entityref="nne">
        <grup.nom gen="m" num="p">
          <n gen="m" lem="link" num="p" pos="ncmp000" postype="common" sense="16:cs2" wd="links"/>
          <sp>
            <prep>
              <s lem="contra" pos="sps00" postype="preposition" wd="contra"/>
            </prep>
            <sn coord="yes">
              <sn entityref="nne" homophoricDD="yes">
                <spec gen="m" num="s">
                  <d gen="m" lem="el" num="s" pos="da0ms0" postype="article" wd="el"/>
                </spec>
                <grup.nom gen="m" num="s">
                  <n gen="m" lem="nazismo" num="s" pos="ncms000" postype="common" sense="16:06193810" wd="nazismo"/>
                </grup.nom>
              </sn>
              <conj conjunctiontype="coordinating">
                <c lem="y" pos="cc" postype="coordinating" wd="y"/>
              </conj>
              <sn entityref="nne" homophoricDD="yes">
                <spec gen="m" num="s">
                  <d gen="m" lem="el" num="s" pos="da0ms0" postype="article" wd="el"/>
                </spec>
                <grup.nom gen="m" num="s">
                  <n gen="m" lem="racismo" num="s" pos="ncms000" postype="common" sense="16:00748682" wd="racismo"/>
                </grup.nom>
              </sn>
            </sn>
          </sp>
        </grup.nom>
      </sn>
    </sp>
    <f lem="." pos="fp" punct="period" wd="."/>
  </sentence>
  <sentence>
    <sn arg="arg1" entity="entity10" entityref="ne" func="suj" ne="other" tem="tem">
      <grup.nom>
        <n lem="Blackefer" ne="other" pos="np00000" postype="proper" wd="Blackefer"/>
      </grup.nom>
    </sn>
    <grup.verb>
      <v lem="llevar" lss="C31.state-scalar" mood="indicative" num="s" person="3" pos="vmip3s0" postype="main" tense="present" wd="lleva"/>
    </grup.verb>
    <sn arg="arg2" func="cd" functype="quantitative" tem="ext">
      <spec gen="m" num="p">
        <d gen="c" lem="tres" num="p" pos="dn0cp0" postype="numeral" wd="tres"/>
      </spec>
      <grup.nom gen="m" num="p">
        <n gen="m" lem="año" num="p" pos="ncmp000" postype="common" sense="16:10917509" wd="años"/>
      </grup.nom>
    </sn>
    <sp arg="argM" func="cc" tem="loc">
      <prep>
        <s lem="en" pos="sps00" postype="preposition" wd="en"/>
      </prep>
      <sn coreftype="ident" entity="entity1" entityref="ne" ne="other">
        <spec gen="f" num="s">
          <d gen="f" lem="el" num="s" pos="da0fs0" postype="article" wd="la"/>
        </spec>
        <grup.nom gen="f" num="s">
          <n lem="Red" ne="other" pos="np00000" postype="proper" wd="Red"/>
        </grup.nom>
      </sn>
    </sp>
    <f lem="." pos="fp" punct="period" wd="."/>
  </sentence>
  <sentence>
    <S arg="arg1" clausetype="completive" func="cd" tem="pat">
      <f lem="&quot;" pos="fe" punct="quotation" wd="&quot;"/>
      <interjeccio>
        <i lem="bienvenido" wd="Bienvenido"/>
        <f lem="," pos="fc" punct="comma" wd=","/>
      </interjeccio>
      <sadv arg="argM" func="cc" tem="loc">
        <grup.adv>
          <r lem="aquí" pos="rg" wd="aquí"/>
        </grup.adv>
      </sadv>
      <sn arg="arg1" coord="yes" func="suj" tem="tem">
        <sn entityref="nne">
          <spec gen="f" num="s">
            <d entity="entity16" entityref="nne" gen="c" lem="tu" num="s" person="2" pos="dp2css" possessornum="s" postype="possessive" wd="tu"/>
          </spec>
          <grup.nom gen="f" num="s">
            <n gen="f" lem="alma" num="s" pos="ncfs000" postype="common" sense="16:07594286" wd="alma"/>
          </grup.nom>
        </sn>
        <conj conjunctiontype="coordinating">
          <c lem="y" pos="cc" postype="coordinating" wd="y"/>
        </conj>
        <sn entityref="nne">
          <spec gen="f" num="s">
            <d coreftype="ident" entity="entity16" entityref="nne" gen="c" lem="tu" num="s" person="2" pos="dp2css" possessornum="s" postype="possessive" wd="tu"/>
          </spec>
          <grup.nom gen="f" num="s">
            <n gen="f" lem="mente" num="s" pos="ncfs000" postype="common" sense="16:04345975" wd="mente"/>
          </grup.nom>
        </sn>
      </sn>
      <grup.verb>
        <v lem="poder" mood="indicative" num="s" person="3" pos="vmip3s0" postype="main" tense="present" wd="puede"/>
        <infinitiu>
          <v lem="abrir" lss="B21.unaccusative-state" mood="infinitive" pos="vmn0000" postype="main" wd="abrirse"/>
        </infinitiu>
      </grup.verb>
      <sp arg="argM" func="cc" tem="adv">
        <prep>
          <s lem="sin" pos="sps00" postype="preposition" wd="sin"/>
        </prep>
        <sn entityref="nne">
          <grup.nom gen="m" num="p">
            <n gen="m" lem="límite" num="p" pos="ncmp000" postype="common" sense="16:03992325" wd="límites"/>
          </grup.nom>
        </sn>
      </sp>
      <f lem="&quot;" pos="fe" punct="quotation" wd="&quot;"/>
      <f lem="," pos="fc" punct="comma" wd=","/>
    </S>
    <grup.verb>
      <v lem="rezar" lss="A21.transitive-agentive-patient" mood="indicative" num="s" person="3" pos="vmip3s0" postype="main" tense="present" wd="reza"/>
    </grup.verb>
    <sn arg="arg0" entityref="nne" func="suj" tem="agt">
      <spec arg="arg1" gen="f" num="s" tem="tem">
        <d coreftype="ident" entity="entity10" entityref="spec" gen="c" lem="su" num="s" person="3" pos="dp3cs0" postype="possessive" wd="su"/>
      </spec>
      <grup.nom gen="f" num="s">
        <n gen="f" lem="entrada" lexicalid="noun.entrada.3.default" num="s" origin="deverbal" pos="ncfs000" postype="common" sense="16:02641840" wd="entrada"/>
      </grup.nom>
    </sn>
    <f lem="." pos="fp" punct="period" wd="."/>
  </sentence>
  <sentence>
    <sp arg="argM" func="cc" tem="loc">
      <prep>
        <s lem="en" pos="sps00" postype="preposition" wd="En"/>
      </prep>
      <sn coreftype="ident" entity="entity10" entityref="spec">
        <spec gen="f" num="s">
          <d gen="f" lem="este" num="s" pos="dd0fs0" postype="demonstrative" wd="esta"/>
        </spec>
        <grup.nom gen="f" num="s">
          <n gen="f" lem="página" num="s" pos="ncfs000" postype="common" sense="16:cs2" wd="página"/>
        </grup.nom>
      </sn>
    </sp>
    <morfema.verbal func="pass">
      <p gen="c" lem="se" num="c" pos="p0000000" wd="se"/>
    </morfema.verbal>
    <grup.verb>
      <v lem="ofrecer" lss="B12.unaccusative-passive-ditransitive" mood="indicative" num="p" person="3" pos="vmip3p0" postype="main" tense="present" wd="ofrecen"/>
    </grup.verb>
    <sn arg="arg1" coord="yes" func="suj" tem="pat">
      <sn entityref="nne">
        <grup.nom gen="m" num="p">
          <n gen="m" lem="texto" num="p" pos="ncmp000" postype="common" sense="16:04799150" wd="textos"/>
          <sp>
            <prep>
              <s lem="sobre" pos="sps00" postype="preposition" wd="sobre"/>
            </prep>
            <sn entityref="nne" homophoricDD="yes">
              <spec gen="m" num="p">
                <d gen="m" lem="el" num="p" pos="da0mp0" postype="article" wd="los"/>
              </spec>
              <grup.nom gen="m" num="p">
                <n gen="m" lem="valor" num="p" pos="ncmp000" postype="common" sense="16:04003291" wd="valores"/>
                <sp>
                  <prep>
                    <s contracted="yes" gen="m" lem="del" num="s" pos="spcms" postype="preposition" wd="del"/>
                  </prep>
                  <sn entityref="nne" homophoricDD="yes">
                    <grup.nom gen="m" num="s">
                      <n gen="c" lem="satanista" num="c" pos="nc00000" postype="common" sense="16:cs2" wd="satanista"/>
                    </grup.nom>
                  </sn>
                </sp>
              </grup.nom>
            </sn>
          </sp>
        </grup.nom>
      </sn>
      <f lem="," pos="fc" punct="comma" wd=","/>
      <sn entityref="nne">
        <grup.nom gen="f" num="p">
          <n gen="f" lem="misa" num="p" pos="ncfp000" postype="common" sense="16:00674047" wd="misas"/>
          <s.a gen="f" num="p">
            <grup.a gen="f" num="p">
              <a gen="f" lem="negro" num="p" pos="aq0fp0" postype="qualificative" wd="negras"/>
            </grup.a>
          </s.a>
          <f lem="," pos="fc" punct="comma" wd=","/>
        </grup.nom>
      </sn>
      <conj conjunctiontype="coordinating">
        <c lem="además_de" pos="cc" postype="coordinating" wd="además_de"/>
      </conj>
      <sn entityref="nne">
        <grup.nom gen="m" num="p">
          <n gen="m" lem="contacto" lexicalid="noun.contacto.2.default" num="p" origin="deverbal" pos="ncmp000" postype="common" sense="16:04734393" wd="contactos"/>
          <sp arg="arg1" func="cn" tem="tem">
            <prep>
              <s lem="con" pos="sps00" postype="preposition" wd="con"/>
            </prep>
            <sn entity="entity11" entityref="nne">
              <grup.nom gen="m" num="p">
                <s.a gen="m" num="p">
                  <grup.a gen="m" num="p">
                    <a gen="m" lem="satánico" num="p" pos="aq0mp0" postype="qualificative" wd="satánicos"/>
                    <sp>
                      <prep>
                        <s lem="de" pos="sps00" postype="preposition" wd="de"/>
                      </prep>
                      <sn entityref="nne">
                        <spec gen="m" num="s">
                          <d gen="m" lem="todo" num="s" pos="di0ms0" postype="indefinite" wd="todo"/>
                          <d gen="m" lem="el" num="s" pos="da0ms0" postype="article" wd="el"/>
                        </spec>
                        <grup.nom gen="m" num="s">
                          <n gen="m" lem="mundo" num="s" pos="ncms000" postype="common" sense="16:06753779" wd="mundo"/>
                        </grup.nom>
                      </sn>
                    </sp>
                  </grup.a>
                </s.a>
              </grup.nom>
            </sn>
          </sp>
          <inc func="cn">
            <S>
              <f lem="(" pos="fpa" punct="bracket" punctenclose="open" wd="("/>
              <sn arg="arg1" entityref="nne" func="suj" tem="tem">
                <grup.nom gen="m" num="s">
                  <p gen="m" lem="uno" num="s" pos="pi0ms000" postype="indefinite" wd="uno"/>
                  <sp>
                    <prep>
                      <s lem="de" pos="sps00" postype="preposition" wd="de"/>
                    </prep>
                    <sn coreftype="ident" entity="entity11" entityref="nne">
                      <grup.nom gen="m" num="p">
                        <p gen="m" lem="él" num="p" person="3" pos="pp3mp000" postype="personal" wd="ellos"/>
                      </grup.nom>
                    </sn>
                  </sp>
                </grup.nom>
              </sn>
              <grup.verb>
                <v lem="ser" lss="C21.state-attributive" mood="indicative" num="s" person="3" pos="vsip3s0" postype="semiauxiliary" tense="present" wd="es"/>
              </grup.verb>
              <sp arg="arg2" func="atr" tem="atr">
                <prep>
                  <s lem="de" pos="sps00" postype="preposition" wd="de"/>
                </prep>
                <sn entityref="ne" ne="location">
                  <grup.nom>
                    <n lem="Catalunya" ne="location" pos="np00000" postype="proper" wd="Catalunya"/>
                  </grup.nom>
                </sn>
              </sp>
              <f lem=")" pos="fpt" punct="bracket" punctenclose="close" wd=")"/>
            </S>
          </inc>
        </grup.nom>
      </sn>
      <conj conjunctiontype="coordinating">
        <c lem="y" pos="cc" postype="coordinating" wd="y"/>
      </conj>
      <sn entityref="nne" homophoricDD="yes">
        <spec gen="m" num="p">
          <d gen="m" lem="el" num="p" pos="da0mp0" postype="article" wd="los"/>
        </spec>
        <grup.nom gen="m" num="p">
          <n gen="m" lem="principio" num="p" pos="ncmp000" postype="common" sense="16:04518763" wd="principios"/>
          <sp>
            <prep>
              <s lem="de" pos="sps00" postype="preposition" wd="de"/>
            </prep>
            <sn coreftype="ident" entity="entity7" entityref="nne">
              <spec gen="m" num="s">
                <d gen="m" lem="este" num="s" pos="dd0ms0" postype="demonstrative" wd="este"/>
              </spec>
              <grup.nom gen="m" num="s">
                <n gen="m" lem="movimiento" lexicalid="noun.movimiento.1.default" num="s" origin="deverbal" pos="ncms000" postype="common" sense="16:06251839" wd="movimiento"/>
              </grup.nom>
            </sn>
          </sp>
        </grup.nom>
      </sn>
    </sn>
    <f lem="." pos="fp" punct="period" wd="."/>
  </sentence>
  <sentence>
    <sp arg="arg2" func="cc" tem="loc">
      <prep>
        <s lem="en" pos="sps00" postype="preposition" wd="En"/>
      </prep>
      <sn coreftype="ident" entity="entity1" entityref="ne" ne="other">
        <grup.nom>
          <n lem="Internet" ne="other" pos="np00000" postype="proper" wd="Internet"/>
        </grup.nom>
      </sn>
    </sp>
    <morfema.verbal func="pass">
      <p gen="c" lem="se" num="c" pos="p0000000" wd="se"/>
    </morfema.verbal>
    <grup.verb>
      <v lem="publicar" lss="B22.unaccusative-passive-transitive" mood="indicative" num="s" person="3" pos="vmip3s0" postype="main" tense="present" wd="publica"/>
    </grup.verb>
    <sn arg="arg1" entity="entity17" entityref="nne" func="suj" tem="pat">
      <spec gen="f" num="s">
        <d gen="f" lem="uno" num="s" pos="di0fs0" postype="indefinite" wd="una"/>
      </spec>
      <grup.nom gen="f" num="s">
        <n gen="f" lem="revista" num="s" pos="ncfs000" postype="common" sense="16:04947827" wd="revista"/>
        <sp>
          <prep>
            <s lem="para" pos="sps00" postype="preposition" wd="para"/>
          </prep>
          <sn coreftype="ident" entity="entity12" entityref="nne">
            <spec gen="m" num="p">
              <d coreftype="ident" entity="entity7" entityref="nne" gen="c" lem="su" num="p" person="3" pos="dp3cp0" postype="possessive" wd="sus"/>
            </spec>
            <grup.nom gen="m" num="p">
              <n gen="m" lem="adepto" num="p" pos="ncmp000" postype="common" sense="16:07623193" wd="adeptos"/>
            </grup.nom>
          </sn>
        </sp>
      </grup.nom>
    </sn>
    <f lem="." pos="fp" punct="period" wd="."/>
  </sentence>
  <sentence>
    <sn arg="arg1" entity="entity13" entityref="spec" func="suj" tem="tem">
      <spec gen="m" num="s">
        <d coreftype="ident" entity="entity17" entityref="nne" gen="c" lem="su" num="s" person="3" pos="dp3cs0" postype="possessive" wd="Su"/>
      </spec>
      <grup.nom gen="m" num="s">
        <n gen="m" lem="título" num="s" pos="ncms000" postype="common" sense="16:04782793" wd="título"/>
      </grup.nom>
    </sn>
    <grup.verb>
      <v lem="ser" lss="C21.state-attributive" mood="indicative" num="s" person="3" pos="vsip3s0" postype="semiauxiliary" tense="present" wd="es"/>
    </grup.verb>
    <sn arg="arg2" corefsubtype="definit" coreftype="pred" entity="entity13" entityref="ne" func="atr" ne="other" tem="atr">
      <grup.nom>
        <n lem="pulp_fiction" ne="other" pos="np00000" postype="proper" wd="Pulp_Fiction"/>
        <sn>
          <f lem="," pos="fc" punct="comma" wd=","/>
          <grup.nom gen="m" num="s">
            <n gen="m" lem="órgano" num="s" pos="ncms000" postype="common" sense="16:cs2" wd="órgano"/>
            <sp>
              <prep>
                <s lem="de" pos="sps00" postype="preposition" wd="de"/>
              </prep>
              <sn>
                <grup.nom gen="f" num="s">
                  <n gen="f" lem="expresión" lexicalid="noun.expresión.1.default" num="s" origin="deverbal" pos="ncfs000" postype="common" sense="16:05295296" wd="expresión"/>
                </grup.nom>
              </sn>
            </sp>
            <sp>
              <prep>
                <s lem="de" pos="sps00" postype="preposition" wd="de"/>
              </prep>
              <sn entityref="ne" ne="organization">
                <grup.nom gen="f" num="s">
                  <n lem="La_Hermandad_de_Satán" ne="organization" pos="np00000" postype="proper" wd="La_Hermandad_de_Satán"/>
                </grup.nom>
              </sn>
            </sp>
          </grup.nom>
        </sn>
      </grup.nom>
    </sn>
    <f lem="." pos="fp" punct="period" wd="."/>
  </sentence>
  <sentence impersonal="yes">
    <grup.verb>
      <v lem="haber" lss="C11.state-existential" mood="indicative" num="s" person="3" pos="vaip3s0" postype="auxiliary" tense="present" wd="Hay"/>
    </grup.verb>
    <sn arg="arg1" entity="entity14" entityref="nne" func="cd" functype="quantitative" tem="tem">
      <grup.nom gen="f" num="p">
        <n gen="f" lem="organización" lexicalid="noun.organización.1.default" num="p" origin="deverbal" pos="ncfp000" postype="common" sense="16:05997592" wd="organizaciones"/>
        <s.a func="cn" gen="f" num="p">
          <grup.a gen="f" num="p">
            <a gen="f" lem="luciferino" num="p" pos="aq0fp0" postype="qualificative" wd="luciferinas"/>
          </grup.a>
        </s.a>
        <S clausetype="relative" func="cn">
          <relatiu arg="arg1" coreftype="ident" entity="entity14" entityref="nne" func="suj" tem="tem">
            <p gen="c" lem="que" num="c" pos="pr0cn000" postype="relative" wd="que"/>
          </relatiu>
          <grup.verb>
            <v lem="tener" lss="C21.state-attributive" mood="indicative" num="p" person="3" pos="vmip3p0" postype="main" tense="present" wd="tienen"/>
          </grup.verb>
          <sn arg="arg2" entityref="nne" func="cd" functype="quantitative" tem="atr">
            <spec gen="f" num="p">
              <d coreftype="ident" entity="entity14" entityref="nne" gen="c" lem="su" num="p" person="3" pos="dp3cp0" postype="possessive" wd="sus"/>
            </spec>
            <grup.nom gen="f" num="p">
              <s.a gen="f" num="p">
                <grup.a gen="f" num="p">
                  <a gen="f" lem="propio" num="p" pos="aq0fp0" postype="qualificative" wd="propias"/>
                </grup.a>
              </s.a>
              <n gen="f" lem="página" num="p" pos="ncfp000" postype="common" sense="16:cs2" wd="páginas"/>
              <s.a gen="f" num="p">
                <grup.a gen="f" num="p">
                  <a gen="c" lem="oficial" num="p" pos="aq0cp0" postype="qualificative" wd="oficiales"/>
                </grup.a>
              </s.a>
              <sp>
                <f lem="," pos="fc" punct="comma" wd=","/>
                <prep>
                  <c lem="como" pos="cs" postype="subordinating" wd="como"/>
                </prep>
                <sn entityref="nne">
                  <spec gen="f" num="s">
                    <d gen="f" lem="el" num="s" pos="da0fs0" postype="article" wd="la"/>
                  </spec>
                  <grup.nom gen="f" num="s">
                    <sp>
                      <prep>
                        <s lem="de" pos="sps00" postype="preposition" wd="de"/>
                      </prep>
                      <sn coord="yes">
                        <sn coreftype="ident" entity="entity15" entityref="ne" ne="organization">
                          <spec gen="f" num="s">
                            <d gen="f" lem="el" num="s" pos="da0fs0" postype="article" wd="la"/>
                          </spec>
                          <grup.nom gen="f" num="s">
                            <n lem="Iglesia_de_Satán" ne="organization" pos="np00000" postype="proper" wd="Iglesia_de_Satán"/>
                            <S clausetype="relative">
                              <f lem="," pos="fc" punct="comma" wd=","/>
                              <relatiu arg="arg1" coreftype="ident" entity="entity15" entityref="spec" func="suj" tem="tem">
                                <p gen="c" lem="que" num="c" pos="pr0cn000" postype="relative" wd="que"/>
                              </relatiu>
                              <grup.verb>
                                <v lem="contar" lss="C21.state-attributive" mood="indicative" num="s" person="3" pos="vmip3s0" postype="main" tense="present" wd="cuenta"/>
                              </grup.verb>
                              <sp arg="arg2" func="creg" tem="atr">
                                <prep>
                                  <s lem="con" pos="sps00" postype="preposition" wd="con"/>
                                </prep>
                                <sn entityref="nne">
                                  <spec gen="m" num="p">
                                    <z lem="20000" ne="number" wd="20.000"/>
                                  </spec>
                                  <grup.nom gen="m" num="p">
                                    <n gen="m" lem="adepto" num="p" pos="ncmp000" postype="common" sense="16:07623193" wd="adeptos"/>
                                  </grup.nom>
                                </sn>
                              </sp>
                            </S>
                          </grup.nom>
                        </sn>
                        <f lem="," pos="fc" punct="comma" wd=","/>
                        <sn entityref="ne" ne="organization">
                          <spec gen="f" num="s">
                            <d gen="f" lem="el" num="s" pos="da0fs0" postype="article" wd="la"/>
                          </spec>
                          <grup.nom gen="f" num="s">
                            <n lem="Iglesia_Mundial_de_la_Liberación_Satánica" ne="organization" pos="np00000" postype="proper" wd="Iglesia_Mundial_de_la_Liberación_Satánica"/>
                          </grup.nom>
                        </sn>
                        <f lem="," pos="fc" punct="comma" wd=","/>
                        <sn entityref="ne" ne="organization">
                          <spec gen="f" num="s">
                            <d gen="f" lem="el" num="s" pos="da0fs0" postype="article" wd="la"/>
                          </spec>
                          <grup.nom gen="f" num="s">
                            <n lem="Iglesia_del_Virus" ne="organization" pos="np00000" postype="proper" wd="Iglesia_del_Virus"/>
                          </grup.nom>
                        </sn>
                        <conj conjunctiontype="coordinating">
                          <c lem="u" pos="cc" postype="coordinating" wd="u"/>
                        </conj>
                        <sn entityref="ne" ne="organization">
                          <grup.nom>
                            <n lem="Ordo_Sinistra_Vivendi" ne="organization" pos="np00000" postype="proper" wd="Ordo_Sinistra_Vivendi"/>
                          </grup.nom>
                        </sn>
                      </sn>
                    </sp>
                  </grup.nom>
                </sn>
              </sp>
            </grup.nom>
          </sn>
        </S>
      </grup.nom>
    </sn>
    <f lem="." pos="fp" punct="period" wd="."/>
  </sentence>
  <sentence>
    <sn arg="arg1" entityref="nne" func="suj" tem="tem">
      <spec gen="f" num="p">
        <d gen="f" lem="otro" num="p" pos="di0fp0" postype="indefinite" wd="Otras"/>
      </spec>
      <grup.nom gen="f" num="p">
        <n gen="f" lem="web" num="p" pos="ncfp000" postype="common" sense="16:cs2" wd="webs"/>
        <sp>
          <prep>
            <s lem="sobre" pos="sps00" postype="preposition" wd="sobre"/>
          </prep>
          <sn coreftype="ident" entity="entity7" entityref="nne">
            <spec gen="m" num="s">
              <d gen="m" lem="el" num="s" pos="da0ms0" postype="article" wd="el"/>
            </spec>
            <grup.nom gen="m" num="s">
              <n gen="m" lem="tema" num="s" pos="ncms000" postype="common" sense="16:04950638" wd="tema"/>
            </grup.nom>
          </sn>
        </sp>
      </grup.nom>
    </sn>
    <grup.verb>
      <v lem="ser" lss="C21.state-attributive" mood="indicative" num="p" person="3" pos="vsip3p0" postype="semiauxiliary" tense="present" wd="son"/>
    </grup.verb>
    <sn arg="arg2" coord="yes" func="atr" tem="atr">
      <f lem=":" pos="fd" punct="colon" wd=":"/>
      <sn entityref="ne" ne="other">
        <spec gen="m" num="p">
          <d gen="m" lem="el" num="p" pos="da0mp0" postype="article" wd="Los"/>
        </spec>
        <grup.nom gen="m" num="p">
          <n lem="Satanistas" ne="other" pos="np00000" postype="proper" wd="Satanistas"/>
        </grup.nom>
      </sn>
      <f lem="," pos="fc" punct="comma" wd=","/>
      <sn entityref="ne" ne="other">
        <grup.nom>
          <n lem="Templo_Tezcat" ne="other" pos="np00000" postype="proper" wd="Templo_Tezcat"/>
        </grup.nom>
      </sn>
      <f lem="," pos="fc" punct="comma" wd=","/>
      <sn entityref="ne" ne="other">
        <grup.nom>
          <n lem="Setumismo" ne="other" pos="np00000" postype="proper" wd="Setumismo"/>
        </grup.nom>
      </sn>
      <f lem="," pos="fc" punct="comma" wd=","/>
      <sn entityref="ne" ne="other">
        <grup.nom>
          <n lem="Negropage" ne="other" pos="np00000" postype="proper" wd="Negropage"/>
        </grup.nom>
      </sn>
      <f lem="," pos="fc" punct="comma" wd=","/>
      <sn entityref="ne" ne="other">
        <grup.nom>
          <n lem="Red_Gótic" ne="other" pos="np00000" postype="proper" wd="Red_Gótic"/>
        </grup.nom>
      </sn>
      <f lem="," pos="fc" punct="comma" wd=","/>
      <sn entityref="ne" ne="other">
        <grup.nom>
          <n lem="Sade" ne="other" pos="np00000" postype="proper" wd="Sade"/>
        </grup.nom>
      </sn>
      <conj conjunctiontype="coordinating">
        <c lem="y" pos="cc" postype="coordinating" wd="y"/>
      </conj>
      <sn entityref="ne" ne="other">
        <grup.nom>
          <n lem="Blasfeia_Diabólica" ne="other" pos="np00000" postype="proper" wd="Blasfeia_Diabólica"/>
        </grup.nom>
      </sn>
    </sn>
    <f lem="." pos="fp" punct="period" wd="."/>
  </sentence>
</article>
