<?xml version="1.0" encoding="UTF-8"?>
<!-- 

  ancora-2.0
       
			Copyright (C) 2007, 2008, 2009, 2010, 2011 UB - CLiC
			Centre de Llenguatge i Computació - Universitat de Barcelona
 
  This file is part of ancora-2.0.
 
  ancora-2.0 is free software and data: you can redistribute it and/or modify
  it under the terms of the GNU General Public License as published
  by the Free Software Foundation, either version 3 of the License,
  or (at your option) any later version.

  ancora-2.0 is distributed in the hope that it will be useful,
  but WITHOUT ANY WARRANTY; without even the implied warranty of
  MERCHANTABILITY or FITNESS FOR A PARTICULAR PURPOSE.  See the
  GNU General Public License for more details.
 
  You should have received a copy of the GNU General Public License
  along with ancora-2.0.  If not, see &lt;http://www.gnu.org/licenses/&gt;.
 
  Check a text in catalan explaining the terms of the license at http://www.softcatala.cat/wiki/GPL3.
  In spanish at http://www.viti.es/gnu/licenses/gpl.html
 

  The following paper must be cited when using this corpus:

 * Taulé, M., M.A. Martí, M. Recasens (2008) 'Ancora: Multilevel Annotated Corpora for Catalan and Spanish',
   Proceedings of 6th International Conference on Language Resources and Evaluation. Marrakesh (Morocco).

  In addition, the following paper must be cited if coreference information (attributes entity, coreftype,
  corefsubtype, homophoricDD or entityref) is used:

 * Recasens, Marta, M. Antònia Martí (2010) ‘AnCora-CO: Coreferentially annotated corpora for Spanish and
   Catalan’. Language Resources and Evaluation, Springer Science.

  Additionally, the following paper must be cited when argumental attributes in "sn" or "grup.nom"
  (attributes func, arg, tem or lexicalid) are used:

 * Peris, Aina, Mariona Taulé, Horacio Rodríguez (2010) ‘Semantic Annotation of Deverbal Nominalizations in the
   Spanish AnCora corpus’. Treebanks and Linguistic Theories (TLT-2010), Estonia.
-->
<article lng="es">
  <sentence>
    <sn arg="arg0" entity="entity3" entityref="ne" func="suj" ne="organization" tem="agt">
      <grup.nom>
        <n lem="Vía_Pública" ne="organization" pos="np00000" postype="proper" wd="Vía_Pública"/>
      </grup.nom>
    </sn>
    <grup.verb>
      <v lem="haber" mood="indicative" num="s" person="3" pos="vaip3s0" postype="auxiliary" tense="present" wd="ha"/>
      <v gen="m" lem="repartir" lss="A21.transitive-agentive-patient" mood="participle" num="s" pos="vmp00sm" postype="main" wd="repartido"/>
    </grup.verb>
    <sp arg="argM" func="cc" tem="adv">
      <prep>
        <s lem="por" pos="sps00" postype="preposition" wd="por"/>
      </prep>
      <sn entityref="nne" homophoricDD="yes">
        <spec gen="m" num="s">
          <d gen="m" lem="el" num="s" pos="da0ms0" postype="article" wd="el"/>
        </spec>
        <grup.nom gen="m" num="s">
          <n gen="m" lem="momento" num="s" pos="ncms000" postype="common" sense="16:10898122" wd="momento"/>
        </grup.nom>
      </sn>
    </sp>
    <sn arg="arg1" entityref="nne" func="cd" tem="pat">
      <spec gen="f" num="p">
        <d gen="c" lem="siete" num="p" pos="dn0cp0" postype="numeral" wd="siete"/>
      </spec>
      <grup.nom gen="f" num="p">
        <n gen="f" lem="cámara" num="p" pos="ncfp000" postype="common" sense="16:03481923" wd="cámaras"/>
      </grup.nom>
    </sn>
    <sp arg="argM" func="cc" tem="loc">
      <f lem="," pos="fc" punct="comma" wd=","/>
      <sn adjunct="yes" entityref="nne">
        <spec gen="f" num="p">
          <d gen="f" lem="todo" num="p" pos="di0fp0" postype="indefinite" wd="todas"/>
        </spec>
        <grup.nom gen="f" num="p">
          <p gen="f" lem="él" num="p" person="3" pos="pp3fp000" postype="personal" wd="ellas"/>
        </grup.nom>
      </sn>
      <sp>
        <prep>
          <s lem="en" pos="sps00" postype="preposition" wd="en"/>
        </prep>
        <sn entityref="ne" ne="location">
          <spec gen="m" num="s">
            <d gen="m" lem="el" num="s" pos="da0ms0" postype="article" wd="el"/>
          </spec>
          <grup.nom gen="m" num="s">
            <n lem="Eixample" ne="location" pos="np00000" postype="proper" wd="Eixample"/>
          </grup.nom>
        </sn>
      </sp>
    </sp>
    <f lem="." pos="fp" punct="period" wd="."/>
  </sentence>
  <sentence>
    <sn arg="arg1" entityref="nne" func="suj" homophoricDD="yes" tem="tem">
      <spec gen="m" num="s">
        <d gen="m" lem="el" num="s" pos="da0ms0" postype="article" wd="El"/>
      </spec>
      <grup.nom gen="m" num="s">
        <n gen="m" lem="propósito" num="s" pos="ncms000" postype="common" sense="16:04588033" wd="propósito"/>
        <sadv>
          <grup.adv>
            <r lem="a_medio_plazo" pos="rg" wd="a_medio_plazo"/>
          </grup.adv>
        </sadv>
      </grup.nom>
    </sn>
    <sadv func="mod">
      <f lem="," pos="fc" punct="comma" wd=","/>
      <grup.adv>
        <r lem="sin_embargo" pos="rg" wd="sin_embargo"/>
      </grup.adv>
      <f lem="," pos="fc" punct="comma" wd=","/>
    </sadv>
    <grup.verb>
      <v lem="ser" lss="C21.state-attributive" mood="indicative" num="s" person="3" pos="vsip3s0" postype="semiauxiliary" tense="present" wd="es"/>
    </grup.verb>
    <S arg="arg2" clausetype="completive" func="atr" impersonal="yes" tem="atr">
      <infinitiu>
        <v lem="contar" lss="C21.state-attributive" mood="infinitive" pos="vmn0000" postype="main" wd="contar"/>
      </infinitiu>
      <sp arg="arg2" func="creg" tem="atr">
        <prep>
          <s lem="con" pos="sps00" postype="preposition" wd="con"/>
        </prep>
        <sn entityref="nne">
          <spec gen="m" num="s">
            <d gen="m" lem="uno" num="s" pos="di0ms0" postype="indefinite" wd="un"/>
          </spec>
          <grup.nom gen="m" num="s">
            <s.a gen="m" num="s">
              <grup.a gen="m" num="s">
                <a gen="m" lem="mínimo" num="s" pos="aq0ms0" postype="qualificative" wd="mínimo"/>
              </grup.a>
            </s.a>
            <sp>
              <prep>
                <s lem="de" pos="sps00" postype="preposition" wd="de"/>
              </prep>
              <sn entityref="nne">
                <spec gen="f" num="p">
                  <z lem="60" ne="number" wd="60"/>
                </spec>
                <grup.nom gen="f" num="p">
                  <n gen="f" lem="unidad" num="p" pos="ncfp000" postype="common" sense="16:09946775" wd="unidades"/>
                </grup.nom>
              </sn>
            </sp>
          </grup.nom>
        </sn>
      </sp>
      <sp arg="argM" func="cc" tem="fin">
        <f lem="," pos="fc" punct="comma" wd=","/>
        <prep>
          <s lem="con" pos="sps00" postype="preposition" wd="con"/>
        </prep>
        <sn entityref="nne" homophoricDD="yes">
          <spec gen="m" num="s">
            <d gen="m" lem="el" num="s" pos="da0ms0" postype="article" wd="el"/>
          </spec>
          <grup.nom gen="m" num="s">
            <n gen="m" lem="objetivo" num="s" pos="ncms000" postype="common" sense="16:04586952" wd="objetivo"/>
            <sp>
              <prep>
                <s lem="de" pos="sps00" postype="preposition" wd="de"/>
              </prep>
              <S clausetype="completive" impersonal="yes">
                <infinitiu>
                  <v lem="reducir" lss="A11.transitive-causative" mood="infinitive" pos="vmn0000" postype="main" wd="reducir"/>
                </infinitiu>
                <sn arg="arg1" entityref="nne" func="cd" homophoricDD="yes" tem="tem">
                  <spec gen="m" num="s">
                    <d gen="f" lem="el" num="s" pos="da0fs0" postype="article" wd="la"/>
                  </spec>
                  <grup.nom gen="f" num="s">
                    <n gen="f" lem="media" num="s" pos="ncfs000" postype="common" sense="16:04610775" wd="media"/>
                    <sp>
                      <prep>
                        <s lem="de" pos="sps00" postype="preposition" wd="de"/>
                      </prep>
                      <sn entity="entity1" entityref="nne">
                        <spec gen="f" num="p">
                          <z lem="50" ne="number" wd="50"/>
                        </spec>
                        <grup.nom gen="f" num="p">
                          <n gen="f" lem="muerte" lexicalid="noun.muerte.1.default" num="p" origin="deverbal" pos="ncfp000" postype="common" sense="16:07788946" wd="muertes"/>
                          <S clausetype="relative" func="cn">
                            <relatiu arg="arg1" coreftype="ident" entity="entity1" entityref="nne" func="suj" tem="tem">
                              <p gen="c" lem="que" num="c" pos="pr0cn000" postype="relative" wd="que"/>
                            </relatiu>
                            <sn arg="argM" entityref="nne" func="cc" tem="tmp">
                              <spec gen="m" num="s">
                                <d gen="c" lem="cada" num="s" pos="di0cs0" postype="indefinite" wd="cada"/>
                              </spec>
                              <grup.nom gen="m" num="s">
                                <n gen="m" lem="año" num="s" pos="ncms000" postype="common" sense="16:10917509" wd="año"/>
                              </grup.nom>
                            </sn>
                            <morfema.pronominal>
                              <p gen="c" lem="él" num="c" person="3" pos="p0300000" wd="se"/>
                            </morfema.pronominal>
                            <grup.verb>
                              <v lem="producir" lss="B21.unaccusative-state" mood="indicative" num="p" person="3" pos="vmip3p0" postype="main" tense="present" wd="producen"/>
                            </grup.verb>
                            <sp arg="argM" func="cc" tem="loc">
                              <prep>
                                <s lem="en" pos="sps00" postype="preposition" wd="en"/>
                              </prep>
                              <sn entityref="nne" homophoricDD="yes">
                                <spec gen="f" num="p">
                                  <d gen="f" lem="el" num="p" pos="da0fp0" postype="article" wd="las"/>
                                </spec>
                                <grup.nom gen="f" num="p">
                                  <n gen="f" lem="calle" num="p" pos="ncfp000" postype="common" sense="16:03426236" wd="calles"/>
                                  <sp>
                                    <prep>
                                      <s lem="de" pos="sps00" postype="preposition" wd="de"/>
                                    </prep>
                                    <sn entity="entity2" entityref="nne" homophoricDD="yes">
                                      <spec gen="f" num="s">
                                        <d gen="f" lem="el" num="s" pos="da0fs0" postype="article" wd="la"/>
                                      </spec>
                                      <grup.nom gen="f" num="s">
                                        <n gen="f" lem="ciudad" num="s" pos="ncfs000" postype="common" sense="16:06287351" wd="ciudad"/>
                                      </grup.nom>
                                    </sn>
                                  </sp>
                                </grup.nom>
                              </sn>
                            </sp>
                          </S>
                        </grup.nom>
                      </sn>
                    </sp>
                  </grup.nom>
                </sn>
              </S>
            </sp>
          </grup.nom>
        </sn>
      </sp>
    </S>
    <f lem="." pos="fp" punct="period" wd="."/>
  </sentence>
  <sentence>
    <sn arg="arg1" entityref="nne" func="suj" homophoricDD="yes" tem="tem">
      <spec gen="m" num="s">
        <d gen="m" lem="el" num="s" pos="da0ms0" postype="article" wd="El"/>
      </spec>
      <grup.nom gen="m" num="s">
        <n gen="m" lem="objetivo" num="s" pos="ncms000" postype="common" sense="16:04586952" wd="objetivo"/>
      </grup.nom>
    </sn>
    <grup.verb>
      <v lem="ser" lss="C21.state-attributive" mood="indicative" num="s" person="3" pos="vsip3s0" postype="semiauxiliary" tense="present" wd="es"/>
    </grup.verb>
    <S arg="arg2" clausetype="completive" func="atr" impersonal="yes" tem="atr">
      <infinitiu>
        <v lem="tener" lss="C21.state-attributive" mood="infinitive" pos="vmn0000" postype="main" wd="tener"/>
      </infinitiu>
      <sp arg="argM" func="cc" tem="adv">
        <prep>
          <s lem="bajo" pos="sps00" postype="preposition" wd="bajo"/>
        </prep>
        <sn entityref="nne">
          <grup.nom gen="f" num="s">
            <s.a func="cn" gen="f" num="s">
              <grup.a gen="f" num="s">
                <a gen="c" lem="permanente" num="s" pos="aq0cs0" postype="qualificative" wd="permanente"/>
              </grup.a>
            </s.a>
            <n gen="f" lem="vigilancia" lexicalid="noun.vigilancia.1.default" num="s" origin="deverbal" pos="ncfs000" postype="common" sense="16:00428474" wd="vigilancia"/>
          </grup.nom>
        </sn>
      </sp>
      <sn arg="arg2" entityref="nne" func="cd" functype="quantitative" homophoricDD="yes" tem="atr">
        <spec gen="m" num="p">
          <d gen="m" lem="el" num="p" pos="da0mp0" postype="article" wd="los"/>
        </spec>
        <grup.nom gen="m" num="p">
          <s.a gen="m" num="p">
            <grup.a gen="m" num="p">
              <a gen="c" lem="principal" num="p" pos="aq0cp0" postype="qualificative" wd="principales"/>
            </grup.a>
          </s.a>
          <n gen="m" lem="punto" num="p" pos="ncmp000" postype="common" sense="16:06351684" wd="puntos"/>
          <s.a gen="m" num="p">
            <grup.a gen="m" num="p">
              <a gen="m" lem="negro" num="p" pos="aq0mp0" postype="qualificative" wd="negros"/>
            </grup.a>
          </s.a>
          <sp>
            <prep>
              <s lem="de" pos="sps00" postype="preposition" wd="de"/>
            </prep>
            <sn coreftype="ident" entity="entity2" entityref="nne" homophoricDD="yes">
              <spec gen="f" num="s">
                <d gen="f" lem="el" num="s" pos="da0fs0" postype="article" wd="la"/>
              </spec>
              <grup.nom gen="f" num="s">
                <n gen="f" lem="ciudad" num="s" pos="ncfs000" postype="common" sense="16:06287351" wd="ciudad"/>
              </grup.nom>
            </sn>
          </sp>
        </grup.nom>
      </sn>
    </S>
    <S clausesubtype="concessive" clausetype="adverbial" func="ao">
      <f lem="," pos="fc" punct="comma" wd=","/>
      <conj conjunctiontype="subordinating">
        <c lem="aunque" pos="cs" postype="subordinating" wd="aunque"/>
      </conj>
      <S clausetype="adverbial" func="ao">
        <f lem="," pos="fc" punct="comma" wd=","/>
        <conj conjunctiontype="subordinating">
          <c lem="tal_y_como" pos="cs" postype="subordinating" wd="tal_y_como"/>
        </conj>
        <grup.verb>
          <v lem="admitir" lss="A21.transitive-agentive-patient" mood="indicative" num="p" person="3" pos="vmip3p0" postype="main" tense="present" wd="admiten"/>
        </grup.verb>
        <sn arg="arg0" entityref="nne" func="suj" homophoricDD="yes" tem="agt">
          <spec gen="m" num="p">
            <d gen="m" lem="el" num="p" pos="da0mp0" postype="article" wd="los"/>
          </spec>
          <grup.nom gen="m" num="p">
            <n gen="c" lem="responsable" num="p" pos="nccp000" postype="common" sense="16:07311393" wd="responsables"/>
            <sp>
              <prep>
                <s lem="de" pos="sps00" postype="preposition" wd="de"/>
              </prep>
              <sn coreftype="ident" entity="entity3" entityref="ne" ne="organization">
                <grup.nom>
                  <n lem="Vía_Pública" ne="organization" pos="np00000" postype="proper" wd="Vía_Pública"/>
                </grup.nom>
              </sn>
            </sp>
          </grup.nom>
        </sn>
        <f lem="," pos="fc" punct="comma" wd=","/>
      </S>
      <sp arg="argM" func="cc" tem="adv">
        <prep>
          <s lem="en" pos="sps00" postype="preposition" wd="en"/>
        </prep>
        <sn entityref="nne">
          <spec gen="m" num="p">
            <d gen="m" lem="todo" num="p" pos="di0mp0" postype="indefinite" wd="todos"/>
            <d gen="m" lem="el" num="p" pos="da0mp0" postype="article" wd="los"/>
          </spec>
          <grup.nom gen="m" num="p">
            <n gen="m" lem="caso" num="p" pos="ncmp000" postype="common" sense="16:10047274" wd="casos"/>
          </grup.nom>
        </sn>
      </sp>
      <neg func="mod">
        <r lem="no" pos="rn" postype="negative" wd="no"/>
      </neg>
      <grup.verb>
        <v lem="ser" lss="C21.state-attributive" mood="indicative" num="s" person="3" pos="vsif3s0" postype="semiauxiliary" tense="future" wd="será"/>
      </grup.verb>
      <sa arg="arg2" func="atr" tem="atr">
        <grup.a>
          <a gen="c" lem="posible" num="s" pos="aq0cs0" postype="qualificative" wd="posible"/>
        </grup.a>
      </sa>
      <S arg="arg1" clausetype="completive" func="suj" impersonal="yes" tem="tem">
        <infinitiu>
          <v lem="instalar" lss="A21.transitive-agentive-patient" mood="infinitive" pos="vmn0000" postype="main" wd="instalar"/>
        </infinitiu>
        <sn arg="arg1" entityref="nne" func="cd" tem="pat">
          <spec gen="f" num="s">
            <d gen="f" lem="uno" num="s" pos="di0fs0" postype="indefinite" wd="una"/>
          </spec>
          <grup.nom gen="f" num="s">
            <n gen="f" lem="cámara" num="s" pos="ncfs000" postype="common" sense="16:03481923" wd="cámara"/>
          </grup.nom>
        </sn>
      </S>
    </S>
    <f lem="." pos="fp" punct="period" wd="."/>
  </sentence>
  <sentence>
    <sn arg="arg1" entityref="nne" func="suj" tem="tem">
      <spec gen="f" num="p">
        <d gen="f" lem="alguno" num="p" pos="di0fp0" postype="indefinite" wd="Algunas"/>
      </spec>
      <grup.nom gen="f" num="p">
        <n gen="f" lem="confluencia" lexicalid="noun.confluencia.1.default" num="p" origin="deverbal" pos="ncfp000" postype="common" sense="16:02882195" wd="confluencias"/>
        <sp arg="arg1" func="cn" tem="tem">
          <prep>
            <s lem="de" pos="sps00" postype="preposition" wd="de"/>
          </prep>
          <sn>
            <grup.nom gen="f" num="p">
              <n gen="f" lem="calle" num="p" pos="ncfp000" postype="common" sense="16:03426236" wd="calles"/>
            </grup.nom>
          </sn>
        </sp>
      </grup.nom>
    </sn>
    <grup.verb>
      <v lem="tener" lss="C21.state-attributive" mood="indicative" num="p" person="3" pos="vmip3p0" postype="main" tense="present" wd="tienen"/>
    </grup.verb>
    <sn arg="arg2" entityref="nne" func="cd" functype="quantitative" tem="atr">
      <spec gen="f" num="s">
        <d gen="f" lem="uno" num="s" pos="di0fs0" postype="indefinite" wd="una"/>
      </spec>
      <grup.nom gen="f" num="s">
        <n gen="f" lem="geografía" num="s" pos="ncfs000" postype="common" sense="16:cs1" wd="geografía"/>
        <s.a gen="f" num="s">
          <spec>
            <r lem="demasiado" pos="rg" wd="demasiado"/>
          </spec>
          <grup.a gen="f" num="s">
            <a gen="f" lem="complejo" num="s" pos="aq0fs0" postype="qualificative" wd="compleja"/>
          </grup.a>
        </s.a>
      </grup.nom>
    </sn>
    <f lem="." pos="fp" punct="period" wd="."/>
  </sentence>
</article>
