<?xml version="1.0" encoding="UTF-8"?>
<!-- 

  ancora-2.0
       
			Copyright (C) 2007, 2008, 2009, 2010, 2011 UB - CLiC
			Centre de Llenguatge i Computació - Universitat de Barcelona
 
  This file is part of ancora-2.0.
 
  ancora-2.0 is free software and data: you can redistribute it and/or modify
  it under the terms of the GNU General Public License as published
  by the Free Software Foundation, either version 3 of the License,
  or (at your option) any later version.

  ancora-2.0 is distributed in the hope that it will be useful,
  but WITHOUT ANY WARRANTY; without even the implied warranty of
  MERCHANTABILITY or FITNESS FOR A PARTICULAR PURPOSE.  See the
  GNU General Public License for more details.
 
  You should have received a copy of the GNU General Public License
  along with ancora-2.0.  If not, see &lt;http://www.gnu.org/licenses/&gt;.
 
  Check a text in catalan explaining the terms of the license at http://www.softcatala.cat/wiki/GPL3.
  In spanish at http://www.viti.es/gnu/licenses/gpl.html
 

  The following paper must be cited when using this corpus:

 * Taulé, M., M.A. Martí, M. Recasens (2008) 'Ancora: Multilevel Annotated Corpora for Catalan and Spanish',
   Proceedings of 6th International Conference on Language Resources and Evaluation. Marrakesh (Morocco).

  In addition, the following paper must be cited if coreference information (attributes entity, coreftype,
  corefsubtype, homophoricDD or entityref) is used:

 * Recasens, Marta, M. Antònia Martí (2010) ‘AnCora-CO: Coreferentially annotated corpora for Spanish and
   Catalan’. Language Resources and Evaluation, Springer Science.

  Additionally, the following paper must be cited when argumental attributes in "sn" or "grup.nom"
  (attributes func, arg, tem or lexicalid) are used:

 * Peris, Aina, Mariona Taulé, Horacio Rodríguez (2010) ‘Semantic Annotation of Deverbal Nominalizations in the
   Spanish AnCora corpus’. Treebanks and Linguistic Theories (TLT-2010), Estonia.
-->
<article lng="es">
  <sentence coord="yes">
    <S>
      <sn arg="arg0" complex="yes" entity="entity1" func="suj" tem="agt">
        <grup.nom coord="yes">
          <grup.nom>
            <n lem="Bosnia" ne="organization" pos="np00000" postype="proper" wd="Bosnia"/>
          </grup.nom>
          <conj conjunctiontype="coordinating">
            <c lem="y" pos="cc" postype="coordinating" wd="y"/>
          </conj>
          <grup.nom>
            <n lem="Croacia" ne="organization" pos="np00000" postype="proper" wd="Croacia"/>
          </grup.nom>
        </grup.nom>
      </sn>
      <sadv func="mod">
        <grup.adv>
          <r lem="no_sólo" pos="rg" wd="no_sólo"/>
        </grup.adv>
      </sadv>
      <grup.verb>
        <v lem="saludar" lss="A21.transitive-agentive-patient" mood="indicative" num="p" person="3" pos="vmis3p0" postype="main" tense="past" wd="saludaron"/>
      </grup.verb>
      <sadv arg="argM" func="cc" tem="tmp">
        <grup.adv>
          <r lem="ayer" pos="rg" wd="ayer"/>
        </grup.adv>
      </sadv>
      <sn arg="arg1" entity="entity4" entityref="nne" func="cd" homophoricDD="yes" tem="pat">
        <spec gen="f" num="s">
          <d gen="f" lem="el" num="s" pos="da0fs0" postype="article" wd="la"/>
        </spec>
        <grup.nom gen="f" num="s">
          <n gen="f" lem="detención" lexicalid="noun.detención.5.default" num="s" origin="deverbal" pos="ncfs000" postype="common" sense="16:00696570" wd="detención"/>
          <sp arg="arg1" func="cn" tem="pat">
            <prep>
              <s lem="de" pos="sps00" postype="preposition" wd="de"/>
            </prep>
            <sn entity="entity3" entityref="ne" ne="person">
              <grup.nom gen="m" num="s">
                <n lem="Slobodan_Milosevic" ne="person" pos="np00000" postype="proper" wd="Slobodan_Milosevic"/>
              </grup.nom>
            </sn>
          </sp>
        </grup.nom>
      </sn>
      <f lem="," pos="fc" punct="comma" wd=","/>
    </S>
    <conj conjunctiontype="coordinating">
      <c lem="sino_que" pos="cc" postype="coordinating" wd="sino_que"/>
    </conj>
    <S>
      <sn arg="arg0" coreftype="ident" elliptic="yes" entity="entity1" entityref="spec" func="suj" tem="agt"/>
      <grup.verb>
        <v lem="reclamar" lss="A32.ditransitive-patient-benefactive" mood="indicative" num="p" person="3" pos="vmis3p0" postype="main" tense="past" wd="reclamaron"/>
      </grup.verb>
      <sn arg="arg1" entityref="nne" func="cd" tem="pat">
        <spec arg="arg1" gen="f" num="s" tem="pat">
          <d coreftype="ident" entity="entity3" entityref="spec" gen="c" lem="su" num="s" person="3" pos="dp3cs0" postype="possessive" wd="su"/>
        </spec>
        <grup.nom gen="f" num="s">
          <n gen="f" lem="entrega" lexicalid="noun.entrega.2.default" num="s" origin="deverbal" pos="ncfs000" postype="common" sense="16:00205732" wd="entrega"/>
        </grup.nom>
      </sn>
      <sp arg="arg2" func="ci" tem="ben">
        <prep>
          <s contracted="yes" gen="m" lem="al" num="s" pos="spcms" postype="preposition" wd="al"/>
        </prep>
        <sn entity="entity2" entityref="ne" ne="organization">
          <grup.nom gen="m" num="s">
            <n lem="Tribunal_Penal_Internacional" ne="organization" pos="np00000" postype="proper" wd="Tribunal_Penal_Internacional"/>
            <sp>
              <prep>
                <s lem="para" pos="sps00" postype="preposition" wd="para"/>
              </prep>
              <sn entityref="ne" ne="location">
                <spec gen="f" num="s">
                  <d gen="f" lem="el" num="s" pos="da0fs0" postype="article" wd="la"/>
                </spec>
                <grup.nom gen="f" num="s">
                  <s.a gen="f" num="s">
                    <grup.a gen="f" num="s">
                      <a gen="f" lem="antiguo" num="s" pos="aq0fs0" postype="qualificative" wd="antigua"/>
                    </grup.a>
                  </s.a>
                  <n lem="Yugoslavia" ne="location" pos="np00000" postype="proper" wd="Yugoslavia"/>
                </grup.nom>
              </sn>
            </sp>
            <sn corefsubtype="definit" coreftype="pred" entity="entity2" entityref="ne" ne="organization">
              <grup.nom gen="m" num="s">
                <f lem="(" pos="fpa" punct="bracket" punctenclose="open" wd="("/>
                <n lem="TPI" ne="organization" pos="np00000" postype="proper" wd="TPI"/>
                <f lem=")" pos="fpt" punct="bracket" punctenclose="close" wd=")"/>
              </grup.nom>
            </sn>
            <S clausetype="relative">
              <f lem="," pos="fc" punct="comma" wd=","/>
              <relatiu arg="arg0" coreftype="ident" entity="entity2" entityref="spec" func="suj" tem="agt">
                <p gen="c" lem="que" num="c" pos="pr0cn000" postype="relative" wd="que"/>
              </relatiu>
              <sn arg="arg1" coreftype="ident" entity="entity3" entityref="spec" func="cd" tem="pat">
                <grup.nom gen="m" num="s">
                  <p case="accusative" gen="m" lem="él" num="s" person="3" pos="pp3msa00" postype="personal" wd="lo"/>
                </grup.nom>
              </sn>
              <grup.verb>
                <v lem="acusar" lss="A34.ditransitive-patient-theme" mood="indicative" num="s" person="3" pos="vmip3s0" postype="main" tense="present" wd="acusa"/>
              </grup.verb>
              <sp arg="arg2" func="creg" tem="tem">
                <prep>
                  <s lem="de" pos="sps00" postype="preposition" wd="de"/>
                </prep>
                <sn entityref="nne">
                  <grup.nom gen="m" num="p">
                    <n gen="m" lem="crimen" num="p" pos="ncmp000" postype="common" sense="16:00490590" wd="crímenes"/>
                    <sp>
                      <prep>
                        <s lem="de" pos="sps00" postype="preposition" wd="de"/>
                      </prep>
                      <sn>
                        <grup.nom gen="f" num="s">
                          <n gen="f" lem="guerra" num="s" pos="ncfs000" postype="common" sense="16:10071856" wd="guerra"/>
                        </grup.nom>
                      </sn>
                    </sp>
                  </grup.nom>
                </sn>
              </sp>
            </S>
          </grup.nom>
        </sn>
      </sp>
    </S>
    <f lem="." pos="fp" punct="period" wd="."/>
  </sentence>
  <sentence>
    <sn arg="arg0" entityref="nne" func="suj" homophoricDD="yes" tem="agt">
      <spec gen="m" num="p">
        <d gen="m" lem="el" num="p" pos="da0mp0" postype="article" wd="Los"/>
      </spec>
      <grup.nom gen="m" num="p">
        <n gen="c" lem="dirigente" num="p" pos="nccp000" postype="common" sense="16:06950891" wd="dirigentes"/>
        <s.a gen="m" num="p">
          <grup.a gen="m" num="p">
            <a gen="m" lem="albanés" num="p" pos="aq0mp0" postype="qualificative" wd="albaneses"/>
          </grup.a>
        </s.a>
        <sp>
          <prep>
            <s lem="de" pos="sps00" postype="preposition" wd="de"/>
          </prep>
          <sn entityref="ne" ne="location">
            <grup.nom>
              <n lem="Kosovo" ne="location" pos="np00000" postype="proper" wd="Kosovo"/>
            </grup.nom>
          </sn>
        </sp>
      </grup.nom>
    </sn>
    <grup.verb>
      <v lem="considerar" lss="A21.transitive-agentive-patient" mood="indicative" num="p" person="3" pos="vmis3p0" postype="main" tense="past" wd="consideraron"/>
    </grup.verb>
    <S arg="arg1" clausetype="completive" func="cd" tem="pat">
      <conj conjunctiontype="subordinating">
        <c lem="que" pos="cs" postype="subordinating" wd="que"/>
      </conj>
      <sn arg="arg1" coreftype="ident" entity="entity4" entityref="nne" func="suj" homophoricDD="yes" tem="tem">
        <spec gen="m" num="s">
          <d gen="m" lem="el" num="s" pos="da0ms0" postype="article" wd="el"/>
        </spec>
        <grup.nom gen="m" num="s">
          <n gen="m" lem="arresto" lexicalid="noun.arresto.2.default" num="s" origin="deverbal" pos="ncms000" postype="common" sense="16:00054269" wd="arresto"/>
          <sp arg="arg1" func="cn" tem="pat">
            <prep>
              <s contracted="yes" gen="m" lem="del" num="s" pos="spcms" postype="preposition" wd="del"/>
            </prep>
            <sn coreftype="ident" entity="entity3" entityref="ne" ne="person">
              <grup.nom gen="m" num="s">
                <n gen="m" lem="expresidente" num="s" pos="ncms000" postype="common" sense="16:cs2" wd="expresidente"/>
                <s.a gen="m" num="s">
                  <grup.a gen="m" num="s">
                    <a gen="m" lem="yugoslavo" num="s" pos="aq0ms0" postype="qualificative" wd="yugoslavo"/>
                  </grup.a>
                </s.a>
              </grup.nom>
            </sn>
          </sp>
        </grup.nom>
      </sn>
      <grup.verb>
        <v lem="ser" lss="C21.state-attributive" mood="indicative" num="s" person="3" pos="vsip3s0" postype="semiauxiliary" tense="present" wd="es"/>
      </grup.verb>
      <sn arg="arg2" corefsubtype="indefinit" coreftype="pred" entity="entity4" func="atr" tem="atr">
        <f lem="&quot;" pos="fe" punct="quotation" wd="&quot;"/>
        <spec gen="m" num="s">
          <d gen="m" lem="uno" num="s" pos="di0ms0" postype="indefinite" wd="un"/>
        </spec>
        <grup.nom gen="m" num="s">
          <s.a func="cn" gen="m" num="s">
            <grup.a gen="m" num="s">
              <a gen="m" lem="primero" num="s" pos="ao0ms0" postype="ordinal" wd="primer"/>
            </grup.a>
          </s.a>
          <n gen="m" lem="paso" lexicalid="noun.paso.2.default" num="s" origin="deverbal" pos="ncms000" postype="common" sense="16:03092396" wd="paso"/>
          <f lem="&quot;" pos="fe" punct="quotation" wd="&quot;"/>
          <sp arg="arg4" func="cn" tem="des">
            <prep>
              <s lem="hacia" pos="sps00" postype="preposition" wd="hacia"/>
            </prep>
            <sn entity="entity5" entityref="nne" homophoricDD="yes">
              <spec gen="f" num="s">
                <d gen="f" lem="el" num="s" pos="da0fs0" postype="article" wd="la"/>
              </spec>
              <grup.nom gen="f" num="s">
                <n gen="f" lem="democratización" lexicalid="noun.democratización.1.default" num="s" origin="deverbal" pos="ncfs000" postype="common" sense="16:00803479" wd="democratización"/>
                <sp arg="arg1" func="cn" tem="pat">
                  <prep>
                    <s lem="de" pos="sps00" postype="preposition" wd="de"/>
                  </prep>
                  <sn entity="entity7" entityref="ne" ne="location">
                    <grup.nom>
                      <n lem="Serbia" ne="location" pos="np00000" postype="proper" wd="Serbia"/>
                    </grup.nom>
                  </sn>
                </sp>
              </grup.nom>
            </sn>
          </sp>
          <S clausetype="relative" func="cn">
            <f lem="," pos="fc" punct="comma" wd=","/>
            <relatiu arg="arg1" coreftype="ident" entity="entity5" entityref="nne" func="suj" tem="tem">
              <p gen="c" lem="que" num="c" pos="pr0cn000" postype="relative" wd="que"/>
            </relatiu>
            <grup.verb>
              <v lem="quedar" lss="C21.state-attributive" mood="indicative" num="s" person="3" pos="vmif3s0" postype="main" tense="future" wd="quedará"/>
            </grup.verb>
            <sp arg="arg2" func="cc" tem="atr">
              <prep>
                <s lem="en" pos="sps00" postype="preposition" wd="en"/>
              </prep>
              <sn>
                <grup.nom gen="m" num="s">
                  <p gen="c" lem="nada" num="s" pos="pi0cs000" postype="indefinite" wd="nada"/>
                </grup.nom>
              </sn>
            </sp>
            <S clausesubtype="conditional" clausetype="adverbial" func="ao">
              <conj conjunctiontype="subordinating">
                <c lem="si" pos="cs" postype="subordinating" wd="si"/>
              </conj>
              <sn arg="arg0" entityref="nne" func="suj" homophoricDD="yes" tem="agt">
                <spec gen="f" num="p">
                  <d gen="f" lem="el" num="p" pos="da0fp0" postype="article" wd="las"/>
                </spec>
                <grup.nom gen="f" num="p">
                  <n gen="f" lem="autoridad" num="p" pos="ncfp000" postype="common" sense="16:04045518" wd="autoridades"/>
                  <sp>
                    <prep>
                      <s lem="de" pos="sps00" postype="preposition" wd="de"/>
                    </prep>
                    <sn entityref="ne" ne="location">
                      <grup.nom>
                        <n lem="Belgrado" ne="location" pos="np00000" postype="proper" wd="Belgrado"/>
                      </grup.nom>
                    </sn>
                  </sp>
                </grup.nom>
              </sn>
              <neg func="mod">
                <r lem="no" pos="rn" postype="negative" wd="no"/>
              </neg>
              <grup.verb>
                <v lem="transferir" lss="A21.transitive-agentive-patient" mood="indicative" num="p" person="3" pos="vmip3p0" postype="main" tense="present" wd="transfieren"/>
              </grup.verb>
              <sp arg="arg1" func="cd" tem="pat">
                <prep>
                  <s lem="a" pos="sps00" postype="preposition" wd="a"/>
                </prep>
                <sn coreftype="ident" entity="entity3" entityref="ne" ne="person">
                  <grup.nom gen="m" num="s">
                    <n lem="Milosevic" ne="person" pos="np00000" postype="proper" wd="Milosevic"/>
                  </grup.nom>
                </sn>
              </sp>
              <sp arg="arg2" func="ci" tem="ben">
                <prep>
                  <s contracted="yes" gen="m" lem="al" num="s" pos="spcms" postype="preposition" wd="al"/>
                </prep>
                <sn entityref="ne" ne="organization">
                  <grup.nom gen="m" num="s">
                    <n gen="m" lem="tribunal" num="s" pos="ncms000" postype="common" sense="16:02912496" wd="tribunal"/>
                    <s.a gen="m" num="s">
                      <grup.a gen="m" num="s">
                        <a gen="c" lem="internacional" num="s" pos="aq0cs0" postype="qualificative" wd="internacional"/>
                      </grup.a>
                    </s.a>
                    <sp>
                      <prep>
                        <s lem="de" pos="sps00" postype="preposition" wd="de"/>
                      </prep>
                      <sn entityref="ne" ne="location">
                        <grup.nom>
                          <n lem="La_Haya" ne="location" pos="np00000" postype="proper" wd="La_Haya"/>
                        </grup.nom>
                      </sn>
                    </sp>
                  </grup.nom>
                </sn>
              </sp>
            </S>
          </S>
        </grup.nom>
      </sn>
    </S>
    <f lem="." pos="fp" punct="period" wd="."/>
  </sentence>
  <sentence>
    <sn arg="arg1" entity="entity9" entityref="ne" func="suj" ne="organization" tem="tem">
      <grup.nom>
        <n lem="Macedonia" ne="organization" pos="np00000" postype="proper" wd="Macedonia"/>
      </grup.nom>
    </sn>
    <grup.verb>
      <v lem="ser" lss="C21.state-attributive" mood="indicative" num="s" person="3" pos="vsis3s0" postype="semiauxiliary" tense="past" wd="fue"/>
    </grup.verb>
    <sn arg="arg2" corefsubtype="definit" coreftype="pred" entity="entity9" func="atr" tem="atr">
      <spec gen="f" num="s">
        <d gen="f" lem="el" num="s" pos="da0fs0" postype="article" wd="la"/>
      </spec>
      <grup.nom gen="f" num="s">
        <n gen="f" lem="voz" num="s" pos="ncfs000" postype="common" sense="16:10391708" wd="voz"/>
        <s.a gen="f" num="s">
          <grup.a gen="f" num="s">
            <a gen="f" lem="crítico" num="s" pos="aq0fs0" postype="qualificative" wd="crítica"/>
          </grup.a>
        </s.a>
      </grup.nom>
    </sn>
    <f lem="." pos="fp" punct="period" wd="."/>
  </sentence>
  <sentence>
    <sn arg="arg0" entity="entity6" entityref="ne" func="suj" ne="person" tem="agt">
      <spec gen="m" num="s">
        <d gen="m" lem="el" num="s" pos="da0ms0" postype="article" wd="El"/>
      </spec>
      <grup.nom gen="m" num="s">
        <s.a gen="m" num="s">
          <grup.a gen="m" num="s">
            <a gen="m" lem="primero" num="s" pos="ao0ms0" postype="ordinal" wd="primer"/>
          </grup.a>
        </s.a>
        <n gen="m" lem="ministro" num="s" pos="ncms000" postype="common" sense="16:07412658" wd="ministro"/>
        <s.a gen="m" num="s">
          <grup.a gen="m" num="s">
            <a gen="m" lem="macedonio" num="s" pos="aq0ms0" postype="qualificative" wd="macedonio"/>
          </grup.a>
        </s.a>
        <sn corefsubtype="definit" coreftype="pred" entity="entity6" entityref="ne" ne="person">
          <f lem="," pos="fc" punct="comma" wd=","/>
          <grup.nom gen="m" num="s">
            <n lem="Ljubco_Georgievski" ne="person" pos="np00000" postype="proper" wd="Ljubco_Georgievski"/>
          </grup.nom>
          <f lem="," pos="fc" punct="comma" wd=","/>
        </sn>
      </grup.nom>
    </sn>
    <grup.verb>
      <v lem="reprobar" lss="A21.transitive-agentive-patient" mood="indicative" num="s" person="3" pos="vmis3s0" postype="main" tense="past" wd="reprobó"/>
    </grup.verb>
    <sp arg="arg1" func="cd" tem="pat">
      <prep>
        <s lem="a" pos="sps00" postype="preposition" wd="a"/>
      </prep>
      <sn entity="entity10" entityref="ne" ne="organization">
        <grup.nom>
          <n lem="EEUU" ne="organization" pos="np00000" postype="proper" wd="EEUU"/>
        </grup.nom>
      </sn>
    </sp>
    <sp arg="argM" func="cc" tem="cau">
      <prep>
        <s lem="por" pos="sps00" postype="preposition" wd="por"/>
      </prep>
      <S clausetype="completive" impersonal="yes">
        <infinitiu>
          <v lem="condicionar" lss="A34.ditransitive-patient-theme" mood="infinitive" pos="vmn0000" postype="main" wd="condicionar"/>
        </infinitiu>
        <sn arg="arg1" entityref="nne" func="cd" tem="pat">
          <spec arg="arg0" gen="f" num="s" tem="agt">
            <d coreftype="ident" entity="entity10" entityref="spec" gen="c" lem="su" num="s" person="3" pos="dp3cs0" postype="possessive" wd="su"/>
          </spec>
          <grup.nom gen="f" num="s">
            <n gen="f" lem="ayuda" lexicalid="noun.ayuda.1.default" num="s" origin="deverbal" pos="ncfs000" postype="common" sense="16:00786193" wd="ayuda"/>
            <sp arg="arg1" func="cn" tem="pat">
              <prep>
                <s lem="a" pos="sps00" postype="preposition" wd="a"/>
              </prep>
              <sn coreftype="ident" entity="entity7" entityref="ne" ne="location">
                <grup.nom>
                  <n lem="Serbia" ne="location" pos="np00000" postype="proper" wd="Serbia"/>
                </grup.nom>
              </sn>
            </sp>
          </grup.nom>
        </sn>
        <sp arg="arg2" func="creg" tem="tem">
          <prep>
            <s contracted="yes" gen="m" lem="al" num="s" pos="spcms" postype="preposition" wd="al"/>
          </prep>
          <sn coord="yes">
            <sn coreftype="ident" entity="entity4" entityref="nne">
              <grup.nom gen="m" num="s">
                <n gen="m" lem="arresto" lexicalid="noun.arresto.2.default" num="s" origin="deverbal" pos="ncms000" postype="common" sense="16:00054269" wd="arresto"/>
              </grup.nom>
            </sn>
            <conj conjunctiontype="coordinating">
              <c lem="y" pos="cc" postype="coordinating" wd="y"/>
            </conj>
            <sn entityref="nne">
              <spec gen="f" num="s">
                <d gen="f" lem="el" num="s" pos="da0fs0" postype="article" wd="la"/>
              </spec>
              <grup.nom gen="f" num="s">
                <n gen="f" lem="extradición" lexicalid="noun.extradición.2.default" num="s" origin="deverbal" pos="ncfs000" postype="common" sense="16:00139574" wd="extradición"/>
                <sp arg="arg1" func="cn" tem="pat">
                  <prep>
                    <s contracted="yes" gen="m" lem="del" num="s" pos="spcms" postype="preposition" wd="del"/>
                  </prep>
                  <sn coreftype="ident" entity="entity3" entityref="spec">
                    <grup.nom gen="m" num="s">
                      <s.a gen="m" num="s">
                        <grup.a gen="m" num="s">
                          <a gen="c" lem="ex" num="c" pos="aq0cn0" postype="qualificative" wd="ex"/>
                        </grup.a>
                      </s.a>
                      <n gen="m" lem="mandatario" num="s" pos="ncms000" postype="common" sense="16:07312570" wd="mandatario"/>
                    </grup.nom>
                  </sn>
                </sp>
              </grup.nom>
            </sn>
          </sn>
        </sp>
      </S>
    </sp>
    <f lem="." pos="fp" punct="period" wd="."/>
  </sentence>
  <sentence>
    <S arg="arg1" clausetype="completive" func="cd" tem="pat">
      <f lem="&quot;" pos="fe" punct="quotation" wd="&quot;"/>
      <sadv func="et">
        <grup.adv>
          <r lem="por_supuesto" pos="rg" wd="Por_supuesto"/>
        </grup.adv>
        <f lem="," pos="fc" punct="comma" wd=","/>
      </sadv>
      <sn arg="arg0" coreftype="ident" entity="entity3" entityref="ne" func="suj" ne="person" tem="agt">
        <grup.nom gen="m" num="s">
          <n lem="Milosevic" ne="person" pos="np00000" postype="proper" wd="Milosevic"/>
        </grup.nom>
      </sn>
      <grup.verb>
        <v lem="deber" mood="indicative" num="s" person="3" pos="vmip3s0" postype="main" tense="present" wd="debe"/>
        <infinitiu>
          <v lem="recibir" lss="A21.transitive-agentive-patient" mood="infinitive" pos="vmn0000" postype="main" wd="recibir"/>
        </infinitiu>
      </grup.verb>
      <sn arg="arg1" entity="entity8" entityref="nne" func="cd" homophoricDD="yes" tem="pat">
        <spec gen="m" num="s">
          <d gen="m" lem="el" num="s" pos="da0ms0" postype="article" wd="el"/>
        </spec>
        <grup.nom gen="m" num="s">
          <n gen="m" lem="castigo" lexicalid="noun.castigo.1.default" num="s" origin="deverbal" pos="ncms000" postype="common" sense="16:05035921" wd="castigo"/>
          <S clausetype="relative" func="cn">
            <relatiu arg="arg1" coreftype="ident" entity="entity8" entityref="nne" func="cd" tem="pat">
              <p gen="c" lem="que" num="c" pos="pr0cn000" postype="relative" wd="que"/>
            </relatiu>
            <sn arg="arg0" coreftype="ident" elliptic="yes" entity="entity3" entityref="spec" func="suj" tem="agt"/>
            <morfema.pronominal>
              <p gen="c" lem="él" num="c" person="3" pos="p0300000" wd="se"/>
            </morfema.pronominal>
            <grup.verb>
              <v lem="poder" mood="subjunctive" num="s" person="3" pos="vmsp3s0" postype="main" tense="present" wd="pueda"/>
              <infinitiu>
                <v lem="merecer" lss="A21.transitive-agentive-patient" mood="infinitive" pos="vmn0000" postype="main" wd="merecer"/>
              </infinitiu>
            </grup.verb>
          </S>
        </grup.nom>
      </sn>
      <f lem="&quot;" pos="fe" punct="quotation" wd="&quot;"/>
      <f lem="," pos="fc" punct="comma" wd=","/>
    </S>
    <grup.verb>
      <v lem="añadir" lss="A21.transitive-agentive-patient" mood="indicative" num="s" person="3" pos="vmis3s0" postype="main" tense="past" wd="añadió"/>
    </grup.verb>
    <sn arg="arg0" coreftype="ident" elliptic="yes" entity="entity6" entityref="spec" func="suj" tem="agt"/>
    <f lem="." pos="fp" punct="period" wd="."/>
  </sentence>
</article>
