<?xml version="1.0" encoding="UTF-8" standalone="no"?>
<!-- 

  ancora-2.0
       
			Copyright (C) 2007, 2008, 2009, 2010, 2011 UB - CLiC
			Centre de Llenguatge i Computació - Universitat de Barcelona
 
  This file is part of ancora-2.0.
 
  ancora-2.0 is free software and data: you can redistribute it and/or modify
  it under the terms of the GNU General Public License as published
  by the Free Software Foundation, either version 3 of the License,
  or (at your option) any later version.

  ancora-2.0 is distributed in the hope that it will be useful,
  but WITHOUT ANY WARRANTY; without even the implied warranty of
  MERCHANTABILITY or FITNESS FOR A PARTICULAR PURPOSE.  See the
  GNU General Public License for more details.
 
  You should have received a copy of the GNU General Public License
  along with ancora-2.0.  If not, see &lt;http://www.gnu.org/licenses/&gt;.
 
  Check a text in catalan explaining the terms of the license at http://www.softcatala.cat/wiki/GPL3.
  In spanish at http://www.viti.es/gnu/licenses/gpl.html
 

  The following paper must be cited when using this corpus:

 * Taulé, M., M.A. Martí, M. Recasens (2008) 'Ancora: Multilevel Annotated Corpora for Catalan and Spanish',
   Proceedings of 6th International Conference on Language Resources and Evaluation. Marrakesh (Morocco).

  In addition, the following paper must be cited if coreference information (attributes entity, coreftype,
  corefsubtype, homophoricDD or entityref) is used:

 * Recasens, Marta, M. Antònia Martí (2010) ‘AnCora-CO: Coreferentially annotated corpora for Spanish and
   Catalan’. Language Resources and Evaluation, Springer Science.

  Additionally, the following paper must be cited when argumental attributes in "sn" or "grup.nom"
  (attributes func, arg, tem or lexicalid) are used:

 * Peris, Aina, Mariona Taulé, Horacio Rodríguez (2010) ‘Semantic Annotation of Deverbal Nominalizations in the
   Spanish AnCora corpus’. Treebanks and Linguistic Theories (TLT-2010), Estonia.
-->
<article lng="es">
  <sentence>
    <sn arg="arg1" entity="entity1" entityref="ne" func="suj" ne="person" tem="tem">
      <spec gen="m" num="s">
        <d gen="m" lem="el" num="s" pos="da0ms0" postype="article" wd="El"/>
      </spec>
      <grup.nom gen="m" num="s">
        <s.a gen="m" num="s">
          <grup.a gen="m" num="s">
            <a gen="m" lem="primero" num="s" pos="ao0ms0" postype="ordinal" wd="primer"/>
          </grup.a>
        </s.a>
        <n gen="m" lem="ministro" num="s" pos="ncms000" postype="common" sense="16:07412658" wd="ministro"/>
        <sp>
          <prep>
            <s lem="de" pos="sps00" postype="preposition" wd="de"/>
          </prep>
          <sn entity="entity7" entityref="ne" ne="location">
            <grup.nom>
              <n lem="Turquía" ne="location" pos="np00000" postype="proper" wd="Turquía"/>
            </grup.nom>
          </sn>
        </sp>
        <sn corefsubtype="definit" coreftype="pred" entity="entity1" entityref="ne" ne="person">
          <f lem="," pos="fc" punct="comma" wd=","/>
          <grup.nom gen="m" num="s">
            <n lem="Bulent_Ecevit" ne="person" pos="np00000" postype="proper" wd="Bulent_Ecevit"/>
          </grup.nom>
          <f lem="," pos="fc" punct="comma" wd=","/>
        </sn>
      </grup.nom>
    </sn>
    <morfema.pronominal>
      <p gen="c" lem="él" num="c" person="3" pos="p0300000" wd="se"/>
    </morfema.pronominal>
    <grup.verb>
      <v lem="mostrar" lss="C21.state-attributive" mood="indicative" num="s" person="3" pos="vmis3s0" postype="main" tense="past" wd="mostró"/>
    </grup.verb>
    <sadv arg="argM" func="cc" tem="tmp">
      <grup.adv>
        <r lem="ayer" pos="rg" wd="ayer"/>
      </grup.adv>
    </sadv>
    <sa arg="arg2" func="cpred" predicate="suj" tem="atr">
      <grup.a>
        <a gen="c" lem="favorable" num="s" pos="aq0cs0" postype="qualificative" wd="favorable"/>
        <sp>
          <prep>
            <s lem="a" pos="sps00" postype="preposition" wd="a"/>
          </prep>
          <S clausetype="completive" impersonal="yes">
            <infinitiu>
              <v lem="suspender" lss="A21.transitive-agentive-patient" mood="infinitive" pos="vmn0000" postype="main" wd="suspender"/>
            </infinitiu>
            <sn arg="arg1" entityref="nne" func="cd" homophoricDD="yes" tem="pat">
              <spec gen="f" num="s">
                <d gen="f" lem="el" num="s" pos="da0fs0" postype="article" wd="la"/>
              </spec>
              <grup.nom gen="f" num="s">
                <n gen="f" lem="ejecución" lexicalid="noun.ejecución.2.default" num="s" origin="deverbal" pos="ncfs000" postype="common" sense="16:cs1" wd="ejecución"/>
                <sp arg="arg1" func="cn" tem="pat">
                  <prep>
                    <s contracted="yes" gen="m" lem="del" num="s" pos="spcms" postype="preposition" wd="del"/>
                  </prep>
                  <sn entity="entity4" entityref="ne" ne="person">
                    <grup.nom gen="m" num="s">
                      <n gen="c" lem="líder" num="s" pos="nccs000" postype="common" sense="16:06950891" wd="líder"/>
                      <s.a gen="m" num="s">
                        <grup.a gen="m" num="s">
                          <a gen="m" lem="kurdo" num="s" pos="aq0ms0" postype="qualificative" wd="kurdo"/>
                        </grup.a>
                      </s.a>
                      <sn entityref="ne" ne="person">
                        <grup.nom gen="m" num="s">
                          <n lem="Abdulá_Ocalan" ne="person" pos="np00000" postype="proper" wd="Abdulá_Ocalan"/>
                        </grup.nom>
                      </sn>
                    </grup.nom>
                  </sn>
                </sp>
              </grup.nom>
            </sn>
          </S>
        </sp>
      </grup.a>
    </sa>
    <f lem="." pos="fp" punct="period" wd="."/>
  </sentence>
  <sentence>
    <sn arg="arg0" coreftype="ident" entity="entity1" entityref="ne" func="suj" ne="person" tem="agt">
      <grup.nom gen="m" num="s">
        <n lem="Ecevit" ne="person" pos="np00000" postype="proper" wd="Ecevit"/>
      </grup.nom>
    </sn>
    <grup.verb>
      <v lem="considerar" lss="A21.transitive-agentive-patient" mood="indicative" num="s" person="3" pos="vmip3s0" postype="main" tense="present" wd="considera"/>
    </grup.verb>
    <S arg="arg1" clausetype="completive" func="cd" tem="pat">
      <conj conjunctiontype="subordinating">
        <c lem="que" pos="cs" postype="subordinating" wd="que"/>
      </conj>
      <morfema.verbal func="pass">
        <p gen="c" lem="se" num="c" pos="p0000000" wd="se"/>
      </morfema.verbal>
      <grup.verb>
        <v lem="deber" mood="indicative" num="s" person="3" pos="vmip3s0" postype="main" tense="present" wd="debe"/>
        <infinitiu>
          <v lem="respetar" lss="B22.unaccusative-passive-transitive" mood="infinitive" pos="vmn0000" postype="main" wd="respetar"/>
        </infinitiu>
      </grup.verb>
      <sn arg="arg1" entity="entity2" entityref="nne" func="suj" homophoricDD="yes" tem="pat">
        <spec gen="f" num="s">
          <d gen="f" lem="el" num="s" pos="da0fs0" postype="article" wd="la"/>
        </spec>
        <grup.nom gen="f" num="s">
          <n gen="f" lem="decisión" lexicalid="noun.decisión.1.default" num="s" origin="deverbal" pos="ncfs000" postype="common" sense="16:00105760" wd="decisión"/>
          <S clausetype="participle" func="cn" impersonal="yes">
            <participi>
              <a gen="f" lem="tomado" lss="B22.unaccusative-passive-transitive" num="s" pos="aq0fsp" posfunction="participle" postype="qualificative" wd="tomada"/>
            </participi>
            <sp arg="arg0" func="cag" tem="agt">
              <prep>
                <s lem="por" pos="sps00" postype="preposition" wd="por"/>
              </prep>
              <sn entity="entity6" entityref="ne" ne="organization">
                <spec gen="m" num="s">
                  <d gen="m" lem="el" num="s" pos="da0ms0" postype="article" wd="el"/>
                </spec>
                <grup.nom gen="m" num="s">
                  <n lem="Tribunal_Europeo_de_Derechos_Humanos" ne="organization" pos="np00000" postype="proper" wd="Tribunal_Europeo_de_Derechos_Humanos"/>
                </grup.nom>
              </sn>
            </sp>
          </S>
          <S clausetype="relative" func="cn">
            <sp arg="argM" func="cc" tem="loc">
              <prep>
                <s lem="en" pos="sps00" postype="preposition" wd="en"/>
              </prep>
              <sn coreftype="ident" entity="entity2" entityref="spec">
                <spec gen="f" num="s">
                  <d gen="f" lem="el" num="s" pos="da0fs0" postype="article" wd="la"/>
                </spec>
                <grup.nom gen="f" num="s">
                  <relatiu>
                    <p gen="c" lem="que" num="c" pos="pr0cn000" postype="relative" wd="que"/>
                  </relatiu>
                </grup.nom>
              </sn>
            </sp>
            <morfema.verbal func="pass">
              <p gen="c" lem="se" num="c" pos="p0000000" wd="se"/>
            </morfema.verbal>
            <grup.verb>
              <v lem="pedir" lss="B22.unaccusative-passive-transitive" mood="indicative" num="s" person="3" pos="vmip3s0" postype="main" tense="present" wd="pide"/>
            </grup.verb>
            <sp arg="arg2" func="ci" tem="ben">
              <prep>
                <s lem="a" pos="sps00" postype="preposition" wd="a"/>
              </prep>
              <sn entity="entity3" entityref="ne" ne="organization">
                <grup.nom>
                  <n lem="Ankara" ne="organization" pos="np00000" postype="proper" wd="Ankara"/>
                </grup.nom>
              </sn>
            </sp>
            <S arg="arg1" clausetype="completive" func="suj" num="p" tem="pat">
              <conj conjunctiontype="subordinating">
                <c lem="que" pos="cs" postype="subordinating" wd="que"/>
              </conj>
              <sn arg="arg0" coreftype="ident" elliptic="yes" entity="entity3" entityref="spec" func="suj" tem="agt"/>
              <grup.verb>
                <v lem="dar" lss="A34.ditransitive-patient-theme" mood="subjunctive" num="s" person="3" pos="vmsp3s0" postype="main" tense="present" wd="dé"/>
              </grup.verb>
              <sp arg="arg2" func="cc" tem="tem">
                <prep>
                  <s lem="por" pos="sps00" postype="preposition" wd="por"/>
                </prep>
                <S clausetype="participle" impersonal="yes">
                  <participi>
                    <a gen="f" lem="sobreseído" num="s" pos="aq0fsp" posfunction="participle" postype="qualificative" wd="sobreseída"/>
                  </participi>
                </S>
              </sp>
              <sn arg="arg1" entityref="nne" func="cd" homophoricDD="yes" tem="pat">
                <spec gen="f" num="s">
                  <d gen="f" lem="el" num="s" pos="da0fs0" postype="article" wd="la"/>
                </spec>
                <grup.nom gen="f" num="s">
                  <n gen="f" lem="condena" lexicalid="noun.condena.2.default" num="s" origin="deverbal" pos="ncfs000" postype="common" sense="16:00770012" wd="condena"/>
                  <sadv arg="arg2" func="cn" tem="tem">
                    <grup.adv>
                      <r lem="a_muerte" pos="rg" wd="a_muerte"/>
                    </grup.adv>
                  </sadv>
                  <sp arg="arg1" func="cn" tem="pat">
                    <prep>
                      <s lem="de" pos="sps00" postype="preposition" wd="de"/>
                    </prep>
                    <sn coreftype="ident" entity="entity4" entityref="ne" ne="person">
                      <grup.nom gen="m" num="s">
                        <n lem="Ocalan" ne="person" pos="np00000" postype="proper" wd="Ocalan"/>
                      </grup.nom>
                    </sn>
                  </sp>
                </grup.nom>
              </sn>
            </S>
          </S>
        </grup.nom>
      </sn>
    </S>
    <f lem="." pos="fp" punct="period" wd="."/>
  </sentence>
  <sentence>
    <sn arg="arg0" coreftype="ident" entity="entity1" entityref="ne" func="suj" ne="person" tem="agt">
      <grup.nom gen="m" num="s">
        <n lem="Ecevit" ne="person" pos="np00000" postype="proper" wd="Ecevit"/>
      </grup.nom>
    </sn>
    <grup.verb>
      <v lem="hacer" lss="A21.transitive-agentive-patient" mood="indicative" num="s" person="3" pos="vmis3s0" postype="main" tense="past" wd="hizo"/>
    </grup.verb>
    <sadv arg="argM" func="cc" tem="tmp">
      <grup.adv>
        <r lem="ayer" pos="rg" wd="ayer"/>
      </grup.adv>
    </sadv>
    <sn arg="arg1" corefsubtype="prop" coreftype="dx" entity="entity5" func="cd" tem="pat">
      <spec gen="f" num="p">
        <d gen="f" lem="este" num="p" pos="dd0fp0" postype="demonstrative" wd="estas"/>
      </spec>
      <grup.nom gen="f" num="p">
        <n arg="arg1" gen="f" lem="declaración" lexicalid="noun.declaración.1.default" num="p" origin="deverbal" pos="ncfp000" postype="common" sense="16:05040541" tem="pat" wd="declaraciones"/>
      </grup.nom>
    </sn>
    <sp arg="arg2" func="ci" tem="ben">
      <prep>
        <s contracted="yes" gen="m" lem="al" num="s" pos="spcms" postype="preposition" wd="al"/>
      </prep>
      <sn entityref="ne" ne="organization">
        <grup.nom gen="m" num="s">
          <n gen="m" lem="periódico" num="s" pos="ncms000" postype="common" sense="16:06009637" wd="periódico"/>
          <s.a gen="m" num="s">
            <grup.a gen="m" num="s">
              <a gen="m" lem="turco" num="s" pos="aq0ms0" postype="qualificative" wd="turco"/>
            </grup.a>
          </s.a>
          <sn entityref="ne" ne="organization">
            <grup.nom gen="m" num="s">
              <n lem="Radikal" ne="organization" pos="np00000" postype="proper" wd="Radikal"/>
            </grup.nom>
          </sn>
        </grup.nom>
      </sn>
    </sp>
    <f lem="." pos="fp" punct="period" wd="."/>
  </sentence>
  <sentence>
    <S arg="arg1" clausetype="completive" coord="yes" entity="entity5" func="cd" tem="pat">
      <f lem="&quot;" pos="fe" punct="quotation" wd="&quot;"/>
      <S adjunct="yes" clausesubtype="conditional" clausetype="adverbial" func="ao">
        <conj conjunctiontype="subordinating">
          <c lem="si" pos="cs" postype="subordinating" wd="Si"/>
        </conj>
        <sn arg="arg0" elliptic="yes" entityref="nne" func="suj" tem="agt"/>
        <grup.verb>
          <v lem="respetar" lss="A21.transitive-agentive-patient" mood="indicative" num="p" person="1" pos="vmip1p0" postype="main" tense="present" wd="respetamos"/>
        </grup.verb>
        <sn arg="arg1" entityref="nne" func="cd" tem="pat">
          <spec gen="f" num="s">
            <d gen="f" lem="el" num="s" pos="da0fs0" postype="article" wd="la"/>
          </spec>
          <grup.nom gen="f" num="s">
            <n gen="f" lem="petición" lexicalid="noun.petición.1.default" num="s" origin="deverbal" pos="ncfs000" postype="common" sense="16:04888919" wd="petición"/>
            <sp arg="arg1" func="cn" tem="pat">
              <prep>
                <s lem="de" pos="sps00" postype="preposition" wd="de"/>
              </prep>
              <sn>
                <grup.nom gen="f" num="s">
                  <n gen="f" lem="suspensión" lexicalid="noun.suspensión.1.default" num="s" origin="deverbal" pos="ncfs000" postype="common" sense="16:10093359" wd="suspensión"/>
                </grup.nom>
              </sn>
            </sp>
            <S clausetype="participle" func="cn" impersonal="yes">
              <participi>
                <a gen="f" lem="formulado" lss="B22.unaccusative-passive-transitive" num="s" pos="aq0fsp" posfunction="participle" postype="qualificative" wd="formulada"/>
              </participi>
              <sp arg="arg0" func="cag" tem="agt">
                <prep>
                  <s lem="por" pos="sps00" postype="preposition" wd="por"/>
                </prep>
                <sn coreftype="ident" entity="entity6" entityref="ne" ne="organization">
                  <spec gen="m" num="s">
                    <d gen="m" lem="el" num="s" pos="da0ms0" postype="article" wd="el"/>
                  </spec>
                  <grup.nom gen="m" num="s">
                    <n lem="Tribunal" ne="organization" pos="np00000" postype="proper" wd="Tribunal"/>
                  </grup.nom>
                </sn>
              </sp>
            </S>
          </grup.nom>
        </sn>
        <f lem="," pos="fc" punct="comma" wd=","/>
      </S>
      <S clausetype="completive" coord="yes">
        <S clausetype="completive">
          <sn arg="arg1" entityref="nne" func="suj" homophoricDD="yes" tem="tem">
            <spec gen="f" num="p">
              <d gen="f" lem="el" num="p" pos="da0fp0" postype="article" wd="las"/>
            </spec>
            <grup.nom gen="f" num="p">
              <n gen="f" lem="reacción" lexicalid="noun.reacción.1.default" num="p" origin="deverbal" pos="ncfp000" postype="common" sense="16:04544561" wd="reacciones"/>
              <sp arg="arg1" func="cn" tem="tem">
                <prep>
                  <s contracted="yes" gen="m" lem="del" num="s" pos="spcms" postype="preposition" wd="del"/>
                </prep>
                <sn entityref="nne" homophoricDD="yes">
                  <grup.nom gen="m" num="s">
                    <n gen="m" lem="público" num="s" pos="ncms000" postype="common" sense="16:06103316" wd="público"/>
                  </grup.nom>
                </sn>
              </sp>
            </grup.nom>
          </sn>
          <grup.verb>
            <v lem="poder" mood="indicative" num="p" person="3" pos="vmic3p0" postype="main" tense="conditional" wd="podrían"/>
            <infinitiu>
              <v lem="atenuar" lss="B21.unaccusative-state" mood="infinitive" pos="vmn0000" postype="main" wd="atenuarse"/>
            </infinitiu>
          </grup.verb>
          <sp arg="argM" func="cc" tem="tmp">
            <prep>
              <s lem="con" pos="sps00" postype="preposition" wd="con"/>
            </prep>
            <sn entityref="nne" homophoricDD="yes">
              <spec gen="m" num="s">
                <d gen="m" lem="el" num="s" pos="da0ms0" postype="article" wd="el"/>
              </spec>
              <grup.nom gen="m" num="s">
                <n gen="m" lem="tiempo" num="s" pos="ncms000" postype="common" sense="16:00015594" wd="tiempo"/>
              </grup.nom>
            </sn>
          </sp>
        </S>
        <conj conjunctiontype="coordinating">
          <c lem="y" pos="cc" postype="coordinating" wd="y"/>
        </conj>
        <S clausetype="completive">
          <grup.verb>
            <v lem="poder" mood="indicative" num="s" person="3" pos="vmic3s0" postype="main" tense="conditional" wd="podría"/>
            <infinitiu>
              <v lem="llegar" lss="B11.unaccusative-motion" mood="infinitive" pos="vmn0000" postype="main" wd="llegarse"/>
            </infinitiu>
          </grup.verb>
          <sp arg="arg4" func="cc" tem="des">
            <prep>
              <s lem="a" pos="sps00" postype="preposition" wd="a"/>
            </prep>
            <sn entityref="nne">
              <spec gen="f" num="s">
                <d gen="f" lem="uno" num="s" pos="di0fs0" postype="indefinite" wd="una"/>
              </spec>
              <grup.nom gen="f" num="s">
                <n gen="f" lem="solución" lexicalid="noun.solución.1.benefactive" num="s" origin="deverbal" pos="ncfs000" postype="common" sense="16:04377480" wd="solución"/>
                <s.a func="cn" gen="f" num="s">
                  <grup.a gen="f" num="s">
                    <a gen="f" lem="positivo" num="s" pos="aq0fs0" postype="qualificative" wd="positiva"/>
                  </grup.a>
                </s.a>
                <sp arg="arg2" func="cn" tem="ben">
                  <prep>
                    <s lem="para" pos="sps00" postype="preposition" wd="para"/>
                  </prep>
                  <sn coreftype="ident" entity="entity7" entityref="ne" ne="location">
                    <grup.nom>
                      <n lem="Turquía" ne="location" pos="np00000" postype="proper" wd="Turquía"/>
                    </grup.nom>
                  </sn>
                </sp>
              </grup.nom>
            </sn>
          </sp>
        </S>
      </S>
      <f lem="&quot;" pos="fe" punct="quotation" wd="&quot;"/>
      <f lem="," pos="fc" punct="comma" wd=","/>
    </S>
    <grup.verb>
      <v lem="añadir" lss="A21.transitive-agentive-patient" mood="indicative" num="s" person="3" pos="vmis3s0" postype="main" tense="past" wd="añadió"/>
    </grup.verb>
    <sn arg="arg0" coreftype="ident" elliptic="yes" entity="entity1" entityref="spec" func="suj" tem="agt"/>
    <f lem="." pos="fp" punct="period" wd="."/>
  </sentence>
  <sentence>
    <sn arg="arg0" coreftype="ident" entity="entity1" entityref="ne" func="suj" ne="person" tem="agt">
      <grup.nom gen="m" num="s">
        <n lem="Ecevit" ne="person" pos="np00000" postype="proper" wd="Ecevit"/>
      </grup.nom>
    </sn>
    <morfema.pronominal>
      <p gen="c" lem="él" num="c" person="3" pos="p0300000" wd="se"/>
    </morfema.pronominal>
    <grup.verb>
      <v lem="reunir" lss="A22.transitive-agentive-theme" mood="indicative" num="s" person="3" pos="vmif3s0" postype="main" tense="future" wd="reunirá"/>
    </grup.verb>
    <sn arg="argM" entityref="nne" func="cc" homophoricDD="yes" tem="tmp">
      <spec gen="f" num="s">
        <d gen="f" lem="el" num="s" pos="da0fs0" postype="article" wd="la"/>
      </spec>
      <grup.nom gen="f" num="s">
        <s.a gen="f" num="s">
          <grup.a gen="f" num="s">
            <a gen="f" lem="próximo" num="s" pos="aq0fs0" postype="qualificative" wd="próxima"/>
          </grup.a>
        </s.a>
        <n gen="f" lem="semana" num="s" pos="ncfs000" postype="common" sense="16:10862128" wd="semana"/>
      </grup.nom>
    </sn>
    <sp arg="arg1" func="creg" tem="tem">
      <prep>
        <s lem="con" pos="sps00" postype="preposition" wd="con"/>
      </prep>
      <sn entityref="nne">
        <spec gen="f" num="s">
          <d coreftype="ident" entity="entity1" entityref="spec" gen="c" lem="su" num="s" person="3" pos="dp3cs0" postype="possessive" wd="su"/>
        </spec>
        <grup.nom gen="f" num="s">
          <n gen="f" lem="coalición" lexicalid="noun.coalición.1.default" num="s" origin="deverbal" pos="ncfs000" postype="common" sense="16:06155266" wd="coalición"/>
        </grup.nom>
      </sn>
    </sp>
    <sp arg="argM" func="cc" tem="fin">
      <prep>
        <s lem="para" pos="sps00" postype="preposition" wd="para"/>
      </prep>
      <S clausetype="completive" impersonal="yes">
        <infinitiu>
          <v lem="decidir" lss="A21.transitive-agentive-patient" mood="infinitive" pos="vmn0000" postype="main" wd="decidir"/>
        </infinitiu>
        <sn arg="arg1" entityref="nne" func="cd" homophoricDD="yes" tem="pat">
          <spec gen="f" num="s">
            <d gen="f" lem="el" num="s" pos="da0fs0" postype="article" wd="la"/>
          </spec>
          <grup.nom gen="f" num="s">
            <n gen="f" lem="actitud" num="s" pos="ncfs000" postype="common" sense="16:04697893" wd="actitud"/>
            <sp>
              <prep>
                <s lem="a" pos="sps00" postype="preposition" wd="a"/>
              </prep>
              <S clausetype="completive" impersonal="yes">
                <infinitiu>
                  <v lem="adoptar" lss="A21.transitive-agentive-patient" mood="infinitive" pos="vmn0000" postype="main" wd="adoptar"/>
                </infinitiu>
              </S>
            </sp>
            <sp>
              <prep>
                <s contracted="yes" gen="m" lem="respecto_al" num="s" pos="spcms" postype="preposition" wd="respecto_al"/>
              </prep>
              <sn entityref="ne" ne="person">
                <grup.nom gen="m" num="s">
                  <n gen="c" lem="líder" num="s" pos="nccs000" postype="common" sense="16:06950891" wd="líder"/>
                  <sp>
                    <prep>
                      <s contracted="yes" gen="m" lem="del" num="s" pos="spcms" postype="preposition" wd="del"/>
                    </prep>
                    <sn entity="entity8" entityref="ne" ne="organization">
                      <grup.nom gen="m" num="s">
                        <n lem="Partido_de_los_Trabajadores_del_Kurdistán" ne="organization" pos="np00000" postype="proper" wd="Partido_de_los_Trabajadores_del_Kurdistán"/>
                        <sn corefsubtype="definit" coreftype="pred" entity="entity8" entityref="ne" ne="organization">
                          <grup.nom gen="m" num="s">
                            <f lem="(" pos="fpa" punct="bracket" punctenclose="open" wd="("/>
                            <n lem="PKK" ne="organization" pos="np00000" postype="proper" wd="PKK"/>
                            <f lem=")" pos="fpt" punct="bracket" punctenclose="close" wd=")"/>
                          </grup.nom>
                        </sn>
                      </grup.nom>
                    </sn>
                  </sp>
                  <S clausetype="participle" impersonal="yes">
                    <f lem="," pos="fc" punct="comma" wd=","/>
                    <participi>
                      <a gen="m" lem="condenado" lss="B22.unaccusative-passive-transitive" num="s" pos="aq0msp" posfunction="participle" postype="qualificative" wd="condenado"/>
                    </participi>
                    <sadv arg="arg2" func="creg" tem="tem">
                      <grup.adv>
                        <r lem="a_muerte" pos="rg" wd="a_muerte"/>
                      </grup.adv>
                    </sadv>
                    <sp arg="argM" func="cc" tem="tmp">
                      <prep>
                        <s lem="en" pos="sps00" postype="preposition" wd="en"/>
                      </prep>
                      <sn entityref="ne" ne="date">
                        <grup.nom gen="m" num="s">
                          <w lem="[??:??/06/??:??.??]" ne="date" wd="Junio"/>
                        </grup.nom>
                      </sn>
                    </sp>
                    <sp arg="argM" func="cc" tem="fin">
                      <prep>
                        <s lem="por" pos="sps00" postype="preposition" wd="por"/>
                      </prep>
                      <sn complex="yes" entityref="nne">
                        <grup.nom coord="yes">
                          <grup.nom gen="f" num="s">
                            <n gen="f" lem="traición" lexicalid="noun.traición.1.default" num="s" origin="deverbal" pos="ncfs000" postype="common" sense="16:03822672" wd="traición"/>
                          </grup.nom>
                          <conj conjunctiontype="coordinating">
                            <c lem="y" pos="cc" postype="coordinating" wd="y"/>
                          </conj>
                          <grup.nom gen="m" num="s">
                            <n gen="m" lem="separatismo" num="s" pos="ncms000" postype="common" sense="16:10086528" wd="separatismo"/>
                          </grup.nom>
                        </grup.nom>
                      </sn>
                    </sp>
                  </S>
                </grup.nom>
              </sn>
            </sp>
          </grup.nom>
        </sn>
      </S>
    </sp>
    <f lem="." pos="fp" punct="period" wd="."/>
  </sentence>
</article>
