<?xml version="1.0" encoding="UTF-8"?>
<!-- 

  ancora-2.0
       
			Copyright (C) 2007, 2008, 2009, 2010, 2011 UB - CLiC
			Centre de Llenguatge i Computació - Universitat de Barcelona
 
  This file is part of ancora-2.0.
 
  ancora-2.0 is free software and data: you can redistribute it and/or modify
  it under the terms of the GNU General Public License as published
  by the Free Software Foundation, either version 3 of the License,
  or (at your option) any later version.

  ancora-2.0 is distributed in the hope that it will be useful,
  but WITHOUT ANY WARRANTY; without even the implied warranty of
  MERCHANTABILITY or FITNESS FOR A PARTICULAR PURPOSE.  See the
  GNU General Public License for more details.
 
  You should have received a copy of the GNU General Public License
  along with ancora-2.0.  If not, see &lt;http://www.gnu.org/licenses/&gt;.
 
  Check a text in catalan explaining the terms of the license at http://www.softcatala.cat/wiki/GPL3.
  In spanish at http://www.viti.es/gnu/licenses/gpl.html
 

  The following paper must be cited when using this corpus:

 * Taulé, M., M.A. Martí, M. Recasens (2008) 'Ancora: Multilevel Annotated Corpora for Catalan and Spanish',
   Proceedings of 6th International Conference on Language Resources and Evaluation. Marrakesh (Morocco).

  In addition, the following paper must be cited if coreference information (attributes entity, coreftype,
  corefsubtype, homophoricDD or entityref) is used:

 * Recasens, Marta, M. Antònia Martí (2010) ‘AnCora-CO: Coreferentially annotated corpora for Spanish and
   Catalan’. Language Resources and Evaluation, Springer Science.

  Additionally, the following paper must be cited when argumental attributes in "sn" or "grup.nom"
  (attributes func, arg, tem or lexicalid) are used:

 * Peris, Aina, Mariona Taulé, Horacio Rodríguez (2010) ‘Semantic Annotation of Deverbal Nominalizations in the
   Spanish AnCora corpus’. Treebanks and Linguistic Theories (TLT-2010), Estonia.
-->
<article lng="es">
  <sentence>
    <sn arg="arg0" entityref="ne" func="suj" ne="organization" tem="agt" title="yes">
      <spec gen="m" num="s">
        <d gen="m" lem="el" num="s" pos="da0ms0" postype="article" wd="El"/>
      </spec>
      <grup.nom gen="m" num="s">
        <n lem="Kremlin" ne="organization" pos="np00000" postype="proper" wd="Kremlin"/>
      </grup.nom>
    </sn>
    <grup.verb>
      <v lem="decir" lss="A32.ditransitive-patient-benefactive" mood="indicative" num="s" person="3" pos="vmip3s0" postype="main" tense="present" wd="dice"/>
    </grup.verb>
    <S arg="arg1" clausetype="completive" func="cd" tem="pat">
      <conj conjunctiontype="subordinating">
        <c lem="que" pos="cs" postype="subordinating" wd="que"/>
      </conj>
      <sn arg="arg1" entityref="nne" func="suj" homophoricDD="yes" tem="tem" title="yes">
        <spec gen="f" num="s">
          <d gen="f" lem="el" num="s" pos="da0fs0" postype="article" wd="la"/>
        </spec>
        <grup.nom gen="f" num="s">
          <n gen="f" lem="misión" lexicalid="noun.misión.1.default" num="s" origin="deverbal" pos="ncfs000" postype="common" sense="16:00471060" wd="misión"/>
          <sp arg="arg1" func="cn" tem="pat">
            <prep>
              <s lem="de" pos="sps00" postype="preposition" wd="de"/>
            </prep>
            <sn entity="entity5" entityref="nne" homophoricDD="yes" title="yes">
              <spec gen="f" num="p">
                <d gen="f" lem="el" num="p" pos="da0fp0" postype="article" wd="las"/>
              </spec>
              <grup.nom gen="f" num="p">
                <n gen="f" lem="nave" num="p" pos="ncfp000" postype="common" sense="16:02515336" wd="naves"/>
              </grup.nom>
            </sn>
          </sp>
        </grup.nom>
      </sn>
      <grup.verb>
        <v lem="ser" lss="C21.state-attributive" mood="indicative" num="s" person="3" pos="vsip3s0" postype="semiauxiliary" tense="present" wd="es"/>
      </grup.verb>
      <f lem="&quot;" pos="fe" punct="quotation" wd="&quot;"/>
      <S arg="arg2" clausetype="completive" func="atr" impersonal="yes" tem="atr">
        <infinitiu>
          <v lem="evaluar" lss="A21.transitive-agentive-patient" mood="infinitive" pos="vmn0000" postype="main" wd="evaluar"/>
        </infinitiu>
        <sn arg="arg1" entity="entity3" entityref="nne" func="cd" homophoricDD="yes" tem="pat" title="yes">
          <spec gen="f" num="s">
            <d gen="f" lem="el" num="s" pos="da0fs0" postype="article" wd="la"/>
          </spec>
          <grup.nom gen="f" num="s">
            <n gen="f" lem="situación" lexicalid="noun.situación.2.anticausative" num="s" origin="deverbal" pos="ncfs000" postype="common" sense="16:10035141" wd="situación"/>
            <f lem="&quot;" pos="fe" punct="quotation" wd="&quot;"/>
            <sp arg="argM" func="cn" tem="loc">
              <prep>
                <s lem="en" pos="sps00" postype="preposition" wd="en"/>
              </prep>
              <sn entity="entity2" entityref="ne" ne="location" title="yes">
                <grup.nom>
                  <n lem="Kosovo" ne="location" pos="np00000" postype="proper" wd="Kosovo"/>
                </grup.nom>
              </sn>
            </sp>
          </grup.nom>
        </sn>
      </S>
    </S>
    <f lem="." pos="fp" punct="period" wd="."/>
  </sentence>
  <sentence>
    <sn arg="arg0" entity="entity1" entityref="ne" func="suj" ne="person" tem="agt">
      <spec gen="m" num="s">
        <d gen="m" lem="el" num="s" pos="da0ms0" postype="article" wd="El"/>
      </spec>
      <grup.nom gen="m" num="s">
        <n gen="m" lem="ministro" num="s" pos="ncms000" postype="common" sense="16:07412658" wd="ministro"/>
        <sp>
          <prep>
            <s lem="de" pos="sps00" postype="preposition" wd="de"/>
          </prep>
          <sn entityref="ne" ne="organization">
            <grup.nom>
              <n lem="Defensa" ne="organization" pos="np00000" postype="proper" wd="Defensa"/>
            </grup.nom>
          </sn>
        </sp>
        <s.a gen="m" num="s">
          <grup.a gen="m" num="s">
            <a gen="m" lem="ruso" num="s" pos="aq0ms0" postype="qualificative" wd="ruso"/>
          </grup.a>
        </s.a>
        <sn corefsubtype="definit" coreftype="pred" entity="entity1" entityref="ne" ne="person">
          <f lem="," pos="fc" punct="comma" wd=","/>
          <grup.nom gen="m" num="s">
            <n lem="Igor_Sergueyev" ne="person" pos="np00000" postype="proper" wd="Igor_Sergueyev"/>
          </grup.nom>
          <f lem="," pos="fc" punct="comma" wd=","/>
        </sn>
      </grup.nom>
    </sn>
    <grup.verb>
      <v lem="anunciar" lss="A21.transitive-agentive-patient" mood="indicative" num="s" person="3" pos="vmis3s0" postype="main" tense="past" wd="anunció"/>
    </grup.verb>
    <sn arg="argM" entityref="ne" func="cc" ne="date" tem="tmp">
      <spec gen="m" num="s">
        <d gen="m" lem="el" num="s" pos="da0ms0" postype="article" wd="el"/>
      </spec>
      <grup.nom gen="m" num="s">
        <w lem="[miércoles:??/??/??:??.??]" ne="date" wd="miércoles"/>
      </grup.nom>
    </sn>
    <sn arg="arg1" entity="entity8" entityref="nne" func="cd" homophoricDD="yes" tem="pat">
      <spec gen="m" num="s">
        <d gen="m" lem="el" num="s" pos="da0ms0" postype="article" wd="el"/>
      </spec>
      <grup.nom gen="m" num="s">
        <n gen="m" lem="envío" lexicalid="noun.envío.3.default" num="s" origin="deverbal" pos="ncms000" postype="common" sense="16:00034968" wd="envío"/>
        <sp arg="arg1" func="cn" tem="pat">
          <prep>
            <s lem="de" pos="sps00" postype="preposition" wd="de"/>
          </prep>
          <sn coreftype="ident" entity="entity5" entityref="nne">
            <spec gen="m" num="p">
              <d gen="c" lem="siete" num="p" pos="dn0cp0" postype="numeral" wd="siete"/>
            </spec>
            <grup.nom gen="m" num="p">
              <n gen="m" lem="navío" num="p" pos="ncmp000" postype="common" sense="16:cs2" wd="navíos"/>
              <sp>
                <prep>
                  <s lem="de" pos="sps00" postype="preposition" wd="de"/>
                </prep>
                <sn>
                  <grup.nom gen="f" num="s">
                    <n gen="f" lem="guerra" num="s" pos="ncfs000" postype="common" sense="16:10071856" wd="guerra"/>
                  </grup.nom>
                </sn>
              </sp>
            </grup.nom>
          </sn>
        </sp>
        <sp arg="argM" func="cn" tem="loc">
          <prep>
            <s lem="a" pos="sps00" postype="preposition" wd="a"/>
          </prep>
          <sn entityref="nne" homophoricDD="yes">
            <spec gen="f" num="p">
              <d gen="f" lem="el" num="p" pos="da0fp0" postype="article" wd="las"/>
            </spec>
            <grup.nom gen="f" num="p">
              <n gen="f" lem="proximidad" num="p" pos="ncfp000" postype="common" sense="16:03968750" wd="proximidades"/>
              <sp>
                <prep>
                  <s lem="de" pos="sps00" postype="preposition" wd="de"/>
                </prep>
                <sn entityref="ne" ne="location">
                  <spec gen="f" num="s">
                    <d gen="f" lem="el" num="s" pos="da0fs0" postype="article" wd="la"/>
                  </spec>
                  <grup.nom gen="f" num="s">
                    <n gen="f" lem="zona" num="s" pos="ncfs000" postype="common" sense="16:06395720" wd="zona"/>
                    <sp>
                      <prep>
                        <s contracted="yes" gen="m" lem="del" num="s" pos="spcms" postype="preposition" wd="del"/>
                      </prep>
                      <sn entityref="ne" ne="other">
                        <grup.nom gen="m" num="s">
                          <n gen="m" lem="conflicto" num="s" pos="ncms000" postype="common" sense="16:10071502" wd="conflicto"/>
                          <sp>
                            <prep>
                              <s lem="de" pos="sps00" postype="preposition" wd="de"/>
                            </prep>
                            <sn coreftype="ident" entity="entity2" entityref="ne" ne="location">
                              <grup.nom>
                                <n lem="Kosovo" ne="location" pos="np00000" postype="proper" wd="Kosovo"/>
                              </grup.nom>
                            </sn>
                          </sp>
                        </grup.nom>
                      </sn>
                    </sp>
                  </grup.nom>
                </sn>
              </sp>
            </grup.nom>
          </sn>
        </sp>
      </grup.nom>
    </sn>
    <sp arg="argM" func="cc" tem="fin">
      <prep>
        <s lem="para" pos="sps00" postype="preposition" wd="para"/>
      </prep>
      <S clausetype="completive" impersonal="yes">
        <f lem="&quot;" pos="fe" punct="quotation" wd="&quot;"/>
        <infinitiu>
          <v lem="evaluar" lss="A21.transitive-agentive-patient" mood="infinitive" pos="vmn0000" postype="main" wd="evaluar"/>
        </infinitiu>
        <sn arg="arg1" coreftype="ident" entity="entity3" entityref="nne" func="cd" tem="pat">
          <spec gen="f" num="s">
            <d gen="f" lem="el" num="s" pos="da0fs0" postype="article" wd="la"/>
          </spec>
          <grup.nom gen="f" num="s">
            <n gen="f" lem="situación" lexicalid="noun.situación.2.anticausative" num="s" origin="deverbal" pos="ncfs000" postype="common" sense="16:10035141" wd="situación"/>
          </grup.nom>
        </sn>
        <f lem="&quot;" pos="fe" punct="quotation" wd="&quot;"/>
        <sp arg="argM" func="cc" tem="tmp">
          <f lem="," pos="fc" punct="comma" wd=","/>
          <prep>
            <s lem="tras" pos="sps00" postype="preposition" wd="tras"/>
          </prep>
          <sn entity="entity18" entityref="nne" homophoricDD="yes">
            <spec gen="m" num="s">
              <d gen="m" lem="el" num="s" pos="da0ms0" postype="article" wd="el"/>
            </spec>
            <grup.nom gen="m" num="s">
              <n gen="m" lem="fracaso" lexicalid="noun.fracaso.2.default" num="s" origin="deverbal" pos="ncms000" postype="common" sense="16:10385774" wd="fracaso"/>
              <sn arg="argM" entityref="nne" func="cn" homophoricDD="yes" tem="tmp">
                <f lem="," pos="fc" punct="comma" wd=","/>
                <spec gen="m" num="s">
                  <d gen="m" lem="el" num="s" pos="da0ms0" postype="article" wd="el"/>
                </spec>
                <grup.nom gen="m" num="s">
                  <n gen="m" lem="día" num="s" pos="ncms000" postype="common" sense="16:10851114" wd="día"/>
                  <s.a gen="m" num="s">
                    <grup.a gen="m" num="s">
                      <a gen="c" lem="anterior" num="s" pos="aq0cs0" postype="qualificative" wd="anterior"/>
                    </grup.a>
                  </s.a>
                </grup.nom>
                <f lem="," pos="fc" punct="comma" wd=","/>
              </sn>
              <sp arg="arg0" func="cn" tem="agt">
                <prep>
                  <s lem="de" pos="sps00" postype="preposition" wd="de"/>
                </prep>
                <sn entityref="nne" homophoricDD="yes">
                  <spec gen="f" num="s">
                    <d gen="f" lem="el" num="s" pos="da0fs0" postype="article" wd="la"/>
                  </spec>
                  <grup.nom gen="f" num="s">
                    <n gen="f" lem="mediación" lexicalid="noun.mediación.1.default" num="s" origin="deverbal" pos="ncfs000" postype="common" sense="16:05349429" wd="mediación"/>
                    <sp arg="arg1" func="cn" tem="tem">
                      <prep>
                        <s contracted="yes" gen="m" lem="del" num="s" pos="spcms" postype="preposition" wd="del"/>
                      </prep>
                      <sn entity="entity4" entityref="ne" ne="person">
                        <grup.nom gen="m" num="s">
                          <s.a gen="m" num="s">
                            <grup.a gen="m" num="s">
                              <a gen="m" lem="primero" num="s" pos="ao0ms0" postype="ordinal" wd="primer"/>
                            </grup.a>
                          </s.a>
                          <n gen="m" lem="ministro" num="s" pos="ncms000" postype="common" sense="16:07412658" wd="ministro"/>
                          <sn corefsubtype="definit" coreftype="pred" entity="entity4" entityref="ne" ne="person">
                            <f lem="," pos="fc" punct="comma" wd=","/>
                            <grup.nom gen="m" num="s">
                              <n lem="Yevgueni_Primakov" ne="person" pos="np00000" postype="proper" wd="Yevgueni_Primakov"/>
                            </grup.nom>
                          </sn>
                        </grup.nom>
                      </sn>
                    </sp>
                  </grup.nom>
                </sn>
              </sp>
            </grup.nom>
          </sn>
        </sp>
      </S>
    </sp>
    <f lem="." pos="fp" punct="period" wd="."/>
  </sentence>
  <sentence>
    <sn arg="arg0" coreftype="ident" entity="entity5" entityref="nne" func="suj" tem="agt">
      <spec gen="m" num="p">
        <d gen="m" lem="el" num="p" pos="da0mp0" postype="article" wd="Los"/>
      </spec>
      <grup.nom gen="m" num="p">
        <n gen="m" lem="buque" num="p" pos="ncmp000" postype="common" sense="16:03318070" wd="buques"/>
        <s.a gen="m" num="p">
          <grup.a gen="m" num="p">
            <a gen="m" lem="ruso" num="p" pos="aq0mp0" postype="qualificative" wd="rusos"/>
          </grup.a>
        </s.a>
      </grup.nom>
    </sn>
    <grup.verb>
      <v lem="volver" mood="indicative" num="p" person="3" pos="vmif3p0" postype="main" tense="future" wd="volverán"/>
      <s lem="a" pos="sps00" postype="preposition" wd="a"/>
      <infinitiu>
        <v lem="navegar" lss="D11.inergative-agentive" mood="infinitive" pos="vmn0000" postype="main" wd="navegar"/>
      </infinitiu>
    </grup.verb>
    <sp arg="argM" func="cc" tem="loc">
      <prep>
        <s lem="por" pos="sps00" postype="preposition" wd="por"/>
      </prep>
      <sn entityref="nne" homophoricDD="yes">
        <spec gen="f" num="p">
          <d gen="f" lem="el" num="p" pos="da0fp0" postype="article" wd="las"/>
        </spec>
        <grup.nom gen="f" num="p">
          <n gen="f" lem="agua" num="p" pos="ncfp000" postype="common" sense="16:10650211" wd="aguas"/>
          <sp>
            <prep>
              <s contracted="yes" gen="m" lem="del" num="s" pos="spcms" postype="preposition" wd="del"/>
            </prep>
            <sn entity="entity6" entityref="ne" ne="location">
              <grup.nom gen="m" num="s">
                <n lem="Mediterráneo" ne="location" pos="np00000" postype="proper" wd="Mediterráneo"/>
                <S clausetype="relative">
                  <f lem="," pos="fc" punct="comma" wd=","/>
                  <sp arg="arg2" func="cc" tem="loc">
                    <prep>
                      <s contracted="yes" gen="m" lem="del" num="s" pos="spcms" postype="preposition" wd="del"/>
                    </prep>
                    <sn coreftype="ident" entity="entity6" entityref="spec">
                      <grup.nom gen="m" num="s">
                        <relatiu>
                          <p gen="c" lem="que" num="c" pos="pr0cn000" postype="relative" wd="que"/>
                        </relatiu>
                      </grup.nom>
                    </sn>
                  </sp>
                  <sn arg="arg1" coreftype="ident" elliptic="yes" entity="entity5" entityref="nne" func="suj" tem="tem"/>
                  <morfema.pronominal>
                    <p gen="c" lem="él" num="c" person="3" pos="p0300000" wd="se"/>
                  </morfema.pronominal>
                  <grup.verb>
                    <v lem="haber" mood="indicative" num="p" person="3" pos="vaii3p0" postype="auxiliary" tense="imperfect" wd="habían"/>
                    <v gen="m" lem="retirar" lss="B21.unaccusative-state" mood="participle" num="s" pos="vmp00sm" postype="main" wd="retirado"/>
                  </grup.verb>
                  <sp arg="argM" func="cc" tem="tmp">
                    <prep>
                      <s lem="tras" pos="sps00" postype="preposition" wd="tras"/>
                    </prep>
                    <sn entityref="nne" homophoricDD="yes">
                      <spec gen="f" num="s">
                        <d gen="f" lem="el" num="s" pos="da0fs0" postype="article" wd="la"/>
                      </spec>
                      <grup.nom gen="f" num="s">
                        <n gen="f" lem="caída" lexicalid="noun.caída.2.default" num="s" origin="deverbal" pos="ncfs000" postype="common" sense="16:00040312" wd="caída"/>
                        <sp arg="arg1" func="cn" tem="tem">
                          <prep>
                            <s lem="de" pos="sps00" postype="preposition" wd="de"/>
                          </prep>
                          <sn entityref="ne" ne="organization">
                            <spec gen="f" num="s">
                              <d gen="f" lem="el" num="s" pos="da0fs0" postype="article" wd="la"/>
                            </spec>
                            <grup.nom gen="f" num="s">
                              <n lem="URSS" ne="organization" pos="np00000" postype="proper" wd="URSS"/>
                            </grup.nom>
                          </sn>
                        </sp>
                      </grup.nom>
                    </sn>
                  </sp>
                </S>
              </grup.nom>
            </sn>
          </sp>
        </grup.nom>
      </sn>
    </sp>
    <f lem="." pos="fp" punct="period" wd="."/>
  </sentence>
  <sentence coord="yes">
    <S>
      <sn arg="arg0" entity="entity7" entityref="ne" func="suj" ne="organization" tem="agt">
        <grup.nom>
          <n lem="Rusia" ne="organization" pos="np00000" postype="proper" wd="Rusia"/>
        </grup.nom>
      </sn>
      <grup.verb>
        <v lem="desempolvar" lss="A21.transitive-agentive-patient" mood="indicative" num="s" person="3" pos="vmip3s0" postype="main" tense="present" wd="desempolva"/>
      </grup.verb>
      <sn arg="arg1" entity="entity16" entityref="nne" func="cd" homophoricDD="yes" tem="pat">
        <spec gen="f" num="s">
          <d gen="f" lem="el" num="s" pos="da0fs0" postype="article" wd="la"/>
        </spec>
        <grup.nom gen="f" num="s">
          <n gen="f" lem="retórica" num="s" pos="ncfs000" postype="common" sense="16:05297474" wd="retórica"/>
          <sp>
            <prep>
              <s lem="de" pos="sps00" postype="preposition" wd="de"/>
            </prep>
            <sn entity="entity14" entityref="nne" homophoricDD="yes">
              <spec gen="f" num="s">
                <d gen="f" lem="el" num="s" pos="da0fs0" postype="article" wd="la"/>
              </spec>
              <grup.nom gen="f" num="s">
                <n gen="f" lem="guerra_fría" num="s" pos="ncfs000" postype="common" sense="16:10072276" wd="guerra_fría"/>
              </grup.nom>
            </sn>
          </sp>
        </grup.nom>
      </sn>
    </S>
    <conj conjunctiontype="coordinating">
      <c lem="y" pos="cc" postype="coordinating" wd="y"/>
    </conj>
    <S>
      <sn arg="arg0" coreftype="ident" elliptic="yes" entity="entity7" entityref="spec" func="suj" tem="agt"/>
      <morfema.pronominal>
        <p gen="c" lem="él" num="c" person="3" pos="p0300000" wd="se"/>
      </morfema.pronominal>
      <grup.verb>
        <v lem="adentrar" lss="D11.inergative-agentive" mood="indicative" num="s" person="3" pos="vmip3s0" postype="main" tense="present" wd="adentra"/>
      </grup.verb>
      <sadv arg="argM" func="cc" tem="adv">
        <sn adjunct="yes" entityref="nne">
          <spec gen="f" num="s">
            <d gen="c" lem="cada" num="s" pos="di0cs0" postype="indefinite" wd="cada"/>
          </spec>
          <grup.nom gen="f" num="s">
            <n gen="f" lem="vez" num="s" pos="ncfs000" postype="common" sense="16:05449233" wd="vez"/>
          </grup.nom>
        </sn>
        <sadv>
          <grup.adv>
            <r lem="más" pos="rg" wd="más"/>
          </grup.adv>
        </sadv>
      </sadv>
      <sp arg="argM" func="cc" tem="loc">
        <prep>
          <s lem="en" pos="sps00" postype="preposition" wd="en"/>
        </prep>
        <sn entityref="nne" homophoricDD="yes">
          <spec gen="f" num="s">
            <d gen="f" lem="el" num="s" pos="da0fs0" postype="article" wd="la"/>
          </spec>
          <grup.nom gen="f" num="s">
            <n gen="f" lem="estrategia" num="s" pos="ncfs000" postype="common" sense="16:04538868" wd="estrategia"/>
            <sp>
              <prep>
                <s lem="de" pos="sps00" postype="preposition" wd="de"/>
              </prep>
              <S clausetype="completive" impersonal="yes">
                <infinitiu>
                  <v lem="incrementar" lss="A11.transitive-causative" mood="infinitive" pos="vmn0000" postype="main" wd="incrementar"/>
                </infinitiu>
                <sn arg="arg1" entity="entity9" entityref="nne" func="cd" homophoricDD="yes" tem="tem">
                  <spec gen="f" num="s">
                    <d gen="f" lem="el" num="s" pos="da0fs0" postype="article" wd="la"/>
                  </spec>
                  <grup.nom gen="f" num="s">
                    <n gen="f" lem="tensión" lexicalid="noun.tensión.1.default" num="s" origin="deverbal" pos="ncfs000" postype="common" sense="16:10313853" wd="tensión"/>
                  </grup.nom>
                </sn>
                <sp arg="argM" func="cc" tem="adv">
                  <f lem="," pos="fc" punct="comma" wd=","/>
                  <prep>
                    <c lem="como" pos="cs" postype="subordinating" wd="como"/>
                  </prep>
                  <sn>
                    <grup.nom gen="f" num="s">
                      <n gen="f" lem="respuesta" lexicalid="noun.respuesta.4.default" num="s" origin="deverbal" pos="ncfs000" postype="common" sense="16:05055491" wd="respuesta"/>
                      <sp arg="arg2" func="cn" tem="tem">
                        <prep>
                          <s lem="a" pos="sps00" postype="preposition" wd="a"/>
                        </prep>
                        <sn entityref="nne">
                          <spec gen="m" num="s">
                            <d gen="c" lem="el" num="s" pos="da0ns0" postype="article" wd="lo"/>
                          </spec>
                          <grup.nom gen="m" num="s">
                            <S clausetype="relative">
                              <relatiu arg="arg1" func="suj" num="p" tem="pat">
                                <p gen="c" lem="que" num="c" pos="pr0cn000" postype="relative" wd="que"/>
                              </relatiu>
                              <sp arg="argM" func="cc" tem="loc">
                                <prep>
                                  <s lem="en" pos="sps00" postype="preposition" wd="en"/>
                                </prep>
                                <sn coreftype="ident" entity="entity7" entityref="spec">
                                  <spec gen="m" num="s">
                                    <d gen="m" lem="el" num="s" pos="da0ms0" postype="article" wd="el"/>
                                  </spec>
                                  <grup.nom gen="m" num="s">
                                    <n gen="m" lem="país" num="s" pos="ncms000" postype="common" sense="16:06299747" wd="país"/>
                                  </grup.nom>
                                </sn>
                              </sp>
                              <morfema.verbal func="pass">
                                <p gen="c" lem="se" num="c" pos="p0000000" wd="se"/>
                              </morfema.verbal>
                              <grup.verb>
                                <v lem="considerar" lss="B22.unaccusative-passive-transitive" mood="indicative" num="s" person="3" pos="vmip3s0" postype="main" tense="present" wd="considera"/>
                              </grup.verb>
                              <sn arg="arg2" entityref="nne" func="cpred" predicate="suj" tem="atr">
                                <spec gen="f" num="s">
                                  <d gen="f" lem="uno" num="s" pos="di0fs0" postype="indefinite" wd="una"/>
                                </spec>
                                <grup.nom gen="f" num="s">
                                  <f lem="&quot;" pos="fe" punct="quotation" wd="&quot;"/>
                                  <n gen="f" lem="agresión" lexicalid="noun.agresión.1.default" num="s" origin="deverbal" pos="ncfs000" postype="common" sense="16:00619453" wd="agresión"/>
                                  <f lem="&quot;" pos="fe" punct="quotation" wd="&quot;"/>
                                  <sp arg="arg1" func="cn" tem="pat">
                                    <prep>
                                      <s lem="contra" pos="sps00" postype="preposition" wd="contra"/>
                                    </prep>
                                    <sn entityref="nne">
                                      <spec gen="m" num="s">
                                        <d gen="m" lem="uno" num="s" pos="di0ms0" postype="indefinite" wd="un"/>
                                      </spec>
                                      <grup.nom gen="m" num="s">
                                        <f lem="&quot;" pos="fe" punct="quotation" wd="&quot;"/>
                                        <n lem="Estado" ne="organization" pos="np00000" postype="proper" sense="16:cs2" wd="Estado"/>
                                        <s.a gen="m" num="s">
                                          <grup.a gen="m" num="s">
                                            <a gen="m" lem="soberano" num="s" pos="aq0ms0" postype="qualificative" wd="soberano"/>
                                          </grup.a>
                                        </s.a>
                                        <f lem="&quot;" pos="fe" punct="quotation" wd="&quot;"/>
                                      </grup.nom>
                                    </sn>
                                  </sp>
                                </grup.nom>
                              </sn>
                            </S>
                          </grup.nom>
                        </sn>
                      </sp>
                    </grup.nom>
                  </sn>
                </sp>
              </S>
            </sp>
          </grup.nom>
        </sn>
      </sp>
    </S>
    <f lem="." pos="fp" punct="period" wd="."/>
  </sentence>
  <sentence>
    <S arg="argM" clausetype="adverbial" func="cc" impersonal="yes" tem="adv">
      <gerundi>
        <v lem="ceder" lss="D11.inergative-agentive" mood="gerund" pos="vmg0000" postype="main" wd="Cediendo"/>
      </gerundi>
      <sp arg="argM" func="cc" tem="adv">
        <prep>
          <s lem="a" pos="sps00" postype="preposition" wd="a"/>
        </prep>
        <sn coreftype="ident" entity="entity9" entityref="nne" homophoricDD="yes">
          <spec gen="f" num="p">
            <d gen="f" lem="el" num="p" pos="da0fp0" postype="article" wd="las"/>
          </spec>
          <grup.nom gen="f" num="p">
            <n gen="f" lem="presión" lexicalid="noun.presión.1.default" num="p" origin="deverbal" pos="ncfp000" postype="common" sense="16:10368592" wd="presiones"/>
            <sp arg="arg0" func="cn" tem="agt">
              <prep>
                <s lem="de" pos="sps00" postype="preposition" wd="de"/>
              </prep>
              <sn complex="yes">
                <grup.nom coord="yes">
                  <grup.nom gen="m" num="p">
                    <n gen="c" lem="nacionalista" num="p" pos="nccp000" postype="common" sense="16:07462325" wd="nacionalistas"/>
                  </grup.nom>
                  <conj conjunctiontype="coordinating">
                    <c lem="y" pos="cc" postype="coordinating" wd="y"/>
                  </conj>
                  <grup.nom gen="m" num="p">
                    <n gen="c" lem="comunista" num="p" pos="nccp000" postype="common" sense="16:07171993" wd="comunistas"/>
                  </grup.nom>
                </grup.nom>
              </sn>
            </sp>
          </grup.nom>
        </sn>
      </sp>
      <f lem="," pos="fc" punct="comma" wd=","/>
    </S>
    <sn arg="arg0" entityref="ne" func="suj" ne="organization" tem="agt">
      <grup.nom>
        <n lem="Moscú" ne="organization" pos="np00000" postype="proper" wd="Moscú"/>
      </grup.nom>
    </sn>
    <grup.verb>
      <v lem="haber" mood="indicative" num="s" person="3" pos="vaip3s0" postype="auxiliary" tense="present" wd="ha"/>
      <v gen="m" lem="decidir" lss="A21.transitive-agentive-patient" mood="participle" num="s" pos="vmp00sm" postype="main" wd="decidido"/>
    </grup.verb>
    <sn arg="arg1" coreftype="ident" entity="entity8" entityref="nne" func="cd" homophoricDD="yes" tem="pat">
      <spec gen="m" num="s">
        <d gen="m" lem="el" num="s" pos="da0ms0" postype="article" wd="el"/>
      </spec>
      <grup.nom gen="m" num="s">
        <n gen="m" lem="envío" lexicalid="noun.envío.1.default" num="s" origin="deverbal" pos="ncms000" postype="common" sense="16:00034968" wd="envío"/>
        <sp arg="arg1" func="cn" tem="pat">
          <prep>
            <s lem="de" pos="sps00" postype="preposition" wd="de"/>
          </prep>
          <sn coreftype="ident" entity="entity5" entityref="nne" homophoricDD="yes">
            <spec gen="m" num="p">
              <d gen="m" lem="el" num="p" pos="da0mp0" postype="article" wd="los"/>
            </spec>
            <grup.nom gen="m" num="p">
              <n gen="m" lem="buque" num="p" pos="ncmp000" postype="common" sense="16:03318070" wd="buques"/>
              <sp>
                <prep>
                  <s lem="de" pos="sps00" postype="preposition" wd="de"/>
                </prep>
                <sn entityref="ne" ne="organization">
                  <spec gen="f" num="s">
                    <d gen="f" lem="el" num="s" pos="da0fs0" postype="article" wd="la"/>
                  </spec>
                  <grup.nom gen="f" num="s">
                    <n gen="f" lem="flota" num="s" pos="ncfs000" postype="common" sense="16:06154325" wd="flota"/>
                    <sp>
                      <prep>
                        <s contracted="yes" gen="m" lem="del" num="s" pos="spcms" postype="preposition" wd="del"/>
                      </prep>
                      <sn entityref="ne" ne="location">
                        <grup.nom gen="m" num="s">
                          <n lem="Mar_Negro" ne="location" pos="np00000" postype="proper" wd="Mar_Negro"/>
                        </grup.nom>
                      </sn>
                    </sp>
                  </grup.nom>
                </sn>
              </sp>
              <S clausetype="relative">
                <f lem="," pos="fc" punct="comma" wd=","/>
                <sn arg="arg0" entityref="nne" func="suj" homophoricDD="yes" tem="agt">
                  <spec gen="m" num="s">
                    <d gen="m" lem="el" num="s" pos="da0ms0" postype="article" wd="el"/>
                  </spec>
                  <grup.nom gen="m" num="s">
                    <s.a gen="m" num="s">
                      <grup.a gen="m" num="s">
                        <a gen="m" lem="primero" num="s" pos="ao0ms0" postype="ordinal" wd="primero"/>
                      </grup.a>
                    </s.a>
                    <sp>
                      <prep>
                        <s lem="de" pos="sps00" postype="preposition" wd="de"/>
                      </prep>
                      <sn coreftype="ident" entity="entity5" entityref="nne">
                        <spec gen="m" num="p">
                          <d gen="m" lem="el" num="p" pos="da0mp0" postype="article" wd="los"/>
                        </spec>
                        <grup.nom gen="m" num="p">
                          <p gen="c" lem="cual" num="p" pos="pr0cp000" postype="relative" wd="cuales"/>
                        </grup.nom>
                      </sn>
                    </sp>
                  </grup.nom>
                </sn>
                <grup.verb>
                  <v lem="zarpar" lss="D11.inergative-agentive" mood="indicative" num="s" person="3" pos="vmif3s0" postype="main" tense="future" wd="zarpará"/>
                </grup.verb>
                <sn arg="argM" entityref="ne" func="cc" ne="date" tem="tmp">
                  <spec gen="m" num="s">
                    <d gen="m" lem="el" num="s" pos="da0ms0" postype="article" wd="el"/>
                  </spec>
                  <grup.nom gen="m" num="s">
                    <w lem="[viernes:??/??/??:??.??]" ne="date" wd="viernes"/>
                  </grup.nom>
                </sn>
              </S>
            </grup.nom>
          </sn>
        </sp>
      </grup.nom>
    </sn>
    <f lem="." pos="fp" punct="period" wd="."/>
  </sentence>
  <sentence>
    <sadv func="et">
      <grup.adv>
        <r lem="además" pos="rg" wd="Además"/>
      </grup.adv>
      <f lem="," pos="fc" punct="comma" wd=","/>
    </sadv>
    <sn arg="arg0" entity="entity10" entityref="ne" func="suj" ne="person" tem="agt">
      <spec gen="m" num="s">
        <d gen="m" lem="el" num="s" pos="da0ms0" postype="article" wd="el"/>
      </spec>
      <grup.nom gen="m" num="s">
        <n lem="Jefe_del_Estado_Mayor" ne="person" pos="np00000" postype="proper" wd="Jefe_del_Estado_Mayor"/>
        <sn corefsubtype="definit" coreftype="pred" entity="entity10" entityref="ne" ne="person">
          <f lem="," pos="fc" punct="comma" wd=","/>
          <grup.nom gen="m" num="s">
            <n lem="Anatoli_Kvashnin" ne="person" pos="np00000" postype="proper" wd="Anatoli_Kvashnin"/>
          </grup.nom>
          <f lem="," pos="fc" punct="comma" wd=","/>
        </sn>
      </grup.nom>
    </sn>
    <grup.verb>
      <v lem="recordar" lss="A21.transitive-agentive-patient" mood="indicative" num="s" person="3" pos="vmis3s0" postype="main" tense="past" wd="recordó"/>
    </grup.verb>
    <S arg="arg1" clausetype="completive" func="cd" tem="pat">
      <conj conjunctiontype="subordinating">
        <c lem="que" pos="cs" postype="subordinating" wd="que"/>
      </conj>
      <sp arg="argM" func="cc" tem="adv">
        <f lem="," pos="fc" punct="comma" wd=","/>
        <prep>
          <s lem="pese_a" pos="sps00" postype="preposition" wd="pese_a"/>
        </prep>
        <sn entityref="nne" homophoricDD="yes">
          <spec gen="f" num="s">
            <d gen="f" lem="el" num="s" pos="da0fs0" postype="article" wd="la"/>
          </spec>
          <grup.nom gen="f" num="s">
            <n gen="f" lem="crisis" num="c" pos="ncfn000" postype="common" sense="16:10040291" wd="crisis"/>
          </grup.nom>
        </sn>
        <f lem="," pos="fc" punct="comma" wd=","/>
      </sp>
      <sn arg="arg1" coreftype="ident" entity="entity7" entityref="ne" func="suj" ne="organization" tem="tem">
        <grup.nom>
          <n lem="Rusia" ne="organization" pos="np00000" postype="proper" wd="Rusia"/>
        </grup.nom>
      </sn>
      <grup.verb>
        <v lem="ser" lss="C21.state-attributive" mood="indicative" num="s" person="3" pos="vsip3s0" postype="semiauxiliary" tense="present" wd="es"/>
      </grup.verb>
      <sn arg="arg2" corefsubtype="indefinit" coreftype="pred" entity="entity7" func="atr" tem="atr">
        <spec gen="m" num="s">
          <d gen="m" lem="uno" num="s" pos="di0ms0" postype="indefinite" wd="un"/>
        </spec>
        <grup.nom gen="m" num="s">
          <n gen="m" lem="país" num="s" pos="ncms000" postype="common" sense="16:06299747" wd="país"/>
          <S clausetype="relative" coord="yes">
            <sp>
              <prep>
                <s lem="con" pos="sps00" postype="preposition" wd="con"/>
              </prep>
              <sn entity="entity11" entityref="nne">
                <grup.nom gen="f" num="p">
                  <n gen="f" lem="arma" num="p" pos="ncfp000" postype="common" sense="16:02215337n" wd="armas"/>
                  <s.a gen="f" num="p">
                    <grup.a gen="f" num="p">
                      <a gen="c" lem="nuclear" num="p" pos="aq0cp0" postype="qualificative" wd="nucleares"/>
                    </grup.a>
                  </s.a>
                </grup.nom>
              </sn>
            </sp>
            <conj conjunctiontype="coordinating">
              <c lem="y" pos="cc" postype="coordinating" wd="y"/>
            </conj>
            <S clausetype="relative">
              <relatiu arg="arg0" func="suj" tem="agt">
                <p gen="c" lem="que" num="c" pos="pr0cn000" postype="relative" wd="que"/>
              </relatiu>
              <sn arg="arg1" coreftype="ident" entity="entity11" entityref="nne" func="cd" tem="pat">
                <grup.nom gen="f" num="p">
                  <p case="accusative" gen="f" lem="él" num="p" person="3" pos="pp3fpa00" postype="personal" wd="las"/>
                </grup.nom>
              </sn>
              <grup.verb>
                <v lem="utilizar" lss="A21.transitive-agentive-patient" mood="indicative" num="s" person="3" pos="vmif3s0" postype="main" tense="future" wd="utilizará"/>
              </grup.verb>
              <sp arg="argM" func="cc" tem="fin">
                <prep>
                  <s lem="para" pos="sps00" postype="preposition" wd="para"/>
                </prep>
                <S clausetype="completive" impersonal="yes">
                  <infinitiu>
                    <v lem="responder" lss="A32.ditransitive-patient-benefactive" mood="infinitive" pos="vmn0000" postype="main" wd="responder"/>
                  </infinitiu>
                  <sn arg="arg1" entity="entity20" entityref="nne" func="cd" tem="pat">
                    <spec gen="m" num="s">
                      <d gen="m" lem="uno" num="s" pos="di0ms0" postype="indefinite" wd="un"/>
                    </spec>
                    <grup.nom gen="m" num="s">
                      <s.a func="cn" gen="m" num="s">
                        <grup.a gen="m" num="s">
                          <a gen="c" lem="eventual" num="s" pos="aq0cs0" postype="qualificative" wd="eventual"/>
                        </grup.a>
                      </s.a>
                      <n gen="m" lem="ataque" lexicalid="noun.ataque.1.default" num="s" origin="deverbal" pos="ncms000" postype="common" sense="16:00630513" wd="ataque"/>
                      <sp arg="arg0" func="cn" tem="agt">
                        <prep>
                          <s lem="de" pos="sps00" postype="preposition" wd="de"/>
                        </prep>
                        <sn entity="entity12" entityref="ne" ne="organization">
                          <spec gen="f" num="s">
                            <d gen="f" lem="el" num="s" pos="da0fs0" postype="article" wd="la"/>
                          </spec>
                          <grup.nom gen="f" num="s">
                            <n lem="OTAN" ne="organization" pos="np00000" postype="proper" wd="OTAN"/>
                          </grup.nom>
                        </sn>
                      </sp>
                    </grup.nom>
                  </sn>
                </S>
              </sp>
            </S>
          </S>
        </grup.nom>
      </sn>
    </S>
    <f lem="." pos="fp" punct="period" wd="."/>
  </sentence>
  <sentence>
    <S arg="arg1" clausetype="completive" entity="entity13" func="cd" tem="pat">
      <f lem="&quot;" pos="fe" punct="quotation" wd="&quot;"/>
      <S clausesubtype="conditional" clausetype="adverbial" func="ao">
        <conj conjunctiontype="subordinating">
          <c lem="si" pos="cs" postype="subordinating" wd="Si"/>
        </conj>
        <sn arg="arg0" coreftype="ident" entity="entity12" entityref="ne" func="suj" ne="organization" tem="agt">
          <spec gen="f" num="s">
            <d gen="f" lem="el" num="s" pos="da0fs0" postype="article" wd="la"/>
          </spec>
          <grup.nom gen="f" num="s">
            <n lem="OTAN" ne="organization" pos="np00000" postype="proper" wd="OTAN"/>
          </grup.nom>
        </sn>
        <grup.verb>
          <v lem="amenazar" lss="A34.ditransitive-patient-theme" mood="indicative" num="s" person="3" pos="vmip3s0" postype="main" tense="present" wd="amenaza"/>
        </grup.verb>
        <sn arg="arg1" entityref="nne" func="cd" homophoricDD="yes" tem="pat">
          <spec gen="f" num="s">
            <d gen="f" lem="el" num="s" pos="da0fs0" postype="article" wd="la"/>
          </spec>
          <grup.nom gen="f" num="s">
            <n gen="f" lem="seguridad" num="s" pos="ncfs000" postype="common" sense="16:10425881" wd="seguridad"/>
            <sp>
              <prep>
                <s lem="de" pos="sps00" postype="preposition" wd="de"/>
              </prep>
              <sn coreftype="ident" entity="entity7" entityref="spec">
                <spec gen="m" num="s">
                  <d entityref="nne" gen="m" lem="nuestro" num="s" person="1" pos="dp1msp" possessornum="p" postype="possessive" wd="nuestro"/>
                </spec>
                <grup.nom gen="m" num="s">
                  <n gen="m" lem="país" num="s" pos="ncms000" postype="common" sense="16:06299747" wd="país"/>
                </grup.nom>
              </sn>
            </sp>
          </grup.nom>
        </sn>
        <f lem="," pos="fc" punct="comma" wd=","/>
      </S>
      <sn arg="arg1" coreftype="ident" entity="entity7" entityref="ne" func="suj" ne="organization" tem="tem">
        <grup.nom>
          <n lem="Rusia" ne="organization" pos="np00000" postype="proper" wd="Rusia"/>
        </grup.nom>
      </sn>
      <grup.verb>
        <v lem="estar" lss="C21.state-attributive" mood="indicative" num="s" person="3" pos="vmip3s0" postype="main" tense="present" wd="está"/>
      </grup.verb>
      <S arg="arg2" clausetype="participle" func="atr" impersonal="yes" tem="atr">
        <participi>
          <a gen="f" lem="preparado" lss="B22.unaccusative-passive-transitive" num="s" pos="aq0fsp" posfunction="participle" postype="qualificative" wd="preparada"/>
        </participi>
        <sp arg="argM" func="cc" tem="fin">
          <prep>
            <s lem="para" pos="sps00" postype="preposition" wd="para"/>
          </prep>
          <S clausetype="completive" impersonal="yes">
            <infinitiu>
              <v lem="emplear" lss="A21.transitive-agentive-patient" mood="infinitive" pos="vmn0000" postype="main" wd="emplear"/>
            </infinitiu>
            <sn arg="arg1" coreftype="ident" entity="entity11" entityref="nne" func="cd" homophoricDD="yes" tem="pat">
              <spec gen="m" num="s">
                <d gen="m" lem="el" num="s" pos="da0ms0" postype="article" wd="el"/>
              </spec>
              <grup.nom gen="f" num="s">
                <n gen="f" lem="arma" num="s" pos="ncfs000" postype="common" sense="16:02215337n" wd="arma"/>
                <s.a gen="f" num="s">
                  <grup.a gen="f" num="s">
                    <a gen="c" lem="nuclear" num="s" pos="aq0cs0" postype="qualificative" wd="nuclear"/>
                  </grup.a>
                </s.a>
              </grup.nom>
            </sn>
          </S>
        </sp>
      </S>
      <f lem="&quot;" pos="fe" punct="quotation" wd="&quot;"/>
      <f lem="," pos="fc" punct="comma" wd=","/>
    </S>
    <grup.verb>
      <v lem="decir" lss="A32.ditransitive-patient-benefactive" mood="indicative" num="s" person="3" pos="vmis3s0" postype="main" tense="past" wd="dijo"/>
    </grup.verb>
    <sn arg="arg0" coreftype="ident" elliptic="yes" entity="entity10" entityref="spec" func="suj" tem="agt"/>
    <f lem="." pos="fp" punct="period" wd="."/>
  </sentence>
  <sentence>
    <sn arg="arg0" func="suj" tem="agt">
      <grup.nom gen="m" num="s">
        <p gen="c" lem="nadie" num="s" pos="pi0cs000" postype="indefinite" wd="Nadie"/>
      </grup.nom>
    </sn>
    <morfema.pronominal>
      <p gen="c" lem="él" num="c" person="3" pos="p0300000" wd="se"/>
    </morfema.pronominal>
    <grup.verb>
      <v lem="expresar" lss="D11.inergative-agentive" mood="indicative" num="s" person="3" pos="vmii3s0" postype="main" tense="imperfect" wd="expresaba"/>
    </grup.verb>
    <sp arg="argM" func="cc" tem="mnr">
      <prep>
        <s lem="en" pos="sps00" postype="preposition" wd="en"/>
      </prep>
      <sn corefsubtype="prop" coreftype="dx" entity="entity13" entityref="nne">
        <spec gen="m" num="p">
          <d gen="m" lem="ese" num="p" pos="dd0mp0" postype="demonstrative" wd="esos"/>
        </spec>
        <grup.nom gen="m" num="p">
          <n gen="m" lem="término" num="p" pos="ncmp000" postype="common" sense="16:04758968" wd="términos"/>
        </grup.nom>
      </sn>
    </sp>
    <sp arg="argM" func="cc" tem="tmp">
      <prep>
        <s lem="desde" pos="sps00" postype="preposition" wd="desde"/>
      </prep>
      <sn entityref="nne" homophoricDD="yes">
        <spec gen="m" num="p">
          <d gen="m" lem="el" num="p" pos="da0mp0" postype="article" wd="los"/>
        </spec>
        <grup.nom gen="m" num="p">
          <n gen="m" lem="tiempo" num="p" pos="ncmp000" postype="common" sense="16:10850147" wd="tiempos"/>
          <sp>
            <prep>
              <s lem="de" pos="sps00" postype="preposition" wd="de"/>
            </prep>
            <sn coreftype="ident" entity="entity14" entityref="nne" homophoricDD="yes">
              <spec gen="f" num="s">
                <d gen="f" lem="el" num="s" pos="da0fs0" postype="article" wd="la"/>
              </spec>
              <grup.nom gen="f" num="s">
                <n gen="f" lem="guerra_fría" num="s" pos="ncfs000" postype="common" sense="16:10072276" wd="guerra_fría"/>
              </grup.nom>
            </sn>
          </sp>
        </grup.nom>
      </sn>
    </sp>
    <S clausesubtype="concessive" clausetype="adverbial" func="ao">
      <f lem="," pos="fc" punct="comma" wd=","/>
      <conj conjunctiontype="subordinating">
        <c lem="aunque" pos="cs" postype="subordinating" wd="aunque"/>
      </conj>
      <sn arg="arg1" coreftype="ident" elliptic="yes" entity="entity13" entityref="nne" func="suj" tem="tem"/>
      <neg func="mod">
        <r lem="no" pos="rn" postype="negative" wd="no"/>
      </neg>
      <grup.verb>
        <v lem="suponer" lss="C21.state-attributive" mood="indicative" num="p" person="3" pos="vmip3p0" postype="main" tense="present" wd="suponen"/>
      </grup.verb>
      <sn arg="arg2" func="cd" functype="quantitative" tem="atr">
        <spec gen="m" num="s">
          <d gen="m" lem="ninguno" num="s" pos="di0ms0" postype="indefinite" wd="ningún"/>
        </spec>
        <grup.nom gen="m" num="s">
          <n gen="m" lem="cambio" lexicalid="noun.cambio.2.default" num="s" origin="deverbal" pos="ncms000" postype="common" sense="16:03733220" wd="cambio"/>
          <sp arg="arg1" func="cn" tem="pat">
            <prep>
              <s lem="de" pos="sps00" postype="preposition" wd="de"/>
            </prep>
            <sn entityref="nne">
              <grup.nom gen="f" num="s">
                <n gen="f" lem="orientación" lexicalid="noun.orientación.4.default" num="s" origin="deverbal" pos="ncfs000" postype="common" sense="16:04705763" wd="orientación"/>
              </grup.nom>
            </sn>
          </sp>
          <sp arg="arg0" func="cn" tem="agt">
            <prep>
              <s lem="en" pos="sps00" postype="preposition" wd="en"/>
            </prep>
            <sn entityref="nne" homophoricDD="yes">
              <spec gen="f" num="s">
                <d gen="f" lem="el" num="s" pos="da0fs0" postype="article" wd="la"/>
              </spec>
              <grup.nom gen="f" num="s">
                <n gen="f" lem="doctrina" num="s" pos="ncfs000" postype="common" sense="16:04563224" wd="doctrina"/>
                <s.a gen="f" num="s">
                  <grup.a gen="f" num="s">
                    <a gen="c" lem="militar" num="s" pos="aq0cs0" postype="qualificative" wd="militar"/>
                  </grup.a>
                </s.a>
                <s.a gen="f" num="s">
                  <grup.a gen="f" num="s">
                    <a gen="f" lem="ruso" num="s" pos="aq0fs0" postype="qualificative" wd="rusa"/>
                  </grup.a>
                </s.a>
              </grup.nom>
            </sn>
          </sp>
        </grup.nom>
      </sn>
      <S arg="argM" clausetype="adverbial" func="cc" tem="cau">
        <f lem="," pos="fc" punct="comma" wd=","/>
        <conj conjunctiontype="subordinating">
          <c lem="ya_que" pos="cs" postype="subordinating" wd="ya_que"/>
        </conj>
        <sp arg="argM" func="cc" tem="tmp">
          <f lem="," pos="fc" punct="comma" wd=","/>
          <prep>
            <s lem="desde" pos="sps00" postype="preposition" wd="desde"/>
          </prep>
          <sn entityref="ne" ne="date">
            <grup.nom gen="m" num="s">
              <w lem="[??:??/??/1993:??.??]" ne="date" wd="1993"/>
            </grup.nom>
          </sn>
          <f lem="," pos="fc" punct="comma" wd=","/>
        </sp>
        <sn arg="arg0" coreftype="ident" entity="entity7" entityref="ne" func="suj" ne="organization" tem="agt">
          <grup.nom>
            <n lem="Rusia" ne="organization" pos="np00000" postype="proper" wd="Rusia"/>
          </grup.nom>
        </sn>
        <morfema.pronominal>
          <p gen="c" lem="él" num="c" person="3" pos="p0300000" wd="se"/>
        </morfema.pronominal>
        <grup.verb>
          <v lem="haber" mood="indicative" num="s" person="3" pos="vaii3s0" postype="auxiliary" tense="imperfect" wd="había"/>
          <v gen="m" lem="declarar" lss="A21.transitive-agentive-patient" mood="participle" num="s" pos="vmp00sm" postype="main" wd="declarado"/>
        </grup.verb>
        <S arg="arg2" clausetype="participle" func="cpred" impersonal="yes" predicate="suj" tem="atr">
          <participi>
            <a gen="f" lem="dispuesto" lss="C21.state-attributive" num="s" pos="aq0fsp" posfunction="participle" postype="qualificative" wd="dispuesta"/>
          </participi>
          <sp arg="arg1" func="creg" tem="tem">
            <prep>
              <s lem="a" pos="sps00" postype="preposition" wd="a"/>
            </prep>
            <S clausetype="completive" impersonal="yes">
              <infinitiu>
                <v lem="utilizar" lss="A21.transitive-agentive-patient" mood="infinitive" pos="vmn0000" postype="main" wd="utilizar"/>
              </infinitiu>
              <sn arg="arg1" coreftype="ident" entity="entity11" entityref="nne" func="cd" homophoricDD="yes" tem="pat">
                <spec gen="m" num="s">
                  <d gen="m" lem="el" num="s" pos="da0ms0" postype="article" wd="el"/>
                </spec>
                <grup.nom gen="f" num="s">
                  <n gen="f" lem="arma" num="s" pos="ncfs000" postype="common" sense="16:02215337n" wd="arma"/>
                  <s.a gen="f" num="s">
                    <grup.a gen="f" num="s">
                      <a gen="c" lem="nuclear" num="s" pos="aq0cs0" postype="qualificative" wd="nuclear"/>
                    </grup.a>
                  </s.a>
                </grup.nom>
              </sn>
              <sp arg="argM" func="cc" tem="adv">
                <prep>
                  <s lem="en" pos="sps00" postype="preposition" wd="en"/>
                </prep>
                <sn entityref="nne">
                  <grup.nom gen="f" num="s">
                    <s.a func="cn" gen="f" num="s">
                      <grup.a gen="f" num="s">
                        <a gen="f" lem="primero" num="s" pos="ao0fs0" postype="ordinal" wd="primera"/>
                      </grup.a>
                    </s.a>
                    <n gen="f" lem="instancia" lexicalid="noun.instancia.1.default" num="s" origin="deverbal" pos="ncfs000" postype="common" sense="16:cs1" wd="instancia"/>
                  </grup.nom>
                </sn>
              </sp>
              <sp arg="argM" func="cc" tem="fin">
                <prep>
                  <s lem="para" pos="sps00" postype="preposition" wd="para"/>
                </prep>
                <S clausetype="completive" impersonal="yes">
                  <infinitiu>
                    <v lem="repeler" lss="A11.transitive-causative" mood="infinitive" pos="vmn0000" postype="main" wd="repeler"/>
                  </infinitiu>
                  <sn arg="arg1" entityref="nne" func="cd" tem="tem">
                    <spec gen="f" num="s">
                      <d gen="f" lem="uno" num="s" pos="di0fs0" postype="indefinite" wd="una"/>
                    </spec>
                    <grup.nom gen="f" num="s">
                      <n gen="f" lem="agresión" lexicalid="noun.agresión.1.default" num="s" origin="deverbal" pos="ncfs000" postype="common" sense="16:00619453" wd="agresión"/>
                    </grup.nom>
                  </sn>
                  <sp arg="argM" func="cc" tem="adv">
                    <prep>
                      <s lem="con" pos="sps00" postype="preposition" wd="con"/>
                    </prep>
                    <sn entityref="nne">
                      <grup.nom gen="m" num="s">
                        <n gen="m" lem="armamento" num="s" pos="ncms000" postype="common" sense="16:03601456" wd="armamento"/>
                        <s.a gen="m" num="s">
                          <grup.a gen="m" num="s">
                            <a gen="c" lem="convencional" num="s" pos="aq0cs0" postype="qualificative" wd="convencional"/>
                          </grup.a>
                        </s.a>
                      </grup.nom>
                    </sn>
                  </sp>
                </S>
              </sp>
            </S>
          </sp>
        </S>
        <sp arg="argM" func="cc" tem="cau">
          <f lem="," pos="fc" punct="comma" wd=","/>
          <prep>
            <s contracted="yes" gen="m" lem="debido_al" num="s" pos="spcms" postype="preposition" wd="debido_al"/>
          </prep>
          <sn entityref="nne" homophoricDD="yes">
            <grup.nom gen="m" num="s">
              <n gen="m" lem="colapso" lexicalid="noun.colapso.2.anticausative" num="s" origin="deverbal" pos="ncms000" postype="common" sense="16:10126688" wd="colapso"/>
              <S arg="arg1" clausetype="participle" func="cn" impersonal="yes" tem="tem">
                <participi>
                  <a gen="m" lem="sufrido" lss="B22.unaccusative-passive-transitive" num="s" pos="aq0msp" posfunction="participle" postype="qualificative" wd="sufrido"/>
                </participi>
                <sp arg="arg0" func="cag" tem="agt">
                  <prep>
                    <s lem="por" pos="sps00" postype="preposition" wd="por"/>
                  </prep>
                  <sn entityref="nne">
                    <spec gen="m" num="s">
                      <d coreftype="ident" entity="entity7" entityref="spec" gen="c" lem="su" num="s" person="3" pos="dp3cs0" postype="possessive" wd="su"/>
                    </spec>
                    <grup.nom gen="m" num="s">
                      <n lem="Ejército" ne="organization" pos="np00000" postype="proper" wd="Ejército"/>
                    </grup.nom>
                  </sn>
                </sp>
              </S>
            </grup.nom>
          </sn>
        </sp>
      </S>
    </S>
    <f lem="." pos="fp" punct="period" wd="."/>
  </sentence>
  <sentence coord="yes">
    <S>
      <sp arg="argM" func="cc" tem="loc">
        <prep>
          <s lem="en" pos="sps00" postype="preposition" wd="En"/>
        </prep>
        <sn coreftype="ident" entity="entity9" entityref="nne">
          <spec gen="m" num="s">
            <d gen="m" lem="uno" num="s" pos="di0ms0" postype="indefinite" wd="un"/>
          </spec>
          <grup.nom gen="m" num="s">
            <n gen="m" lem="clima" num="s" pos="ncms000" postype="common" sense="16:cs1" wd="clima"/>
            <s.a gen="m" num="s">
              <grup.a gen="m" num="s">
                <a gen="m" lem="tenso" num="s" pos="aq0ms0" postype="qualificative" wd="tenso"/>
              </grup.a>
            </s.a>
          </grup.nom>
        </sn>
        <f lem="," pos="fc" punct="comma" wd=","/>
      </sp>
      <sn arg="arg0" entityref="ne" func="suj" ne="person" tem="agt">
        <spec gen="m" num="s">
          <d gen="m" lem="el" num="s" pos="da0ms0" postype="article" wd="el"/>
        </spec>
        <grup.nom gen="m" num="s">
          <n gen="m" lem="ministro" num="s" pos="ncms000" postype="common" sense="16:07412658" wd="ministro"/>
          <sp>
            <prep>
              <s lem="de" pos="sps00" postype="preposition" wd="de"/>
            </prep>
            <sn entityref="ne" ne="organization">
              <grup.nom>
                <n lem="Exteriores" ne="organization" pos="np00000" postype="proper" wd="Exteriores"/>
              </grup.nom>
            </sn>
          </sp>
          <sn entityref="ne" ne="person">
            <grup.nom gen="m" num="s">
              <n lem="Igor_Ivanov" ne="person" pos="np00000" postype="proper" wd="Igor_Ivanov"/>
            </grup.nom>
          </sn>
        </grup.nom>
      </sn>
      <grup.verb>
        <v lem="acusar" lss="A34.ditransitive-patient-theme" mood="indicative" num="s" person="3" pos="vmis3s0" postype="main" tense="past" wd="acusó"/>
      </grup.verb>
      <sp arg="arg1" func="cd" tem="pat">
        <prep>
          <s lem="a" pos="sps00" postype="preposition" wd="a"/>
        </prep>
        <sn coreftype="ident" entity="entity12" entityref="ne" ne="organization">
          <spec gen="f" num="s">
            <d gen="f" lem="el" num="s" pos="da0fs0" postype="article" wd="la"/>
          </spec>
          <grup.nom gen="f" num="s">
            <n lem="OTAN" ne="organization" pos="np00000" postype="proper" wd="OTAN"/>
          </grup.nom>
        </sn>
      </sp>
      <sp arg="arg2" func="creg" tem="tem">
        <prep>
          <s lem="de" pos="sps00" postype="preposition" wd="de"/>
        </prep>
        <S clausetype="completive" impersonal="yes">
          <infinitiu>
            <v lem="querer" lss="A21.transitive-agentive-patient" mood="infinitive" pos="vmn0000" postype="main" wd="querer"/>
          </infinitiu>
          <S arg="arg1" clausetype="completive" func="cd" impersonal="yes" tem="pat">
            <infinitiu>
              <v lem="separar" lss="A35.ditransitive-theme-cotheme" mood="infinitive" pos="vmn0000" postype="main" wd="separar"/>
            </infinitiu>
            <sp arg="arg1" func="cd" tem="tem">
              <prep>
                <s lem="a" pos="sps00" postype="preposition" wd="a"/>
              </prep>
              <sn coreftype="ident" entity="entity2" entityref="ne" ne="location">
                <grup.nom>
                  <n lem="Kosovo" ne="location" pos="np00000" postype="proper" wd="Kosovo"/>
                </grup.nom>
              </sn>
            </sp>
            <sp arg="arg2" func="creg" tem="cot">
              <prep>
                <s lem="de" pos="sps00" postype="preposition" wd="de"/>
              </prep>
              <sn entity="entity15" entityref="ne" ne="location">
                <grup.nom>
                  <n lem="Yugoslavia" ne="location" pos="np00000" postype="proper" wd="Yugoslavia"/>
                </grup.nom>
              </sn>
            </sp>
          </S>
        </S>
      </sp>
      <f lem="," pos="fc" punct="comma" wd=","/>
    </S>
    <conj conjunctiontype="coordinating">
      <c lem="y" pos="cc" postype="coordinating" wd="y"/>
    </conj>
    <S>
      <sp arg="argM" func="cc" tem="loc">
        <prep>
          <s lem="en" pos="sps00" postype="preposition" wd="en"/>
        </prep>
        <sn entityref="ne" ne="organization">
          <spec gen="f" num="s">
            <d gen="f" lem="el" num="s" pos="da0fs0" postype="article" wd="la"/>
          </spec>
          <grup.nom gen="f" num="s">
            <n lem="Duma" ne="organization" pos="np00000" postype="proper" wd="Duma"/>
          </grup.nom>
        </sn>
      </sp>
      <sn arg="arg0" entityref="nne" func="suj" homophoricDD="yes" tem="cau">
        <spec gen="f" num="p">
          <d gen="f" lem="el" num="p" pos="da0fp0" postype="article" wd="las"/>
        </spec>
        <grup.nom gen="f" num="p">
          <n gen="f" lem="discusión" lexicalid="noun.discusión.1.default" num="p" origin="deverbal" pos="ncfp000" postype="common" sense="16:05368498" wd="discusiones"/>
        </grup.nom>
      </sn>
      <grup.verb>
        <v lem="caldear" lss="A11.transitive-causative" mood="indicative" num="p" person="3" pos="vmis3p0" postype="main" tense="past" wd="caldearon"/>
      </grup.verb>
      <sadv arg="argM" discid="1n" func="cc" tem="adv">
        <grup.adv>
          <r lem="tanto" pos="rg" wd="tanto"/>
        </grup.adv>
      </sadv>
      <sn arg="arg1" entityref="nne" func="cd" homophoricDD="yes" tem="tem">
        <spec gen="m" num="s">
          <d gen="m" lem="el" num="s" pos="da0ms0" postype="article" wd="el"/>
        </spec>
        <grup.nom gen="m" num="s">
          <n gen="m" lem="ambiente" num="s" pos="ncms000" postype="common" sense="16:10417677" wd="ambiente"/>
        </grup.nom>
      </sn>
      <S adjunct="yes" clausesubtype="consecutive" clausetype="adverbial" discid="1c" func="ao">
        <conj conjunctiontype="subordinating">
          <c lem="que" pos="cs" postype="subordinating" wd="que"/>
        </conj>
        <sn arg="arg0" entityref="nne" func="suj" tem="agt">
          <spec gen="m" num="p">
            <d gen="c" lem="dos" num="p" pos="dn0cp0" postype="numeral" wd="dos"/>
          </spec>
          <grup.nom gen="m" num="p">
            <n gen="m" lem="diputado" num="p" pos="ncmp000" postype="common" sense="16:07211532" wd="diputados"/>
          </grup.nom>
        </sn>
        <morfema.pronominal>
          <p gen="c" lem="él" num="c" person="3" pos="p0300000" wd="se"/>
        </morfema.pronominal>
        <grup.verb>
          <v lem="enzarzar" lss="A22.transitive-agentive-theme" mood="indicative" num="p" person="3" pos="vmis3p0" postype="main" tense="past" wd="enzarzaron"/>
        </grup.verb>
        <sp arg="argM" func="cc" tem="adv">
          <prep>
            <s lem="a" pos="sps00" postype="preposition" wd="a"/>
          </prep>
          <sn entityref="nne">
            <grup.nom gen="m" num="p">
              <n gen="m" lem="puñetazo" num="p" pos="ncmp000" postype="common" sense="16:00087361" wd="puñetazos"/>
            </grup.nom>
          </sn>
        </sp>
      </S>
    </S>
    <f lem="." pos="fp" punct="period" wd="."/>
  </sentence>
  <sentence>
    <sn arg="arg1" coreftype="ident" entity="entity18" entityref="nne" func="suj" homophoricDD="yes" tem="pat">
      <spec gen="m" num="s">
        <d gen="m" lem="el" num="s" pos="da0ms0" postype="article" wd="El"/>
      </spec>
      <grup.nom gen="m" num="s">
        <n gen="m" lem="fracaso" lexicalid="noun.fracaso.1.default" num="s" origin="deverbal" pos="ncms000" postype="common" sense="16:05454021" wd="fracaso"/>
        <sp arg="arg0" func="cn" tem="agt">
          <prep>
            <s contracted="yes" gen="m" lem="del" num="s" pos="spcms" postype="preposition" wd="del"/>
          </prep>
          <sn entityref="nne" homophoricDD="yes">
            <grup.nom gen="m" num="s">
              <n gen="m" lem="viaje" lexicalid="noun.viaje.1.default" num="s" origin="deverbal" pos="ncms000" postype="common" sense="16:00198579" wd="viaje"/>
              <sp arg="arg0" func="cn" tem="agt">
                <prep>
                  <s lem="de" pos="sps00" postype="preposition" wd="de"/>
                </prep>
                <sn coreftype="ident" entity="entity4" entityref="ne" ne="person">
                  <grup.nom gen="m" num="s">
                    <n lem="Primakov" ne="person" pos="np00000" postype="proper" wd="Primakov"/>
                  </grup.nom>
                </sn>
              </sp>
              <sp arg="arg4" func="cn" tem="des">
                <prep>
                  <s lem="a" pos="sps00" postype="preposition" wd="a"/>
                </prep>
                <sn complex="yes">
                  <grup.nom coord="yes">
                    <grup.nom coreftype="ident" entity="entity15">
                      <n lem="Yugoslavia" ne="location" pos="np00000" postype="proper" wd="Yugoslavia"/>
                    </grup.nom>
                    <conj conjunctiontype="coordinating">
                      <c lem="y" pos="cc" postype="coordinating" wd="y"/>
                    </conj>
                    <grup.nom entity="entity17">
                      <n lem="Alemania" ne="location" pos="np00000" postype="proper" wd="Alemania"/>
                    </grup.nom>
                  </grup.nom>
                </sn>
              </sp>
            </grup.nom>
          </sn>
        </sp>
      </grup.nom>
    </sn>
    <grup.verb>
      <v lem="ser" mood="indicative" num="s" person="3" pos="vsis3s0" postype="semiauxiliary" tense="past" wd="fue"/>
      <v gen="m" lem="atribuir" lss="B22.unaccusative-passive-transitive" mood="participle" num="s" pos="vmp00sm" postype="main" wd="atribuido"/>
    </grup.verb>
    <sp arg="arg2" func="ci" tem="ben">
      <prep>
        <s lem="a" pos="sps00" postype="preposition" wd="a"/>
      </prep>
      <sn entityref="nne" homophoricDD="yes">
        <spec gen="f" num="s">
          <d gen="f" lem="el" num="s" pos="da0fs0" postype="article" wd="la"/>
        </spec>
        <grup.nom gen="f" num="s">
          <n gen="f" lem="intransigencia" num="s" pos="ncfs000" postype="common" sense="16:03810613" wd="intransigencia"/>
          <sp>
            <prep>
              <s lem="de" pos="sps00" postype="preposition" wd="de"/>
            </prep>
            <sn coreftype="ident" entity="entity12" entityref="ne" ne="organization">
              <spec gen="f" num="s">
                <d gen="f" lem="el" num="s" pos="da0fs0" postype="article" wd="la"/>
              </spec>
              <grup.nom gen="f" num="s">
                <n lem="OTAN" ne="organization" pos="np00000" postype="proper" wd="OTAN"/>
              </grup.nom>
            </sn>
          </sp>
        </grup.nom>
      </sn>
    </sp>
    <f lem="." pos="fp" punct="period" wd="."/>
  </sentence>
  <sentence coord="yes">
    <S>
      <sn arg="arg0" coreftype="ident" entity="entity4" entityref="spec" func="suj" tem="agt">
        <spec gen="m" num="s">
          <d gen="m" lem="el" num="s" pos="da0ms0" postype="article" wd="El"/>
        </spec>
        <grup.nom gen="m" num="s">
          <s.a gen="m" num="s">
            <grup.a gen="m" num="s">
              <a gen="m" lem="primero" num="s" pos="ao0ms0" postype="ordinal" wd="primer"/>
            </grup.a>
          </s.a>
          <n gen="m" lem="ministro" num="s" pos="ncms000" postype="common" sense="16:07412658" wd="ministro"/>
        </grup.nom>
      </sn>
      <morfema.pronominal>
        <p gen="c" lem="él" num="c" person="3" pos="p0300000" wd="se"/>
      </morfema.pronominal>
      <grup.verb>
        <v lem="sumar" lss="D11.inergative-agentive" mood="indicative" num="s" person="3" pos="vmis3s0" postype="main" tense="past" wd="sumó"/>
      </grup.verb>
      <sp arg="arg2" func="creg" tem="tem">
        <prep>
          <s lem="a" pos="sps00" postype="preposition" wd="a"/>
        </prep>
        <sn coreftype="ident" entity="entity16" entityref="nne" homophoricDD="yes">
          <spec gen="f" num="s">
            <d gen="f" lem="el" num="s" pos="da0fs0" postype="article" wd="la"/>
          </spec>
          <grup.nom gen="f" num="s">
            <n gen="f" lem="retórica" num="s" pos="ncfs000" postype="common" sense="16:05297474" wd="retórica"/>
            <s.a gen="f" num="s">
              <grup.a gen="f" num="s">
                <a gen="c" lem="antioccidental" num="s" pos="aq0cs0" postype="qualificative" wd="antioccidental"/>
              </grup.a>
            </s.a>
          </grup.nom>
        </sn>
      </sp>
    </S>
    <conj conjunctiontype="coordinating">
      <c lem="y" pos="cc" postype="coordinating" wd="y"/>
    </conj>
    <S>
      <sp arg="argM" func="cc" tem="tmp">
        <f lem="," pos="fc" punct="comma" wd=","/>
        <prep>
          <s contracted="yes" gen="m" lem="al" num="s" pos="spcms" postype="preposition" wd="al"/>
        </prep>
        <S clausetype="completive" impersonal="yes">
          <infinitiu>
            <v lem="llegar" lss="B11.unaccusative-motion" mood="infinitive" pos="vmn0000" postype="main" wd="llegar"/>
          </infinitiu>
          <sp arg="arg4" func="cc" tem="des">
            <prep>
              <s lem="a" pos="sps00" postype="preposition" wd="a"/>
            </prep>
            <sn entityref="ne" ne="location">
              <grup.nom>
                <n lem="Moscú" ne="location" pos="np00000" postype="proper" wd="Moscú"/>
              </grup.nom>
            </sn>
          </sp>
        </S>
        <f lem="," pos="fc" punct="comma" wd=","/>
      </sp>
      <sn arg="arg0" coreftype="ident" elliptic="yes" entity="entity4" entityref="spec" func="suj" tem="agt"/>
      <grup.verb>
        <v lem="acusar" lss="A34.ditransitive-patient-theme" mood="indicative" num="s" person="3" pos="vmis3s0" postype="main" tense="past" wd="acusó"/>
      </grup.verb>
      <sp arg="arg1" func="cd" tem="pat">
        <prep>
          <s lem="a" pos="sps00" postype="preposition" wd="a"/>
        </prep>
        <sn coreftype="ident" entity="entity12" entityref="ne" ne="organization">
          <spec gen="f" num="s">
            <d gen="f" lem="el" num="s" pos="da0fs0" postype="article" wd="la"/>
          </spec>
          <grup.nom gen="f" num="s">
            <n lem="OTAN" ne="organization" pos="np00000" postype="proper" wd="OTAN"/>
          </grup.nom>
        </sn>
      </sp>
      <sp arg="arg2" coord="yes" func="creg" tem="tem">
        <sp>
          <prep>
            <s lem="de" pos="sps00" postype="preposition" wd="de"/>
          </prep>
          <S clausetype="completive" impersonal="yes">
            <infinitiu>
              <v lem="sabotear" lss="A21.transitive-agentive-patient" mood="infinitive" pos="vmn0000" postype="main" wd="sabotear"/>
            </infinitiu>
            <sn arg="arg1" entity="entity21" entityref="nne" func="cd" tem="pat">
              <spec arg="arg0" gen="m" num="p" tem="agt">
                <d coreftype="ident" entity="entity4" entityref="spec" gen="c" lem="su" num="p" person="3" pos="dp3cp0" postype="possessive" wd="sus"/>
              </spec>
              <grup.nom gen="m" num="p">
                <n gen="m" lem="esfuerzo" lexicalid="noun.esfuerzo.1.default" num="p" origin="deverbal" pos="ncmp000" postype="common" sense="16:00409314" wd="esfuerzos"/>
              </grup.nom>
            </sn>
          </S>
        </sp>
        <conj conjunctiontype="coordinating">
          <c lem="y" pos="cc" postype="coordinating" wd="y"/>
        </conj>
        <sp>
          <prep>
            <s lem="de" pos="sps00" postype="preposition" wd="de"/>
          </prep>
          <S clausetype="completive" impersonal="yes">
            <infinitiu>
              <v lem="reanudar" lss="A21.transitive-agentive-patient" mood="infinitive" pos="vmn0000" postype="main" wd="reanudar"/>
            </infinitiu>
            <sn arg="arg1" entityref="nne" func="cd" homophoricDD="yes" tem="pat">
              <spec gen="m" num="s">
                <d gen="m" lem="el" num="s" pos="da0ms0" postype="article" wd="el"/>
              </spec>
              <grup.nom gen="m" num="s">
                <n gen="m" lem="bombardeo" lexicalid="noun.bombardeo.1.default" num="s" origin="deverbal" pos="ncms000" postype="common" sense="16:00629628" wd="bombardeo"/>
              </grup.nom>
            </sn>
            <sadv arg="argM" func="cc" tem="tmp">
              <grup.adv>
                <r lem="antes" pos="rg" wd="antes"/>
                <sp>
                  <prep>
                    <s lem="de" pos="sps00" postype="preposition" wd="de"/>
                  </prep>
                  <S clausetype="completive">
                    <conj conjunctiontype="subordinating">
                      <c lem="que" pos="cs" postype="subordinating" wd="que"/>
                    </conj>
                    <sn arg="arg1" coreftype="ident" entity="entity4" entityref="spec" func="suj" tem="tem">
                      <grup.nom gen="m" num="s">
                        <p gen="m" lem="él" num="s" person="3" pos="pp3ms000" postype="personal" wd="él"/>
                      </grup.nom>
                    </sn>
                    <grup.verb>
                      <v lem="llegar" lss="B11.unaccusative-motion" mood="subjunctive" num="s" person="3" pos="vmsi3s0" postype="main" tense="imperfect" wd="llegara"/>
                    </grup.verb>
                    <sp arg="arg4" func="cc" tem="des">
                      <prep>
                        <s lem="a" pos="sps00" postype="preposition" wd="a"/>
                      </prep>
                      <sn coreftype="ident" entity="entity17" entityref="ne" ne="location">
                        <grup.nom>
                          <n lem="Alemania" ne="location" pos="np00000" postype="proper" wd="Alemania"/>
                        </grup.nom>
                      </sn>
                    </sp>
                  </S>
                </sp>
              </grup.adv>
            </sadv>
          </S>
        </sp>
      </sp>
    </S>
    <f lem="." pos="fp" punct="period" wd="."/>
  </sentence>
  <sentence>
    <S arg="arg1" clausetype="completive" func="cd" tem="pat">
      <f lem="&quot;" pos="fe" punct="quotation" wd="&quot;"/>
      <S arg="argM" clausetype="adverbial" func="cc" tem="tmp">
        <conj conjunctiontype="subordinating">
          <c lem="cuando" pos="cs" postype="subordinating" wd="Cuando"/>
        </conj>
        <sn arg="arg1" elliptic="yes" entity="entity19" entityref="nne" func="suj" tem="tem"/>
        <grup.verb>
          <v lem="llegar" lss="B11.unaccusative-motion" mood="indicative" num="p" person="1" pos="vmip1p0" postype="main" tense="present" wd="llegamos"/>
        </grup.verb>
        <sp arg="arg4" func="cc" tem="des">
          <prep>
            <s lem="a" pos="sps00" postype="preposition" wd="a"/>
          </prep>
          <sn entityref="ne" ne="location">
            <grup.nom>
              <n lem="Bonn" ne="location" pos="np00000" postype="proper" wd="Bonn"/>
            </grup.nom>
          </sn>
        </sp>
        <f lem="," pos="fc" punct="comma" wd=","/>
      </S>
      <sn arg="arg0" coreftype="ident" elliptic="yes" entity="entity19" entityref="nne" func="suj" tem="agt"/>
      <morfema.pronominal>
        <p gen="c" lem="yo" num="p" person="1" pos="p010p000" wd="nos"/>
      </morfema.pronominal>
      <grup.verb>
        <v lem="dar_cuenta" lss="A22.transitive-agentive-theme" mood="indicative" num="p" person="1" pos="vmis1p0" postype="main" tense="past" wd="dimos_cuenta"/>
      </grup.verb>
      <sp arg="arg1" func="creg" tem="tem">
        <prep>
          <s lem="de" pos="sps00" postype="preposition" wd="de"/>
        </prep>
        <S clausetype="completive">
          <conj conjunctiontype="subordinating">
            <c lem="que" pos="cs" postype="subordinating" wd="que"/>
          </conj>
          <grup.verb>
            <v lem="existir" lss="C11.state-existential" mood="indicative" num="s" person="3" pos="vmip3s0" postype="main" tense="present" wd="existe"/>
          </grup.verb>
          <sn arg="arg1" entityref="nne" func="suj" tem="tem">
            <spec gen="f" num="s">
              <d gen="f" lem="uno" num="s" pos="di0fs0" postype="indefinite" wd="una"/>
            </spec>
            <grup.nom gen="f" num="s">
              <n gen="f" lem="acción" lexicalid="noun.acción.2.default" num="s" origin="deverbal" pos="ncfs000" postype="common" sense="16:00017487" wd="acción"/>
              <S clausetype="participle" func="cn" impersonal="yes">
                <participi>
                  <a gen="f" lem="concertado" num="s" pos="aq0fsp" posfunction="participle" postype="qualificative" wd="concertada"/>
                </participi>
              </S>
              <sp arg="argM" func="cn" tem="fin">
                <prep>
                  <s lem="para" pos="sps00" postype="preposition" wd="para"/>
                </prep>
                <S clausetype="completive" impersonal="yes">
                  <infinitiu>
                    <v lem="continuar" lss="A21.transitive-agentive-patient" mood="infinitive" pos="vmn0000" postype="main" wd="continuar"/>
                  </infinitiu>
                  <sn arg="arg1" coreftype="ident" entity="entity20" entityref="nne" func="cd" homophoricDD="yes" tem="pat">
                    <spec gen="m" num="p">
                      <d gen="m" lem="el" num="p" pos="da0mp0" postype="article" wd="los"/>
                    </spec>
                    <grup.nom gen="m" num="p">
                      <n gen="m" lem="ataque" lexicalid="noun.ataque.1.default" num="p" origin="deverbal" pos="ncmp000" postype="common" sense="16:00630513" wd="ataques"/>
                    </grup.nom>
                  </sn>
                </S>
              </sp>
            </grup.nom>
          </sn>
        </S>
      </sp>
      <f lem="&quot;" pos="fe" punct="quotation" wd="&quot;"/>
      <f lem="," pos="fc" punct="comma" wd=","/>
    </S>
    <grup.verb>
      <v lem="decir" lss="A32.ditransitive-patient-benefactive" mood="indicative" num="s" person="3" pos="vmis3s0" postype="main" tense="past" wd="dijo"/>
    </grup.verb>
    <sn arg="arg0" coreftype="ident" elliptic="yes" entity="entity4" entityref="spec" func="suj" tem="agt"/>
    <f lem="." pos="fp" punct="period" wd="."/>
  </sentence>
  <sentence>
    <sn arg="arg0" coreftype="ident" entity="entity4" entityref="ne" func="suj" ne="person" tem="agt">
      <grup.nom gen="m" num="s">
        <n lem="Primakov" ne="person" pos="np00000" postype="proper" wd="Primakov"/>
      </grup.nom>
    </sn>
    <sp arg="argM" func="cc" tem="tmp">
      <f lem="," pos="fc" punct="comma" wd=","/>
      <prep>
        <s lem="tras" pos="sps00" postype="preposition" wd="tras"/>
      </prep>
      <S clausetype="completive" impersonal="yes">
        <infinitiu>
          <v lem="señalar" lss="A31.ditransitive-patient-locative" mood="infinitive" pos="vmn0000" postype="main" wd="señalar"/>
        </infinitiu>
        <S arg="arg1" clausetype="completive" func="cd" tem="pat">
          <conj conjunctiontype="subordinating">
            <c lem="que" pos="cs" postype="subordinating" wd="que"/>
          </conj>
          <sn arg="arg0" coreftype="ident" elliptic="yes" entity="entity4" entityref="spec" func="suj" tem="agt"/>
          <grup.verb>
            <v lem="continuar" lss="A22.transitive-agentive-theme" mood="indicative" num="s" person="3" pos="vmif3s0" postype="main" tense="future" wd="continuará"/>
          </grup.verb>
          <sp arg="arg1" func="cc" tem="tem">
            <prep>
              <s lem="con" pos="sps00" postype="preposition" wd="con"/>
            </prep>
            <sn coreftype="ident" entity="entity21" entityref="nne" homophoricDD="yes">
              <spec gen="m" num="p">
                <d gen="m" lem="el" num="p" pos="da0mp0" postype="article" wd="los"/>
              </spec>
              <grup.nom gen="m" num="p">
                <n gen="m" lem="esfuerzo" lexicalid="noun.esfuerzo.1.default" num="p" origin="deverbal" pos="ncmp000" postype="common" sense="16:00409314" wd="esfuerzos"/>
                <sp arg="arg1" func="cn" tem="tem">
                  <prep>
                    <s lem="para" pos="sps00" postype="preposition" wd="para"/>
                  </prep>
                  <S clausetype="completive" impersonal="yes">
                    <infinitiu>
                      <v lem="detener" lss="A11.transitive-causative" mood="infinitive" pos="vmn0000" postype="main" wd="detener"/>
                    </infinitiu>
                    <sn arg="arg1" coreftype="ident" entity="entity20" entityref="nne" func="cd" homophoricDD="yes" tem="tem">
                      <spec gen="m" num="s">
                        <d gen="m" lem="el" num="s" pos="da0ms0" postype="article" wd="el"/>
                      </spec>
                      <grup.nom gen="m" num="s">
                        <n gen="m" lem="ataque" lexicalid="noun.ataque.1.default" num="s" origin="deverbal" pos="ncms000" postype="common" sense="16:00630513" wd="ataque"/>
                      </grup.nom>
                    </sn>
                  </S>
                </sp>
              </grup.nom>
            </sn>
          </sp>
        </S>
      </S>
      <f lem="," pos="fc" punct="comma" wd=","/>
    </sp>
    <grup.verb>
      <v lem="añadir" lss="A21.transitive-agentive-patient" mood="indicative" num="s" person="3" pos="vmis3s0" postype="main" tense="past" wd="añadió"/>
    </grup.verb>
    <S arg="arg1" clausetype="completive" func="cd" tem="pat">
      <conj conjunctiontype="subordinating">
        <c lem="que" pos="cs" postype="subordinating" wd="que"/>
      </conj>
      <sn arg="arg0" entityref="ne" func="suj" ne="person" tem="agt">
        <grup.nom gen="m" num="s">
          <n lem="Milosevic" ne="person" pos="np00000" postype="proper" wd="Milosevic"/>
        </grup.nom>
      </sn>
      <grup.verb>
        <v lem="haber" mood="indicative" num="s" person="3" pos="vaip3s0" postype="auxiliary" tense="present" wd="ha"/>
        <v gen="m" lem="dar" lss="D11.inergative-agentive" mood="participle" num="s" pos="vmp00sm" postype="main" wd="dado"/>
      </grup.verb>
      <sn arg="argL" entityref="nne" func="cd">
        <grup.nom gen="f" num="s">
          <n gen="f" lem="prueba" lexicalid="noun.prueba.3.transitive" num="s" origin="deverbal" pos="ncfs000" postype="common" sense="16:03735763" wd="prueba"/>
          <sp arg="arg1" coord="yes" func="cn" tem="pat">
            <sp>
              <prep>
                <s lem="de" pos="sps00" postype="preposition" wd="de"/>
              </prep>
              <sn entityref="nne">
                <grup.nom gen="f" num="s">
                  <s.a gen="f" num="s">
                    <grup.a gen="f" num="s">
                      <a gen="f" lem="buen" num="s" pos="aq0fs0" postype="qualificative" wd="buena"/>
                    </grup.a>
                  </s.a>
                  <n gen="f" lem="voluntad" num="s" pos="ncfs000" postype="common" sense="16:05370812" wd="voluntad"/>
                </grup.nom>
              </sn>
            </sp>
            <conj conjunctiontype="coordinating">
              <c lem="y" pos="cc" postype="coordinating" wd="y"/>
            </conj>
            <sp>
              <prep>
                <s lem="de" pos="sps00" postype="preposition" wd="de"/>
              </prep>
              <S clausetype="completive">
                <conj conjunctiontype="subordinating">
                  <c lem="que" pos="cs" postype="subordinating" wd="que"/>
                </conj>
                <sn arg="arg1" entityref="lex" func="suj" tem="tem">
                  <spec gen="f" num="s">
                    <d gen="f" lem="el" num="s" pos="da0fs0" postype="article" wd="la"/>
                  </spec>
                  <grup.nom gen="f" num="s">
                    <n gen="f" lem="pelota" num="s" pos="ncfs000" postype="common" sense="16:02240791" wd="pelota"/>
                  </grup.nom>
                </sn>
                <grup.verb>
                  <v lem="estar" lss="C11.state-existential" mood="indicative" num="s" person="3" pos="vmip3s0" postype="main" tense="present" wd="está"/>
                </grup.verb>
                <sadv arg="argM" func="cc" tem="tmp">
                  <grup.adv>
                    <r lem="ahora" pos="rg" wd="ahora"/>
                  </grup.adv>
                </sadv>
                <sp arg="arg2" func="cc" tem="loc">
                  <prep>
                    <s lem="en" pos="sps00" postype="preposition" wd="en"/>
                  </prep>
                  <sn entityref="lex">
                    <grup.nom gen="m" num="s">
                      <n gen="m" lem="campo" num="s" pos="ncms000" postype="common" sense="16:02510690" wd="campo"/>
                      <sp>
                        <prep>
                          <s lem="de" pos="sps00" postype="preposition" wd="de"/>
                        </prep>
                        <sn coreftype="ident" entity="entity12" entityref="ne" ne="organization">
                          <spec gen="f" num="s">
                            <d gen="f" lem="el" num="s" pos="da0fs0" postype="article" wd="la"/>
                          </spec>
                          <grup.nom gen="f" num="s">
                            <n lem="OTAN" ne="organization" pos="np00000" postype="proper" wd="OTAN"/>
                          </grup.nom>
                        </sn>
                      </sp>
                    </grup.nom>
                  </sn>
                </sp>
              </S>
            </sp>
          </sp>
        </grup.nom>
      </sn>
    </S>
    <f lem="." pos="fp" punct="period" wd="."/>
  </sentence>
</article>
