<?xml version="1.0" encoding="UTF-8"?>
<!-- 

  ancora-2.0
       
			Copyright (C) 2007, 2008, 2009, 2010, 2011 UB - CLiC
			Centre de Llenguatge i Computació - Universitat de Barcelona
 
  This file is part of ancora-2.0.
 
  ancora-2.0 is free software and data: you can redistribute it and/or modify
  it under the terms of the GNU General Public License as published
  by the Free Software Foundation, either version 3 of the License,
  or (at your option) any later version.

  ancora-2.0 is distributed in the hope that it will be useful,
  but WITHOUT ANY WARRANTY; without even the implied warranty of
  MERCHANTABILITY or FITNESS FOR A PARTICULAR PURPOSE.  See the
  GNU General Public License for more details.
 
  You should have received a copy of the GNU General Public License
  along with ancora-2.0.  If not, see &lt;http://www.gnu.org/licenses/&gt;.
 
  Check a text in catalan explaining the terms of the license at http://www.softcatala.cat/wiki/GPL3.
  In spanish at http://www.viti.es/gnu/licenses/gpl.html
 

  The following paper must be cited when using this corpus:

 * Taulé, M., M.A. Martí, M. Recasens (2008) 'Ancora: Multilevel Annotated Corpora for Catalan and Spanish',
   Proceedings of 6th International Conference on Language Resources and Evaluation. Marrakesh (Morocco).

  In addition, the following paper must be cited if coreference information (attributes entity, coreftype,
  corefsubtype, homophoricDD or entityref) is used:

 * Recasens, Marta, M. Antònia Martí (2010) ‘AnCora-CO: Coreferentially annotated corpora for Spanish and
   Catalan’. Language Resources and Evaluation, Springer Science.

  Additionally, the following paper must be cited when argumental attributes in "sn" or "grup.nom"
  (attributes func, arg, tem or lexicalid) are used:

 * Peris, Aina, Mariona Taulé, Horacio Rodríguez (2010) ‘Semantic Annotation of Deverbal Nominalizations in the
   Spanish AnCora corpus’. Treebanks and Linguistic Theories (TLT-2010), Estonia.
-->
<article lng="es">
  <sentence id="0">
    <S arg="arg1" clausetype="completive" func="cd" tem="pat">
      <sn arg="arg1" entity="entity16" entityref="nne" func="suj" homophoricDD="yes" tem="tem">
        <spec gen="f" num="p">
          <d gen="f" lem="el" num="p" pos="da0fp0" postype="article" wd="Las"/>
        </spec>
        <grup.nom gen="f" num="p">
          <n gen="f" lem="matriculación" lexicalid="noun.matriculación.1.default" num="p" origin="deverbal" pos="ncfp000" postype="common" sense="16:cs1" wd="matriculaciones"/>
          <sp arg="arg1" func="cn" tem="tem">
            <prep>
              <s lem="de" pos="sps00" postype="preposition" wd="de"/>
            </prep>
            <sn entityref="nne">
              <grup.nom gen="m" num="p">
                <n gen="m" lem="automóvil" num="p" pos="ncmp000" postype="common" sense="16:02383458" wd="automóviles"/>
                <sp>
                  <prep>
                    <s lem="de" pos="sps00" postype="preposition" wd="de"/>
                  </prep>
                  <sn>
                    <grup.nom gen="m" num="s">
                      <n gen="m" lem="turismo" num="s" pos="ncms000" postype="common" sense="16:02383458" wd="turismo"/>
                    </grup.nom>
                  </sn>
                </sp>
              </grup.nom>
            </sn>
          </sp>
          <sp arg="argM" func="cn" tem="tmp">
            <prep>
              <s lem="en" pos="sps00" postype="preposition" wd="en"/>
            </prep>
            <sn entity="entity6" entityref="ne" ne="date">
              <spec gen="m" num="s">
                <d gen="m" lem="el" num="s" pos="da0ms0" postype="article" wd="el"/>
              </spec>
              <grup.nom gen="m" num="s">
                <S clausetype="participle" impersonal="yes">
                  <participi>
                    <a gen="m" lem="pasado" num="s" pos="aq0msp" posfunction="participle" postype="qualificative" wd="pasado"/>
                  </participi>
                </S>
                <w lem="[??:??/06/??:??.??]" ne="date" wd="mes_de_junio"/>
              </grup.nom>
            </sn>
          </sp>
        </grup.nom>
      </sn>
      <morfema.pronominal>
        <p gen="c" lem="él" num="c" person="3" pos="p0300000" wd="se"/>
      </morfema.pronominal>
      <grup.verb>
        <v lem="elevar" lss="B21.unaccusative-state" mood="indicative" num="p" person="3" pos="vmis3p0" postype="main" tense="past" wd="elevaron"/>
      </grup.verb>
      <sp arg="arg2" func="cc" tem="efi">
        <prep>
          <s lem="a" pos="sps00" postype="preposition" wd="a"/>
        </prep>
        <sn entity="entity1" entityref="spec">
          <spec gen="f" num="p">
            <z lem="146489" ne="number" wd="146.489"/>
          </spec>
          <grup.nom gen="f" num="p">
            <n gen="f" lem="unidad" num="p" pos="ncfp000" postype="common" sense="16:09946775" wd="unidades"/>
            <sn corefsubtype="definit" coreftype="pred" entity="entity1" entityref="ne" ne="number">
              <f lem="," pos="fc" punct="comma" wd=","/>
              <sn entityref="ne" ne="number">
                <spec gen="m" num="s">
                  <d gen="m" lem="uno" num="s" pos="di0ms0" postype="indefinite" wd="un"/>
                </spec>
                <grup.nom gen="m" num="s">
                  <z lem="0,2_por_ciento" ne="number" pos="zp" postype="percentage" wd="0,2_por_ciento"/>
                  <sadv>
                    <grup.adv>
                      <r lem="menos" pos="rg" wd="menos"/>
                    </grup.adv>
                  </sadv>
                </grup.nom>
              </sn>
              <S adjunct="yes" clausesubtype="comparative" clausetype="adverbial" verbless="yes">
                <conj conjunctiontype="subordinating">
                  <c lem="que" pos="cs" postype="subordinating" wd="que"/>
                </conj>
                <sn entityref="ne" ne="number">
                  <spec gen="f" num="p">
                    <d gen="f" lem="el" num="p" pos="da0fp0" postype="article" wd="las"/>
                  </spec>
                  <grup.nom gen="f" num="p">
                    <z lem="146819" ne="number" wd="146.819"/>
                    <sp>
                      <prep>
                        <s contracted="yes" gen="m" lem="del" num="s" pos="spcms" postype="preposition" wd="del"/>
                      </prep>
                      <sn entity="entity14" entityref="nne" homophoricDD="yes">
                        <spec gen="m" num="s">
                          <d gen="m" lem="mismo" num="s" pos="di0ms0" postype="indefinite" wd="mismo"/>
                        </spec>
                        <grup.nom gen="m" num="s">
                          <n gen="m" lem="mes" num="s" pos="ncms000" postype="common" sense="16:10919146" wd="mes"/>
                          <sp>
                            <prep>
                              <s contracted="yes" gen="m" lem="del" num="s" pos="spcms" postype="preposition" wd="del"/>
                            </prep>
                            <sn>
                              <grup.nom gen="m" num="s">
                                <S clausetype="participle" impersonal="yes">
                                  <participi>
                                    <a gen="m" lem="pasado" num="s" pos="aq0msp" posfunction="participle" postype="qualificative" wd="pasado"/>
                                  </participi>
                                </S>
                                <n gen="m" lem="año" num="s" pos="ncms000" postype="common" sense="16:10917509" wd="año"/>
                              </grup.nom>
                            </sn>
                          </sp>
                        </grup.nom>
                      </sn>
                    </sp>
                  </grup.nom>
                </sn>
              </S>
            </sn>
          </grup.nom>
        </sn>
      </sp>
      <f lem="," pos="fc" punct="comma" wd=","/>
    </S>
    <grup.verb>
      <v lem="informar" lss="A34.ditransitive-patient-theme" mood="indicative" num="p" person="3" pos="vmis3p0" postype="main" tense="past" wd="informaron"/>
    </grup.verb>
    <sadv arg="argM" func="cc" tem="tmp">
      <grup.adv>
        <r lem="hoy" pos="rg" wd="hoy"/>
      </grup.adv>
    </sadv>
    <sn arg="arg0" entityref="nne" func="suj" homophoricDD="yes" tem="agt">
      <spec gen="f" num="p">
        <d gen="f" lem="el" num="p" pos="da0fp0" postype="article" wd="las"/>
      </spec>
      <grup.nom gen="f" num="p">
        <n gen="f" lem="asociación" lexicalid="noun.asociación.1.default" num="p" origin="deverbal" pos="ncfp000" postype="common" sense="16:05999585" wd="asociaciones"/>
        <sp arg="arg1" func="cn" tem="pat">
          <prep>
            <s lem="de" pos="sps00" postype="preposition" wd="de"/>
          </prep>
          <sn complex="yes">
            <grup.nom coord="yes">
              <grup.nom entity="entity2" entityref="spec" gen="m" num="p">
                <n gen="c" lem="fabricante" num="p" pos="nccp000" postype="common" sense="16:06007767" wd="fabricantes"/>
                <sp>
                  <prep>
                    <s lem="de" pos="sps00" postype="preposition" wd="de"/>
                  </prep>
                  <sn>
                    <grup.nom gen="m" num="p">
                      <n gen="m" lem="automóvil" num="p" pos="ncmp000" postype="common" sense="16:02383458" wd="automóviles"/>
                    </grup.nom>
                  </sn>
                </sp>
                <sn corefsubtype="definit" coreftype="pred" entity="entity2" entityref="ne" ne="organization">
                  <grup.nom>
                    <f lem="(" pos="fpa" punct="bracket" punctenclose="open" wd="("/>
                    <n lem="ANFAC" ne="organization" pos="np00000" postype="proper" wd="ANFAC"/>
                    <f lem=")" pos="fpt" punct="bracket" punctenclose="close" wd=")"/>
                  </grup.nom>
                </sn>
              </grup.nom>
              <f lem="," pos="fc" punct="comma" wd=","/>
              <grup.nom entity="entity3" entityref="spec" gen="m" num="p">
                <n gen="m" lem="importador" num="p" pos="ncmp000" postype="common" sense="16:07335997" wd="importadores"/>
                <sn corefsubtype="definit" coreftype="pred" entity="entity3" entityref="ne" ne="organization">
                  <grup.nom>
                    <f lem="(" pos="fpa" punct="bracket" punctenclose="open" wd="("/>
                    <n lem="Aniacam" ne="organization" pos="np00000" postype="proper" wd="Aniacam"/>
                    <f lem=")" pos="fpt" punct="bracket" punctenclose="close" wd=")"/>
                  </grup.nom>
                </sn>
              </grup.nom>
              <f lem="," pos="fc" punct="comma" wd=","/>
              <grup.nom entity="entity4" entityref="spec" gen="m" num="p">
                <n gen="m" lem="concesionario" num="p" pos="ncmp000" postype="common" sense="16:cs1" wd="concesionarios"/>
                <sn corefsubtype="definit" coreftype="pred" entity="entity4" entityref="ne" ne="organization">
                  <grup.nom>
                    <f lem="(" pos="fpa" punct="bracket" punctenclose="open" wd="("/>
                    <n lem="Faconauto" ne="organization" pos="np00000" postype="proper" wd="Faconauto"/>
                    <f lem=")" pos="fpt" punct="bracket" punctenclose="close" wd=")"/>
                  </grup.nom>
                </sn>
              </grup.nom>
              <conj conjunctiontype="coordinating">
                <c lem="y" pos="cc" postype="coordinating" wd="y"/>
              </conj>
              <grup.nom entity="entity5" entityref="spec" gen="m" num="p">
                <n gen="m" lem="vendedor" num="p" pos="ncmp000" postype="common" sense="16:07563088" wd="vendedores"/>
                <sn corefsubtype="definit" coreftype="pred" entity="entity5" entityref="ne" ne="organization">
                  <grup.nom>
                    <f lem="(" pos="fpa" punct="bracket" punctenclose="open" wd="("/>
                    <n lem="Ganvam" ne="organization" pos="np00000" postype="proper" wd="Ganvam"/>
                    <f lem=")" pos="fpt" punct="bracket" punctenclose="close" wd=")"/>
                  </grup.nom>
                </sn>
              </grup.nom>
            </grup.nom>
          </sn>
        </sp>
      </grup.nom>
    </sn>
    <f lem="." pos="fp" punct="period" wd="."/>
  </sentence>
  <sentence id="1">
    <conj conjunctiontype="coordinating" func="et">
      <c lem="no_obstante" pos="cc" postype="coordinating" wd="No_obstante"/>
      <f lem="," pos="fc" punct="comma" wd=","/>
    </conj>
    <sn arg="arg0" entityref="nne" func="suj" homophoricDD="yes" tem="cau">
      <spec gen="m" num="s">
        <d gen="m" lem="el" num="s" pos="da0ms0" postype="article" wd="el"/>
      </spec>
      <grup.nom gen="m" num="s">
        <n gen="m" lem="crecimiento" lexicalid="noun.crecimiento.1.default" num="s" origin="deverbal" pos="ncms000" postype="common" sense="16:09729055" wd="crecimiento"/>
        <S clausetype="participle" func="cn" impersonal="yes">
          <participi>
            <a gen="m" lem="acumulado" lss="B22.unaccusative-passive-transitive" num="s" pos="aq0msp" posfunction="participle" postype="qualificative" wd="acumulado"/>
          </participi>
          <sp arg="argM" func="cc" tem="tmp">
            <prep>
              <s lem="en" pos="sps00" postype="preposition" wd="en"/>
            </prep>
            <sn entity="entity15" entityref="spec">
              <spec gen="m" num="p">
                <d gen="m" lem="el" num="p" pos="da0mp0" postype="article" wd="los"/>
                <d gen="c" lem="seis" num="p" pos="dn0cp0" postype="numeral" wd="seis"/>
              </spec>
              <grup.nom gen="m" num="p">
                <s.a gen="m" num="p">
                  <grup.a gen="m" num="p">
                    <a gen="m" lem="primero" num="p" pos="ao0mp0" postype="ordinal" wd="primeros"/>
                  </grup.a>
                </s.a>
                <n gen="m" lem="mes" num="p" pos="ncmp000" postype="common" sense="16:10919146" wd="meses"/>
                <sp>
                  <prep>
                    <s contracted="yes" gen="m" lem="del" num="s" pos="spcms" postype="preposition" wd="del"/>
                  </prep>
                  <sn entity="entity8" entityref="nne">
                    <grup.nom gen="m" num="s">
                      <n gen="m" lem="año" num="s" pos="ncms000" postype="common" sense="16:10917509" wd="año"/>
                    </grup.nom>
                  </sn>
                </sp>
              </grup.nom>
            </sn>
          </sp>
        </S>
      </grup.nom>
    </sn>
    <grup.verb>
      <v lem="haber" mood="indicative" num="s" person="3" pos="vaip3s0" postype="auxiliary" tense="present" wd="ha"/>
      <v gen="m" lem="motivar" lss="A11.transitive-causative" mood="participle" num="s" pos="vmp00sm" postype="main" wd="motivado"/>
    </grup.verb>
    <S arg="arg1" clausetype="completive" func="cd" tem="tem">
      <conj conjunctiontype="subordinating">
        <c lem="que" pos="cs" postype="subordinating" wd="que"/>
      </conj>
      <sn arg="arg0" coreftype="ident" entity="entity16" entityref="nne" func="suj" tem="agt">
        <spec gen="f" num="p">
          <d gen="f" lem="el" num="p" pos="da0fp0" postype="article" wd="las"/>
        </spec>
        <grup.nom gen="f" num="p">
          <n gen="f" lem="matriculación" lexicalid="noun.matriculación.1.default" num="p" origin="deverbal" pos="ncfp000" postype="common" sense="16:cs1" wd="matriculaciones"/>
        </grup.nom>
      </sn>
      <grup.verb>
        <v lem="ofrecer" lss="A32.ditransitive-patient-benefactive" mood="subjunctive" num="p" person="3" pos="vmsp3p0" postype="main" tense="present" wd="ofrezcan"/>
      </grup.verb>
      <sn arg="arg1" entityref="nne" func="cd" tem="pat">
        <spec gen="m" num="s">
          <d gen="m" lem="uno" num="s" pos="di0ms0" postype="indefinite" wd="un"/>
        </spec>
        <grup.nom gen="m" num="s">
          <n gen="m" lem="resultado" lexicalid="noun.resultado.3.default" num="s" origin="deverbal" pos="ncms000" postype="common" sense="16:09768132" wd="resultado"/>
          <s.a func="cn" gen="m" num="s">
            <grup.a gen="m" num="s">
              <a gen="m" lem="positivo" num="s" pos="aq0ms0" postype="qualificative" wd="positivo"/>
            </grup.a>
          </s.a>
          <sp arg="arg1" func="cn" tem="tem">
            <prep>
              <s contracted="yes" gen="m" lem="del" num="s" pos="spcms" postype="preposition" wd="del"/>
            </prep>
            <sn entityref="ne" ne="number">
              <grup.nom gen="m" num="s">
                <z lem="5,5_por_ciento" ne="number" pos="zp" postype="percentage" wd="5,5_por_ciento"/>
              </grup.nom>
            </sn>
          </sp>
        </grup.nom>
      </sn>
    </S>
    <sp arg="argM" func="cc" tem="tmp">
      <f lem="," pos="fc" punct="comma" wd=","/>
      <prep>
        <s contracted="yes" gen="m" lem="al" num="s" pos="spcms" postype="preposition" wd="al"/>
      </prep>
      <S clausetype="completive" impersonal="yes">
        <infinitiu>
          <v lem="pasar" lss="D11.inergative-agentive" mood="infinitive" pos="vmn0000" postype="main" wd="pasar"/>
        </infinitiu>
        <sp arg="arg3" func="cc" tem="ori">
          <prep>
            <s lem="de" pos="sps00" postype="preposition" wd="de"/>
          </prep>
          <sn entityref="ne" ne="number">
            <spec gen="f" num="p">
              <d gen="f" lem="el" num="p" pos="da0fp0" postype="article" wd="las"/>
              <z lem="722211" ne="number" wd="722.211"/>
            </spec>
            <grup.nom gen="f" num="p">
              <n gen="f" lem="unidad" num="p" pos="ncfp000" postype="common" sense="16:09946775" wd="unidades"/>
              <sp>
                <prep>
                  <s lem="de" pos="sps00" postype="preposition" wd="de"/>
                </prep>
                <sn entity="entity12" entityref="ne" ne="date">
                  <grup.nom>
                    <n gen="c" lem="enero-junio" num="c" pos="nc00000" postype="common" sense="16:cs6" wd="enero-junio"/>
                    <sp>
                      <prep>
                        <s lem="de" pos="sps00" postype="preposition" wd="de"/>
                      </prep>
                      <sn entity="entity23" entityref="ne" ne="date">
                        <grup.nom gen="m" num="s">
                          <w lem="[??:??/??/1999:??.??]" ne="date" wd="1999"/>
                        </grup.nom>
                      </sn>
                    </sp>
                  </grup.nom>
                </sn>
              </sp>
            </grup.nom>
          </sn>
        </sp>
        <sp arg="arg4" func="cc" tem="des">
          <prep>
            <s lem="a" pos="sps00" postype="preposition" wd="a"/>
          </prep>
          <sn entityref="ne" ne="number">
            <grup.nom gen="f" num="p">
              <z lem="761647" ne="number" wd="761.647"/>
              <sp>
                <prep>
                  <s contracted="yes" gen="m" lem="del" num="s" pos="spcms" postype="preposition" wd="del"/>
                </prep>
                <sn entityref="nne" homophoricDD="yes">
                  <grup.nom gen="m" num="s">
                    <s.a func="cn" gen="m" num="s">
                      <grup.a gen="m" num="s">
                        <a gen="c" lem="presente" num="s" pos="aq0cs0" postype="qualificative" wd="presente"/>
                      </grup.a>
                    </s.a>
                    <n gen="m" lem="ejercicio" lexicalid="noun.ejercicio.3.default" num="s" origin="deverbal" pos="ncms000" postype="common" sense="16:10917007" wd="ejercicio"/>
                  </grup.nom>
                </sn>
              </sp>
            </grup.nom>
          </sn>
        </sp>
      </S>
    </sp>
    <f lem="." pos="fp" punct="period" wd="."/>
  </sentence>
  <sentence id="2">
    <sn arg="arg1" coreftype="ident" entity="entity6" entityref="ne" func="suj" ne="date" tem="tem">
      <grup.nom gen="m" num="s">
        <w lem="[??:??/06/??:??.??]" ne="date" wd="Junio"/>
      </grup.nom>
    </sn>
    <grup.verb>
      <v lem="haber" mood="indicative" num="s" person="3" pos="vaip3s0" postype="auxiliary" tense="present" wd="ha"/>
      <v gen="m" lem="ser" lss="C21.state-attributive" mood="participle" num="s" pos="vsp00sm" postype="semiauxiliary" wd="sido"/>
    </grup.verb>
    <sn arg="arg2" entity="entity7" entityref="nne" func="atr" tem="atr">
      <spec gen="m" num="s">
        <d gen="m" lem="el" num="s" pos="da0ms0" postype="article" wd="el"/>
      </spec>
      <grup.nom discid="1n" gen="m" num="s">
        <s.a gen="m" num="s">
          <grup.a gen="m" num="s">
            <a gen="m" lem="segundo" num="s" pos="ao0ms0" postype="ordinal" wd="segundo"/>
          </grup.a>
        </s.a>
        <n gen="m" lem="mes" num="s" pos="ncms000" postype="common" sense="16:10919146" wd="mes"/>
      </grup.nom>
    </sn>
    <sadv arg="argM" func="cc" tem="tmp">
      <f lem="," pos="fc" punct="comma" wd=","/>
      <grup.adv>
        <r lem="después" pos="rg" wd="después"/>
        <sp>
          <prep>
            <s lem="de" pos="sps00" postype="preposition" wd="de"/>
          </prep>
          <sn entityref="nne" homophoricDD="yes">
            <spec gen="f" num="s">
              <d gen="f" lem="el" num="s" pos="da0fs0" postype="article" wd="la"/>
            </spec>
            <grup.nom gen="f" num="s">
              <n gen="f" lem="caída" lexicalid="noun.caída.5.default" num="s" origin="deverbal" pos="ncfs000" postype="common" sense="16:03985255" wd="caída"/>
              <sp arg="arg2" func="cn" tem="ext">
                <prep>
                  <s contracted="yes" gen="m" lem="del" num="s" pos="spcms" postype="preposition" wd="del"/>
                </prep>
                <sn entityref="ne" ne="number">
                  <grup.nom gen="m" num="s">
                    <z lem="0,5_por_ciento" ne="number" pos="zp" postype="percentage" wd="0,5_por_ciento"/>
                  </grup.nom>
                </sn>
              </sp>
              <sp arg="argM" func="cn" tem="tmp">
                <prep>
                  <s lem="de" pos="sps00" postype="preposition" wd="de"/>
                </prep>
                <sn entityref="ne" ne="date">
                  <grup.nom gen="m" num="s">
                    <w lem="[??:??/03/??:??.??]" ne="date" wd="marzo"/>
                  </grup.nom>
                </sn>
              </sp>
            </grup.nom>
          </sn>
        </sp>
      </grup.adv>
      <f lem="," pos="fc" punct="comma" wd=","/>
    </sadv>
    <S clausetype="relative" discid="1c">
      <sp arg="arg2" func="cc" tem="loc">
        <prep>
          <s lem="en" pos="sps00" postype="preposition" wd="en"/>
        </prep>
        <sn coreftype="ident" entity="entity7" entityref="nne">
          <spec gen="m" num="s">
            <d gen="m" lem="el" num="s" pos="da0ms0" postype="article" wd="el"/>
          </spec>
          <grup.nom gen="m" num="s">
            <relatiu>
              <p gen="c" lem="que" num="c" pos="pr0cn000" postype="relative" wd="que"/>
            </relatiu>
          </grup.nom>
        </sn>
      </sp>
      <morfema.verbal func="pass">
        <p gen="c" lem="se" num="c" pos="p0000000" wd="se"/>
      </morfema.verbal>
      <grup.verb>
        <v lem="registrar" lss="B22.unaccusative-passive-transitive" mood="indicative" num="s" person="3" pos="vmip3s0" postype="main" tense="present" wd="registra"/>
      </grup.verb>
      <sn arg="arg1" entityref="nne" func="suj" tem="pat">
        <spec gen="f" num="s">
          <d gen="f" lem="uno" num="s" pos="di0fs0" postype="indefinite" wd="una"/>
        </spec>
        <grup.nom gen="f" num="s">
          <n gen="f" lem="evolución" lexicalid="noun.evolución.1.default" num="s" origin="deverbal" pos="ncfs000" postype="common" sense="16:00159874" wd="evolución"/>
          <s.a func="cn" gen="f" num="s">
            <grup.a gen="f" num="s">
              <a gen="f" lem="negativo" num="s" pos="aq0fs0" postype="qualificative" wd="negativa"/>
            </grup.a>
          </s.a>
          <sp func="cn">
            <prep>
              <s lem="en" pos="sps00" postype="preposition" wd="en"/>
            </prep>
            <sn entityref="nne">
              <grup.nom gen="m" num="p">
                <n gen="m" lem="término" num="p" pos="ncmp000" postype="common" sense="16:04758968" wd="términos"/>
                <s.a gen="m" num="p">
                  <grup.a gen="m" num="p">
                    <a gen="c" lem="mensual" num="p" pos="aq0cp0" postype="qualificative" wd="mensuales"/>
                  </grup.a>
                </s.a>
              </grup.nom>
            </sn>
          </sp>
        </grup.nom>
      </sn>
      <sn arg="argM" coreftype="ident" entity="entity8" entityref="nne" func="cc" tem="tmp">
        <spec gen="m" num="s">
          <d gen="m" lem="este" num="s" pos="dd0ms0" postype="demonstrative" wd="este"/>
        </spec>
        <grup.nom gen="m" num="s">
          <n gen="m" lem="año" num="s" pos="ncms000" postype="common" sense="16:10917509" wd="año"/>
        </grup.nom>
      </sn>
    </S>
    <f lem="." pos="fp" punct="period" wd="."/>
  </sentence>
  <sentence id="3">
    <sn arg="arg0" entity="entity9" entityref="ne" func="suj" ne="person" tem="agt">
      <spec gen="m" num="s">
        <d gen="m" lem="el" num="s" pos="da0ms0" postype="article" wd="El"/>
      </spec>
      <grup.nom gen="m" num="s">
        <n gen="m" lem="director" num="s" pos="ncms000" postype="common" sense="16:07496197" wd="director"/>
        <s.a gen="m" num="s">
          <grup.a gen="m" num="s">
            <a gen="c" lem="general" num="s" pos="aq0cs0" postype="qualificative" wd="general"/>
          </grup.a>
        </s.a>
        <sp>
          <prep>
            <s lem="de" pos="sps00" postype="preposition" wd="de"/>
          </prep>
          <sn coreftype="ident" entity="entity2" entityref="ne" ne="organization">
            <grup.nom>
              <n lem="ANFAC" ne="organization" pos="np00000" postype="proper" wd="ANFAC"/>
            </grup.nom>
          </sn>
        </sp>
        <sn corefsubtype="definit" coreftype="pred" entity="entity9" entityref="ne" ne="person">
          <f lem="," pos="fc" punct="comma" wd=","/>
          <grup.nom gen="m" num="s">
            <n lem="Luis_Valero" ne="person" pos="np00000" postype="proper" wd="Luis_Valero"/>
          </grup.nom>
          <f lem="," pos="fc" punct="comma" wd=","/>
        </sn>
      </grup.nom>
    </sn>
    <grup.verb>
      <v lem="declarar" lss="A32.ditransitive-patient-benefactive" mood="indicative" num="s" person="3" pos="vmis3s0" postype="main" tense="past" wd="declaró"/>
    </grup.verb>
    <sadv arg="argM" func="cc" tem="tmp">
      <grup.adv>
        <r lem="hoy" pos="rg" wd="hoy"/>
      </grup.adv>
    </sadv>
    <sp arg="arg2" func="ci" tem="ben">
      <prep>
        <s lem="a" pos="sps00" postype="preposition" wd="a"/>
      </prep>
      <sn entity="entity17" entityref="ne" ne="organization">
        <grup.nom>
          <n lem="EFE" ne="organization" pos="np00000" postype="proper" wd="EFE"/>
        </grup.nom>
      </sn>
    </sp>
    <S arg="arg1" clausetype="completive" func="cd" tem="pat">
      <conj conjunctiontype="subordinating">
        <c lem="que" pos="cs" postype="subordinating" wd="que"/>
      </conj>
      <sn arg="arg0" entityref="nne" func="suj" tem="agt">
        <spec gen="m" num="p">
          <d gen="m" lem="este" num="p" pos="dd0mp0" postype="demonstrative" wd="estos"/>
        </spec>
        <grup.nom gen="m" num="p">
          <n gen="m" lem="resultado" lexicalid="noun.resultado.3.default" num="p" origin="deverbal" pos="ncmp000" postype="common" sense="16:09768132" wd="resultados"/>
          <sp arg="argM" func="cn" tem="tmp">
            <prep>
              <s lem="de" pos="sps00" postype="preposition" wd="de"/>
            </prep>
            <sn coreftype="ident" entity="entity6" entityref="ne" ne="date">
              <grup.nom gen="m" num="s">
                <w lem="[??:??/06/??:??.??]" ne="date" wd="Junio"/>
              </grup.nom>
            </sn>
          </sp>
        </grup.nom>
      </sn>
      <grup.verb>
        <v lem="apuntar" lss="A21.transitive-agentive-patient" mood="indicative" num="p" person="3" pos="vmip3p0" postype="main" tense="present" wd="apuntan"/>
      </grup.verb>
      <sp arg="arg2" func="cc" tem="loc">
        <prep>
          <s lem="a" pos="sps00" postype="preposition" wd="a"/>
        </prep>
        <sn entity="entity10" entityref="nne">
          <spec gen="m" num="s">
            <d gen="m" lem="uno" num="s" pos="di0ms0" postype="indefinite" wd="un"/>
          </spec>
          <grup.nom gen="m" num="s">
            <n gen="m" lem="estancamiento" lexicalid="noun.estancamiento.2.anticausative" num="s" origin="deverbal" pos="ncms000" postype="common" sense="16:10095290" wd="estancamiento"/>
            <sp arg="arg1" func="cn" tem="tem">
              <prep>
                <s lem="en" pos="sps00" postype="preposition" wd="en"/>
              </prep>
              <sn entity="entity22" entityref="nne" homophoricDD="yes">
                <spec gen="f" num="s">
                  <d gen="f" lem="el" num="s" pos="da0fs0" postype="article" wd="la"/>
                </spec>
                <grup.nom gen="f" num="s">
                  <n gen="f" lem="demanda" num="s" pos="ncfs000" postype="common" sense="16:05374441" wd="demanda"/>
                  <sp>
                    <prep>
                      <s lem="de" pos="sps00" postype="preposition" wd="de"/>
                    </prep>
                    <sn entityref="nne">
                      <grup.nom gen="m" num="p">
                        <n gen="c" lem="particular" num="p" pos="nccp000" postype="common" sense="16:cs2" wd="particulares"/>
                      </grup.nom>
                    </sn>
                  </sp>
                </grup.nom>
              </sn>
            </sp>
          </grup.nom>
        </sn>
      </sp>
      <S arg="argM" clausetype="adverbial" func="cc" tem="cau">
        <f lem="," pos="fc" punct="comma" wd=","/>
        <conj conjunctiontype="subordinating">
          <c lem="ya_que" pos="cs" postype="subordinating" wd="ya_que"/>
        </conj>
        <morfema.verbal func="pass">
          <p gen="c" lem="se" num="c" pos="p0000000" wd="se"/>
        </morfema.verbal>
        <grup.verb>
          <v lem="haber" mood="indicative" num="s" person="3" pos="vaip3s0" postype="auxiliary" tense="present" wd="ha"/>
          <v gen="m" lem="detectar" lss="B22.unaccusative-passive-transitive" mood="participle" num="s" pos="vmp00sm" postype="main" wd="detectado"/>
        </grup.verb>
        <sn arg="arg1" entityref="nne" func="suj" tem="pat">
          <spec gen="m" num="s">
            <d gen="m" lem="uno" num="s" pos="di0ms0" postype="indefinite" wd="un"/>
          </spec>
          <grup.nom gen="m" num="s">
            <s.a func="cn" gen="m" num="s">
              <grup.a gen="m" num="s">
                <a gen="c" lem="importante" num="s" pos="aq0cs0" postype="qualificative" wd="importante"/>
              </grup.a>
            </s.a>
            <n gen="m" lem="incremento" lexicalid="noun.incremento.2.default" num="s" origin="deverbal" pos="ncms000" postype="common" sense="16:05479891" wd="incremento"/>
            <sp arg="arg1" func="cn" tem="tem">
              <prep>
                <s lem="de" pos="sps00" postype="preposition" wd="de"/>
              </prep>
              <sn entityref="nne">
                <spec gen="f" num="p">
                  <d gen="f" lem="el" num="p" pos="da0fp0" postype="article" wd="las"/>
                </spec>
                <grup.nom gen="f" num="p">
                  <n gen="f" lem="compra" lexicalid="noun.compra.1.default" num="p" origin="deverbal" pos="ncfp000" postype="common" sense="16:00049855" wd="compras"/>
                </grup.nom>
              </sn>
            </sp>
            <sp arg="arg0" func="cn" tem="cau">
              <prep>
                <s lem="por_parte_de" pos="sps00" postype="preposition" wd="por_parte_de"/>
              </prep>
              <sn entityref="nne">
                <spec gen="f" num="p">
                  <d gen="f" lem="el" num="p" pos="da0fp0" postype="article" wd="las"/>
                </spec>
                <grup.nom gen="f" num="p">
                  <n gen="f" lem="empresa" num="p" pos="ncfp000" postype="common" sense="16:06004580" wd="empresas"/>
                  <sp>
                    <prep>
                      <s lem="de" pos="sps00" postype="preposition" wd="de"/>
                    </prep>
                    <sn>
                      <grup.nom gen="m" num="s">
                        <n gen="m" lem="alquiler" num="s" pos="ncms000" postype="common" sense="16:00721131" wd="alquiler"/>
                      </grup.nom>
                    </sn>
                  </sp>
                </grup.nom>
              </sn>
            </sp>
            <sp arg="argM" func="cn" tem="cau">
              <prep>
                <s lem="ante" pos="sps00" postype="preposition" wd="ante"/>
              </prep>
              <sn entityref="nne" homophoricDD="yes">
                <spec gen="f" num="p">
                  <d gen="f" lem="el" num="p" pos="da0fp0" postype="article" wd="las"/>
                </spec>
                <grup.nom gen="f" num="p">
                  <s.a gen="f" num="p">
                    <grup.a gen="f" num="p">
                      <a gen="f" lem="buen" num="p" pos="aq0fp0" postype="qualificative" wd="buenas"/>
                    </grup.a>
                  </s.a>
                  <n gen="f" lem="perspectiva" num="p" pos="ncfp000" postype="common" sense="16:04706473" wd="perspectivas"/>
                  <sp>
                    <prep>
                      <s lem="de" pos="sps00" postype="preposition" wd="de"/>
                    </prep>
                    <sn entityref="nne" homophoricDD="yes">
                      <spec gen="f" num="s">
                        <d gen="f" lem="el" num="s" pos="da0fs0" postype="article" wd="la"/>
                      </spec>
                      <grup.nom gen="f" num="s">
                        <n gen="f" lem="temporada" num="s" pos="ncfs000" postype="common" sense="16:10947841" wd="temporada"/>
                        <s.a gen="f" num="s">
                          <grup.a gen="f" num="s">
                            <a gen="f" lem="turístico" num="s" pos="aq0fs0" postype="qualificative" wd="turística"/>
                          </grup.a>
                        </s.a>
                      </grup.nom>
                    </sn>
                  </sp>
                </grup.nom>
              </sn>
            </sp>
          </grup.nom>
        </sn>
      </S>
    </S>
    <f lem="." pos="fp" punct="period" wd="."/>
  </sentence>
  <sentence id="4">
    <sn arg="arg0" coreftype="ident" entity="entity9" entityref="ne" func="suj" ne="person" tem="agt">
      <grup.nom gen="m" num="s">
        <n lem="Valero" ne="person" pos="np00000" postype="proper" wd="Valero"/>
      </grup.nom>
    </sn>
    <grup.verb>
      <v lem="apuntar" lss="A21.transitive-agentive-patient" mood="indicative" num="s" person="3" pos="vmis3s0" postype="main" tense="past" wd="apuntó"/>
    </grup.verb>
    <S arg="arg1" clausetype="completive" func="cd" tem="pat">
      <conj conjunctiontype="subordinating">
        <c lem="que" pos="cs" postype="subordinating" wd="que"/>
      </conj>
      <sn arg="arg1" entityref="nne" func="suj" homophoricDD="yes" tem="tem">
        <spec gen="m" num="p">
          <d gen="m" lem="el" num="p" pos="da0mp0" postype="article" wd="los"/>
          <a gen="m" lem="próximo" num="p" pos="aq0mp0" postype="qualificative" wd="próximos"/>
          <d gen="c" lem="dos" num="p" pos="dn0cp0" postype="numeral" wd="dos"/>
        </spec>
        <grup.nom gen="m" num="p">
          <n gen="m" lem="mes" num="p" pos="ncmp000" postype="common" sense="16:10919146" wd="meses"/>
        </grup.nom>
      </sn>
      <grup.verb>
        <v lem="ir" mood="indicative" num="p" person="3" pos="vmip3p0" postype="main" tense="present" wd="van"/>
        <s lem="a" pos="sps00" postype="preposition" wd="a"/>
        <infinitiu>
          <v lem="resultar" lss="C21.state-attributive" mood="infinitive" pos="vmn0000" postype="main" wd="resultar"/>
        </infinitiu>
      </grup.verb>
      <sn arg="arg2" entityref="nne" func="cc" tem="atr">
        <grup.nom gen="f" num="p">
          <n gen="f" lem="clave" num="p" pos="ncfp000" postype="common" sense="16:04465927" wd="claves"/>
          <sp>
            <prep>
              <s lem="para" pos="sps00" postype="preposition" wd="para"/>
            </prep>
            <S clausetype="completive" impersonal="yes">
              <infinitiu>
                <v lem="percibir" lss="A21.transitive-agentive-patient" mood="infinitive" pos="vmn0000" postype="main" wd="percibir"/>
              </infinitiu>
              <S arg="arg1" clausetype="completive" func="cd" tem="pat">
                <conj conjunctiontype="subordinating">
                  <c lem="si" pos="cs" postype="subordinating" wd="si"/>
                </conj>
                <morfema.verbal func="pass">
                  <p gen="c" lem="se" num="c" pos="p0000000" wd="se"/>
                </morfema.verbal>
                <grup.verb>
                  <v lem="ratificar" lss="B22.unaccusative-passive-transitive" mood="indicative" num="s" person="3" pos="vmip3s0" postype="main" tense="present" wd="ratifica"/>
                </grup.verb>
                <sn arg="arg1" coreftype="ident" entity="entity10" entityref="nne" func="suj" homophoricDD="yes" tem="pat">
                  <spec gen="f" num="s">
                    <d gen="f" lem="el" num="s" pos="da0fs0" postype="article" wd="la"/>
                  </spec>
                  <grup.nom gen="f" num="s">
                    <n gen="f" lem="tendencia" lexicalid="noun.tendencia.1.default" num="s" origin="deverbal" pos="ncfs000" postype="common" sense="16:03867407" wd="tendencia"/>
                    <sp arg="arg2" func="cn" tem="efi">
                      <prep>
                        <s lem="de" pos="sps00" postype="preposition" wd="de"/>
                      </prep>
                      <sn entityref="nne">
                        <grup.nom gen="m" num="s">
                          <n gen="m" lem="estancamiento" lexicalid="noun.estancamiento.2.anticausative" num="s" origin="deverbal" pos="ncms000" postype="common" sense="16:10095290" wd="estancamiento"/>
                          <sp arg="arg1" func="cn" tem="tem">
                            <prep>
                              <s lem="de" pos="sps00" postype="preposition" wd="de"/>
                            </prep>
                            <sn coreftype="ident" entity="entity22" entityref="nne">
                              <spec gen="f" num="s">
                                <d gen="f" lem="el" num="s" pos="da0fs0" postype="article" wd="la"/>
                              </spec>
                              <grup.nom gen="f" num="s">
                                <n gen="f" lem="demanda" num="s" pos="ncfs000" postype="common" sense="16:05374441" wd="demanda"/>
                              </grup.nom>
                            </sn>
                          </sp>
                        </grup.nom>
                      </sn>
                    </sp>
                  </grup.nom>
                </sn>
              </S>
            </S>
          </sp>
        </grup.nom>
      </sn>
    </S>
    <S clausesubtype="concessive" clausetype="adverbial" func="ao">
      <f lem="," pos="fc" punct="comma" wd=","/>
      <conj conjunctiontype="subordinating">
        <c lem="aunque" pos="cs" postype="subordinating" wd="aunque"/>
      </conj>
      <sn arg="arg0" coreftype="ident" elliptic="yes" entity="entity9" entityref="spec" func="suj" tem="agt"/>
      <grup.verb>
        <v lem="decir" lss="A32.ditransitive-patient-benefactive" mood="indicative" num="s" person="3" pos="vmis3s0" postype="main" tense="past" wd="dijo"/>
      </grup.verb>
      <S arg="arg1" clausetype="completive" func="cd" tem="pat">
        <conj conjunctiontype="subordinating">
          <c lem="que" pos="cs" postype="subordinating" wd="que"/>
        </conj>
        <sp arg="argM" func="cc" tem="tmp">
          <f lem="," pos="fc" punct="comma" wd=","/>
          <prep>
            <s lem="por" pos="sps00" postype="preposition" wd="por"/>
          </prep>
          <sadv>
            <grup.adv>
              <r lem="ahora" pos="rg" wd="ahora"/>
            </grup.adv>
          </sadv>
          <f lem="," pos="fc" punct="comma" wd=","/>
        </sp>
        <sn arg="arg1" entity="entity20" entityref="nne" func="suj" tem="tem">
          <spec gen="f" num="s">
            <d gen="f" lem="el" num="s" pos="da0fs0" postype="article" wd="la"/>
          </spec>
          <grup.nom gen="f" num="s">
            <n gen="f" lem="situación" lexicalid="noun.situación.2.anticausative" num="s" origin="deverbal" pos="ncfs000" postype="common" sense="16:10035141" wd="situación"/>
          </grup.nom>
        </sn>
        <neg func="mod">
          <r lem="no" pos="rn" postype="negative" wd="no"/>
        </neg>
        <grup.verb>
          <v lem="ser" lss="C21.state-attributive" mood="indicative" num="s" person="3" pos="vsip3s0" postype="semiauxiliary" tense="present" wd="es"/>
        </grup.verb>
        <sa arg="arg2" func="atr" tem="atr">
          <grup.a>
            <a gen="c" lem="grave" num="s" pos="aq0cs0" postype="qualificative" wd="grave"/>
          </grup.a>
        </sa>
      </S>
    </S>
    <f lem="." pos="fp" punct="period" wd="."/>
  </sentence>
  <sentence id="5">
    <conj conjunctiontype="coordinating" func="et">
      <c lem="no_obstante" pos="cc" postype="coordinating" wd="No_obstante"/>
      <f lem="," pos="fc" punct="comma" wd=","/>
    </conj>
    <sn arg="arg0" coreftype="ident" elliptic="yes" entity="entity9" entityref="spec" func="suj" tem="agt"/>
    <grup.verb>
      <v lem="puntualizar" lss="A21.transitive-agentive-patient" mood="indicative" num="s" person="3" pos="vmis3s0" postype="main" tense="past" wd="puntualizó"/>
    </grup.verb>
    <S arg="arg1" clausetype="completive" func="cd" tem="pat">
      <conj conjunctiontype="subordinating">
        <c lem="que" pos="cs" postype="subordinating" wd="que"/>
      </conj>
      <sn arg="arg1" entity="entity11" entityref="nne" func="suj" tem="tem">
        <spec gen="m" num="p">
          <d gen="m" lem="el" num="p" pos="da0mp0" postype="article" wd="los"/>
        </spec>
        <grup.nom gen="m" num="p">
          <n gen="m" lem="crecimiento" lexicalid="noun.crecimiento.1.default" num="p" origin="deverbal" pos="ncmp000" postype="common" sense="16:09729055" wd="crecimientos"/>
        </grup.nom>
      </sn>
      <S clausesubtype="conditional" clausetype="adverbial" func="ao">
        <f lem="," pos="fc" punct="comma" wd=","/>
        <conj conjunctiontype="subordinating">
          <c lem="si" pos="cs" postype="subordinating" wd="si"/>
        </conj>
        <sn arg="arg1" coreftype="ident" elliptic="yes" entity="entity11" entityref="nne" func="suj" tem="tem"/>
        <morfema.pronominal>
          <p gen="c" lem="él" num="c" person="3" pos="p0300000" wd="se"/>
        </morfema.pronominal>
        <grup.verb>
          <v lem="producir" lss="B21.unaccusative-state" mood="indicative" num="p" person="3" pos="vmip3p0" postype="main" tense="present" wd="producen"/>
        </grup.verb>
        <f lem="," pos="fc" punct="comma" wd=","/>
      </S>
      <neg func="mod">
        <r lem="no" pos="rn" postype="negative" wd="no"/>
      </neg>
      <grup.verb>
        <v lem="ir" mood="indicative" num="p" person="3" pos="vmip3p0" postype="main" tense="present" wd="van"/>
        <s lem="a" pos="sps00" postype="preposition" wd="a"/>
        <infinitiu>
          <v lem="ser" lss="C21.state-attributive" mood="infinitive" pos="vsn0000" postype="semiauxiliary" wd="ser"/>
        </infinitiu>
      </grup.verb>
      <sp arg="arg2" func="atr" tem="atr">
        <prep>
          <s lem="de" pos="sps00" postype="preposition" wd="de"/>
        </prep>
        <sn entityref="nne" homophoricDD="yes">
          <spec gen="f" num="s">
            <d gen="f" lem="el" num="s" pos="da0fs0" postype="article" wd="la"/>
          </spec>
          <grup.nom gen="f" num="s">
            <n gen="f" lem="intensidad" num="s" pos="ncfs000" postype="common" sense="16:04043575" wd="intensidad"/>
            <sp>
              <prep>
                <s lem="de" pos="sps00" postype="preposition" wd="de"/>
              </prep>
              <sn entityref="nne">
                <spec gen="m" num="p">
                  <d gen="m" lem="el" num="p" pos="da0mp0" postype="article" wd="los"/>
                </spec>
                <grup.nom gen="m" num="p">
                  <sp>
                    <prep>
                      <s contracted="yes" gen="m" lem="del" num="s" pos="spcms" postype="preposition" wd="del"/>
                    </prep>
                    <sn coreftype="ident" entity="entity12" entityref="spec">
                      <grup.nom gen="m" num="s">
                        <s.a gen="m" num="s">
                          <grup.a gen="m" num="s">
                            <a gen="m" lem="segundo" num="s" pos="ao0ms0" postype="ordinal" wd="segundo"/>
                          </grup.a>
                        </s.a>
                        <n gen="m" lem="semestre" num="s" pos="ncms000" postype="common" sense="16:10917979" wd="semestre"/>
                        <sp>
                          <prep>
                            <s contracted="yes" gen="m" lem="del" num="s" pos="spcms" postype="preposition" wd="del"/>
                          </prep>
                          <sn coreftype="ident" entity="entity23" entityref="spec">
                            <grup.nom gen="m" num="s">
                              <S clausetype="participle" impersonal="yes">
                                <participi>
                                  <a gen="m" lem="pasado" num="s" pos="aq0msp" posfunction="participle" postype="qualificative" wd="pasado"/>
                                </participi>
                              </S>
                              <n gen="m" lem="año" num="s" pos="ncms000" postype="common" sense="16:10917509" wd="año"/>
                            </grup.nom>
                          </sn>
                        </sp>
                      </grup.nom>
                    </sn>
                  </sp>
                </grup.nom>
              </sn>
            </sp>
          </grup.nom>
        </sn>
      </sp>
    </S>
    <f lem="." pos="fp" punct="period" wd="."/>
  </sentence>
  <sentence id="6">
    <conj conjunctiontype="coordinating" func="et">
      <c lem="con_todo" pos="cc" postype="coordinating" wd="Con_todo"/>
      <f lem="," pos="fc" punct="comma" wd=","/>
    </conj>
    <sn arg="arg1" coreftype="ident" entity="entity9" entityref="ne" func="suj" ne="person" tem="tem">
      <grup.nom gen="m" num="s">
        <n lem="Valero" ne="person" pos="np00000" postype="proper" wd="Valero"/>
      </grup.nom>
    </sn>
    <morfema.pronominal>
      <p gen="c" lem="él" num="c" person="3" pos="p0300000" wd="se"/>
    </morfema.pronominal>
    <grup.verb>
      <v lem="mostrar" lss="C21.state-attributive" mood="indicative" num="s" person="3" pos="vmip3s0" postype="main" tense="present" wd="muestra"/>
    </grup.verb>
    <S arg="arg2" clausetype="participle" func="cpred" impersonal="yes" predicate="suj" tem="atr">
      <participi>
        <a gen="m" lem="confiado" lss="B22.unaccusative-passive-transitive" num="s" pos="aq0msp" posfunction="participle" postype="qualificative" wd="confiado"/>
      </participi>
      <sp arg="arg2" func="creg" tem="tem">
        <prep>
          <s lem="en" pos="sps00" postype="preposition" wd="en"/>
        </prep>
        <S clausetype="completive">
          <conj conjunctiontype="subordinating">
            <c lem="que" pos="cs" postype="subordinating" wd="que"/>
          </conj>
          <sn arg="arg0" entityref="nne" func="suj" homophoricDD="yes" tem="agt">
            <spec gen="m" num="s">
              <d gen="m" lem="el" num="s" pos="da0ms0" postype="article" wd="el"/>
            </spec>
            <grup.nom discid="1n" gen="m" num="s">
              <n gen="m" lem="ejercicio" lexicalid="noun.ejercicio.3.default" num="s" origin="deverbal" pos="ncms000" postype="common" sense="16:10917007" wd="ejercicio"/>
              <s.a func="cn" gen="m" num="s">
                <grup.a gen="m" num="s">
                  <a gen="c" lem="actual" num="s" pos="aq0cs0" postype="qualificative" wd="actual"/>
                </grup.a>
              </s.a>
            </grup.nom>
          </sn>
          <grup.verb>
            <v lem="cerrar" lss="A21.transitive-agentive-patient" mood="subjunctive" num="s" person="3" pos="vmsp3s0" postype="main" tense="present" wd="cierre"/>
          </grup.verb>
          <sp arg="argM" func="cc" tem="ext">
            <prep>
              <s lem="en" pos="sps00" postype="preposition" wd="en"/>
            </prep>
            <sn entity="entity13" entityref="nne" homophoricDD="yes">
              <spec gen="m" num="s">
                <d gen="m" lem="el" num="s" pos="da0ms0" postype="article" wd="el"/>
              </spec>
              <grup.nom gen="m" num="s">
                <n gen="m" lem="entorno" num="s" pos="ncms000" postype="common" sense="16:cs1" wd="entorno"/>
                <sp>
                  <prep>
                    <s lem="de" pos="sps00" postype="preposition" wd="de"/>
                  </prep>
                  <sn>
                    <spec gen="m" num="p">
                      <d gen="m" lem="el" num="p" pos="da0mp0" postype="article" wd="los"/>
                      <z lem="1.5" ne="number" wd="1,5"/>
                    </spec>
                    <grup.nom gen="m" num="p">
                      <n gen="m" lem="millón" num="p" pos="ncmp000" postype="common" sense="16:09902865" wd="millones"/>
                      <sp>
                        <prep>
                          <s lem="de" pos="sps00" postype="preposition" wd="de"/>
                        </prep>
                        <sn entityref="nne">
                          <grup.nom gen="m" num="p">
                            <n gen="m" lem="turismo" num="p" pos="ncmp000" postype="common" sense="16:02383458" wd="turismos"/>
                            <s.a gen="m" num="p">
                              <grup.a gen="m" num="p">
                                <a gen="m" lem="nuevo" num="p" pos="aq0mp0" postype="qualificative" wd="nuevos"/>
                              </grup.a>
                            </s.a>
                            <S clausetype="participle" impersonal="yes">
                              <participi>
                                <a gen="m" lem="matriculado" num="p" pos="aq0mpp" posfunction="participle" postype="qualificative" wd="matriculados"/>
                              </participi>
                            </S>
                          </grup.nom>
                        </sn>
                      </sp>
                    </grup.nom>
                  </sn>
                </sp>
              </grup.nom>
            </sn>
          </sp>
          <sp arg="argM" func="cc" tem="adv">
            <prep>
              <s lem="conforme_a" pos="sps00" postype="preposition" wd="conforme_a"/>
            </prep>
            <sn entityref="nne">
              <spec gen="f" num="p">
                <d gen="f" lem="el" num="p" pos="da0fp0" postype="article" wd="las"/>
              </spec>
              <grup.nom gen="f" num="p">
                <n gen="f" lem="previsión" lexicalid="noun.previsión.1.default" num="p" origin="deverbal" pos="ncfp000" postype="common" sense="16:05058536" wd="previsiones"/>
                <s.a func="cn" gen="f" num="p">
                  <grup.a gen="f" num="p">
                    <a gen="c" lem="inicial" num="p" pos="aq0cp0" postype="qualificative" wd="iniciales"/>
                  </grup.a>
                </s.a>
              </grup.nom>
            </sn>
          </sp>
          <S clausetype="relative" discid="1c">
            <relatiu arg="arg1" coreftype="ident" entity="entity13" entityref="nne" func="suj" tem="tem">
              <p gen="c" lem="que" num="c" pos="pr0cn000" postype="relative" wd="que"/>
            </relatiu>
            <sp arg="argM" func="cc" tem="adv">
              <f lem="," pos="fc" punct="comma" wd=","/>
              <prep>
                <s lem="en" pos="sps00" postype="preposition" wd="en"/>
              </prep>
              <sn entityref="nne">
                <spec gen="m" num="s">
                  <d gen="m" lem="el" num="s" pos="da0ms0" postype="article" wd="el"/>
                </spec>
                <grup.nom gen="m" num="s">
                  <n gen="m" lem="caso" num="s" pos="ncms000" postype="common" sense="16:10047274" wd="caso"/>
                  <sp>
                    <prep>
                      <s contracted="yes" gen="m" lem="del" num="s" pos="spcms" postype="preposition" wd="del"/>
                    </prep>
                    <sn>
                      <grup.nom gen="m" num="s">
                        <S clausetype="participle" impersonal="yes">
                          <participi>
                            <a gen="m" lem="acumulado" num="s" pos="aq0msp" posfunction="participle" postype="qualificative" wd="acumulado"/>
                          </participi>
                        </S>
                        <s.a gen="m" num="s">
                          <grup.a gen="m" num="s">
                            <a gen="c" lem="anual" num="s" pos="aq0cs0" postype="qualificative" wd="anual"/>
                          </grup.a>
                        </s.a>
                      </grup.nom>
                    </sn>
                  </sp>
                </grup.nom>
              </sn>
              <f lem="," pos="fc" punct="comma" wd=","/>
            </sp>
            <grup.verb>
              <v lem="estar" lss="C21.state-attributive" mood="indicative" num="s" person="3" pos="vmip3s0" postype="main" tense="present" wd="está"/>
            </grup.verb>
            <S arg="arg2" clausetype="participle" func="atr" impersonal="yes" tem="atr">
              <sadv arg="argM" func="cc" tem="adv">
                <grup.adv>
                  <r lem="totalmente" pos="rg" wd="totalmente"/>
                </grup.adv>
              </sadv>
              <participi>
                <a gen="m" lem="ajustado" lss="B22.unaccusative-passive-transitive" num="s" pos="aq0msp" posfunction="participle" postype="qualificative" wd="ajustado"/>
              </participi>
            </S>
          </S>
        </S>
      </sp>
    </S>
    <f lem="." pos="fp" punct="period" wd="."/>
  </sentence>
  <sentence id="7">
    <sn arg="arg1" entityref="nne" func="suj" homophoricDD="yes" tem="tem">
      <spec gen="f" num="p">
        <d gen="f" lem="el" num="p" pos="da0fp0" postype="article" wd="Las"/>
      </spec>
      <grup.nom gen="f" num="p">
        <n gen="f" lem="matriculación" lexicalid="noun.matriculación.1.default" num="p" origin="deverbal" pos="ncfp000" postype="common" sense="16:cs1" wd="matriculaciones"/>
        <sp arg="arg1" func="cn" tem="tem">
          <prep>
            <s lem="de" pos="sps00" postype="preposition" wd="de"/>
          </prep>
          <sn entity="entity18" entityref="nne">
            <grup.nom gen="m" num="p">
              <n gen="m" lem="todoterreno" num="p" pos="ncmp000" postype="common" sense="16:02874141" wd="todoterrenos"/>
            </grup.nom>
          </sn>
        </sp>
      </grup.nom>
    </sn>
    <morfema.pronominal>
      <p gen="c" lem="él" num="c" person="3" pos="p0300000" wd="se"/>
    </morfema.pronominal>
    <grup.verb>
      <v lem="reducir" lss="B21.unaccusative-state" mood="indicative" num="p" person="3" pos="vmis3p0" postype="main" tense="past" wd="redujeron"/>
    </grup.verb>
    <sp arg="argM" func="cc" tem="tmp">
      <prep>
        <s lem="en" pos="sps00" postype="preposition" wd="en"/>
      </prep>
      <sn coreftype="ident" entity="entity6" entityref="ne" ne="date">
        <grup.nom gen="m" num="s">
          <w lem="[??:??/06/??:??.??]" ne="date" wd="Junio"/>
        </grup.nom>
      </sn>
    </sp>
    <sn arg="arg2" entityref="ne" func="cd" functype="quantitative" ne="number" tem="ext">
      <spec gen="m" num="s">
        <d gen="m" lem="uno" num="s" pos="di0ms0" postype="indefinite" wd="un"/>
      </spec>
      <grup.nom gen="m" num="s">
        <z lem="6,9_por_ciento" ne="number" pos="zp" postype="percentage" wd="6,9_por_ciento"/>
      </grup.nom>
    </sn>
    <sn arg="argM" entityref="nne" func="cc" tem="cau">
      <f lem="," pos="fc" punct="comma" wd=","/>
      <grup.nom gen="m" num="s">
        <n gen="m" lem="producto" num="s" pos="ncms000" postype="common" sense="16:04510165" wd="producto"/>
        <sp>
          <prep>
            <s lem="de" pos="sps00" postype="preposition" wd="de"/>
          </prep>
          <sn entityref="nne">
            <spec gen="f" num="p">
              <d gen="f" lem="el" num="p" pos="da0fp0" postype="article" wd="las"/>
              <z lem="8677" ne="number" wd="8.677"/>
            </spec>
            <grup.nom gen="f" num="p">
              <n gen="f" lem="unidad" num="p" pos="ncfp000" postype="common" sense="16:09946775" wd="unidades"/>
              <S clausetype="participle" impersonal="yes">
                <participi>
                  <a gen="f" lem="matriculado" num="p" pos="aq0fpp" posfunction="participle" postype="qualificative" wd="matriculadas"/>
                </participi>
              </S>
            </grup.nom>
          </sn>
        </sp>
      </grup.nom>
      <f lem="," pos="fc" punct="comma" wd=","/>
    </sn>
    <sp arg="argM" func="cc" tem="adv">
      <prep>
        <s lem="frente_a" pos="sps00" postype="preposition" wd="frente_a"/>
      </prep>
      <sn entityref="ne" ne="number">
        <spec gen="f" num="p">
          <d gen="f" lem="el" num="p" pos="da0fp0" postype="article" wd="las"/>
        </spec>
        <grup.nom gen="f" num="p">
          <z lem="9319" ne="number" wd="9.319"/>
          <sp>
            <prep>
              <s contracted="yes" gen="m" lem="del" num="s" pos="spcms" postype="preposition" wd="del"/>
            </prep>
            <sn coreftype="ident" entity="entity14" entityref="nne" homophoricDD="yes">
              <spec gen="m" num="s">
                <d gen="m" lem="mismo" num="s" pos="di0ms0" postype="indefinite" wd="mismo"/>
              </spec>
              <grup.nom gen="m" num="s">
                <n gen="m" lem="mes" num="s" pos="ncms000" postype="common" sense="16:10919146" wd="mes"/>
                <sp>
                  <prep>
                    <s lem="de" pos="sps00" postype="preposition" wd="de"/>
                  </prep>
                  <sn entityref="ne" ne="date">
                    <grup.nom gen="m" num="s">
                      <w lem="[??:??/??/1999:??.??]" ne="date" wd="1999"/>
                    </grup.nom>
                  </sn>
                </sp>
              </grup.nom>
            </sn>
          </sp>
        </grup.nom>
      </sn>
    </sp>
    <sp func="ao">
      <f lem="," pos="fc" punct="comma" wd=","/>
      <prep>
        <s lem="con" pos="sps00" postype="preposition" wd="con"/>
      </prep>
      <sn entityref="nne">
        <spec gen="m" num="s">
          <d gen="c" lem="el" num="s" pos="da0ns0" postype="article" wd="lo"/>
        </spec>
        <grup.nom gen="m" num="s">
          <S clausetype="relative">
            <relatiu arg="arg2" func="cd" functype="quantitative" tem="atr">
              <p gen="c" lem="que" num="c" pos="pr0cn000" postype="relative" wd="que"/>
            </relatiu>
            <sp arg="argM" func="cc" tem="tmp">
              <prep>
                <s lem="entre" pos="sps00" postype="preposition" wd="entre"/>
              </prep>
              <sn complex="yes" coreftype="ident" entity="entity15" entityref="ne" ne="date">
                <grup.nom coord="yes">
                  <grup.nom coord="yes">
                    <grup.nom gen="m" num="s">
                      <w lem="[??:??/01/??:??.??]" ne="date" wd="enero"/>
                    </grup.nom>
                    <conj conjunctiontype="coordinating">
                      <c lem="y" pos="cc" postype="coordinating" wd="y"/>
                    </conj>
                    <grup.nom gen="m" num="s">
                      <w lem="[??:??/06/??:??.??]" ne="date" wd="Junio"/>
                    </grup.nom>
                  </grup.nom>
                  <sp adjunct="yes">
                    <prep>
                      <s lem="de" pos="sps00" postype="preposition" wd="de"/>
                    </prep>
                    <sn>
                      <spec gen="m" num="s">
                        <d gen="m" lem="este" num="s" pos="dd0ms0" postype="demonstrative" wd="este"/>
                      </spec>
                      <grup.nom gen="m" num="s">
                        <n gen="m" lem="año" num="s" pos="ncms000" postype="common" sense="16:10917509" wd="año"/>
                      </grup.nom>
                    </sn>
                  </sp>
                </grup.nom>
              </sn>
            </sp>
            <sadv arg="argM" func="cc" tem="tmp">
              <grup.adv>
                <r lem="ya" pos="rg" wd="ya"/>
              </grup.adv>
            </sadv>
            <grup.verb>
              <v lem="sumar" lss="C21.state-attributive" mood="indicative" num="p" person="3" pos="vmip3p0" postype="main" tense="present" wd="suman"/>
            </grup.verb>
            <sn arg="arg1" entityref="nne" func="suj" tem="tem">
              <spec gen="f" num="p">
                <z lem="47098" ne="number" wd="47.098"/>
              </spec>
              <grup.nom gen="f" num="p">
                <n gen="f" lem="unidad" num="p" pos="ncfp000" postype="common" sense="16:09946775" wd="unidades"/>
                <s.a gen="f" num="p">
                  <f lem="," pos="fc" punct="comma" wd=","/>
                  <grup.a gen="f" num="p">
                    <sn>
                      <sadv adjunct="yes">
                        <grup.adv>
                          <r lem="sólo" pos="rg" wd="sólo"/>
                        </grup.adv>
                      </sadv>
                      <sn entityref="ne" ne="number">
                        <spec gen="m" num="s">
                          <d gen="m" lem="uno" num="s" pos="di0ms0" postype="indefinite" wd="un"/>
                        </spec>
                        <grup.nom gen="m" num="s">
                          <z lem="1_por_ciento" ne="number" pos="zp" postype="percentage" wd="1_por_ciento"/>
                        </grup.nom>
                      </sn>
                    </sn>
                    <a gen="c" lem="superior" num="p" pos="aq0cp0" postype="qualificative" wd="superiores"/>
                    <sp>
                      <prep>
                        <s lem="a" pos="sps00" postype="preposition" wd="a"/>
                      </prep>
                      <sn entityref="ne" ne="number">
                        <spec gen="f" num="p">
                          <d gen="f" lem="el" num="p" pos="da0fp0" postype="article" wd="las"/>
                        </spec>
                        <grup.nom gen="f" num="p">
                          <z lem="46632" ne="number" wd="46.632"/>
                          <sp>
                            <prep>
                              <s contracted="yes" gen="m" lem="del" num="s" pos="spcms" postype="preposition" wd="del"/>
                            </prep>
                            <sn coreftype="ident" entity="entity12" entityref="spec">
                              <grup.nom gen="m" num="s">
                                <s.a gen="m" num="s">
                                  <grup.a gen="m" num="s">
                                    <a gen="m" lem="primero" num="s" pos="ao0ms0" postype="ordinal" wd="primer"/>
                                  </grup.a>
                                </s.a>
                                <n gen="m" lem="semestre" num="s" pos="ncms000" postype="common" sense="16:10917979" wd="semestre"/>
                                <sp>
                                  <prep>
                                    <s contracted="yes" gen="m" lem="del" num="s" pos="spcms" postype="preposition" wd="del"/>
                                  </prep>
                                  <sn coreftype="ident" entity="entity23" entityref="spec">
                                    <grup.nom gen="m" num="s">
                                      <w lem="[??:??/??/??:??.??]" ne="date" wd="año"/>
                                      <S clausetype="participle" impersonal="yes">
                                        <participi>
                                          <a gen="m" lem="pasado" num="s" pos="aq0msp" posfunction="participle" postype="qualificative" wd="pasado"/>
                                        </participi>
                                      </S>
                                    </grup.nom>
                                  </sn>
                                </sp>
                              </grup.nom>
                            </sn>
                          </sp>
                        </grup.nom>
                      </sn>
                    </sp>
                  </grup.a>
                </s.a>
              </grup.nom>
            </sn>
          </S>
        </grup.nom>
      </sn>
    </sp>
    <f lem="." pos="fp" punct="period" wd="."/>
  </sentence>
  <sentence id="8">
    <sn arg="arg0" coreftype="ident" entity="entity9" entityref="ne" func="suj" ne="person" tem="agt">
      <grup.nom gen="m" num="s">
        <n lem="Valero" ne="person" pos="np00000" postype="proper" wd="Valero"/>
      </grup.nom>
    </sn>
    <grup.verb>
      <v lem="manifestar" lss="A32.ditransitive-patient-benefactive" mood="indicative" num="s" person="3" pos="vmis3s0" postype="main" tense="past" wd="manifestó"/>
    </grup.verb>
    <sp arg="arg2" func="ci" tem="ben">
      <prep>
        <s lem="a" pos="sps00" postype="preposition" wd="a"/>
      </prep>
      <sn coreftype="ident" entity="entity17" entityref="ne" ne="organization">
        <grup.nom>
          <n lem="EFE" ne="organization" pos="np00000" postype="proper" wd="EFE"/>
        </grup.nom>
      </sn>
    </sp>
    <S arg="arg1" clausetype="completive" func="cd" tem="pat">
      <conj conjunctiontype="subordinating">
        <c lem="que" pos="cs" postype="subordinating" wd="que"/>
      </conj>
      <sn arg="arg1" entity="entity19" entityref="nne" func="suj" homophoricDD="yes" tem="tem">
        <spec gen="m" num="s">
          <d gen="m" lem="el" num="s" pos="da0ms0" postype="article" wd="el"/>
        </spec>
        <grup.nom gen="m" num="s">
          <n gen="m" lem="mercado" num="s" pos="ncms000" postype="common" sense="16:00711063" wd="mercado"/>
          <s.a gen="m" num="s">
            <grup.a gen="m" num="s">
              <a gen="c" lem="mensual" num="s" pos="aq0cs0" postype="qualificative" wd="mensual"/>
            </grup.a>
          </s.a>
          <sp>
            <prep>
              <s lem="de" pos="sps00" postype="preposition" wd="de"/>
            </prep>
            <sn coreftype="ident" entity="entity18" entityref="nne">
              <grup.nom gen="m" num="s">
                <n gen="m" lem="todoterreno" num="s" pos="ncms000" postype="common" sense="16:02874141" wd="todoterreno"/>
              </grup.nom>
            </sn>
          </sp>
        </grup.nom>
      </sn>
      <f lem="&quot;" pos="fe" punct="quotation" wd="&quot;"/>
      <grup.verb>
        <v lem="ser" lss="C21.state-attributive" mood="indicative" num="s" person="3" pos="vsip3s0" postype="semiauxiliary" tense="present" wd="es"/>
      </grup.verb>
      <sn arg="arg2" corefsubtype="indefinit" coreftype="pred" entity="entity19" func="atr" tem="atr">
        <spec gen="f" num="s">
          <d gen="f" lem="uno" num="s" pos="di0fs0" postype="indefinite" wd="una"/>
        </spec>
        <grup.nom gen="f" num="s">
          <n gen="f" lem="muestra" num="s" pos="ncfs000" postype="common" sense="16:04484702" wd="muestra"/>
          <S clausesubtype="concessive" clausetype="adverbial">
            <f lem="," pos="fc" punct="comma" wd=","/>
            <conj conjunctiontype="subordinating">
              <c lem="aunque" pos="cs" postype="subordinating" wd="aunque"/>
            </conj>
            <sn arg="arg1" coreftype="ident" elliptic="yes" entity="entity19" entityref="nne" func="suj" tem="tem"/>
            <grup.verb>
              <v lem="ser" lss="C21.state-attributive" mood="subjunctive" num="s" person="3" pos="vssp3s0" postype="semiauxiliary" tense="present" wd="sea"/>
            </grup.verb>
            <sn arg="arg2" corefsubtype="indefinit" coreftype="pred" entity="entity19" func="atr" tem="atr">
              <spec gen="m" num="s">
                <d gen="m" lem="uno" num="s" pos="di0ms0" postype="indefinite" wd="un"/>
              </spec>
              <grup.nom gen="m" num="s">
                <n gen="m" lem="segmento" num="s" pos="ncms000" postype="common" sense="16:03296757" wd="segmento"/>
                <s.a gen="m" num="s">
                  <grup.a gen="m" num="s">
                    <a gen="m" lem="pequeño" num="s" pos="aq0ms0" postype="qualificative" wd="pequeño"/>
                  </grup.a>
                </s.a>
              </grup.nom>
            </sn>
            <f lem="," pos="fc" punct="comma" wd=","/>
          </S>
          <sp>
            <prep>
              <s lem="de" pos="sps00" postype="preposition" wd="de"/>
            </prep>
            <sn coreftype="ident" entity="entity20" entityref="nne">
              <spec gen="f" num="s">
                <d gen="f" lem="el" num="s" pos="da0fs0" postype="article" wd="la"/>
              </spec>
              <grup.nom gen="f" num="s">
                <n gen="f" lem="situación" lexicalid="noun.situación.2.anticausative" num="s" origin="deverbal" pos="ncfs000" postype="common" sense="16:10035141" wd="situación"/>
                <s.a func="cn" gen="f" num="s">
                  <grup.a gen="f" num="s">
                    <a gen="c" lem="actual" num="s" pos="aq0cs0" postype="qualificative" wd="actual"/>
                  </grup.a>
                </s.a>
              </grup.nom>
            </sn>
          </sp>
        </grup.nom>
      </sn>
      <S arg="argM" clausetype="adverbial" func="cc" tem="cau">
        <f lem="," pos="fc" punct="comma" wd=","/>
        <conj conjunctiontype="subordinating">
          <c lem="ya_que" pos="cs" postype="subordinating" wd="ya_que"/>
        </conj>
        <sp arg="argM" func="cc" tem="loc">
          <prep>
            <s lem="en" pos="sps00" postype="preposition" wd="en"/>
          </prep>
          <sn coreftype="ident" entity="entity18" entityref="nne">
            <spec gen="m" num="s">
              <d gen="m" lem="este" num="s" pos="dd0ms0" postype="demonstrative" wd="este"/>
            </spec>
            <grup.nom gen="m" num="s">
              <n gen="m" lem="tipo" num="s" pos="ncms000" postype="common" sense="16:04496504" wd="tipo"/>
              <sp>
                <prep>
                  <s lem="de" pos="sps00" postype="preposition" wd="de"/>
                </prep>
                <sn>
                  <grup.nom gen="m" num="p">
                    <n gen="m" lem="vehículo" num="p" pos="ncmp000" postype="common" sense="16:03569523" wd="vehículos"/>
                  </grup.nom>
                </sn>
              </sp>
            </grup.nom>
          </sn>
          <f lem="," pos="fc" punct="comma" wd=","/>
        </sp>
        <grup.verb>
          <v lem="primar" lss="C11.state-existential" mood="indicative" num="s" person="3" pos="vmip3s0" postype="main" tense="present" wd="prima"/>
        </grup.verb>
        <sn arg="arg1" func="suj" tem="tem">
          <sadv adjunct="yes">
            <f lem="," pos="fc" punct="comma" wd=","/>
            <grup.adv>
              <r lem="sobre_todo" pos="rg" wd="sobre_todo"/>
            </grup.adv>
            <f lem="," pos="fc" punct="comma" wd=","/>
          </sadv>
          <sn coreftype="ident" entity="entity22" entityref="nne">
            <spec gen="f" num="s">
              <d gen="f" lem="el" num="s" pos="da0fs0" postype="article" wd="la"/>
            </spec>
            <grup.nom gen="f" num="s">
              <n gen="f" lem="demanda" num="s" pos="ncfs000" postype="common" sense="16:05374441" wd="demanda"/>
              <sp>
                <prep>
                  <s lem="de" pos="sps00" postype="preposition" wd="de"/>
                </prep>
                <sn entityref="nne">
                  <grup.nom gen="m" num="p">
                    <n gen="c" lem="particular" num="p" pos="nccp000" postype="common" sense="16:cs2" wd="particulares"/>
                  </grup.nom>
                </sn>
              </sp>
            </grup.nom>
          </sn>
        </sn>
      </S>
      <f lem="&quot;" pos="fe" punct="quotation" wd="&quot;"/>
    </S>
    <f lem="." pos="fp" punct="period" wd="."/>
  </sentence>
  <sentence coord="yes" id="9">
    <S>
      <sn arg="arg0" entityref="ne" func="suj" ne="other" tem="agt">
        <spec gen="m" num="s">
          <d gen="m" lem="el" num="s" pos="da0ms0" postype="article" wd="El"/>
        </spec>
        <grup.nom gen="m" num="s">
          <n lem="Plan_Prever" ne="other" pos="np00000" postype="proper" wd="Plan_Prever"/>
        </grup.nom>
      </sn>
      <grup.verb>
        <v lem="seguir" mood="indicative" num="s" person="3" pos="vmip3s0" postype="main" tense="present" wd="sigue"/>
        <gerundi>
          <v lem="mostrar" lss="A32.ditransitive-patient-benefactive" mood="gerund" pos="vmg0000" postype="main" wd="mostrando"/>
        </gerundi>
      </grup.verb>
      <sn arg="arg1" entityref="lex" func="cd" tem="pat">
        <grup.nom gen="m" num="s">
          <s.a gen="m" num="s">
            <grup.a gen="m" num="s">
              <a gen="m" lem="buen" num="s" pos="aq0ms0" postype="qualificative" wd="buen"/>
            </grup.a>
          </s.a>
          <n gen="m" lem="tono" num="s" pos="ncms000" postype="common" sense="16:05299832" wd="tono"/>
        </grup.nom>
      </sn>
      <sp arg="argM" func="cc" tem="adv">
        <f lem="," pos="fc" punct="comma" wd=","/>
        <prep>
          <s lem="pese_a" pos="sps00" postype="preposition" wd="pese_a"/>
        </prep>
        <sn entityref="nne" homophoricDD="yes">
          <spec gen="m" num="p">
            <d gen="m" lem="el" num="p" pos="da0mp0" postype="article" wd="los"/>
            <r lem="más" pos="rg" wd="más"/>
            <s lem="de" pos="sps00" postype="preposition" wd="de"/>
            <d gen="c" lem="tres" num="p" pos="dn0cp0" postype="numeral" wd="tres"/>
          </spec>
          <grup.nom gen="m" num="p">
            <n gen="m" lem="año" num="p" pos="ncmp000" postype="common" sense="16:10917509" wd="años"/>
            <sp>
              <prep>
                <s lem="de" pos="sps00" postype="preposition" wd="de"/>
              </prep>
              <sn>
                <grup.nom gen="f" num="s">
                  <n gen="f" lem="vigencia" num="s" pos="ncfs000" postype="common" sense="16:03773162" wd="vigencia"/>
                </grup.nom>
              </sn>
            </sp>
          </grup.nom>
        </sn>
      </sp>
    </S>
    <conj conjunctiontype="coordinating">
      <c lem="y" pos="cc" postype="coordinating" wd="y"/>
    </conj>
    <S>
      <sp arg="argM" func="cc" tem="tmp">
        <prep>
          <s lem="en" pos="sps00" postype="preposition" wd="en"/>
        </prep>
        <sn entityref="nne">
          <spec gen="m" num="s">
            <d gen="c" lem="el" num="s" pos="da0ns0" postype="article" wd="lo"/>
          </spec>
          <grup.nom gen="m" num="s">
            <S clausetype="relative">
              <relatiu arg="arg1" func="suj" tem="tem">
                <p gen="c" lem="que" num="c" pos="pr0cn000" postype="relative" wd="que"/>
              </relatiu>
              <grup.verb>
                <v lem="ir" lss="C31.state-scalar" mood="indicative" num="s" person="3" pos="vmip3s0" postype="main" tense="present" wd="va"/>
              </grup.verb>
              <sp arg="arg2" func="cc" tem="ext">
                <prep>
                  <s lem="de" pos="sps00" postype="preposition" wd="de"/>
                </prep>
                <sn>
                  <grup.nom gen="m" num="s">
                    <n gen="m" lem="año" num="s" pos="ncms000" postype="common" sense="16:10917509" wd="año"/>
                  </grup.nom>
                </sn>
              </sp>
            </S>
          </grup.nom>
        </sn>
      </sp>
      <sadv arg="argM" func="cc" tem="tmp">
        <grup.adv>
          <r lem="ya" pos="rg" wd="ya"/>
        </grup.adv>
      </sadv>
      <morfema.verbal func="pass">
        <p gen="c" lem="se" num="c" pos="p0000000" wd="se"/>
      </morfema.verbal>
      <grup.verb>
        <v lem="haber" mood="indicative" num="p" person="3" pos="vaip3p0" postype="auxiliary" tense="present" wd="han"/>
        <v gen="m" lem="contabilizar" lss="B22.unaccusative-passive-transitive" mood="participle" num="s" pos="vmp00sm" postype="main" wd="contabilizado"/>
      </grup.verb>
      <sn arg="arg1" entity="entity21" entityref="spec" func="suj" tem="pat">
        <spec gen="f" num="p">
          <z lem="140000" ne="number" wd="140.000"/>
        </spec>
        <grup.nom gen="f" num="p">
          <n gen="f" lem="operación" lexicalid="noun.operación.4.default" num="p" origin="deverbal" pos="ncfp000" postype="common" sense="16:00709934" wd="operaciones"/>
          <sn corefsubtype="definit" coreftype="pred" entity="entity21" entityref="ne" func="cn" ne="number">
            <f lem="," pos="fc" punct="comma" wd=","/>
            <spec gen="m" num="s">
              <d gen="m" lem="uno" num="s" pos="di0ms0" postype="indefinite" wd="un"/>
            </spec>
            <grup.nom gen="m" num="s">
              <z lem="21_por_ciento" ne="number" pos="zp" postype="percentage" wd="21_por_ciento"/>
              <sadv>
                <grup.adv>
                  <r lem="más" pos="rg" wd="más"/>
                </grup.adv>
              </sadv>
            </grup.nom>
            <sp>
              <prep>
                <s lem="en" pos="sps00" postype="preposition" wd="en"/>
              </prep>
              <sn entityref="nne">
                <grup.nom gen="m" num="p">
                  <n gen="m" lem="término" num="p" pos="ncmp000" postype="common" sense="16:04758968" wd="términos"/>
                  <s.a gen="m" num="p">
                    <grup.a gen="m" num="p">
                      <a gen="c" lem="interanual" num="p" pos="aq0cp0" postype="qualificative" wd="interanuales"/>
                    </grup.a>
                  </s.a>
                </grup.nom>
              </sn>
            </sp>
          </sn>
        </grup.nom>
      </sn>
    </S>
    <f lem="." pos="fp" punct="period" wd="."/>
  </sentence>
</article>
