<?xml version="1.0" encoding="UTF-8"?>
<!-- 

  ancora-2.0
       
			Copyright (C) 2007, 2008, 2009, 2010, 2011 UB - CLiC
			Centre de Llenguatge i Computació - Universitat de Barcelona
 
  This file is part of ancora-2.0.
 
  ancora-2.0 is free software and data: you can redistribute it and/or modify
  it under the terms of the GNU General Public License as published
  by the Free Software Foundation, either version 3 of the License,
  or (at your option) any later version.

  ancora-2.0 is distributed in the hope that it will be useful,
  but WITHOUT ANY WARRANTY; without even the implied warranty of
  MERCHANTABILITY or FITNESS FOR A PARTICULAR PURPOSE.  See the
  GNU General Public License for more details.
 
  You should have received a copy of the GNU General Public License
  along with ancora-2.0.  If not, see &lt;http://www.gnu.org/licenses/&gt;.
 
  Check a text in catalan explaining the terms of the license at http://www.softcatala.cat/wiki/GPL3.
  In spanish at http://www.viti.es/gnu/licenses/gpl.html
 

  The following paper must be cited when using this corpus:

 * Taulé, M., M.A. Martí, M. Recasens (2008) 'Ancora: Multilevel Annotated Corpora for Catalan and Spanish',
   Proceedings of 6th International Conference on Language Resources and Evaluation. Marrakesh (Morocco).

  In addition, the following paper must be cited if coreference information (attributes entity, coreftype,
  corefsubtype, homophoricDD or entityref) is used:

 * Recasens, Marta, M. Antònia Martí (2010) ‘AnCora-CO: Coreferentially annotated corpora for Spanish and
   Catalan’. Language Resources and Evaluation, Springer Science.

  Additionally, the following paper must be cited when argumental attributes in "sn" or "grup.nom"
  (attributes func, arg, tem or lexicalid) are used:

 * Peris, Aina, Mariona Taulé, Horacio Rodríguez (2010) ‘Semantic Annotation of Deverbal Nominalizations in the
   Spanish AnCora corpus’. Treebanks and Linguistic Theories (TLT-2010), Estonia.
-->
<article lng="es">
  <sentence title="yes">
    <sn entity="entity6" entityref="spec" missing="yes" title="yes"/>
  </sentence>
  <sentence>
    <sn arg="arg0" complex="yes" coreftype="ident" entity="entity6" entityref="spec" func="suj" tem="agt">
      <spec gen="m" num="s">
        <d gen="m" lem="el" num="s" pos="da0ms0" postype="article" wd="El"/>
      </spec>
      <grup.nom coord="yes">
        <grup.nom gen="m" num="s">
          <n gen="m" lem="escritor" num="s" pos="ncms000" postype="common" sense="16:07689380" wd="escritor"/>
        </grup.nom>
        <conj conjunctiontype="coordinating">
          <c lem="y" pos="cc" postype="coordinating" wd="y"/>
        </conj>
        <grup.nom gen="m" num="s">
          <n gen="c" lem="periodista" num="s" pos="nccs000" postype="common" sense="16:07528776" wd="periodista"/>
        </grup.nom>
      </grup.nom>
    </sn>
    <grup.verb>
      <v lem="trazar" lss="A21.transitive-agentive-patient" mood="indicative" num="s" person="3" pos="vmis3s0" postype="main" tense="past" wd="trazó"/>
    </grup.verb>
    <sn arg="arg1" entityref="nne" func="cd" tem="pat">
      <spec gen="m" num="s">
        <d gen="m" lem="uno" num="s" pos="di0ms0" postype="indefinite" wd="un"/>
      </spec>
      <grup.nom gen="m" num="s">
        <n gen="m" lem="paralelismo" num="s" pos="ncms000" postype="common" sense="16:03728635" wd="paralelismo"/>
        <sp>
          <prep>
            <s lem="entre" pos="sps00" postype="preposition" wd="entre"/>
          </prep>
          <sn coord="yes" entity="entity8">
            <sn entityref="nne" homophoricDD="yes">
              <spec gen="f" num="s">
                <d gen="f" lem="el" num="s" pos="da0fs0" postype="article" wd="la"/>
              </spec>
              <grup.nom gen="f" num="s">
                <n gen="f" lem="intervención" lexicalid="noun.intervención.1.default" num="s" origin="deverbal" pos="ncfs000" postype="common" sense="16:00805766" wd="intervención"/>
                <sp arg="arg0" func="cn" tem="agt">
                  <prep>
                    <s contracted="yes" gen="m" lem="del" num="s" pos="spcms" postype="preposition" wd="del"/>
                  </prep>
                  <sn entity="entity3" entityref="ne" ne="person">
                    <grup.nom gen="m" num="s">
                      <n gen="c" lem="líder" num="s" pos="nccs000" postype="common" sense="16:06950891" wd="líder"/>
                      <sp>
                        <prep>
                          <s lem="de" pos="sps00" postype="preposition" wd="de"/>
                        </prep>
                        <sn entityref="ne" ne="organization">
                          <grup.nom>
                            <n lem="EH" ne="organization" pos="np00000" postype="proper" wd="EH"/>
                          </grup.nom>
                        </sn>
                      </sp>
                    </grup.nom>
                  </sn>
                </sp>
              </grup.nom>
            </sn>
            <conj conjunctiontype="coordinating">
              <c lem="y" pos="cc" postype="coordinating" wd="y"/>
            </conj>
            <sn entity="entity1" entityref="nne" homophoricDD="yes">
              <spec gen="m" num="s">
                <d gen="m" lem="el" num="s" pos="da0ms0" postype="article" wd="el"/>
              </spec>
              <grup.nom gen="m" num="s">
                <n gen="m" lem="proceso" lexicalid="noun.proceso.1.default" num="s" origin="deverbal" pos="ncms000" postype="common" sense="16:09669871" wd="proceso"/>
                <sp arg="arg1" func="cn" tem="pat">
                  <prep>
                    <s lem="de" pos="sps00" postype="preposition" wd="de"/>
                  </prep>
                  <sn>
                    <grup.nom gen="f" num="s">
                      <n gen="f" lem="paz" num="s" pos="ncfs000" postype="common" sense="16:10065207" wd="paz"/>
                    </grup.nom>
                  </sn>
                </sp>
                <S clausetype="relative" func="cn">
                  <relatiu arg="arg1" coreftype="ident" entity="entity1" entityref="nne" func="suj" num="p" tem="pat">
                    <p gen="c" lem="que" num="c" pos="pr0cn000" postype="relative" wd="que"/>
                  </relatiu>
                  <morfema.verbal func="pass">
                    <p gen="c" lem="se" num="c" pos="p0000000" wd="se"/>
                  </morfema.verbal>
                  <grup.verb>
                    <v lem="haber" mood="indicative" num="s" person="3" pos="vaip3s0" postype="auxiliary" tense="present" wd="ha"/>
                    <v gen="m" lem="vivir" lss="B22.unaccusative-passive-transitive" mood="participle" num="s" pos="vmp00sm" postype="main" wd="vivido"/>
                  </grup.verb>
                  <sp arg="argM" func="cc" tem="loc">
                    <prep>
                      <s lem="en" pos="sps00" postype="preposition" wd="en"/>
                    </prep>
                    <sn entity="entity7" entityref="ne" ne="location">
                      <grup.nom>
                        <n lem="Irlanda_del_Norte" ne="location" pos="np00000" postype="proper" wd="Irlanda_del_Norte"/>
                      </grup.nom>
                    </sn>
                  </sp>
                </S>
                <S clausetype="participle" func="cn" impersonal="yes">
                  <f lem="," pos="fc" punct="comma" wd=","/>
                  <participi>
                    <a gen="m" lem="impulsado" lss="B22.unaccusative-passive-transitive" num="s" pos="aq0msp" posfunction="participle" postype="qualificative" wd="impulsado"/>
                  </participi>
                  <sp arg="arg0" func="cag" tem="agt">
                    <sp adjunct="yes">
                      <f lem="," pos="fc" punct="comma" wd=","/>
                      <prep>
                        <s lem="entre" pos="sps00" postype="preposition" wd="entre"/>
                      </prep>
                      <sn entityref="lex">
                        <grup.nom gen="m" num="p">
                          <p gen="m" lem="otro" num="p" pos="pi0mp000" postype="indefinite" wd="otros"/>
                        </grup.nom>
                      </sn>
                      <f lem="," pos="fc" punct="comma" wd=","/>
                    </sp>
                    <sp>
                      <prep>
                        <s lem="por" pos="sps00" postype="preposition" wd="por"/>
                      </prep>
                      <sn entity="entity2" entityref="ne" ne="person">
                        <spec gen="m" num="s">
                          <d gen="m" lem="el" num="s" pos="da0ms0" postype="article" wd="el"/>
                        </spec>
                        <grup.nom gen="m" num="s">
                          <n gen="c" lem="líder" num="s" pos="nccs000" postype="common" sense="16:06950891" wd="líder"/>
                          <sp>
                            <prep>
                              <s contracted="yes" gen="m" lem="del" num="s" pos="spcms" postype="preposition" wd="del"/>
                            </prep>
                            <sn entityref="ne" ne="organization">
                              <grup.nom gen="m" num="s">
                                <n lem="Sinn_Fein" ne="organization" pos="np00000" postype="proper" wd="Sinn_Fein"/>
                              </grup.nom>
                            </sn>
                          </sp>
                          <sn corefsubtype="definit" coreftype="pred" entity="entity2" entityref="ne" ne="person">
                            <f lem="," pos="fc" punct="comma" wd=","/>
                            <grup.nom gen="m" num="s">
                              <n lem="Gerry_Adams" ne="person" pos="np00000" postype="proper" wd="Gerry_Adams"/>
                            </grup.nom>
                          </sn>
                        </grup.nom>
                      </sn>
                    </sp>
                  </sp>
                </S>
              </grup.nom>
            </sn>
          </sn>
        </sp>
      </grup.nom>
    </sn>
    <f lem="." pos="fp" punct="period" wd="."/>
  </sentence>
  <sentence>
    <S arg="arg1" clausetype="completive" func="cd" tem="pat">
      <f lem="&quot;" pos="fe" punct="quotation" wd="&quot;"/>
      <sn arg="arg0" coreftype="ident" elliptic="yes" entity="entity6" entityref="spec" func="suj" tem="agt"/>
      <grup.verb>
        <v lem="creer" lss="A21.transitive-agentive-patient" mood="indicative" num="s" person="1" pos="vmip1s0" postype="main" tense="present" wd="Creo"/>
      </grup.verb>
      <S arg="arg1" clausetype="completive" func="cd" tem="pat">
        <conj conjunctiontype="subordinating">
          <c lem="que" pos="cs" postype="subordinating" wd="que"/>
        </conj>
        <sp arg="argM" func="cc" tem="adv">
          <prep>
            <s lem="en" pos="sps00" postype="preposition" wd="en"/>
          </prep>
          <sn coreftype="ident" entity="entity3+entity2" entityref="spec">
            <spec gen="m" num="p">
              <d gen="m" lem="ambos" num="p" pos="dn0mp0" postype="numeral" wd="ambos"/>
            </spec>
            <grup.nom gen="m" num="p">
              <n gen="c" lem="dirigente" num="p" pos="nccp000" postype="common" sense="16:06950891" wd="dirigentes"/>
            </grup.nom>
          </sn>
        </sp>
        <grup.verb>
          <v lem="existir" lss="C11.state-existential" mood="indicative" num="s" person="3" pos="vmip3s0" postype="main" tense="present" wd="existe"/>
        </grup.verb>
        <sn arg="arg1" entityref="nne" func="suj" tem="tem">
          <spec gen="m" num="s">
            <d gen="m" lem="uno" num="s" pos="di0ms0" postype="indefinite" wd="un"/>
          </spec>
          <grup.nom gen="m" num="s">
            <n gen="m" lem="deseo" lexicalid="noun.deseo.1.default" num="s" origin="deverbal" pos="ncms000" postype="common" sense="16:05370812" wd="deseo"/>
            <s.a func="cn" gen="m" num="s">
              <grup.a gen="m" num="s">
                <a gen="m" lem="sincero" num="s" pos="aq0ms0" postype="qualificative" wd="sincero"/>
              </grup.a>
            </s.a>
            <sp arg="arg1" func="cn" tem="pat">
              <prep>
                <s lem="de" pos="sps00" postype="preposition" wd="de"/>
              </prep>
              <S clausetype="completive" impersonal="yes">
                <infinitiu>
                  <v lem="cambiar" lss="A34.ditransitive-patient-theme" mood="infinitive" pos="vmn0000" postype="main" wd="cambiar"/>
                </infinitiu>
                <sn arg="arg1" entityref="nne" func="cd" homophoricDD="yes" tem="pat">
                  <spec gen="m" num="s">
                    <d gen="m" lem="el" num="s" pos="da0ms0" postype="article" wd="el"/>
                  </spec>
                  <grup.nom gen="m" num="s">
                    <n gen="m" lem="marco" num="s" pos="ncms000" postype="common" sense="16:10409788" wd="marco"/>
                    <sp>
                      <prep>
                        <s lem="de" pos="sps00" postype="preposition" wd="de"/>
                      </prep>
                      <sn entityref="nne" homophoricDD="yes">
                        <spec gen="f" num="s">
                          <d gen="f" lem="el" num="s" pos="da0fs0" postype="article" wd="la"/>
                        </spec>
                        <grup.nom gen="f" num="s">
                          <n gen="f" lem="violencia" lexicalid="noun.violencia.1.default" num="s" origin="deverbal" pos="ncfs000" postype="common" sense="16:00619852" wd="violencia"/>
                        </grup.nom>
                      </sn>
                    </sp>
                  </grup.nom>
                </sn>
                <sp arg="arg2" func="cc" tem="tem">
                  <prep>
                    <s lem="por" pos="sps00" postype="preposition" wd="por"/>
                  </prep>
                  <sn entityref="nne">
                    <spec gen="m" num="s">
                      <d gen="m" lem="uno" num="s" pos="di0ms0" postype="indefinite" wd="un"/>
                    </spec>
                    <grup.nom gen="m" num="s">
                      <n gen="m" lem="escenario" num="s" pos="ncms000" postype="common" sense="16:03281179" wd="escenario"/>
                      <sp>
                        <prep>
                          <s lem="de" pos="sps00" postype="preposition" wd="de"/>
                        </prep>
                        <sn>
                          <grup.nom gen="f" num="s">
                            <n gen="f" lem="democracia" num="s" pos="ncfs000" postype="common" sense="16:06191005" wd="democracia"/>
                          </grup.nom>
                        </sn>
                      </sp>
                    </grup.nom>
                  </sn>
                </sp>
              </S>
            </sp>
          </grup.nom>
        </sn>
      </S>
      <f lem="&quot;" pos="fe" punct="quotation" wd="&quot;"/>
      <f lem="," pos="fc" punct="comma" wd=","/>
    </S>
    <grup.verb>
      <v lem="afirmar" lss="A32.ditransitive-patient-benefactive" mood="indicative" num="s" person="3" pos="vmis3s0" postype="main" tense="past" wd="afirmó"/>
    </grup.verb>
    <sn arg="arg0" coreftype="ident" entity="entity6" entityref="ne" func="suj" ne="person" tem="agt">
      <grup.nom gen="m" num="s">
        <n lem="Bru_de_Sala" ne="person" pos="np00000" postype="proper" wd="Bru_de_Sala"/>
      </grup.nom>
    </sn>
    <f lem="." pos="fp" punct="period" wd="."/>
  </sentence>
  <sentence>
    <S>
      <conj conjunctiontype="coordinating" func="et">
        <c lem="no_obstante" pos="cc" postype="coordinating" wd="No_obstante"/>
        <f lem="," pos="fc" punct="comma" wd=","/>
      </conj>
      <sn arg="arg0" coreftype="ident" elliptic="yes" entity="entity6" entityref="spec" func="suj" tem="agt"/>
      <grup.verb>
        <v lem="constatar" lss="A21.transitive-agentive-patient" mood="indicative" num="s" person="3" pos="vmis3s0" postype="main" tense="past" wd="constató"/>
      </grup.verb>
      <sn arg="arg1" entityref="nne" func="cd" tem="pat">
        <spec gen="f" num="s">
          <d gen="f" lem="uno" num="s" pos="di0fs0" postype="indefinite" wd="una"/>
        </spec>
        <grup.nom gen="f" num="s">
          <s.a func="cn" gen="f" num="s">
            <grup.a gen="f" num="s">
              <a gen="c" lem="gran" num="s" pos="aq0cs0" postype="qualificative" wd="gran"/>
            </grup.a>
          </s.a>
          <n gen="f" lem="diferencia" lexicalid="noun.diferencia.1.default" num="s" origin="deverbal" pos="ncfs000" postype="common" sense="16:03731027" wd="diferencia"/>
          <sp arg="arg1" func="cn" tem="pat">
            <prep>
              <s lem="entre" pos="sps00" postype="preposition" wd="entre"/>
            </prep>
            <sn coreftype="ident" entity="entity8" entityref="nne">
              <spec gen="m" num="p">
                <d gen="m" lem="el" num="p" pos="da0mp0" postype="article" wd="los"/>
                <d gen="c" lem="dos" num="p" pos="dn0cp0" postype="numeral" wd="dos"/>
              </spec>
              <grup.nom gen="m" num="p">
                <n gen="m" lem="proceso" lexicalid="noun.proceso.1.default" num="p" origin="deverbal" pos="ncmp000" postype="common" sense="16:09669871" wd="procesos"/>
                <sp arg="arg1" func="cn" tem="pat">
                  <prep>
                    <s lem="de" pos="sps00" postype="preposition" wd="de"/>
                  </prep>
                  <sn>
                    <grup.nom gen="f" num="s">
                      <n gen="f" lem="paz" num="s" pos="ncfs000" postype="common" sense="16:10065207" wd="paz"/>
                    </grup.nom>
                  </sn>
                </sp>
              </grup.nom>
            </sn>
          </sp>
        </grup.nom>
      </sn>
    </S>
    <S adjunct="yes" coord="yes">
      <f lem=":" pos="fd" punct="colon" wd=":"/>
      <f lem="&quot;" pos="fe" punct="quotation" wd="&quot;"/>
      <S>
        <sp arg="argM" func="cc" tem="loc">
          <prep>
            <s lem="en" pos="sps00" postype="preposition" wd="En"/>
          </prep>
          <sn coreftype="ident" entity="entity7" entityref="ne" ne="location">
            <grup.nom>
              <n lem="Irlanda_del_Norte" ne="location" pos="np00000" postype="proper" wd="Irlanda_del_Norte"/>
            </grup.nom>
          </sn>
        </sp>
        <morfema.verbal func="pass">
          <p gen="c" lem="se" num="c" pos="p0000000" wd="se"/>
        </morfema.verbal>
        <grup.verb>
          <v lem="estar" mood="indicative" num="s" person="3" pos="vmip3s0" postype="main" tense="present" wd="está"/>
          <gerundi>
            <v lem="lograr" lss="B22.unaccusative-passive-transitive" mood="gerund" pos="vmg0000" postype="main" wd="logrando"/>
          </gerundi>
        </grup.verb>
        <sn arg="arg1" entityref="nne" func="suj" homophoricDD="yes" tem="pat">
          <spec gen="f" num="s">
            <d gen="f" lem="el" num="s" pos="da0fs0" postype="article" wd="la"/>
          </spec>
          <grup.nom gen="f" num="s">
            <n gen="f" lem="reconciliación" lexicalid="noun.reconciliación.2.default" num="s" origin="deverbal" pos="ncfs000" postype="common" sense="16:00781305" wd="reconciliación"/>
            <sp arg="arg1" func="cn" tem="tem">
              <prep>
                <s lem="de" pos="sps00" postype="preposition" wd="de"/>
              </prep>
              <sn entityref="nne">
                <spec gen="f" num="s">
                  <d gen="f" lem="uno" num="s" pos="di0fs0" postype="indefinite" wd="una"/>
                </spec>
                <grup.nom gen="f" num="s">
                  <n gen="f" lem="sociedad" num="s" pos="ncfs000" postype="common" sense="16:05973283" wd="sociedad"/>
                  <S clausetype="participle" impersonal="yes">
                    <participi>
                      <a gen="f" lem="dividido" num="s" pos="aq0fsp" posfunction="participle" postype="qualificative" wd="dividida"/>
                    </participi>
                  </S>
                </grup.nom>
              </sn>
            </sp>
          </grup.nom>
        </sn>
        <f lem="," pos="fc" punct="comma" wd=","/>
      </S>
      <conj conjunctiontype="coordinating">
        <c lem="mientras_que" pos="cc" postype="coordinating" wd="mientras_que"/>
      </conj>
      <S>
        <sp arg="argM" func="cc" tem="loc">
          <prep>
            <s lem="en" pos="sps00" postype="preposition" wd="en"/>
          </prep>
          <sn entityref="ne" ne="location">
            <spec gen="m" num="s">
              <d gen="m" lem="el" num="s" pos="da0ms0" postype="article" wd="el"/>
            </spec>
            <grup.nom gen="m" num="s">
              <n lem="País_Vasco" ne="location" pos="np00000" postype="proper" wd="País_Vasco"/>
            </grup.nom>
          </sn>
        </sp>
        <morfema.pronominal>
          <p gen="c" lem="él" num="c" person="3" pos="p0300000" wd="se"/>
        </morfema.pronominal>
        <grup.verb>
          <v lem="estar" mood="indicative" num="s" person="3" pos="vmip3s0" postype="main" tense="present" wd="está"/>
          <gerundi>
            <v lem="dar" lss="C11.state-existential" mood="gerund" pos="vmg0000" postype="main" wd="dando"/>
          </gerundi>
        </grup.verb>
        <sn arg="arg1" entityref="nne" func="suj" tem="tem">
          <spec gen="m" num="s">
            <d gen="m" lem="uno" num="s" pos="di0ms0" postype="indefinite" wd="un"/>
          </spec>
          <grup.nom gen="m" num="s">
            <n gen="m" lem="proceso" lexicalid="noun.proceso.1.default" num="s" origin="deverbal" pos="ncms000" postype="common" sense="16:09669871" wd="proceso"/>
            <sp arg="arg1" func="cn" tem="pat">
              <prep>
                <s lem="de" pos="sps00" postype="preposition" wd="de"/>
              </prep>
              <sn>
                <grup.nom gen="f" num="s">
                  <n gen="f" lem="división" lexicalid="noun.división.2.default" num="s" origin="deverbal" pos="ncfs000" postype="common" sense="16:05368405" wd="división"/>
                </grup.nom>
              </sn>
            </sp>
            <S clausetype="participle" func="cn" impersonal="yes">
              <f lem="," pos="fc" punct="comma" wd=","/>
              <participi>
                <a gen="m" lem="impulsado" lss="B22.unaccusative-passive-transitive" num="s" pos="aq0msp" posfunction="participle" postype="qualificative" wd="impulsado"/>
              </participi>
              <sp arg="argM" func="cc" tem="loc">
                <prep>
                  <s lem="desde" pos="sps00" postype="preposition" wd="desde"/>
                </prep>
                <sn entityref="nne" homophoricDD="yes">
                  <spec gen="f" num="s">
                    <d gen="f" lem="el" num="s" pos="da0fs0" postype="article" wd="la"/>
                  </spec>
                  <grup.nom gen="f" num="s">
                    <n gen="f" lem="política" num="s" pos="ncfs000" postype="common" sense="16:04991678" wd="política"/>
                  </grup.nom>
                </sn>
              </sp>
              <f lem="," pos="fc" punct="comma" wd=","/>
            </S>
            <sp arg="arg1" func="cn" tem="pat">
              <prep>
                <s lem="de" pos="sps00" postype="preposition" wd="de"/>
              </prep>
              <sn entity="entity5" entityref="nne">
                <spec gen="f" num="s">
                  <d gen="f" lem="uno" num="s" pos="di0fs0" postype="indefinite" wd="una"/>
                </spec>
                <grup.nom gen="f" num="s">
                  <n gen="f" lem="sociedad" num="s" pos="ncfs000" postype="common" sense="16:05973283" wd="sociedad"/>
                  <S clausetype="relative">
                    <relatiu arg="arg1" coreftype="ident" entity="entity5" entityref="nne" func="suj" tem="tem">
                      <p gen="c" lem="que" num="c" pos="pr0cn000" postype="relative" wd="que"/>
                    </relatiu>
                    <neg func="mod">
                      <r lem="no" pos="rn" postype="negative" wd="no"/>
                    </neg>
                    <sn arg="arg2" func="atr" tem="atr">
                      <grup.nom gen="m" num="s">
                        <p case="accusative" gen="m" lem="él" num="s" person="3" pos="pp3msa00" postype="personal" wd="lo"/>
                      </grup.nom>
                    </sn>
                    <grup.verb>
                      <v lem="estar" lss="C21.state-attributive" mood="indicative" num="s" person="3" pos="vmip3s0" postype="main" tense="present" wd="está"/>
                    </grup.verb>
                  </S>
                </grup.nom>
              </sn>
            </sp>
          </grup.nom>
        </sn>
      </S>
      <f lem="&quot;" pos="fe" punct="quotation" wd="&quot;"/>
    </S>
    <f lem="." pos="fp" punct="period" wd="."/>
  </sentence>
</article>
