<?xml version="1.0" encoding="UTF-8"?>
<!-- 

  ancora-2.0
       
			Copyright (C) 2007, 2008, 2009, 2010, 2011 UB - CLiC
			Centre de Llenguatge i Computació - Universitat de Barcelona
 
  This file is part of ancora-2.0.
 
  ancora-2.0 is free software and data: you can redistribute it and/or modify
  it under the terms of the GNU General Public License as published
  by the Free Software Foundation, either version 3 of the License,
  or (at your option) any later version.

  ancora-2.0 is distributed in the hope that it will be useful,
  but WITHOUT ANY WARRANTY; without even the implied warranty of
  MERCHANTABILITY or FITNESS FOR A PARTICULAR PURPOSE.  See the
  GNU General Public License for more details.
 
  You should have received a copy of the GNU General Public License
  along with ancora-2.0.  If not, see &lt;http://www.gnu.org/licenses/&gt;.
 
  Check a text in catalan explaining the terms of the license at http://www.softcatala.cat/wiki/GPL3.
  In spanish at http://www.viti.es/gnu/licenses/gpl.html
 

  The following paper must be cited when using this corpus:

 * Taulé, M., M.A. Martí, M. Recasens (2008) 'Ancora: Multilevel Annotated Corpora for Catalan and Spanish',
   Proceedings of 6th International Conference on Language Resources and Evaluation. Marrakesh (Morocco).

  In addition, the following paper must be cited if coreference information (attributes entity, coreftype,
  corefsubtype, homophoricDD or entityref) is used:

 * Recasens, Marta, M. Antònia Martí (2010) ‘AnCora-CO: Coreferentially annotated corpora for Spanish and
   Catalan’. Language Resources and Evaluation, Springer Science.

  Additionally, the following paper must be cited when argumental attributes in "sn" or "grup.nom"
  (attributes func, arg, tem or lexicalid) are used:

 * Peris, Aina, Mariona Taulé, Horacio Rodríguez (2010) ‘Semantic Annotation of Deverbal Nominalizations in the
   Spanish AnCora corpus’. Treebanks and Linguistic Theories (TLT-2010), Estonia.
-->
<article lng="es">
  <sentence coord="yes">
    <S>
      <sp arg="argM" func="cc" tem="tmp">
        <prep>
          <s lem="a" pos="sps00" postype="preposition" wd="A"/>
        </prep>
        <sn entityref="nne">
          <spec gen="f" num="s">
            <d gen="f" lem="uno" num="s" pos="di0fs0" postype="indefinite" wd="una"/>
          </spec>
          <grup.nom gen="f" num="s">
            <n gen="f" lem="hora" num="s" pos="ncfs000" postype="common" sense="16:10856821" wd="hora"/>
            <s.a gen="f" num="s">
              <grup.a gen="f" num="s">
                <a gen="f" lem="temprano" num="s" pos="aq0fs0" postype="qualificative" wd="temprana"/>
              </grup.a>
            </s.a>
            <sn entityref="ne" ne="date">
              <f lem="," pos="fc" punct="comma" wd=","/>
              <grup.nom gen="m" num="s">
                <w lem="[??:??/??/1965:??.??]" ne="date" wd="1965"/>
                <sadv>
                  <f lem="," pos="fc" punct="comma" wd=","/>
                  <sn adjunct="yes" entityref="nne">
                    <sadv adjunct="yes">
                      <grup.adv>
                        <r lem="sólo" pos="rg" wd="sólo"/>
                      </grup.adv>
                    </sadv>
                    <sn>
                      <spec gen="m" num="p">
                        <d gen="c" lem="dos" num="p" pos="dn0cp0" postype="numeral" wd="dos"/>
                      </spec>
                      <grup.nom gen="m" num="p">
                        <n gen="m" lem="año" num="p" pos="ncmp000" postype="common" sense="16:10917509" wd="años"/>
                      </grup.nom>
                    </sn>
                  </sn>
                  <sadv>
                    <grup.adv>
                      <r lem="después" pos="rg" wd="después"/>
                      <sp>
                        <prep>
                          <s lem="de" pos="sps00" postype="preposition" wd="de"/>
                        </prep>
                        <sn entityref="nne">
                          <spec arg="arg1" gen="f" num="s" tem="tem">
                            <d entity="entity2" entityref="spec" gen="c" lem="su" num="s" person="3" pos="dp3cs0" postype="possessive" wd="su"/>
                          </spec>
                          <grup.nom gen="f" num="s">
                            <n gen="f" lem="muerte" lexicalid="noun.muerte.2.default" num="s" origin="deverbal" pos="ncfs000" postype="common" sense="16:07788946" wd="muerte"/>
                          </grup.nom>
                        </sn>
                      </sp>
                    </grup.adv>
                  </sadv>
                  <f lem="," pos="fc" punct="comma" wd=","/>
                </sadv>
              </grup.nom>
            </sn>
          </grup.nom>
        </sn>
      </sp>
      <morfema.verbal func="pass">
        <p gen="c" lem="se" num="c" pos="p0000000" wd="se"/>
      </morfema.verbal>
      <grup.verb>
        <v lem="poner_en_marcha" lss="B22.unaccusative-passive-transitive" mood="indicative" num="s" person="3" pos="vmis3s0" postype="main" tense="past" wd="puso_en_marcha"/>
      </grup.verb>
      <sn arg="arg1" entityref="nne" func="suj" homophoricDD="yes" tem="pat">
        <spec gen="f" num="s">
          <d gen="f" lem="el" num="s" pos="da0fs0" postype="article" wd="la"/>
        </spec>
        <grup.nom gen="f" num="s">
          <n gen="f" lem="maquinaria" num="s" pos="ncfs000" postype="common" sense="16:02950954" wd="maquinaria"/>
          <sp>
            <prep>
              <s lem="para" pos="sps00" postype="preposition" wd="para"/>
            </prep>
            <S clausetype="completive" entity="entity1" impersonal="yes">
              <infinitiu>
                <v lem="santificar" lss="A21.transitive-agentive-patient" mood="infinitive" pos="vmn0000" postype="main" wd="santificar"/>
              </infinitiu>
              <sp arg="arg1" func="cd" tem="pat">
                <prep>
                  <s lem="a" pos="sps00" postype="preposition" wd="a"/>
                </prep>
                <sn coreftype="ident" entity="entity2" entityref="ne" ne="person">
                  <grup.nom gen="m" num="s">
                    <n lem="Juan_XXIII" ne="person" pos="np00000" postype="proper" wd="Juan_XXIII"/>
                  </grup.nom>
                </sn>
              </sp>
            </S>
          </sp>
        </grup.nom>
      </sn>
    </S>
    <conj conjunctiontype="coordinating">
      <c lem="y" pos="cc" postype="coordinating" wd="y"/>
    </conj>
    <S>
      <sp arg="argM" func="cc" tem="tmp">
        <f lem="," pos="fc" punct="comma" wd=","/>
        <prep>
          <s lem="a_comienzos_de" pos="sps00" postype="preposition" wd="a_comienzos_de"/>
        </prep>
        <sn entityref="ne" ne="date">
          <spec gen="f" num="s">
            <d gen="f" lem="el" num="s" pos="da0fs0" postype="article" wd="la"/>
          </spec>
          <grup.nom gen="f" num="s">
            <n gen="f" lem="década" num="s" pos="ncfs000" postype="common" sense="16:10918381" wd="década"/>
            <sp>
              <prep>
                <s lem="de" pos="sps00" postype="preposition" wd="de"/>
              </prep>
              <sn entityref="ne" ne="date">
                <spec gen="m" num="p">
                  <d gen="m" lem="el" num="p" pos="da0mp0" postype="article" wd="los"/>
                </spec>
                <grup.nom gen="m" num="p">
                  <w lem="[??:??/??/1970:??.??]" ne="date" wd="70"/>
                </grup.nom>
              </sn>
            </sp>
          </grup.nom>
        </sn>
        <f lem="," pos="fc" punct="comma" wd=","/>
      </sp>
      <sn arg="arg0" entityref="nne" func="suj" homophoricDD="yes" tem="agt">
        <spec gen="f" num="s">
          <d gen="f" lem="el" num="s" pos="da0fs0" postype="article" wd="la"/>
        </spec>
        <grup.nom gen="f" num="s">
          <n gen="f" lem="prensa" num="s" pos="ncfs000" postype="common" sense="16:04736003" wd="prensa"/>
        </grup.nom>
      </sn>
      <sn arg="arg1" corefsubtype="token" coreftype="dx" entity="entity1" entityref="nne" func="cd" tem="pat">
        <grup.nom gen="m" num="s">
          <p case="accusative" gen="m" lem="él" num="s" person="3" pos="pp3msa00" postype="personal" wd="lo"/>
        </grup.nom>
      </sn>
      <grup.verb>
        <v lem="anunciar" lss="A21.transitive-agentive-patient" mood="indicative" num="s" person="3" pos="vmii3s0" postype="main" tense="imperfect" wd="anunciaba"/>
      </grup.verb>
      <sp arg="argM" func="cpred" predicate="cd" tem="atr">
        <prep>
          <c lem="como" pos="cs" postype="subordinating" wd="como"/>
        </prep>
        <sn entityref="nne">
          <spec gen="f" num="s">
            <d gen="f" lem="uno" num="s" pos="di0fs0" postype="indefinite" wd="una"/>
          </spec>
          <grup.nom gen="f" num="s">
            <n gen="f" lem="realidad" num="s" pos="ncfs000" postype="common" sense="16:10054722" wd="realidad"/>
            <s.a gen="f" num="s">
              <spec>
                <r lem="mucho" pos="rg" wd="muy"/>
              </spec>
              <grup.a gen="f" num="s">
                <a gen="f" lem="próximo" num="s" pos="aq0fs0" postype="qualificative" wd="próxima"/>
              </grup.a>
            </s.a>
          </grup.nom>
        </sn>
      </sp>
    </S>
    <f lem="." pos="fp" punct="period" wd="."/>
  </sentence>
  <sentence>
    <sadv func="et">
      <grup.adv>
        <r lem="sin_embargo" pos="rg" wd="Sin_embargo"/>
      </grup.adv>
      <f lem="," pos="fc" punct="comma" wd=","/>
    </sadv>
    <sn arg="arg0" coreftype="ident" entity="entity1" entityref="nne" func="suj" tem="agt">
      <spec gen="f" num="s">
        <d gen="f" lem="el" num="s" pos="da0fs0" postype="article" wd="la"/>
      </spec>
      <grup.nom gen="f" num="s">
        <n gen="f" lem="beatificación" lexicalid="noun.beatificación.2.default" num="s" origin="deverbal" pos="ncfs000" postype="common" sense="16:00672700" wd="beatificación"/>
        <sp arg="arg1" func="cn" tem="pat">
          <prep>
            <s contracted="yes" gen="m" lem="del" num="s" pos="spcms" postype="preposition" wd="del"/>
          </prep>
          <sn coreftype="ident" entity="entity2" entityref="spec">
            <grup.nom gen="m" num="s">
              <n gen="m" lem="papa" num="s" pos="ncms000" postype="common" sense="16:07488041" wd="papa"/>
              <s.a gen="m" num="s">
                <grup.a gen="m" num="s">
                  <a gen="m" lem="buen" num="s" pos="aq0ms0" postype="qualificative" wd="bueno"/>
                </grup.a>
              </s.a>
            </grup.nom>
          </sn>
        </sp>
      </grup.nom>
    </sn>
    <grup.verb>
      <v lem="haber" mood="indicative" num="s" person="3" pos="vaip3s0" postype="auxiliary" tense="present" wd="ha"/>
      <v gen="m" lem="tener" mood="participle" num="s" pos="vmp00sm" postype="main" wd="tenido"/>
      <c lem="que" pos="cs" postype="subordinating" wd="que"/>
      <infinitiu>
        <v lem="esperar" lss="A21.transitive-agentive-patient" mood="infinitive" pos="vmn0000" postype="main" wd="esperar"/>
      </infinitiu>
    </grup.verb>
    <sn arg="arg1" entityref="nne" func="cd" tem="pat">
      <spec gen="f" num="p">
        <d gen="c" lem="tres" num="p" pos="dn0cp0" postype="numeral" wd="tres"/>
      </spec>
      <grup.nom gen="f" num="p">
        <n gen="f" lem="década" num="p" pos="ncfp000" postype="common" sense="16:10918381" wd="décadas"/>
      </grup.nom>
    </sn>
    <f lem="." pos="fp" punct="period" wd="."/>
  </sentence>
  <sentence>
    <sn arg="arg0" entity="entity3" entityref="ne" func="suj" ne="person" tem="agt">
      <spec gen="m" num="s">
        <d gen="m" lem="el" num="s" pos="da0ms0" postype="article" wd="El"/>
      </spec>
      <grup.nom gen="m" num="s">
        <s.a gen="m" num="s">
          <grup.a gen="m" num="s">
            <a gen="m" lem="último" num="s" pos="ao0ms0" postype="ordinal" wd="último"/>
          </grup.a>
        </s.a>
        <n gen="m" lem="postulador" num="s" pos="ncms000" postype="common" sense="16:cs2" wd="postulador"/>
        <sp>
          <prep>
            <s lem="de" pos="sps00" postype="preposition" wd="de"/>
          </prep>
          <sn coreftype="ident" entity="entity1" entityref="nne">
            <spec gen="f" num="s">
              <d gen="f" lem="el" num="s" pos="da0fs0" postype="article" wd="la"/>
            </spec>
            <grup.nom gen="f" num="s">
              <n gen="f" lem="causa" num="s" pos="ncfs000" postype="common" sense="16:05460141" wd="causa"/>
            </grup.nom>
          </sn>
        </sp>
        <sn corefsubtype="definit" coreftype="pred" entity="entity3" entityref="ne" ne="person">
          <f lem="," pos="fc" punct="comma" wd=","/>
          <grup.nom gen="m" num="s">
            <n lem="Luca_de_Rosa" ne="person" pos="np00000" postype="proper" wd="Luca_de_Rosa"/>
          </grup.nom>
          <f lem="," pos="fc" punct="comma" wd=","/>
        </sn>
      </grup.nom>
    </sn>
    <grup.verb>
      <v lem="haber" mood="indicative" num="s" person="3" pos="vaip3s0" postype="auxiliary" tense="present" wd="ha"/>
      <v gen="m" lem="reconocer" lss="A21.transitive-agentive-patient" mood="participle" num="s" pos="vmp00sm" postype="main" wd="reconocido"/>
    </grup.verb>
    <S arg="arg1" clausetype="completive" func="cd" tem="pat">
      <conj conjunctiontype="subordinating">
        <c lem="que" pos="cs" postype="subordinating" wd="que"/>
      </conj>
      <S clausesubtype="concessive" clausetype="adverbial" func="ao">
        <f lem="," pos="fc" punct="comma" wd=","/>
        <conj conjunctiontype="subordinating">
          <c lem="aunque" pos="cs" postype="subordinating" wd="aunque"/>
        </conj>
        <sn arg="arg1" coreftype="ident" entity="entity1" entityref="nne" func="suj" homophoricDD="yes" tem="pat">
          <spec gen="f" num="s">
            <d gen="f" lem="el" num="s" pos="da0fs0" postype="article" wd="la"/>
          </spec>
          <grup.nom gen="f" num="s">
            <n gen="f" lem="causa" num="s" pos="ncfs000" postype="common" sense="16:05460141" wd="causa"/>
            <sp>
              <prep>
                <s lem="de" pos="sps00" postype="preposition" wd="de"/>
              </prep>
              <sn>
                <grup.nom gen="f" num="s">
                  <n gen="f" lem="beatificación" lexicalid="noun.beatificación.1.default" num="s" origin="deverbal" pos="ncfs000" postype="common" sense="16:00672700" wd="beatificación"/>
                </grup.nom>
              </sn>
            </sp>
          </grup.nom>
        </sn>
        <neg func="mod">
          <r lem="no" pos="rn" postype="negative" wd="no"/>
        </neg>
        <grup.verb>
          <v lem="llegar" mood="indicative" num="s" person="3" pos="vmis3s0" postype="main" tense="past" wd="llegó"/>
          <s lem="a" pos="sps00" postype="preposition" wd="a"/>
          <infinitiu>
            <v lem="detener" lss="B22.unaccusative-passive-transitive" mood="infinitive" pos="vmn0000" postype="main" wd="detenerse"/>
          </infinitiu>
        </grup.verb>
        <f lem="," pos="fc" punct="comma" wd=","/>
      </S>
      <sn arg="arg1" coreftype="ident" elliptic="yes" entity="entity1" entityref="nne" func="suj" tem="tem"/>
      <grup.verb>
        <v lem="haber" mood="indicative" num="s" person="3" pos="vaip3s0" postype="auxiliary" tense="present" wd="ha"/>
        <v gen="m" lem="estar" lss="C21.state-attributive" mood="participle" num="s" pos="vmp00sm" postype="main" wd="estado"/>
      </grup.verb>
      <S arg="arg2" clausetype="participle" func="atr" impersonal="yes" tem="atr">
        <participi>
          <a gen="f" lem="plagado" lss="B22.unaccusative-passive-transitive" num="s" pos="aq0fsp" posfunction="participle" postype="qualificative" wd="plagada"/>
        </participi>
        <sp arg="arg2" func="cc" tem="ins">
          <prep>
            <s lem="de" pos="sps00" postype="preposition" wd="de"/>
          </prep>
          <sn entityref="nne">
            <grup.nom gen="m" num="p">
              <n gen="m" lem="tiempo" num="p" pos="ncmp000" postype="common" sense="16:00015594" wd="tiempos"/>
              <S clausetype="participle" impersonal="yes">
                <participi>
                  <a gen="m" lem="muerto" num="p" pos="aq0mpp" posfunction="participle" postype="qualificative" wd="muertos"/>
                </participi>
              </S>
            </grup.nom>
          </sn>
        </sp>
      </S>
    </S>
    <f lem="." pos="fp" punct="period" wd="."/>
  </sentence>
  <sentence>
    <sadv func="et">
      <grup.adv>
        <r lem="primero" pos="rg" wd="Primero"/>
      </grup.adv>
    </sadv>
    <grup.verb>
      <v lem="ser" lss="C21.state-attributive" mood="indicative" num="s" person="3" pos="vsis3s0" postype="semiauxiliary" tense="past" wd="fue"/>
    </grup.verb>
    <sn arg="arg1" entity="entity4" entityref="ne" func="suj" ne="person" tem="tem">
      <grup.nom gen="m" num="s">
        <n lem="Pablo_VI" ne="person" pos="np00000" postype="proper" wd="Pablo_VI"/>
      </grup.nom>
    </sn>
    <sn arg="arg2" coreftype="ident" entity="entity4" entityref="spec" func="atr" tem="atr">
      <spec gen="m" num="s">
        <d gen="m" lem="el" num="s" pos="da0ms0" postype="article" wd="el"/>
      </spec>
      <grup.nom gen="m" num="s">
        <S clausetype="relative">
          <relatiu arg="arg0" func="suj" tem="agt">
            <p gen="c" lem="que" num="c" pos="pr0cn000" postype="relative" wd="que"/>
          </relatiu>
          <grup.verb>
            <v lem="querer" lss="A21.transitive-agentive-patient" mood="indicative" num="s" person="3" pos="vmis3s0" postype="main" tense="past" wd="quiso"/>
          </grup.verb>
          <S arg="arg1" clausetype="completive" func="cd" impersonal="yes" tem="pat">
            <infinitiu>
              <v lem="dotar" lss="A34.ditransitive-patient-theme" mood="infinitive" pos="vmn0000" postype="main" wd="dotar"/>
            </infinitiu>
            <sp arg="arg1" func="cd" tem="pat">
              <prep>
                <s contracted="yes" gen="m" lem="al" num="s" pos="spcms" postype="preposition" wd="al"/>
              </prep>
              <sn coreftype="ident" entity="entity1" entityref="nne" homophoricDD="yes">
                <grup.nom gen="m" num="s">
                  <n gen="m" lem="proceso" lexicalid="noun.proceso.1.default" num="s" origin="deverbal" pos="ncms000" postype="common" sense="16:09669871" wd="proceso"/>
                  <s.a arg="arg1" func="cn" gen="m" num="s" tem="pat">
                    <grup.a gen="m" num="s">
                      <a gen="m" lem="canónico" num="s" pos="aq0ms0" postype="qualificative" wd="canónico"/>
                    </grup.a>
                  </s.a>
                </grup.nom>
              </sn>
            </sp>
            <sp arg="arg2" func="creg" tem="tem">
              <prep>
                <s lem="de" pos="sps00" postype="preposition" wd="de"/>
              </prep>
              <sn entityref="nne">
                <spec gen="f" num="p">
                  <d gen="f" lem="todo" num="p" pos="di0fp0" postype="indefinite" wd="todas"/>
                  <d gen="f" lem="el" num="p" pos="da0fp0" postype="article" wd="las"/>
                </spec>
                <grup.nom gen="f" num="p">
                  <n gen="f" lem="garantía" lexicalid="noun.garantía.1.default" num="p" origin="deverbal" pos="ncfp000" postype="common" sense="16:05012271" wd="garantías"/>
                </grup.nom>
              </sn>
            </sp>
            <sp arg="argM" func="cc" tem="fin">
              <prep>
                <s lem="para" pos="sps00" postype="preposition" wd="para"/>
              </prep>
              <S clausetype="completive" impersonal="yes">
                <infinitiu>
                  <v lem="evitar" lss="A21.transitive-agentive-patient" mood="infinitive" pos="vmn0000" postype="main" wd="evitar"/>
                </infinitiu>
                <S arg="arg1" clausetype="completive" func="cd" tem="pat">
                  <conj conjunctiontype="subordinating">
                    <c lem="que" pos="cs" postype="subordinating" wd="que"/>
                  </conj>
                  <sp arg="argM" func="cc" tem="loc">
                    <f lem="," pos="fc" punct="comma" wd=","/>
                    <prep>
                      <s lem="desde" pos="sps00" postype="preposition" wd="desde"/>
                    </prep>
                    <sn entityref="nne" homophoricDD="yes">
                      <spec gen="m" num="s">
                        <d gen="m" lem="el" num="s" pos="da0ms0" postype="article" wd="el"/>
                      </spec>
                      <grup.nom gen="m" num="s">
                        <n gen="m" lem="sector" num="s" pos="ncms000" postype="common" sense="16:06214548" wd="sector"/>
                        <s.a gen="m" num="s">
                          <spec>
                            <r lem="más" pos="rg" wd="más"/>
                          </spec>
                          <grup.a gen="m" num="s">
                            <a gen="m" lem="conservador" num="s" pos="aq0ms0" postype="qualificative" wd="conservador"/>
                          </grup.a>
                        </s.a>
                        <sp>
                          <prep>
                            <s lem="de" pos="sps00" postype="preposition" wd="de"/>
                          </prep>
                          <sn entityref="nne" homophoricDD="yes">
                            <spec gen="f" num="s">
                              <d gen="f" lem="el" num="s" pos="da0fs0" postype="article" wd="la"/>
                            </spec>
                            <grup.nom gen="f" num="s">
                              <n gen="f" lem="curia" num="s" pos="ncfs000" postype="common" sense="16:cs2" wd="curia"/>
                            </grup.nom>
                          </sn>
                        </sp>
                      </grup.nom>
                    </sn>
                    <f lem="," pos="fc" punct="comma" wd=","/>
                  </sp>
                  <morfema.verbal func="impers">
                    <p gen="c" lem="se" num="c" pos="p0000000" wd="se"/>
                  </morfema.verbal>
                  <sn arg="arg1" coreftype="ident" entity="entity4" entityref="spec" func="cd" tem="pat">
                    <grup.nom num="s">
                      <p case="dative" gen="c" lem="él" num="s" person="3" pos="pp3csd00" postype="personal" wd="le"/>
                    </grup.nom>
                  </sn>
                  <grup.verb>
                    <v lem="acusar" lss="A34.ditransitive-patient-theme" mood="indicative" num="s" person="3" pos="vmif3s0" postype="main" tense="future" wd="acusará"/>
                  </grup.verb>
                  <sp arg="arg2" func="creg" tem="tem">
                    <prep>
                      <s lem="de" pos="sps00" postype="preposition" wd="de"/>
                    </prep>
                    <S clausetype="completive" impersonal="yes">
                      <infinitiu>
                        <v lem="favorecer" lss="A21.transitive-agentive-patient" mood="infinitive" pos="vmn0000" postype="main" wd="favorecer"/>
                      </infinitiu>
                      <sp arg="arg1" func="cd" tem="pat">
                        <prep>
                          <s lem="a" pos="sps00" postype="preposition" wd="a"/>
                        </prep>
                        <sn coreftype="ident" entity="entity2" entityref="spec">
                          <spec gen="m" num="s">
                            <d coreftype="ident" entity="entity4" entityref="spec" gen="c" lem="su" num="s" person="3" pos="dp3cs0" postype="possessive" wd="su"/>
                          </spec>
                          <grup.nom gen="m" num="s">
                            <n gen="m" lem="antecesor" num="s" pos="ncms000" postype="common" sense="16:07075378" wd="antecesor"/>
                          </grup.nom>
                        </sn>
                      </sp>
                    </S>
                  </sp>
                </S>
              </S>
            </sp>
          </S>
        </S>
      </grup.nom>
    </sn>
    <f lem="." pos="fp" punct="period" wd="."/>
  </sentence>
  <sentence>
    <sadv arg="argM" func="cc" tem="tmp">
      <grup.adv>
        <r lem="después" pos="rg" wd="Después"/>
      </grup.adv>
      <f lem="," pos="fc" punct="comma" wd=","/>
    </sadv>
    <sn arg="arg0" entityref="ne" func="suj" ne="person" tem="agt">
      <grup.nom gen="m" num="s">
        <n lem="Juan_Pablo_II" ne="person" pos="np00000" postype="proper" wd="Juan_Pablo_II"/>
      </grup.nom>
    </sn>
    <neg func="mod">
      <r lem="no" pos="rn" postype="negative" wd="no"/>
    </neg>
    <grup.verb>
      <v lem="mostrar" lss="A32.ditransitive-patient-benefactive" mood="indicative" num="s" person="3" pos="vmis3s0" postype="main" tense="past" wd="mostró"/>
    </grup.verb>
    <sn arg="arg1" func="cd" tem="pat">
      <spec gen="f" num="s">
        <d gen="f" lem="ninguno" num="s" pos="di0fs0" postype="indefinite" wd="ninguna"/>
      </spec>
      <grup.nom gen="f" num="s">
        <n gen="f" lem="prisa" num="s" pos="ncfs000" postype="common" sense="16:10368450" wd="prisa"/>
        <sp>
          <prep>
            <s lem="por" pos="sps00" postype="preposition" wd="por"/>
          </prep>
          <S clausetype="completive" impersonal="yes">
            <infinitiu>
              <v lem="glorificar" lss="A21.transitive-agentive-patient" mood="infinitive" pos="vmn0000" postype="main" wd="glorificar"/>
            </infinitiu>
            <sp arg="arg1" func="cd" tem="pat">
              <prep>
                <s contracted="yes" gen="m" lem="al" num="s" pos="spcms" postype="preposition" wd="al"/>
              </prep>
              <sn coreftype="ident" entity="entity2" entityref="ne" ne="person">
                <grup.nom gen="m" num="s">
                  <n gen="m" lem="promotor" num="s" pos="ncms000" postype="common" sense="16:07507263" wd="promotor"/>
                  <sp>
                    <prep>
                      <s contracted="yes" gen="m" lem="del" num="s" pos="spcms" postype="preposition" wd="del"/>
                    </prep>
                    <sn entityref="ne" ne="other">
                      <grup.nom gen="m" num="s">
                        <n lem="Concilio_Vaticano_II" ne="other" pos="np00000" postype="proper" wd="Concilio_Vaticano_II"/>
                      </grup.nom>
                    </sn>
                  </sp>
                </grup.nom>
              </sn>
            </sp>
          </S>
        </sp>
      </grup.nom>
    </sn>
    <f lem="." pos="fp" punct="period" wd="."/>
  </sentence>
  <sentence>
    <conj conjunctiontype="coordinating" func="et">
      <c lem="y" pos="cc" postype="coordinating" wd="Y"/>
    </conj>
    <sadv arg="argM" func="cc" tem="loc">
      <f lem="," pos="fc" punct="comma" wd=","/>
      <grup.adv>
        <r lem="en_medio" pos="rg" wd="en_medio"/>
      </grup.adv>
      <f lem="," pos="fc" punct="comma" wd=","/>
    </sadv>
    <sn arg="arg0" entityref="nne" func="suj" homophoricDD="yes" tem="cau">
      <spec gen="f" num="s">
        <d gen="f" lem="el" num="s" pos="da0fs0" postype="article" wd="la"/>
      </spec>
      <grup.nom gen="f" num="s">
        <n gen="f" lem="publicación" lexicalid="noun.publicación.3.default" num="s" origin="deverbal" pos="ncfs000" postype="common" sense="16:00715056" wd="publicación"/>
        <sp arg="arg1" func="cn" tem="pat">
          <prep>
            <s lem="de" pos="sps00" postype="preposition" wd="de"/>
          </prep>
          <sn entity="entity6" entityref="nne">
            <spec gen="f" num="p">
              <d gen="f" lem="uno" num="p" pos="di0fp0" postype="indefinite" wd="unas"/>
            </spec>
            <grup.nom gen="f" num="p">
              <n gen="f" lem="carta" num="p" pos="ncfp000" postype="common" sense="16:04968965" wd="cartas"/>
              <sp>
                <prep>
                  <s lem="de" pos="sps00" postype="preposition" wd="de"/>
                </prep>
                <sn entityref="nne">
                  <spec gen="f" num="s">
                    <d coreftype="ident" entity="entity2" entityref="spec" gen="c" lem="su" num="s" person="3" pos="dp3cs0" postype="possessive" wd="su"/>
                  </spec>
                  <grup.nom gen="f" num="s">
                    <n gen="f" lem="época" num="s" pos="ncfs000" postype="common" sense="16:10868596" wd="época"/>
                    <sp>
                      <prep>
                        <c lem="como" pos="cs" postype="subordinating" wd="como"/>
                      </prep>
                      <sn entityref="nne">
                        <grup.nom gen="m" num="s">
                          <n gen="m" lem="nuncio" num="s" pos="ncms000" postype="common" sense="16:07437400" wd="nuncio"/>
                        </grup.nom>
                      </sn>
                    </sp>
                  </grup.nom>
                </sn>
              </sp>
              <S clausetype="relative">
                <f lem="," pos="fc" punct="comma" wd=","/>
                <relatiu arg="arg0" coreftype="ident" entity="entity6" entityref="nne" func="suj" tem="agt">
                  <p gen="c" lem="que" num="c" pos="pr0cn000" postype="relative" wd="que"/>
                </relatiu>
                <grup.verb>
                  <v lem="poner_en_duda" lss="A21.transitive-agentive-patient" mood="indicative" num="p" person="3" pos="vmii3p0" postype="main" tense="imperfect" wd="ponían_en_duda"/>
                </grup.verb>
                <S arg="arg1" clausetype="completive" func="cd" tem="pat">
                  <conj conjunctiontype="subordinating">
                    <c lem="que" pos="cs" postype="subordinating" wd="que"/>
                  </conj>
                  <sn arg="arg1" coreftype="ident" elliptic="yes" entity="entity2" entityref="spec" func="suj" tem="tem"/>
                  <grup.verb>
                    <v lem="ser" lss="C21.state-attributive" mood="subjunctive" num="s" person="3" pos="vssi3s0" postype="semiauxiliary" tense="imperfect" wd="fuera"/>
                  </grup.verb>
                  <sa arg="arg2" func="atr" tem="atr">
                    <grup.a>
                      <a gen="c" lem="antifascista" num="s" pos="aq0cs0" postype="qualificative" wd="antifascista"/>
                    </grup.a>
                  </sa>
                </S>
                <f lem="," pos="fc" punct="comma" wd=","/>
              </S>
            </grup.nom>
          </sn>
        </sp>
      </grup.nom>
    </sn>
    <grup.verb>
      <v lem="demorar" lss="A11.transitive-causative" mood="indicative" num="s" person="3" pos="vmis3s0" postype="main" tense="past" wd="demoró"/>
    </grup.verb>
    <sn arg="arg1" entityref="nne" func="cd" homophoricDD="yes" tem="tem">
      <spec gen="m" num="s">
        <d gen="m" lem="el" num="s" pos="da0ms0" postype="article" wd="el"/>
      </spec>
      <grup.nom gen="m" num="s">
        <n gen="m" lem="momento" num="s" pos="ncms000" postype="common" sense="16:10898122" wd="momento"/>
      </grup.nom>
    </sn>
    <f lem="." pos="fp" punct="period" wd="."/>
  </sentence>
</article>
