<?xml version="1.0" encoding="UTF-8"?>
<!-- 

  ancora-2.0
       
			Copyright (C) 2007, 2008, 2009, 2010, 2011 UB - CLiC
			Centre de Llenguatge i Computació - Universitat de Barcelona
 
  This file is part of ancora-2.0.
 
  ancora-2.0 is free software and data: you can redistribute it and/or modify
  it under the terms of the GNU General Public License as published
  by the Free Software Foundation, either version 3 of the License,
  or (at your option) any later version.

  ancora-2.0 is distributed in the hope that it will be useful,
  but WITHOUT ANY WARRANTY; without even the implied warranty of
  MERCHANTABILITY or FITNESS FOR A PARTICULAR PURPOSE.  See the
  GNU General Public License for more details.
 
  You should have received a copy of the GNU General Public License
  along with ancora-2.0.  If not, see &lt;http://www.gnu.org/licenses/&gt;.
 
  Check a text in catalan explaining the terms of the license at http://www.softcatala.cat/wiki/GPL3.
  In spanish at http://www.viti.es/gnu/licenses/gpl.html
 

  The following paper must be cited when using this corpus:

 * Taulé, M., M.A. Martí, M. Recasens (2008) 'Ancora: Multilevel Annotated Corpora for Catalan and Spanish',
   Proceedings of 6th International Conference on Language Resources and Evaluation. Marrakesh (Morocco).

  In addition, the following paper must be cited if coreference information (attributes entity, coreftype,
  corefsubtype, homophoricDD or entityref) is used:

 * Recasens, Marta, M. Antònia Martí (2010) ‘AnCora-CO: Coreferentially annotated corpora for Spanish and
   Catalan’. Language Resources and Evaluation, Springer Science.

  Additionally, the following paper must be cited when argumental attributes in "sn" or "grup.nom"
  (attributes func, arg, tem or lexicalid) are used:

 * Peris, Aina, Mariona Taulé, Horacio Rodríguez (2010) ‘Semantic Annotation of Deverbal Nominalizations in the
   Spanish AnCora corpus’. Treebanks and Linguistic Theories (TLT-2010), Estonia.
-->
<article lng="es">
  <sentence>
    <sn arg="arg0" entityref="ne" func="suj" ne="organization" tem="agt">
      <spec gen="m" num="s">
        <d gen="m" lem="el" num="s" pos="da0ms0" postype="article" wd="El"/>
      </spec>
      <grup.nom gen="m" num="s">
        <n lem="Tribunal_de_Apelaciones_de_Nueva_Orleans" ne="organization" pos="np00000" postype="proper" wd="Tribunal_de_Apelaciones_de_Nueva_Orleans"/>
        <sp>
          <f lem="," pos="fc" punct="comma" wd=","/>
          <prep>
            <s lem="en" pos="sps00" postype="preposition" wd="en"/>
          </prep>
          <sn entityref="ne" ne="location">
            <grup.nom>
              <n lem="Luisiana" ne="location" pos="np00000" postype="proper" wd="Luisiana"/>
            </grup.nom>
          </sn>
          <f lem="," pos="fc" punct="comma" wd=","/>
        </sp>
      </grup.nom>
    </sn>
    <grup.verb>
      <v lem="anular" lss="A21.transitive-agentive-patient" mood="indicative" num="s" person="3" pos="vmis3s0" postype="main" tense="past" wd="anuló"/>
    </grup.verb>
    <sadv arg="argM" func="cc" tem="tmp">
      <grup.adv>
        <r lem="hoy" pos="rg" wd="hoy"/>
      </grup.adv>
    </sadv>
    <sn arg="arg1" entity="entity9" entityref="nne" func="cd" tem="pat">
      <spec gen="f" num="s">
        <d gen="f" lem="uno" num="s" pos="di0fs0" postype="indefinite" wd="una"/>
      </spec>
      <grup.nom gen="f" num="s">
        <n gen="f" lem="demanda" num="s" pos="ncfs000" postype="common" sense="16:05402928" wd="demanda"/>
        <sp>
          <prep>
            <s lem="de" pos="sps00" postype="preposition" wd="de"/>
          </prep>
          <sn entity="entity1" entityref="nne">
            <spec gen="m" num="p">
              <d gen="c" lem="tres" num="p" pos="dn0cp0" postype="numeral" wd="tres"/>
            </spec>
            <grup.nom gen="m" num="p">
              <n gen="m" lem="elector" num="p" pos="ncmp000" postype="common" sense="16:07670539" wd="electores"/>
              <sp>
                <prep>
                  <s lem="de" pos="sps00" postype="preposition" wd="de"/>
                </prep>
                <sn entity="entity2" entityref="ne" ne="location">
                  <grup.nom>
                    <n lem="Texas" ne="location" pos="np00000" postype="proper" sense="16:06641138" wd="Texas"/>
                  </grup.nom>
                </sn>
              </sp>
              <S clausetype="relative">
                <relatiu arg="arg0" coreftype="ident" entity="entity1" entityref="nne" func="suj" tem="agt">
                  <p gen="c" lem="que" num="c" pos="pr0cn000" postype="relative" wd="que"/>
                </relatiu>
                <grup.verb>
                  <v lem="impugnar" lss="A21.transitive-agentive-patient" mood="indicative" num="p" person="3" pos="vmii3p0" postype="main" tense="imperfect" wd="impugnaban"/>
                </grup.verb>
                <sn arg="arg1" entityref="nne" func="cd" homophoricDD="yes" tem="pat">
                  <spec gen="f" num="s">
                    <d gen="f" lem="el" num="s" pos="da0fs0" postype="article" wd="la"/>
                  </spec>
                  <grup.nom gen="f" num="s">
                    <n gen="f" lem="constitucionalidad" num="s" pos="ncfs000" postype="common" sense="16:cs2" wd="constitucionalidad"/>
                    <sp>
                      <prep>
                        <s lem="de" pos="sps00" postype="preposition" wd="de"/>
                      </prep>
                      <sn entity="entity10" entityref="nne" homophoricDD="yes">
                        <spec gen="f" num="s">
                          <d gen="f" lem="el" num="s" pos="da0fs0" postype="article" wd="la"/>
                        </spec>
                        <grup.nom gen="f" num="s">
                          <n gen="f" lem="candidatura" num="s" pos="ncfs000" postype="common" sense="16:00511429" wd="candidatura"/>
                          <sp>
                            <prep>
                              <s lem="a" pos="sps00" postype="preposition" wd="a"/>
                            </prep>
                            <sn>
                              <grup.nom gen="m" num="s">
                                <n gen="m" lem="vicepresidente" num="s" pos="ncms000" postype="common" sense="16:07664428" wd="vicepresidente"/>
                              </grup.nom>
                            </sn>
                          </sp>
                          <sp>
                            <prep>
                              <s contracted="yes" gen="m" lem="del" num="s" pos="spcms" postype="preposition" wd="del"/>
                            </prep>
                            <sn entity="entity5" entityref="ne" ne="person">
                              <grup.nom gen="m" num="s">
                                <n gen="m" lem="republicano" num="s" pos="ncms000" postype="common" sense="16:07529675" wd="republicano"/>
                                <sn entityref="ne" ne="person">
                                  <grup.nom gen="m" num="s">
                                    <n lem="Richard_Cheney" ne="person" pos="np00000" postype="proper" wd="Richard_Cheney"/>
                                  </grup.nom>
                                </sn>
                              </grup.nom>
                            </sn>
                          </sp>
                        </grup.nom>
                      </sn>
                    </sp>
                  </grup.nom>
                </sn>
              </S>
            </grup.nom>
          </sn>
        </sp>
      </grup.nom>
    </sn>
    <f lem="." pos="fp" punct="period" wd="."/>
  </sentence>
  <sentence>
    <sn arg="arg0" coreftype="ident" entity="entity1" entityref="nne" func="suj" homophoricDD="yes" tem="agt">
      <spec gen="m" num="p">
        <d gen="m" lem="el" num="p" pos="da0mp0" postype="article" wd="Los"/>
      </spec>
      <grup.nom gen="m" num="p">
        <n gen="m" lem="elector" num="p" pos="ncmp000" postype="common" sense="16:07670539" wd="electores"/>
        <sp>
          <prep>
            <s lem="de" pos="sps00" postype="preposition" wd="de"/>
          </prep>
          <sn coreftype="ident" entity="entity2" entityref="ne" ne="location">
            <grup.nom>
              <n lem="Texas" ne="location" pos="np00000" postype="proper" sense="16:06641138" wd="Texas"/>
            </grup.nom>
          </sn>
        </sp>
      </grup.nom>
    </sn>
    <grup.verb>
      <v lem="poder" mood="indicative" num="p" person="3" pos="vmip3p0" postype="main" tense="present" wd="pueden"/>
      <sadv arg="argM" func="cc" tem="tmp">
        <grup.adv>
          <r lem="ahora" pos="rg" wd="ahora"/>
        </grup.adv>
      </sadv>
      <infinitiu>
        <v lem="presentar" lss="A22.transitive-agentive-theme" mood="infinitive" pos="vmn0000" postype="main" wd="presentar"/>
      </infinitiu>
    </grup.verb>
    <sn arg="arg1" entityref="nne" func="cd" tem="pat">
      <spec gen="f" num="s">
        <d gen="f" lem="uno" num="s" pos="di0fs0" postype="indefinite" wd="una"/>
      </spec>
      <grup.nom gen="f" num="s">
        <n gen="f" lem="apelación" lexicalid="noun.apelación.1.default" num="s" origin="deverbal" pos="ncfs000" postype="common" sense="16:00767259" wd="apelación"/>
      </grup.nom>
    </sn>
    <sp arg="argM" func="cc" tem="loc">
      <prep>
        <s lem="ante" pos="sps00" postype="preposition" wd="ante"/>
      </prep>
      <sn entityref="ne" ne="organization">
        <spec gen="m" num="s">
          <d gen="m" lem="el" num="s" pos="da0ms0" postype="article" wd="el"/>
        </spec>
        <grup.nom gen="m" num="s">
          <n lem="Tribunal_Supremo_de_Estados_Unidos" ne="organization" pos="np00000" postype="proper" wd="Tribunal_Supremo_de_Estados_Unidos"/>
        </grup.nom>
      </sn>
    </sp>
    <f lem="." pos="fp" punct="period" wd="."/>
  </sentence>
  <sentence>
    <sn arg="arg0" entityref="nne" func="suj" tem="agt">
      <spec gen="m" num="p">
        <d gen="c" lem="tres" num="p" pos="dn0cp0" postype="numeral" wd="Tres"/>
      </spec>
      <grup.nom gen="m" num="p">
        <n gen="c" lem="juez" num="p" pos="nccp000" postype="common" sense="16:07350806" wd="jueces"/>
        <sp>
          <prep>
            <s contracted="yes" gen="m" lem="del" num="s" pos="spcms" postype="preposition" wd="del"/>
          </prep>
          <sn entity="entity3" entityref="nne" homophoricDD="yes">
            <grup.nom gen="m" num="s">
              <n gen="m" lem="foro" num="s" pos="ncms000" postype="common" sense="16:06175506" wd="foro"/>
              <s.a gen="m" num="s">
                <grup.a gen="m" num="s">
                  <a gen="c" lem="judicial" num="s" pos="aq0cs0" postype="qualificative" wd="judicial"/>
                </grup.a>
              </s.a>
              <S clausetype="relative">
                <f lem="," pos="fc" punct="comma" wd=","/>
                <relatiu arg="arg1" coreftype="ident" entity="entity3" entityref="nne" func="suj" tem="tem">
                  <p gen="c" lem="que" num="c" pos="pr0cn000" postype="relative" wd="que"/>
                </relatiu>
                <grup.verb>
                  <v lem="tener" lss="C21.state-attributive" mood="indicative" num="s" person="3" pos="vmip3s0" postype="main" tense="present" wd="tiene"/>
                </grup.verb>
                <sn arg="arg2" entityref="nne" func="cd" functype="quantitative" tem="atr">
                  <grup.nom gen="f" num="s">
                    <n gen="f" lem="jurisdicción" num="s" pos="ncfs000" postype="common" sense="16:06387733" wd="jurisdicción"/>
                    <sp>
                      <prep>
                        <s lem="sobre" pos="sps00" postype="preposition" wd="sobre"/>
                      </prep>
                      <sn entityref="nne" homophoricDD="yes">
                        <spec gen="m" num="p">
                          <d gen="m" lem="el" num="p" pos="da0mp0" postype="article" wd="los"/>
                        </spec>
                        <grup.nom gen="m" num="p">
                          <n gen="m" lem="caso" num="p" pos="ncmp000" postype="common" sense="16:05081510" wd="casos"/>
                          <s.a gen="m" num="p">
                            <grup.a gen="m" num="p">
                              <a gen="c" lem="federal" num="p" pos="aq0cp0" postype="qualificative" wd="federales"/>
                            </grup.a>
                          </s.a>
                          <sp>
                            <prep>
                              <s lem="de" pos="sps00" postype="preposition" wd="de"/>
                            </prep>
                            <sn coreftype="ident" entity="entity2" entityref="ne" ne="location">
                              <grup.nom>
                                <n lem="Texas" ne="location" pos="np00000" postype="proper" sense="16:06641138" wd="Texas"/>
                              </grup.nom>
                            </sn>
                          </sp>
                        </grup.nom>
                      </sn>
                    </sp>
                  </grup.nom>
                </sn>
                <f lem="," pos="fc" punct="comma" wd=","/>
              </S>
            </grup.nom>
          </sn>
        </sp>
      </grup.nom>
    </sn>
    <grup.verb>
      <v lem="mantener" lss="A21.transitive-agentive-patient" mood="indicative" num="p" person="3" pos="vmis3p0" postype="main" tense="past" wd="mantuvieron"/>
    </grup.verb>
    <sn arg="arg1" entityref="nne" func="cd" tem="pat">
      <spec gen="m" num="s">
        <d gen="m" lem="uno" num="s" pos="di0ms0" postype="indefinite" wd="un"/>
      </spec>
      <grup.nom gen="m" num="s">
        <n gen="m" lem="dictamen" num="s" pos="ncms000" postype="common" sense="16:00771599" wd="dictamen"/>
        <s.a gen="m" num="s">
          <grup.a gen="m" num="s">
            <a gen="m" lem="previo" num="s" pos="aq0ms0" postype="qualificative" wd="previo"/>
          </grup.a>
        </s.a>
        <sp>
          <prep>
            <s lem="de" pos="sps00" postype="preposition" wd="de"/>
          </prep>
          <sn entity="entity4" entityref="nne">
            <spec gen="m" num="s">
              <d gen="m" lem="uno" num="s" pos="di0ms0" postype="indefinite" wd="un"/>
            </spec>
            <grup.nom gen="m" num="s">
              <n gen="m" lem="tribunal" num="s" pos="ncms000" postype="common" sense="16:06176884" wd="tribunal"/>
              <sp>
                <prep>
                  <s lem="de" pos="sps00" postype="preposition" wd="de"/>
                </prep>
                <sn entity="entity6" entityref="ne" ne="location">
                  <grup.nom>
                    <n lem="Dallas" ne="location" pos="np00000" postype="proper" sense="16:06641632" wd="Dallas"/>
                  </grup.nom>
                </sn>
              </sp>
              <S clausetype="relative">
                <relatiu arg="arg0" coreftype="ident" entity="entity4" entityref="nne" func="suj" tem="agt">
                  <p gen="c" lem="que" num="c" pos="pr0cn000" postype="relative" wd="que"/>
                </relatiu>
                <grup.verb>
                  <v lem="desestimar" lss="A21.transitive-agentive-patient" mood="indicative" num="s" person="3" pos="vmis3s0" postype="main" tense="past" wd="desestimó"/>
                </grup.verb>
                <sn arg="arg1" entityref="nne" func="cd" homophoricDD="yes" tem="pat">
                  <spec gen="f" num="s">
                    <d gen="f" lem="el" num="s" pos="da0fs0" postype="article" wd="la"/>
                  </spec>
                  <grup.nom gen="f" num="s">
                    <n gen="f" lem="reclamación" lexicalid="noun.reclamación.1.default" num="s" origin="deverbal" pos="ncfs000" postype="common" sense="16:00686953" wd="reclamación"/>
                    <sp arg="arg1" func="cn" tem="pat">
                      <prep>
                        <s lem="de" pos="sps00" postype="preposition" wd="de"/>
                      </prep>
                      <S clausetype="completive">
                        <conj conjunctiontype="subordinating">
                          <c lem="que" pos="cs" postype="subordinating" wd="que"/>
                        </conj>
                        <sn arg="arg1" coreftype="ident" entity="entity5" entityref="ne" func="suj" ne="person" tem="tem">
                          <grup.nom gen="m" num="s">
                            <n lem="Cheney" ne="person" pos="np00000" postype="proper" wd="Cheney"/>
                          </grup.nom>
                        </sn>
                        <neg func="mod">
                          <r lem="no" pos="rn" postype="negative" wd="no"/>
                        </neg>
                        <grup.verb>
                          <v lem="ser" lss="C21.state-attributive" mood="indicative" num="s" person="3" pos="vsip3s0" postype="semiauxiliary" tense="present" wd="es"/>
                        </grup.verb>
                        <sa arg="arg2" func="atr" tem="atr">
                          <spec>
                            <r lem="legalmente" pos="rg" wd="legalmente"/>
                          </spec>
                          <grup.a>
                            <a gen="c" lem="residente" num="s" pos="aq0cs0" postype="qualificative" wd="residente"/>
                            <sp>
                              <prep>
                                <s contracted="yes" gen="m" lem="del" num="s" pos="spcms" postype="preposition" wd="del"/>
                              </prep>
                              <sn entityref="ne" ne="location">
                                <grup.nom gen="m" num="s">
                                  <n gen="m" lem="estado" num="s" pos="ncms000" postype="common" sense="16:06374245" wd="estado"/>
                                  <sp>
                                    <prep>
                                      <s lem="de" pos="sps00" postype="preposition" wd="de"/>
                                    </prep>
                                    <sn entity="entity8" entityref="ne" ne="location">
                                      <grup.nom>
                                        <n lem="Wyoming" ne="location" pos="np00000" postype="proper" sense="16:06648098" wd="Wyoming"/>
                                      </grup.nom>
                                    </sn>
                                  </sp>
                                </grup.nom>
                              </sn>
                            </sp>
                          </grup.a>
                        </sa>
                      </S>
                    </sp>
                  </grup.nom>
                </sn>
              </S>
            </grup.nom>
          </sn>
        </sp>
      </grup.nom>
    </sn>
    <f lem="." pos="fp" punct="period" wd="."/>
  </sentence>
  <sentence>
    <sn arg="arg1" coreftype="ident" entity="entity5" entityref="ne" func="suj" ne="person" tem="tem">
      <grup.nom gen="m" num="s">
        <n lem="Cheney" ne="person" pos="np00000" postype="proper" wd="Cheney"/>
      </grup.nom>
    </sn>
    <grup.verb>
      <v lem="residir" lss="C11.state-existential" mood="indicative" num="s" person="3" pos="vmii3s0" postype="main" tense="imperfect" wd="residía"/>
    </grup.verb>
    <sp arg="arg2" func="cc" tem="loc">
      <prep>
        <s lem="en" pos="sps00" postype="preposition" wd="en"/>
      </prep>
      <sn coreftype="ident" entity="entity6" entityref="ne" ne="location">
        <grup.nom>
          <n lem="Dallas" ne="location" pos="np00000" postype="proper" sense="16:06641632" wd="Dallas"/>
          <sn coreftype="ident" entity="entity2" entityref="ne" ne="location">
            <grup.nom>
              <f lem="(" pos="fpa" punct="bracket" punctenclose="open" wd="("/>
              <n lem="Texas" ne="location" pos="np00000" postype="proper" sense="16:06641138" wd="Texas"/>
              <f lem=")" pos="fpt" punct="bracket" punctenclose="close" wd=")"/>
            </grup.nom>
          </sn>
        </grup.nom>
      </sn>
    </sp>
    <sp arg="argM" func="cc" tem="tmp">
      <prep>
        <s lem="hasta" pos="sps00" postype="preposition" wd="hasta"/>
      </prep>
      <S clausetype="completive">
        <conj conjunctiontype="subordinating">
          <c lem="que" pos="cs" postype="subordinating" wd="que"/>
        </conj>
        <sn arg="arg0" entity="entity7" entityref="ne" func="suj" ne="person" tem="agt">
          <spec gen="m" num="s">
            <d gen="m" lem="el" num="s" pos="da0ms0" postype="article" wd="el"/>
          </spec>
          <grup.nom gen="m" num="s">
            <n gen="m" lem="candidato" num="s" pos="ncms000" postype="common" sense="16:07136302" wd="candidato"/>
            <s.a gen="m" num="s">
              <grup.a gen="m" num="s">
                <a gen="c" lem="presidencial" num="s" pos="aq0cs0" postype="qualificative" wd="presidencial"/>
              </grup.a>
            </s.a>
            <s.a gen="m" num="s">
              <grup.a gen="m" num="s">
                <n gen="m" lem="republicano" num="s" pos="ncms000" postype="common" sense="16:07529675" wd="republicano"/>
              </grup.a>
            </s.a>
            <sn corefsubtype="definit" coreftype="pred" entity="entity7" entityref="ne" ne="person">
              <f lem="," pos="fc" punct="comma" wd=","/>
              <grup.nom gen="m" num="s">
                <n lem="George_W._Bush" ne="person" pos="np00000" postype="proper" wd="George_W._Bush"/>
              </grup.nom>
              <f lem="," pos="fc" punct="comma" wd=","/>
            </sn>
            <sn corefsubtype="definit" coreftype="pred" entity="entity7">
              <grup.nom gen="m" num="s">
                <n gen="m" lem="gobernador" num="s" pos="ncms000" postype="common" sense="16:07297767" wd="gobernador"/>
                <sp>
                  <prep>
                    <s lem="de" pos="sps00" postype="preposition" wd="de"/>
                  </prep>
                  <sn coreftype="ident" entity="entity2" entityref="spec">
                    <spec gen="m" num="s">
                      <d gen="m" lem="ese" num="s" pos="dd0ms0" postype="demonstrative" wd="ese"/>
                    </spec>
                    <grup.nom gen="m" num="s">
                      <n gen="m" lem="estado" num="s" pos="ncms000" postype="common" sense="16:06374245" wd="estado"/>
                    </grup.nom>
                  </sn>
                </sp>
              </grup.nom>
              <f lem="," pos="fc" punct="comma" wd=","/>
            </sn>
          </grup.nom>
        </sn>
        <sn arg="arg1" coreftype="ident" entity="entity5" entityref="spec" func="cd" tem="pat">
          <grup.nom gen="m" num="s">
            <p case="accusative" gen="m" lem="él" num="s" person="3" pos="pp3msa00" postype="personal" wd="lo"/>
          </grup.nom>
        </sn>
        <grup.verb>
          <v lem="proponer" lss="A32.ditransitive-patient-benefactive" mood="indicative" num="s" person="3" pos="vmis3s0" postype="main" tense="past" wd="propuso"/>
        </grup.verb>
        <sp arg="argM" func="cpred" tem="atr">
          <prep>
            <c lem="como" pos="cs" postype="subordinating" wd="como"/>
          </prep>
          <sn>
            <spec gen="m" num="s">
              <d coreftype="ident" entity="entity7" entityref="spec" gen="c" lem="su" num="s" person="3" pos="dp3cs0" postype="possessive" wd="su"/>
            </spec>
            <grup.nom gen="m" num="s">
              <n gen="m" lem="compañero" num="s" pos="ncms000" postype="common" sense="16:07165214" wd="compañero"/>
              <s.a gen="m" num="s">
                <grup.a gen="m" num="s">
                  <a gen="c" lem="electoral" num="s" pos="aq0cs0" postype="qualificative" wd="electoral"/>
                </grup.a>
              </s.a>
            </grup.nom>
          </sn>
        </sp>
      </S>
    </sp>
    <f lem="." pos="fp" punct="period" wd="."/>
  </sentence>
  <sentence>
    <sn arg="arg0" entityref="nne" func="suj" homophoricDD="yes" tem="agt">
      <spec gen="f" num="s">
        <d gen="f" lem="el" num="s" pos="da0fs0" postype="article" wd="La"/>
      </spec>
      <grup.nom gen="f" num="s">
        <n gen="f" lem="candidatura" num="s" pos="ncfs000" postype="common" sense="16:00511429" wd="candidatura"/>
        <sp>
          <prep>
            <s lem="a" pos="sps00" postype="preposition" wd="a"/>
          </prep>
          <sn>
            <grup.nom gen="m" num="s">
              <n gen="m" lem="vicepresidente" num="s" pos="ncms000" postype="common" sense="16:07664428" wd="vicepresidente"/>
            </grup.nom>
          </sn>
        </sp>
      </grup.nom>
    </sn>
    <grup.verb>
      <v lem="hacer" lss="A21.transitive-agentive-patient" mood="indicative" num="s" person="3" pos="vmis3s0" postype="main" tense="past" wd="hizo"/>
    </grup.verb>
    <S arg="arg1" clausetype="completive" func="cd" tem="pat">
      <conj conjunctiontype="subordinating">
        <c lem="que" pos="cs" postype="subordinating" wd="que"/>
      </conj>
      <sn arg="arg1" coreftype="ident" entity="entity5" entityref="ne" func="suj" ne="person" tem="tem">
        <grup.nom gen="m" num="s">
          <n lem="Cheney" ne="person" pos="np00000" postype="proper" wd="Cheney"/>
        </grup.nom>
      </sn>
      <morfema.pronominal>
        <p gen="c" lem="él" num="c" person="3" pos="p0300000" wd="se"/>
      </morfema.pronominal>
      <grup.verb>
        <v lem="inscribir" lss="B11.unaccusative-motion" mood="subjunctive" num="s" person="3" pos="vmsi3s0" postype="main" tense="imperfect" wd="inscribiera"/>
      </grup.verb>
      <sp arg="argM" func="cpred" tem="atr">
        <prep>
          <c lem="como" pos="cs" postype="subordinating" wd="como"/>
        </prep>
        <sn>
          <grup.nom gen="m" num="s">
            <n gen="m" lem="elector" num="s" pos="ncms000" postype="common" sense="16:07670539" wd="elector"/>
            <sp>
              <prep>
                <s lem="de" pos="sps00" postype="preposition" wd="de"/>
              </prep>
              <sn coreftype="ident" entity="entity8" entityref="ne" ne="location">
                <grup.nom>
                  <n lem="Wyoming" ne="location" pos="np00000" postype="proper" sense="16:06648098" wd="Wyoming"/>
                  <S clausetype="relative" coord="yes">
                    <f lem="," pos="fc" punct="comma" wd=","/>
                    <relatiu arg="argM" coreftype="ident" entity="entity8" entityref="spec" func="cc" tem="loc">
                      <p gen="c" lem="donde" num="c" pos="pr000000" postype="relative" wd="donde"/>
                    </relatiu>
                    <S clausetype="relative">
                      <sn arg="arg1" coreftype="ident" elliptic="yes" entity="entity5" entityref="spec" func="suj" tem="tem"/>
                      <grup.verb>
                        <v lem="tener" lss="C21.state-attributive" mood="indicative" num="s" person="3" pos="vmip3s0" postype="main" tense="present" wd="tiene"/>
                      </grup.verb>
                      <sn arg="arg2" entityref="nne" func="cd" functype="quantitative" tem="atr">
                        <spec gen="f" num="s">
                          <d gen="f" lem="otro" num="s" pos="di0fs0" postype="indefinite" wd="otra"/>
                        </spec>
                        <grup.nom gen="f" num="s">
                          <n gen="f" lem="residencia" lexicalid="noun.residencia.1.default" num="s" origin="deverbal" pos="ncfs000" postype="common" sense="16:06309630" wd="residencia"/>
                        </grup.nom>
                      </sn>
                    </S>
                    <conj conjunctiontype="coordinating">
                      <c lem="y" pos="cc" postype="coordinating" wd="y"/>
                    </conj>
                    <S clausetype="relative">
                      <sn arg="arg0" coreftype="ident" elliptic="yes" entity="entity5" entityref="spec" func="suj" tem="agt"/>
                      <grup.verb>
                        <v lem="estudiar" lss="A21.transitive-agentive-patient" mood="indicative" num="s" person="3" pos="vmis3s0" postype="main" tense="past" wd="estudió"/>
                      </grup.verb>
                      <sp arg="argM" func="cc" tem="loc">
                        <prep>
                          <s lem="en" pos="sps00" postype="preposition" wd="en"/>
                        </prep>
                        <sn entityref="nne" homophoricDD="yes">
                          <spec gen="f" num="s">
                            <d gen="f" lem="el" num="s" pos="da0fs0" postype="article" wd="la"/>
                          </spec>
                          <grup.nom gen="f" num="s">
                            <n gen="f" lem="escuela" num="s" pos="ncfs000" postype="common" sense="16:03281918" wd="escuela"/>
                            <s.a gen="f" num="s">
                              <grup.a gen="f" num="s">
                                <a gen="f" lem="secundario" num="s" pos="aq0fs0" postype="qualificative" wd="secundaria"/>
                              </grup.a>
                            </s.a>
                          </grup.nom>
                        </sn>
                      </sp>
                    </S>
                  </S>
                </grup.nom>
              </sn>
            </sp>
          </grup.nom>
        </sn>
      </sp>
    </S>
    <f lem="." pos="fp" punct="period" wd="."/>
  </sentence>
  <sentence>
    <sn arg="arg1" coreftype="ident" entity="entity5" entityref="ne" func="suj" ne="person" tem="tem">
      <grup.nom gen="m" num="s">
        <n lem="Cheney" ne="person" pos="np00000" postype="proper" wd="Cheney"/>
        <sn corefsubtype="definit" coreftype="pred" entity="entity5">
          <f lem="," pos="fc" punct="comma" wd=","/>
          <grup.nom gen="m" num="s">
            <s.a gen="m" num="s">
              <grup.a gen="m" num="s">
                <a gen="m" lem="ex" num="s" pos="aq0ms0" postype="qualificative" wd="ex"/>
              </grup.a>
            </s.a>
            <n gen="m" lem="secretario" num="s" pos="ncms000" postype="common" sense="16:07556911" wd="secretario"/>
            <sp>
              <prep>
                <s lem="de" pos="sps00" postype="preposition" wd="de"/>
              </prep>
              <sn entityref="ne" ne="organization">
                <grup.nom>
                  <n lem="Defensa" ne="organization" pos="np00000" postype="proper" wd="Defensa"/>
                </grup.nom>
              </sn>
            </sp>
          </grup.nom>
          <f lem="," pos="fc" punct="comma" wd=","/>
        </sn>
      </grup.nom>
    </sn>
    <grup.verb>
      <v lem="tener" lss="C21.state-attributive" mood="indicative" num="s" person="3" pos="vmip3s0" postype="main" tense="present" wd="tiene"/>
    </grup.verb>
    <sn arg="arg2" entityref="nne" func="cd" functype="quantitative" tem="atr">
      <spec gen="f" num="s">
        <d gen="f" lem="otro" num="s" pos="di0fs0" postype="indefinite" wd="otra"/>
      </spec>
      <grup.nom gen="f" num="s">
        <n gen="f" lem="vivienda" num="s" pos="ncfs000" postype="common" sense="16:02618194" wd="vivienda"/>
      </grup.nom>
    </sn>
    <sp arg="argM" func="cc" tem="loc">
      <prep>
        <s lem="en" pos="sps00" postype="preposition" wd="en"/>
      </prep>
      <sn entityref="ne" ne="location">
        <spec gen="f" num="s">
          <d gen="f" lem="el" num="s" pos="da0fs0" postype="article" wd="la"/>
        </spec>
        <grup.nom gen="f" num="s">
          <n gen="f" lem="localidad" num="s" pos="ncfs000" postype="common" sense="16:cs1" wd="localidad"/>
          <sp>
            <prep>
              <s lem="de" pos="sps00" postype="preposition" wd="de"/>
            </prep>
            <sn entityref="ne" ne="location">
              <grup.nom>
                <n lem="McLean" ne="location" pos="np00000" postype="proper" wd="McLean"/>
                <sn entityref="ne" ne="location">
                  <grup.nom>
                    <f lem="(" pos="fpa" punct="bracket" punctenclose="open" wd="("/>
                    <n lem="Virginia" ne="location" pos="np00000" postype="proper" sense="16:06643534" wd="Virginia"/>
                    <f lem=")" pos="fpt" punct="bracket" punctenclose="close" wd=")"/>
                  </grup.nom>
                </sn>
              </grup.nom>
            </sn>
          </sp>
          <s.a gen="f" num="s">
            <f lem="," pos="fc" punct="comma" wd=","/>
            <grup.a gen="f" num="s">
              <a gen="c" lem="colindante" num="s" pos="aq0cs0" postype="qualificative" wd="colindante"/>
              <sp>
                <prep>
                  <s lem="con" pos="sps00" postype="preposition" wd="con"/>
                </prep>
                <sn entityref="ne" ne="location">
                  <spec gen="f" num="s">
                    <d gen="f" lem="el" num="s" pos="da0fs0" postype="article" wd="la"/>
                  </spec>
                  <grup.nom gen="f" num="s">
                    <n gen="f" lem="capital" num="s" pos="ncfs000" postype="common" sense="16:06283013" wd="capital"/>
                    <s.a gen="f" num="s">
                      <grup.a gen="f" num="s">
                        <a gen="c" lem="estadounidense" num="s" pos="aq0cs0" postype="qualificative" wd="estadounidense"/>
                      </grup.a>
                    </s.a>
                  </grup.nom>
                </sn>
              </sp>
            </grup.a>
          </s.a>
        </grup.nom>
      </sn>
    </sp>
    <f lem="." pos="fp" punct="period" wd="."/>
  </sentence>
  <sentence>
    <sn arg="arg1" coreftype="ident" entity="entity9" entityref="nne" func="suj" tem="tem">
      <spec gen="f" num="s">
        <d gen="f" lem="el" num="s" pos="da0fs0" postype="article" wd="La"/>
      </spec>
      <grup.nom gen="f" num="s">
        <n gen="f" lem="demanda" num="s" pos="ncfs000" postype="common" sense="16:05402928" wd="demanda"/>
        <sp>
          <prep>
            <s lem="contra" pos="sps00" postype="preposition" wd="contra"/>
          </prep>
          <sn coreftype="ident" entity="entity10" entityref="nne" homophoricDD="yes">
            <spec gen="f" num="s">
              <d gen="f" lem="el" num="s" pos="da0fs0" postype="article" wd="la"/>
            </spec>
            <grup.nom gen="f" num="s">
              <n gen="f" lem="candidatura" num="s" pos="ncfs000" postype="common" sense="16:00511429" wd="candidatura"/>
              <sp>
                <prep>
                  <s lem="de" pos="sps00" postype="preposition" wd="de"/>
                </prep>
                <sn coreftype="ident" entity="entity5" entityref="ne" ne="person">
                  <grup.nom>
                    <n lem="Cheney" ne="person" pos="np00000" postype="proper" wd="Cheney"/>
                  </grup.nom>
                </sn>
              </sp>
            </grup.nom>
          </sn>
        </sp>
      </grup.nom>
    </sn>
    <morfema.pronominal>
      <p gen="c" lem="él" num="c" person="3" pos="p0300000" wd="se"/>
    </morfema.pronominal>
    <grup.verb>
      <v lem="basar" lss="C21.state-attributive" mood="indicative" num="s" person="3" pos="vmip3s0" postype="main" tense="present" wd="basa"/>
    </grup.verb>
    <sp arg="arg2" func="creg" tem="atr">
      <prep>
        <s lem="en" pos="sps00" postype="preposition" wd="en"/>
      </prep>
      <sn entity="entity11" entityref="nne" homophoricDD="yes">
        <spec gen="f" num="s">
          <d gen="f" lem="el" num="s" pos="da0fs0" postype="article" wd="la"/>
        </spec>
        <grup.nom gen="f" num="s">
          <s.a func="cn" gen="f" num="s">
            <grup.a gen="f" num="s">
              <a gen="f" lem="duodécimo" num="s" pos="ao0fs0" postype="ordinal" wd="duodécima"/>
            </grup.a>
          </s.a>
          <n gen="f" lem="enmienda" lexicalid="noun.enmienda.1.default" num="s" origin="deverbal" pos="ncfs000" postype="common" sense="16:cs1" wd="enmienda"/>
          <sp arg="arg1" func="cn" tem="pat">
            <prep>
              <s lem="de" pos="sps00" postype="preposition" wd="de"/>
            </prep>
            <sn entityref="ne" ne="other">
              <spec gen="f" num="s">
                <d gen="f" lem="el" num="s" pos="da0fs0" postype="article" wd="la"/>
              </spec>
              <grup.nom gen="f" num="s">
                <n lem="Constitución" ne="other" pos="np00000" postype="proper" wd="Constitución"/>
                <sp>
                  <prep>
                    <s lem="de" pos="sps00" postype="preposition" wd="de"/>
                  </prep>
                  <sn entityref="ne" ne="location">
                    <grup.nom>
                      <n lem="EEUU" ne="location" pos="np00000" postype="proper" wd="EEUU"/>
                    </grup.nom>
                  </sn>
                </sp>
              </grup.nom>
            </sn>
          </sp>
          <S clausetype="relative" func="cn">
            <f lem="," pos="fc" punct="comma" wd=","/>
            <relatiu arg="arg0" coreftype="ident" entity="entity11" entityref="nne" func="suj" tem="agt">
              <p gen="c" lem="que" num="c" pos="pr0cn000" postype="relative" wd="que"/>
            </relatiu>
            <grup.verb>
              <v lem="prohibir" lss="A32.ditransitive-patient-benefactive" mood="indicative" num="s" person="3" pos="vmip3s0" postype="main" tense="present" wd="prohíbe"/>
            </grup.verb>
            <S arg="arg1" clausetype="completive" func="cd" tem="pat">
              <conj conjunctiontype="subordinating">
                <c lem="que" pos="cs" postype="subordinating" wd="que"/>
              </conj>
              <sn arg="arg0" entityref="nne" func="suj" homophoricDD="yes" tem="agt">
                <spec gen="m" num="s">
                  <d gen="m" lem="uno" num="s" pos="di0ms0" postype="indefinite" wd="un"/>
                </spec>
                <grup.nom gen="m" num="s">
                  <n gen="m" lem="elector" num="s" pos="ncms000" postype="common" sense="16:07670539" wd="elector"/>
                </grup.nom>
              </sn>
              <grup.verb>
                <v lem="votar" lss="A21.transitive-agentive-patient" mood="subjunctive" num="s" person="3" pos="vmsp3s0" postype="main" tense="present" wd="vote"/>
              </grup.verb>
              <sp arg="argM" func="cc" tem="adv">
                <prep>
                  <s lem="por" pos="sps00" postype="preposition" wd="por"/>
                </prep>
                <sn coord="yes">
                  <sn coord="yes" entityref="nne">
                    <sn entityref="nne">
                      <spec gen="m" num="s">
                        <d gen="m" lem="uno" num="s" pos="di0ms0" postype="indefinite" wd="un"/>
                      </spec>
                      <grup.nom gen="m" num="s">
                        <n gen="m" lem="presidente" num="s" pos="ncms000" postype="common" sense="16:07496197" wd="presidente"/>
                      </grup.nom>
                    </sn>
                    <conj conjunctiontype="coordinating">
                      <c lem="y" pos="cc" postype="coordinating" wd="y"/>
                    </conj>
                    <sn entityref="nne">
                      <spec gen="m" num="s">
                        <d gen="m" lem="uno" num="s" pos="di0ms0" postype="indefinite" wd="un"/>
                      </spec>
                      <grup.nom gen="m" num="s">
                        <n gen="m" lem="vicepresidente" num="s" pos="ncms000" postype="common" sense="16:07664428" wd="vicepresidente"/>
                      </grup.nom>
                    </sn>
                  </sn>
                  <sp adjunct="yes">
                    <prep>
                      <s contracted="yes" gen="m" lem="del" num="s" pos="spcms" postype="preposition" wd="del"/>
                    </prep>
                    <sn entityref="nne" homophoricDD="yes">
                      <spec gen="m" num="s">
                        <d gen="m" lem="mismo" num="s" pos="di0ms0" postype="indefinite" wd="mismo"/>
                      </spec>
                      <grup.nom gen="m" num="s">
                        <n gen="m" lem="estado" num="s" pos="ncms000" postype="common" sense="16:06374245" wd="estado"/>
                      </grup.nom>
                    </sn>
                  </sp>
                </sn>
              </sp>
            </S>
          </S>
        </grup.nom>
      </sn>
    </sp>
    <f lem="." pos="fp" punct="period" wd="."/>
  </sentence>
  <sentence>
    <sn arg="arg1" coreftype="ident" entity="entity5" entityref="ne" func="suj" ne="person" tem="tem">
      <grup.nom gen="m" num="s">
        <n lem="Cheney" ne="person" pos="np00000" postype="proper" wd="Cheney"/>
        <S clausetype="relative">
          <f lem="," pos="fc" punct="comma" wd=","/>
          <relatiu arg="arg0" coreftype="ident" entity="entity5" entityref="spec" func="suj" tem="agt">
            <p gen="c" lem="que" num="c" pos="pr0cn000" postype="relative" wd="que"/>
          </relatiu>
          <sn arg="argM" entityref="ne" func="cc" ne="date" tem="tmp">
            <spec gen="m" num="s">
              <d gen="m" lem="el" num="s" pos="da0ms0" postype="article" wd="el"/>
            </spec>
            <grup.nom gen="m" num="s">
              <w lem="[??:??/??/??:??.??]" ne="date" wd="mes"/>
              <S clausetype="participle" impersonal="yes">
                <participi>
                  <a gen="m" lem="pasado" num="s" pos="aq0msp" posfunction="participle" postype="qualificative" wd="pasado"/>
                </participi>
              </S>
            </grup.nom>
          </sn>
          <grup.verb>
            <v lem="superar" lss="A21.transitive-agentive-patient" mood="indicative" num="s" person="3" pos="vmis3s0" postype="main" tense="past" wd="superó"/>
          </grup.verb>
          <sn arg="arg1" entityref="nne" func="cd" tem="pat">
            <spec gen="m" num="s">
              <d gen="m" lem="uno" num="s" pos="di0ms0" postype="indefinite" wd="un"/>
            </spec>
            <grup.nom gen="m" num="s">
              <s.a func="cn" gen="m" num="s">
                <grup.a gen="m" num="s">
                  <a gen="c" lem="leve" num="s" pos="aq0cs0" postype="qualificative" wd="leve"/>
                </grup.a>
              </s.a>
              <n gen="m" lem="ataque" lexicalid="noun.ataque.4.default" num="s" origin="deverbal" pos="ncms000" postype="common" sense="16:10134893" wd="ataque"/>
              <sp arg="argL" func="cn">
                <prep>
                  <s contracted="yes" gen="m" lem="al" num="s" pos="spcms" postype="preposition" wd="al"/>
                </prep>
                <sn entityref="nne" homophoricDD="yes">
                  <grup.nom gen="m" num="s">
                    <n gen="m" lem="corazón" num="s" pos="ncms000" postype="common" sense="16:04188555" wd="corazón"/>
                  </grup.nom>
                </sn>
              </sp>
              <sn entityref="nne" func="cn" homophoricDD="yes">
                <f lem="-" pos="fg" punct="hyphen" wd="-"/>
                <spec gen="m" num="s">
                  <d gen="m" lem="el" num="s" pos="da0ms0" postype="article" wd="el"/>
                </spec>
                <grup.nom gen="m" num="s">
                  <s.a gen="m" num="s">
                    <grup.a gen="m" num="s">
                      <a gen="m" lem="cuarto" num="s" pos="ao0ms0" postype="ordinal" wd="cuarto"/>
                      <sp>
                        <prep>
                          <s lem="en" pos="sps00" postype="preposition" wd="en"/>
                        </prep>
                        <sn>
                          <spec gen="m" num="p">
                            <d gen="c" lem="veintiuno" num="p" pos="dn0cp0" postype="numeral" wd="veintiún"/>
                          </spec>
                          <grup.nom gen="m" num="p">
                            <n gen="m" lem="año" num="p" pos="ncmp000" postype="common" sense="16:10917791" wd="años"/>
                          </grup.nom>
                        </sn>
                      </sp>
                    </grup.a>
                  </s.a>
                </grup.nom>
                <f lem="-" pos="fg" punct="hyphen" wd="-"/>
              </sn>
            </grup.nom>
          </sn>
          <f lem="," pos="fc" punct="comma" wd=","/>
        </S>
      </grup.nom>
    </sn>
    <grup.verb>
      <v lem="tener" lss="C21.state-attributive" mood="indicative" num="s" person="3" pos="vmip3s0" postype="main" tense="present" wd="tiene"/>
    </grup.verb>
    <sp arg="argM" func="cc" tem="adv">
      <prep>
        <s lem="a" pos="sps00" postype="preposition" wd="a"/>
      </prep>
      <sn entityref="nne" homophoricDD="yes">
        <spec gen="f" num="s">
          <d gen="f" lem="el" num="s" pos="da0fs0" postype="article" wd="la"/>
        </spec>
        <grup.nom gen="f" num="s">
          <n gen="f" lem="venta" lexicalid="noun.venta.1.default" num="s" origin="deverbal" pos="ncfs000" postype="common" sense="16:00723154" wd="venta"/>
        </grup.nom>
      </sn>
    </sp>
    <sn arg="arg2" entity="entity12" entityref="nne" func="cd" functype="quantitative" tem="atr">
      <spec arg="arg1" gen="f" num="s" tem="tem">
        <d coreftype="ident" entity="entity5" entityref="spec" gen="c" lem="su" num="s" person="3" pos="dp3cs0" postype="possessive" wd="su"/>
      </spec>
      <grup.nom gen="f" num="s">
        <n gen="f" lem="residencia" lexicalid="noun.residencia.1.default" num="s" origin="deverbal" pos="ncfs000" postype="common" sense="16:02618194" wd="residencia"/>
        <sp arg="arg2" func="cn" tem="loc">
          <prep>
            <s lem="de" pos="sps00" postype="preposition" wd="de"/>
          </prep>
          <sn coreftype="ident" entity="entity6" entityref="ne" ne="location">
            <grup.nom>
              <n lem="Dallas" ne="location" pos="np00000" postype="proper" sense="16:06641632" wd="Dallas"/>
            </grup.nom>
          </sn>
        </sp>
        <S clausetype="relative">
          <f lem="," pos="fc" punct="comma" wd=","/>
          <sp arg="argM" func="cc" tem="adv">
            <prep>
              <s lem="por" pos="sps00" postype="preposition" wd="por"/>
            </prep>
            <sn coreftype="ident" entity="entity12" entityref="nne">
              <spec gen="f" num="s">
                <d gen="f" lem="el" num="s" pos="da0fs0" postype="article" wd="la"/>
              </spec>
              <grup.nom gen="f" num="s">
                <relatiu>
                  <p gen="c" lem="cual" num="s" pos="pr0cs000" postype="relative" wd="cual"/>
                </relatiu>
              </grup.nom>
            </sn>
          </sp>
          <sn arg="arg0" coreftype="ident" elliptic="yes" entity="entity5" entityref="spec" func="suj" tem="agt"/>
          <grup.verb>
            <v lem="pedir" lss="A32.ditransitive-patient-benefactive" mood="indicative" num="s" person="3" pos="vmip3s0" postype="main" tense="present" wd="pide"/>
          </grup.verb>
          <sn arg="arg1" entityref="ne" func="cd" ne="number" tem="pat">
            <spec gen="m" num="p">
              <z lem="3.1" ne="number" wd="3,1"/>
            </spec>
            <grup.nom gen="m" num="p">
              <n gen="m" lem="millón" num="p" pos="ncmp000" postype="common" sense="16:09902865" wd="millones"/>
              <sp>
                <prep>
                  <s lem="de" pos="sps00" postype="preposition" wd="de"/>
                </prep>
                <sn entityref="ne" ne="number">
                  <grup.nom gen="m" num="p">
                    <z lem="dólar" ne="number" pos="zm" postype="currency" wd="dólares"/>
                  </grup.nom>
                </sn>
              </sp>
            </grup.nom>
          </sn>
        </S>
      </grup.nom>
    </sn>
    <f lem="." pos="fp" punct="period" wd="."/>
  </sentence>
</article>
