<?xml version="1.0" encoding="UTF-8"?>
<!-- 

  ancora-2.0
       
			Copyright (C) 2007, 2008, 2009, 2010, 2011 UB - CLiC
			Centre de Llenguatge i Computació - Universitat de Barcelona
 
  This file is part of ancora-2.0.
 
  ancora-2.0 is free software and data: you can redistribute it and/or modify
  it under the terms of the GNU General Public License as published
  by the Free Software Foundation, either version 3 of the License,
  or (at your option) any later version.

  ancora-2.0 is distributed in the hope that it will be useful,
  but WITHOUT ANY WARRANTY; without even the implied warranty of
  MERCHANTABILITY or FITNESS FOR A PARTICULAR PURPOSE.  See the
  GNU General Public License for more details.
 
  You should have received a copy of the GNU General Public License
  along with ancora-2.0.  If not, see &lt;http://www.gnu.org/licenses/&gt;.
 
  Check a text in catalan explaining the terms of the license at http://www.softcatala.cat/wiki/GPL3.
  In spanish at http://www.viti.es/gnu/licenses/gpl.html
 

  The following paper must be cited when using this corpus:

 * Taulé, M., M.A. Martí, M. Recasens (2008) 'Ancora: Multilevel Annotated Corpora for Catalan and Spanish',
   Proceedings of 6th International Conference on Language Resources and Evaluation. Marrakesh (Morocco).

  In addition, the following paper must be cited if coreference information (attributes entity, coreftype,
  corefsubtype, homophoricDD or entityref) is used:

 * Recasens, Marta, M. Antònia Martí (2010) ‘AnCora-CO: Coreferentially annotated corpora for Spanish and
   Catalan’. Language Resources and Evaluation, Springer Science.

  Additionally, the following paper must be cited when argumental attributes in "sn" or "grup.nom"
  (attributes func, arg, tem or lexicalid) are used:

 * Peris, Aina, Mariona Taulé, Horacio Rodríguez (2010) ‘Semantic Annotation of Deverbal Nominalizations in the
   Spanish AnCora corpus’. Treebanks and Linguistic Theories (TLT-2010), Estonia.
-->
<article lng="es">
  <sentence>
    <sn arg="arg1" entity="entity2" entityref="ne" func="suj" ne="location" tem="tem">
      <spec gen="m" num="s">
        <d gen="m" lem="el" num="s" pos="da0ms0" postype="article" wd="El"/>
      </spec>
      <grup.nom gen="m" num="s">
        <n lem="Parque_Natural" ne="location" pos="np00000" postype="proper" wd="Parque_Natural"/>
        <sp>
          <prep>
            <s lem="de" pos="sps00" postype="preposition" wd="de"/>
          </prep>
          <sn complex="yes">
            <grup.nom coord="yes">
              <grup.nom entity="entity4">
                <n lem="Cazorla" ne="location" pos="np00000" postype="proper" wd="Cazorla"/>
              </grup.nom>
              <f lem="," pos="fc" punct="comma" wd=","/>
              <grup.nom>
                <n lem="Segura" ne="location" pos="np00000" postype="proper" wd="Segura"/>
              </grup.nom>
              <conj conjunctiontype="coordinating">
                <c lem="y" pos="cc" postype="coordinating" wd="y"/>
              </conj>
              <grup.nom>
                <n lem="Las_Villas" ne="location" pos="np00000" postype="proper" wd="Las_Villas"/>
              </grup.nom>
            </grup.nom>
          </sn>
        </sp>
        <sp>
          <f lem="," pos="fc" punct="comma" wd=","/>
          <prep>
            <s lem="en" pos="sps00" postype="preposition" wd="en"/>
          </prep>
          <sn entityref="ne" ne="location">
            <spec gen="f" num="s">
              <d gen="f" lem="el" num="s" pos="da0fs0" postype="article" wd="la"/>
            </spec>
            <grup.nom gen="f" num="s">
              <n gen="f" lem="provincia" num="s" pos="ncfs000" postype="common" sense="16:09535912" wd="provincia"/>
              <sp>
                <prep>
                  <s lem="de" pos="sps00" postype="preposition" wd="de"/>
                </prep>
                <sn entityref="ne" ne="location">
                  <grup.nom>
                    <n lem="Jaén" ne="location" pos="np00000" postype="proper" wd="Jaén"/>
                  </grup.nom>
                </sn>
              </sp>
            </grup.nom>
          </sn>
          <f lem="," pos="fc" punct="comma" wd=","/>
        </sp>
      </grup.nom>
    </sn>
    <grup.verb>
      <v lem="sufrir" lss="C21.state-attributive" mood="indicative" num="s" person="3" pos="vmis3s0" postype="main" tense="past" wd="sufrió"/>
    </grup.verb>
    <sp arg="argM" func="cc" tem="tmp">
      <prep>
        <s lem="entre" pos="sps00" postype="preposition" wd="entre"/>
      </prep>
      <sn coord="yes">
        <sn entityref="nne" homophoricDD="yes">
          <spec gen="m" num="s">
            <d gen="m" lem="el" num="s" pos="da0ms0" postype="article" wd="el"/>
          </spec>
          <grup.nom gen="m" num="s">
            <n gen="m" lem="mediodía" num="s" pos="ncms000" postype="common" sense="16:10884479" wd="mediodía"/>
            <sp>
              <prep>
                <s contracted="yes" gen="m" lem="del" num="s" pos="spcms" postype="preposition" wd="del"/>
              </prep>
              <sn entity="entity11" entityref="ne" ne="date">
                <grup.nom gen="m" num="s">
                  <w lem="[M:??/??/??:??.??]" ne="date" wd="martes"/>
                </grup.nom>
              </sn>
            </sp>
          </grup.nom>
        </sn>
        <conj conjunctiontype="coordinating">
          <c lem="y" pos="cc" postype="coordinating" wd="y"/>
        </conj>
        <sn entityref="nne" homophoricDD="yes">
          <spec gen="f" num="s">
            <d gen="f" lem="el" num="s" pos="da0fs0" postype="article" wd="la"/>
          </spec>
          <grup.nom gen="f" num="s">
            <n gen="f" lem="tarde" num="s" pos="ncfs000" postype="common" sense="16:10885066" wd="tarde"/>
            <sp>
              <prep>
                <s lem="de" pos="sps00" postype="preposition" wd="de"/>
              </prep>
              <sadv>
                <grup.adv>
                  <r lem="ayer" pos="rg" wd="ayer"/>
                </grup.adv>
              </sadv>
            </sp>
          </grup.nom>
        </sn>
      </sn>
    </sp>
    <sn arg="arg2" entity="entity1" entityref="nne" func="cd" functype="quantitative" tem="atr">
      <grup.nom gen="m" num="s">
        <p gen="m" lem="uno" num="s" pos="pi0ms000" postype="indefinite" wd="uno"/>
        <sp>
          <prep>
            <s lem="de" pos="sps00" postype="preposition" wd="de"/>
          </prep>
          <sn entityref="nne" homophoricDD="yes">
            <spec gen="m" num="p">
              <d gen="m" lem="el" num="p" pos="da0mp0" postype="article" wd="los"/>
            </spec>
            <grup.nom gen="m" num="p">
              <s.a func="cn" gen="m" num="p">
                <grup.a gen="m" num="p">
                  <a gen="c" lem="mayor" num="p" pos="aq0cp0" postype="qualificative" wd="mayores"/>
                </grup.a>
              </s.a>
              <n gen="m" lem="incendio" lexicalid="noun.incendio.1.default" num="p" origin="deverbal" pos="ncmp000" postype="common" sense="16:05445176" wd="incendios"/>
            </grup.nom>
          </sn>
        </sp>
        <S clausetype="relative">
          <relatiu arg="arg0" coreftype="ident" entity="entity1" entityref="nne" func="suj" tem="cau">
            <p gen="c" lem="que" num="c" pos="pr0cn000" postype="relative" wd="que"/>
          </relatiu>
          <grup.verb>
            <v lem="haber" mood="indicative" num="s" person="3" pos="vaip3s0" postype="auxiliary" tense="present" wd="ha"/>
            <v gen="m" lem="afectar" lss="A11.transitive-causative" mood="participle" num="s" pos="vmp00sm" postype="main" wd="afectado"/>
          </grup.verb>
          <sp arg="arg1" func="cd" tem="tem">
            <prep>
              <s lem="a" pos="sps00" postype="preposition" wd="a"/>
            </prep>
            <sn coreftype="ident" entity="entity2" entityref="spec">
              <spec gen="f" num="s">
                <d gen="f" lem="el" num="s" pos="da0fs0" postype="article" wd="la"/>
              </spec>
              <grup.nom gen="f" num="s">
                <n gen="f" lem="reserva" num="s" pos="ncfs000" postype="common" sense="16:06347607" wd="reserva"/>
              </grup.nom>
            </sn>
          </sp>
          <sp arg="argM" func="cc" tem="tmp">
            <prep>
              <s lem="desde" pos="sps00" postype="preposition" wd="desde"/>
            </prep>
            <sn entityref="ne" ne="date">
              <grup.nom gen="m" num="s">
                <w lem="[??:??/??/1986:??.??]" ne="date" wd="1986"/>
              </grup.nom>
            </sn>
          </sp>
        </S>
        <S clausetype="relative">
          <f lem="," pos="fc" punct="comma" wd=","/>
          <sp arg="argM" func="cc" tem="adv">
            <prep>
              <s lem="en" pos="sps00" postype="preposition" wd="en"/>
            </prep>
            <sn coreftype="ident" entity="entity1" entityref="nne">
              <spec gen="m" num="s">
                <d gen="m" lem="el" num="s" pos="da0ms0" postype="article" wd="el"/>
              </spec>
              <grup.nom gen="m" num="s">
                <relatiu>
                  <p gen="c" lem="que" num="c" pos="pr0cn000" postype="relative" wd="que"/>
                </relatiu>
              </grup.nom>
            </sn>
          </sp>
          <grup.verb>
            <v lem="haber" mood="indicative" num="p" person="3" pos="vaip3p0" postype="auxiliary" tense="present" wd="han"/>
            <v gen="m" lem="llegar" mood="participle" num="s" pos="vmp00sm" postype="main" wd="llegado"/>
            <s lem="a" pos="sps00" postype="preposition" wd="a"/>
            <infinitiu>
              <v lem="trabajar" lss="D11.inergative-agentive" mood="infinitive" pos="vmn0000" postype="main" wd="trabajar"/>
            </infinitiu>
          </grup.verb>
          <sn arg="arg0" entity="entity3" entityref="nne" func="suj" tem="agt">
            <spec gen="m" num="s">
              <r lem="cerca" pos="rg" wd="cerca"/>
              <s lem="de" pos="sps00" postype="preposition" wd="de"/>
              <d gen="m" lem="uno" num="s" pos="di0ms0" postype="indefinite" wd="un"/>
            </spec>
            <grup.nom gen="m" num="s">
              <n gen="m" lem="millar" num="s" pos="ncms000" postype="common" sense="16:09902316" wd="millar"/>
              <sp>
                <prep>
                  <s lem="de" pos="sps00" postype="preposition" wd="de"/>
                </prep>
                <sn>
                  <grup.nom gen="f" num="p">
                    <n gen="f" lem="persona" num="p" pos="ncfp000" postype="common" sense="16:00004123" wd="personas"/>
                    <S clausetype="relative">
                      <relatiu arg="arg0" coreftype="ident" entity="entity3" entityref="nne" func="suj" tem="cau">
                        <p gen="c" lem="que" num="c" pos="pr0cn000" postype="relative" wd="que"/>
                      </relatiu>
                      <sadv arg="argM" func="cc" tem="tmp">
                        <grup.adv>
                          <r lem="aún" pos="rg" wd="aún"/>
                        </grup.adv>
                      </sadv>
                      <grup.verb>
                        <v lem="continuar" mood="indicative" num="p" person="3" pos="vmip3p0" postype="main" tense="present" wd="continúan"/>
                        <gerundi>
                          <v lem="refrescar" lss="A11.transitive-causative" mood="gerund" pos="vmg0000" postype="main" wd="refrescando"/>
                        </gerundi>
                      </grup.verb>
                      <sn arg="arg1" coreftype="ident" entity="entity2" entityref="spec" func="cd" tem="tem">
                        <spec gen="f" num="s">
                          <d gen="f" lem="el" num="s" pos="da0fs0" postype="article" wd="la"/>
                        </spec>
                        <grup.nom gen="f" num="s">
                          <n gen="f" lem="zona" num="s" pos="ncfs000" postype="common" sense="16:06395720" wd="zona"/>
                        </grup.nom>
                      </sn>
                    </S>
                  </grup.nom>
                </sn>
              </sp>
            </grup.nom>
          </sn>
        </S>
      </grup.nom>
    </sn>
    <f lem="." pos="fp" punct="period" wd="."/>
  </sentence>
  <sentence>
    <sn arg="arg0" entityref="nne" func="suj" tem="agt">
      <spec gen="m" num="p">
        <d gen="m" lem="todo" num="p" pos="di0mp0" postype="indefinite" wd="Todos"/>
        <d gen="m" lem="el" num="p" pos="da0mp0" postype="article" wd="los"/>
      </spec>
      <grup.nom gen="m" num="p">
        <n gen="m" lem="indicio" num="p" pos="ncmp000" postype="common" sense="16:05090749" wd="indicios"/>
      </grup.nom>
    </sn>
    <grup.verb>
      <v lem="apuntar" lss="A21.transitive-agentive-patient" mood="indicative" num="p" person="3" pos="vmip3p0" postype="main" tense="present" wd="apuntan"/>
    </grup.verb>
    <sp arg="arg2" func="cc" tem="loc">
      <prep>
        <s lem="a" pos="sps00" postype="preposition" wd="a"/>
      </prep>
      <S clausetype="completive">
        <conj conjunctiontype="subordinating">
          <c lem="que" pos="cs" postype="subordinating" wd="que"/>
        </conj>
        <sn arg="arg1" coreftype="ident" entity="entity1" entityref="nne" func="suj" tem="tem">
          <spec gen="m" num="s">
            <d gen="m" lem="el" num="s" pos="da0ms0" postype="article" wd="el"/>
          </spec>
          <grup.nom gen="m" num="s">
            <n gen="m" lem="fuego" num="s" pos="ncms000" postype="common" sense="16:05444579" wd="fuego"/>
            <S clausetype="relative">
              <f lem="," pos="fc" punct="comma" wd=","/>
              <relatiu arg="arg1" coreftype="ident" entity="entity1" entityref="nne" func="suj" tem="tem">
                <p gen="c" lem="que" num="c" pos="pr0cn000" postype="relative" wd="que"/>
              </relatiu>
              <grup.verb>
                <v lem="arrasar" lss="A11.transitive-causative" mood="indicative" num="s" person="3" pos="vmis3s0" postype="main" tense="past" wd="arrasó"/>
              </grup.verb>
              <sn arg="arg1" entity="entity17" entityref="spec" func="cd" tem="tem">
                <spec gen="f" num="s">
                  <d gen="f" lem="uno" num="s" pos="di0fs0" postype="indefinite" wd="una"/>
                </spec>
                <grup.nom gen="f" num="s">
                  <n gen="f" lem="zona" num="s" pos="ncfs000" postype="common" sense="16:06395720" wd="zona"/>
                  <sp>
                    <prep>
                      <s lem="de" pos="sps00" postype="preposition" wd="de"/>
                    </prep>
                    <sn>
                      <grup.nom gen="m" num="s">
                        <s.a gen="m" num="s">
                          <grup.a gen="m" num="s">
                            <a gen="m" lem="alto" num="s" pos="aq0ms0" postype="qualificative" wd="alto"/>
                          </grup.a>
                        </s.a>
                        <n gen="m" lem="valor" num="s" pos="ncms000" postype="common" sense="16:04003291" wd="valor"/>
                        <s.a gen="m" num="s">
                          <grup.a gen="m" num="s">
                            <a gen="m" lem="ecológico" num="s" pos="aq0ms0" postype="qualificative" wd="ecológico"/>
                          </grup.a>
                        </s.a>
                      </grup.nom>
                    </sn>
                  </sp>
                </grup.nom>
              </sn>
              <f lem="," pos="fc" punct="comma" wd=","/>
            </S>
          </grup.nom>
        </sn>
        <grup.verb>
          <v lem="ser" lss="C21.state-attributive" mood="indicative" num="s" person="3" pos="vsis3s0" postype="semiauxiliary" tense="past" wd="fue"/>
        </grup.verb>
        <S arg="arg2" clausetype="participle" func="atr" impersonal="yes" tem="atr">
          <participi>
            <a gen="m" lem="intencionado" num="s" pos="aq0msp" posfunction="participle" postype="qualificative" wd="intencionado"/>
          </participi>
        </S>
      </S>
    </sp>
    <f lem="." pos="fp" punct="period" wd="."/>
  </sentence>
  <sentence>
    <sp arg="argM" func="cc" tem="tmp">
      <prep>
        <s lem="en" pos="sps00" postype="preposition" wd="En"/>
      </prep>
      <sn entityref="nne">
        <spec gen="f" num="p">
          <z lem="48" ne="number" wd="48"/>
        </spec>
        <grup.nom gen="f" num="p">
          <n gen="f" lem="hora" num="p" pos="ncfp000" postype="common" sense="16:10938063" wd="horas"/>
          <s.a gen="f" num="p">
            <grup.a gen="f" num="p">
              <a gen="f" lem="nefasto" num="p" pos="aq0fp0" postype="qualificative" wd="nefastas"/>
            </grup.a>
          </s.a>
        </grup.nom>
      </sn>
      <f lem="," pos="fc" punct="comma" wd=","/>
    </sp>
    <sn arg="arg1" coreftype="ident" entity="entity17" entityref="ne" func="suj" ne="number" tem="tem">
      <spec gen="f" num="p">
        <d gen="f" lem="uno" num="p" pos="di0fp0" postype="indefinite" wd="unas"/>
        <z lem="4630" ne="number" wd="4.630"/>
      </spec>
      <grup.nom gen="f" num="p">
        <n gen="f" lem="hectárea" num="p" pos="ncfp000" postype="common" sense="16:09784524" wd="hectáreas"/>
        <sp>
          <prep>
            <s lem="de" pos="sps00" postype="preposition" wd="de"/>
          </prep>
          <sn entityref="nne">
            <spec gen="f" num="p">
              <d gen="c" lem="seis" num="p" pos="dn0cp0" postype="numeral" wd="seis"/>
            </spec>
            <grup.nom gen="f" num="p">
              <n gen="f" lem="comunidad" num="p" pos="ncfp000" postype="common" sense="16:05972379" wd="comunidades"/>
              <s.a gen="f" num="p">
                <grup.a gen="f" num="p">
                  <a gen="f" lem="autónomo" num="p" pos="aq0fp0" postype="qualificative" wd="autónomas"/>
                </grup.a>
              </s.a>
            </grup.nom>
          </sn>
        </sp>
      </grup.nom>
    </sn>
    <grup.verb>
      <v lem="haber" mood="indicative" num="p" person="3" pos="vaip3p0" postype="auxiliary" tense="present" wd="han"/>
      <v gen="m" lem="resultar" lss="C21.state-attributive" mood="participle" num="s" pos="vmp00sm" postype="main" wd="resultado"/>
    </grup.verb>
    <S arg="arg2" clausetype="participle" func="cpred" impersonal="yes" predicate="suj" tem="atr">
      <participi>
        <a gen="f" lem="destruido" lss="B22.unaccusative-passive-transitive" num="p" pos="aq0fpp" posfunction="participle" postype="qualificative" wd="destruidas"/>
      </participi>
      <sp arg="arg0" func="cag" tem="agt">
        <prep>
          <s lem="por" pos="sps00" postype="preposition" wd="por"/>
        </prep>
        <sn coreftype="ident" entity="entity1" entityref="nne">
          <spec gen="f" num="p">
            <d gen="f" lem="el" num="p" pos="da0fp0" postype="article" wd="las"/>
          </spec>
          <grup.nom gen="f" num="p">
            <n gen="f" lem="llama" num="p" pos="ncfp000" postype="common" sense="16:09686541" wd="llamas"/>
          </grup.nom>
        </sn>
      </sp>
    </S>
    <f lem="." pos="fp" punct="period" wd="."/>
  </sentence>
  <sentence>
    <sn arg="arg0" coreftype="ident" entity="entity1" entityref="nne" func="suj" tem="agt">
      <spec gen="m" num="s">
        <d gen="m" lem="el" num="s" pos="da0ms0" postype="article" wd="El"/>
      </spec>
      <grup.nom gen="m" num="s">
        <n gen="m" lem="fuego" num="s" pos="ncms000" postype="common" sense="16:05444579" wd="fuego"/>
        <sp>
          <prep>
            <s lem="de" pos="sps00" postype="preposition" wd="de"/>
          </prep>
          <sn coreftype="ident" entity="entity4" entityref="ne" ne="location">
            <grup.nom>
              <n lem="Cazorla" ne="location" pos="np00000" postype="proper" wd="Cazorla"/>
            </grup.nom>
          </sn>
        </sp>
      </grup.nom>
    </sn>
    <grup.verb>
      <v lem="devorar" lss="A21.transitive-agentive-patient" mood="indicative" num="s" person="3" pos="vmis3s0" postype="main" tense="past" wd="devoró"/>
    </grup.verb>
    <sn arg="arg1" entityref="ne" func="cd" ne="number" tem="pat">
      <spec gen="f" num="p">
        <z lem="836" ne="number" wd="836"/>
      </spec>
      <grup.nom gen="f" num="p">
        <n gen="f" lem="hectárea" num="p" pos="ncfp000" postype="common" sense="16:09784524" wd="hectáreas"/>
        <sp>
          <prep>
            <s lem="de" pos="sps00" postype="preposition" wd="de"/>
          </prep>
          <sn>
            <grup.nom gen="m" num="s">
              <n gen="m" lem="pino" num="s" pos="ncms000" postype="common" sense="16:07925865" wd="pino"/>
            </grup.nom>
          </sn>
        </sp>
        <s.a gen="f" num="p">
          <f lem="," pos="fc" punct="comma" wd=","/>
          <spec>
            <r lem="mucho" pos="rg" wd="muy"/>
          </spec>
          <grup.a gen="f" num="p">
            <a gen="f" lem="cercano" num="p" pos="aq0fp0" postype="qualificative" wd="cercanas"/>
            <sp>
              <prep>
                <s contracted="yes" gen="m" lem="al" num="s" pos="spcms" postype="preposition" wd="al"/>
              </prep>
              <sn entity="entity5" entityref="ne" ne="location">
                <grup.nom gen="m" num="s">
                  <n gen="m" lem="núcleo" num="s" pos="ncms000" postype="common" sense="16:06118015" wd="núcleo"/>
                  <s.a gen="m" num="s">
                    <grup.a gen="m" num="s">
                      <a gen="m" lem="turístico" num="s" pos="aq0ms0" postype="qualificative" wd="turístico"/>
                    </grup.a>
                  </s.a>
                  <sp>
                    <prep>
                      <s lem="de" pos="sps00" postype="preposition" wd="de"/>
                    </prep>
                    <sn entityref="ne" ne="location">
                      <grup.nom>
                        <n lem="Arroyo_Frío" ne="location" pos="np00000" postype="proper" wd="Arroyo_Frío"/>
                      </grup.nom>
                    </sn>
                  </sp>
                  <S clausetype="relative">
                    <f lem="," pos="fc" punct="comma" wd=","/>
                    <sp arg="argM" func="cc" tem="loc">
                      <prep>
                        <s lem="en" pos="sps00" postype="preposition" wd="en"/>
                      </prep>
                      <sn coreftype="ident" entity="entity5" entityref="spec">
                        <spec gen="m" num="s">
                          <d gen="m" lem="el" num="s" pos="da0ms0" postype="article" wd="el"/>
                        </spec>
                        <grup.nom gen="m" num="s">
                          <relatiu>
                            <p gen="c" lem="que" num="c" pos="pr0cn000" postype="relative" wd="que"/>
                          </relatiu>
                        </grup.nom>
                      </sn>
                    </sp>
                    <sn arg="arg1" entityref="ne" func="suj" ne="number" tem="tem">
                      <spec gen="m" num="s">
                        <d gen="m" lem="uno" num="s" pos="di0ms0" postype="indefinite" wd="un"/>
                      </spec>
                      <grup.nom gen="m" num="s">
                        <z lem="15/100" ne="number" pos="zp" postype="percentage" wd="15%"/>
                        <sp>
                          <prep>
                            <s lem="de" pos="sps00" postype="preposition" wd="de"/>
                          </prep>
                          <sn entityref="nne" homophoricDD="yes">
                            <spec gen="m" num="p">
                              <d gen="m" lem="el" num="p" pos="da0mp0" postype="article" wd="los"/>
                            </spec>
                            <grup.nom gen="m" num="p">
                              <n gen="c" lem="visitante" num="p" pos="nccp000" postype="common" sense="16:07668613" wd="visitantes"/>
                            </grup.nom>
                          </sn>
                        </sp>
                      </grup.nom>
                    </sn>
                    <grup.verb>
                      <v lem="proceder" lss="B11.unaccusative-motion" mood="indicative" num="p" person="3" pos="vmip3p0" postype="main" tense="present" wd="proceden"/>
                    </grup.verb>
                    <sp arg="arg3" func="creg" tem="ori">
                      <prep>
                        <s lem="de" pos="sps00" postype="preposition" wd="de"/>
                      </prep>
                      <sn entityref="ne" ne="location">
                        <grup.nom>
                          <n lem="Catalunya" ne="location" pos="np00000" postype="proper" wd="Catalunya"/>
                          <sn>
                            <f lem="," pos="fc" punct="comma" wd=","/>
                            <f lem="&quot;" pos="fe" punct="quotation" wd="&quot;"/>
                            <spec gen="m" num="s">
                              <d gen="m" lem="uno" num="s" pos="di0ms0" postype="indefinite" wd="un"/>
                            </spec>
                            <grup.nom gen="m" num="s">
                              <n gen="m" lem="mercado" num="s" pos="ncms000" postype="common" sense="16:06230917" wd="mercado"/>
                              <s.a gen="m" num="s">
                                <grup.a gen="m" num="s">
                                  <a gen="c" lem="creciente" num="s" pos="aq0cs0" postype="qualificative" wd="creciente"/>
                                </grup.a>
                              </s.a>
                              <conj conjunctiontype="coordinating">
                                <c lem="y" pos="cc" postype="coordinating" wd="y"/>
                              </conj>
                              <s.a gen="m" num="s">
                                <grup.a gen="m" num="s">
                                  <n gen="f" lem="clave" num="s" pos="ncfs000" postype="common" sense="16:04465927" wd="clave"/>
                                  <f lem="&quot;" pos="fe" punct="quotation" wd="&quot;"/>
                                  <sp>
                                    <prep>
                                      <s lem="en" pos="sps00" postype="preposition" wd="en"/>
                                    </prep>
                                    <sn entityref="nne" homophoricDD="yes">
                                      <spec gen="m" num="s">
                                        <d gen="m" lem="el" num="s" pos="da0ms0" postype="article" wd="el"/>
                                      </spec>
                                      <grup.nom gen="m" num="s">
                                        <n gen="m" lem="desarrollo" lexicalid="noun.desarrollo.3.default" num="s" origin="deverbal" pos="ncms000" postype="common" sense="16:00160202" wd="desarrollo"/>
                                        <sp arg="arg1" func="cn" tem="tem">
                                          <prep>
                                            <s contracted="yes" gen="m" lem="del" num="s" pos="spcms" postype="preposition" wd="del"/>
                                          </prep>
                                          <sn entityref="nne" homophoricDD="yes">
                                            <grup.nom gen="m" num="s">
                                              <n gen="m" lem="ocio" num="s" pos="ncms000" postype="common" sense="16:10863399" wd="ocio"/>
                                              <sp>
                                                <prep>
                                                  <s lem="de" pos="sps00" postype="preposition" wd="de"/>
                                                </prep>
                                                <sn coreftype="ident" entity="entity5" entityref="spec">
                                                  <spec gen="m" num="s">
                                                    <d gen="m" lem="este" num="s" pos="dd0ms0" postype="demonstrative" wd="este"/>
                                                  </spec>
                                                  <grup.nom gen="m" num="s">
                                                    <n gen="m" lem="lugar" num="s" pos="ncms000" postype="common" sense="16:06381267" wd="lugar"/>
                                                    <S clausetype="relative">
                                                      <relatiu arg="arg1" coreftype="ident" entity="entity5" entityref="spec" func="suj" tem="tem">
                                                        <p gen="c" lem="que" num="c" pos="pr0cn000" postype="relative" wd="que"/>
                                                      </relatiu>
                                                      <grup.verb>
                                                        <v lem="tener" lss="C21.state-attributive" mood="indicative" num="s" person="3" pos="vmip3s0" postype="main" tense="present" wd="tiene"/>
                                                      </grup.verb>
                                                      <sn arg="arg2" entityref="nne" func="cd" functype="quantitative" tem="atr">
                                                        <spec gen="f" num="p">
                                                          <z lem="2000" ne="number" wd="2.000"/>
                                                        </spec>
                                                        <grup.nom gen="f" num="p">
                                                          <n gen="f" lem="plaza" num="p" pos="ncfp000" postype="common" sense="16:06368526" wd="plazas"/>
                                                          <s.a gen="f" num="p">
                                                            <grup.a gen="f" num="p">
                                                            <a gen="f" lem="hotelero" num="p" pos="aq0fp0" postype="qualificative" wd="hoteleras"/>
                                                            </grup.a>
                                                          </s.a>
                                                          <sp>
                                                            <prep>
                                                            <s lem="de" pos="sps00" postype="preposition" wd="de"/>
                                                            </prep>
                                                            <sn entityref="nne">
                                                            <spec gen="f" num="p">
                                                            <d gen="f" lem="el" num="p" pos="da0fp0" postype="article" wd="las"/>
                                                            </spec>
                                                            <grup.nom gen="f" num="p">
                                                            <z lem="9000" ne="number" wd="9.000"/>
                                                            <S clausetype="participle" impersonal="yes">
                                                            <participi>
                                                            <a gen="f" lem="distribuido" lss="B22.unaccusative-passive-transitive" num="p" pos="aq0fpp" posfunction="participle" postype="qualificative" wd="distribuidas"/>
                                                            </participi>
                                                            <sp arg="argM" func="cc" tem="loc">
                                                            <prep>
                                                            <s lem="por" pos="sps00" postype="preposition" wd="por"/>
                                                            </prep>
                                                            <sn coreftype="ident" entity="entity2" entityref="spec">
                                                            <spec gen="f" num="s">
                                                            <d gen="f" lem="el" num="s" pos="da0fs0" postype="article" wd="la"/>
                                                            </spec>
                                                            <grup.nom gen="f" num="s">
                                                            <n gen="f" lem="reserva" num="s" pos="ncfs000" postype="common" sense="16:06347607" wd="reserva"/>
                                                            </grup.nom>
                                                            </sn>
                                                            </sp>
                                                            </S>
                                                            </grup.nom>
                                                            </sn>
                                                          </sp>
                                                        </grup.nom>
                                                      </sn>
                                                      <S clausetype="adverbial" func="ao">
                                                        <f lem="," pos="fc" punct="comma" wd=","/>
                                                        <conj conjunctiontype="subordinating">
                                                          <c lem="según" pos="cs" postype="subordinating" wd="según"/>
                                                        </conj>
                                                        <grup.verb>
                                                          <v lem="explicar" lss="A32.ditransitive-patient-benefactive" mood="indicative" num="s" person="3" pos="vmis3s0" postype="main" tense="past" wd="explicó"/>
                                                        </grup.verb>
                                                        <sn arg="arg0" entity="entity6" entityref="ne" func="suj" ne="person" tem="agt">
                                                          <spec gen="m" num="s">
                                                            <d gen="m" lem="el" num="s" pos="da0ms0" postype="article" wd="el"/>
                                                          </spec>
                                                          <grup.nom gen="m" num="s">
                                                            <n gen="m" lem="presidente" num="s" pos="ncms000" postype="common" sense="16:07496197" wd="presidente"/>
                                                            <sp>
                                                            <prep>
                                                            <s lem="de" pos="sps00" postype="preposition" wd="de"/>
                                                            </prep>
                                                            <sn entityref="ne" ne="organization">
                                                            <spec gen="f" num="s">
                                                            <d gen="f" lem="el" num="s" pos="da0fs0" postype="article" wd="la"/>
                                                            </spec>
                                                            <grup.nom gen="f" num="s">
                                                            <n lem="Federación_de_Hoteleros_de_Jaén" ne="organization" pos="np00000" postype="proper" wd="Federación_de_Hoteleros_de_Jaén"/>
                                                            </grup.nom>
                                                            </sn>
                                                            </sp>
                                                            <sn corefsubtype="definit" coreftype="pred" entity="entity6" entityref="ne" ne="person">
                                                            <f lem="," pos="fc" punct="comma" wd=","/>
                                                            <grup.nom gen="m" num="s">
                                                            <n lem="Luis_Carlos_García" ne="person" pos="np00000" postype="proper" wd="Luis_Carlos_García"/>
                                                            </grup.nom>
                                                            </sn>
                                                          </grup.nom>
                                                        </sn>
                                                      </S>
                                                    </S>
                                                  </grup.nom>
                                                </sn>
                                              </sp>
                                            </grup.nom>
                                          </sn>
                                        </sp>
                                      </grup.nom>
                                    </sn>
                                  </sp>
                                </grup.a>
                              </s.a>
                            </grup.nom>
                          </sn>
                        </grup.nom>
                      </sn>
                    </sp>
                  </S>
                </grup.nom>
              </sn>
            </sp>
          </grup.a>
        </s.a>
      </grup.nom>
    </sn>
    <f lem="." pos="fp" punct="period" wd="."/>
  </sentence>
  <sentence coord="yes">
    <S adjunct="yes" clausesubtype="concessive" clausetype="adverbial" func="ao">
      <conj conjunctiontype="subordinating">
        <c lem="a_pesar_de_que" pos="cs" postype="subordinating" wd="A_pesar_de_que"/>
      </conj>
      <sn arg="arg0" coreftype="ident" entity="entity1" entityref="nne" func="suj" tem="agt">
        <spec gen="f" num="p">
          <d gen="f" lem="el" num="p" pos="da0fp0" postype="article" wd="las"/>
        </spec>
        <grup.nom gen="f" num="p">
          <n gen="f" lem="llama" num="p" pos="ncfp000" postype="common" sense="16:09686541" wd="llamas"/>
        </grup.nom>
      </sn>
      <neg func="mod">
        <r lem="no" pos="rn" postype="negative" wd="no"/>
      </neg>
      <grup.verb>
        <v lem="llegar" mood="indicative" num="p" person="3" pos="vmis3p0" postype="main" tense="past" wd="llegaron"/>
        <s lem="a" pos="sps00" postype="preposition" wd="a"/>
        <infinitiu>
          <v lem="alcanzar" lss="A21.transitive-agentive-patient" mood="infinitive" pos="vmn0000" postype="main" wd="alcanzar"/>
        </infinitiu>
      </grup.verb>
      <sp arg="arg1" coord="yes" func="cd" tem="pat">
        <sp>
          <prep>
            <s lem="a" pos="sps00" postype="preposition" wd="a"/>
          </prep>
          <sn>
            <spec gen="f" num="s">
              <d gen="f" lem="ninguno" num="s" pos="di0fs0" postype="indefinite" wd="ninguna"/>
            </spec>
            <grup.nom gen="f" num="s">
              <n gen="f" lem="vivienda" num="s" pos="ncfs000" postype="common" sense="16:02618194" wd="vivienda"/>
            </grup.nom>
          </sn>
        </sp>
        <conj conjunctiontype="coordinating">
          <c lem="ni" pos="cc" postype="coordinating" wd="ni"/>
        </conj>
        <sp>
          <prep>
            <s lem="a" pos="sps00" postype="preposition" wd="a"/>
          </prep>
          <sn entity="entity7" entityref="nne" homophoricDD="yes">
            <spec gen="m" num="p">
              <d gen="m" lem="el" num="p" pos="da0mp0" postype="article" wd="los"/>
            </spec>
            <grup.nom gen="m" num="p">
              <n gen="m" lem="hotel" num="p" pos="ncmp000" postype="common" sense="16:02835992" wd="hoteles"/>
              <sp>
                <prep>
                  <s lem="de" pos="sps00" postype="preposition" wd="de"/>
                </prep>
                <sn coreftype="ident" entity="entity2" entityref="spec">
                  <spec gen="f" num="s">
                    <d gen="f" lem="el" num="s" pos="da0fs0" postype="article" wd="la"/>
                  </spec>
                  <grup.nom gen="f" num="s">
                    <n gen="f" lem="zona" num="s" pos="ncfs000" postype="common" sense="16:06395720" wd="zona"/>
                  </grup.nom>
                </sn>
              </sp>
              <S clausetype="completive">
                <f lem="," pos="fc" punct="comma" wd=","/>
                <relatiu arg="arg1" coreftype="ident" entity="entity7" entityref="nne" func="suj" tem="tem">
                  <p gen="c" lem="que" num="c" pos="pr0cn000" postype="relative" wd="que"/>
                </relatiu>
                <sp arg="argM" func="cc" tem="tmp">
                  <prep>
                    <s lem="durante" pos="sps00" postype="preposition" wd="durante"/>
                  </prep>
                  <sn>
                    <spec gen="f" num="p">
                      <z lem="26" ne="number" wd="26"/>
                    </spec>
                    <grup.nom gen="f" num="p">
                      <n gen="f" lem="hora" num="p" pos="ncfp000" postype="common" sense="16:10938063" wd="horas"/>
                    </grup.nom>
                  </sn>
                </sp>
                <grup.verb>
                  <v lem="permanecer" lss="C21.state-attributive" mood="indicative" num="p" person="3" pos="vmis3p0" postype="main" tense="past" wd="permanecieron"/>
                </grup.verb>
                <sp arg="arg2" func="cc" tem="atr">
                  <prep>
                    <s lem="sin" pos="sps00" postype="preposition" wd="sin"/>
                  </prep>
                  <sn>
                    <grup.nom coord="yes">
                      <grup.nom gen="m" num="s">
                        <n gen="m" lem="fluido" num="s" pos="ncms000" postype="common" sense="16:10719768" wd="fluido"/>
                        <s.a gen="m" num="s">
                          <grup.a gen="m" num="s">
                            <a gen="m" lem="eléctrico" num="s" pos="aq0ms0" postype="qualificative" wd="eléctrico"/>
                          </grup.a>
                        </s.a>
                      </grup.nom>
                      <conj conjunctiontype="coordinating">
                        <c lem="ni" pos="cc" postype="coordinating" wd="ni"/>
                      </conj>
                      <grup.nom gen="m" num="s">
                        <n gen="m" lem="teléfono" num="s" pos="ncms000" postype="common" sense="16:04742034" wd="teléfono"/>
                      </grup.nom>
                    </grup.nom>
                  </sn>
                </sp>
                <sp arg="argM" func="cc" tem="adv">
                  <prep>
                    <c lem="como" pos="cs" postype="subordinating" wd="como"/>
                  </prep>
                  <sn>
                    <grup.nom gen="f" num="s">
                      <n gen="f" lem="medida" num="s" pos="ncfs000" postype="common" sense="16:00113217" wd="medida"/>
                      <s.a gen="f" num="s">
                        <grup.a gen="f" num="s">
                          <a gen="f" lem="preventivo" num="s" pos="aq0fs0" postype="qualificative" wd="preventiva"/>
                        </grup.a>
                      </s.a>
                    </grup.nom>
                  </sn>
                </sp>
              </S>
            </grup.nom>
          </sn>
        </sp>
      </sp>
      <f lem="," pos="fc" punct="comma" wd=","/>
    </S>
    <S coord="yes">
      <S>
        <sn arg="arg1" entity="entity18" entityref="nne" func="suj" tem="pat">
          <spec gen="f" num="p">
            <d gen="f" lem="uno" num="p" pos="di0fp0" postype="indefinite" wd="unas"/>
            <z lem="300" ne="number" wd="300"/>
          </spec>
          <grup.nom gen="f" num="p">
            <n gen="f" lem="persona" num="p" pos="ncfp000" postype="common" sense="16:00004123" wd="personas"/>
            <s.a gen="f" num="p">
              <grup.a gen="f" num="p">
                <a gen="c" lem="residente" num="p" pos="aq0cp0" postype="qualificative" wd="residentes"/>
                <sp>
                  <prep>
                    <s lem="en" pos="sps00" postype="preposition" wd="en"/>
                  </prep>
                  <sn entityref="nne" homophoricDD="yes">
                    <spec gen="f" num="p">
                      <d gen="f" lem="el" num="p" pos="da0fp0" postype="article" wd="las"/>
                    </spec>
                    <grup.nom gen="f" num="p">
                      <n gen="f" lem="pedanía" num="p" pos="ncfp000" postype="common" sense="16:cs2" wd="pedanías"/>
                      <sp>
                        <prep>
                          <s lem="de" pos="sps00" postype="preposition" wd="de"/>
                        </prep>
                        <sn complex="yes">
                          <grup.nom coord="yes">
                            <grup.nom>
                              <n lem="Burunchel" ne="location" pos="np00000" postype="proper" wd="Burunchel"/>
                            </grup.nom>
                            <conj conjunctiontype="coordinating">
                              <c lem="y" pos="cc" postype="coordinating" wd="y"/>
                            </conj>
                            <grup.nom>
                              <n lem="Barranco_Perona" ne="location" pos="np00000" postype="proper" wd="Barranco_Perona"/>
                            </grup.nom>
                          </grup.nom>
                        </sn>
                      </sp>
                    </grup.nom>
                  </sn>
                </sp>
              </grup.a>
            </s.a>
          </grup.nom>
        </sn>
        <grup.verb>
          <v lem="ser" mood="indicative" num="p" person="3" pos="vsis3p0" postype="semiauxiliary" tense="past" wd="fueron"/>
          <v gen="f" lem="desalojar" lss="B22.unaccusative-passive-transitive" mood="participle" num="p" pos="vmp00pf" postype="main" wd="desalojadas"/>
        </grup.verb>
        <sp arg="argM" func="cc" tem="loc">
          <prep>
            <s lem="de" pos="sps00" postype="preposition" wd="de"/>
          </prep>
          <sn entityref="nne">
            <spec gen="m" num="p">
              <d coreftype="ident" entity="entity18" entityref="nne" gen="c" lem="su" num="p" person="3" pos="dp3cp0" postype="possessive" wd="sus"/>
            </spec>
            <grup.nom gen="m" num="p">
              <n gen="m" lem="domicilio" num="p" pos="ncmp000" postype="common" sense="16:02618194" wd="domicilios"/>
            </grup.nom>
          </sn>
        </sp>
      </S>
      <conj conjunctiontype="coordinating">
        <c lem="y" pos="cc" postype="coordinating" wd="y"/>
      </conj>
      <S verbless="yes">
        <v gen="f" lem="trasladar" mood="participle" num="p" pos="vmp00pf" postype="main" wd="trasladadas"/>
        <sp>
          <prep>
            <s contracted="yes" gen="m" lem="al" num="s" pos="spcms" postype="preposition" wd="al"/>
          </prep>
          <sn entityref="ne" ne="location">
            <grup.nom gen="m" num="s">
              <n lem="Teatro_de_la_Merced_de_Cazorla" ne="location" pos="np00000" postype="proper" wd="Teatro_de_la_Merced_de_Cazorla"/>
            </grup.nom>
          </sn>
        </sp>
      </S>
    </S>
    <f lem="." pos="fp" punct="period" wd="."/>
  </sentence>
</article>
