<?xml version="1.0" encoding="UTF-8"?>
<!-- 

  ancora-2.0
       
			Copyright (C) 2007, 2008, 2009, 2010, 2011 UB - CLiC
			Centre de Llenguatge i Computació - Universitat de Barcelona
 
  This file is part of ancora-2.0.
 
  ancora-2.0 is free software and data: you can redistribute it and/or modify
  it under the terms of the GNU General Public License as published
  by the Free Software Foundation, either version 3 of the License,
  or (at your option) any later version.

  ancora-2.0 is distributed in the hope that it will be useful,
  but WITHOUT ANY WARRANTY; without even the implied warranty of
  MERCHANTABILITY or FITNESS FOR A PARTICULAR PURPOSE.  See the
  GNU General Public License for more details.
 
  You should have received a copy of the GNU General Public License
  along with ancora-2.0.  If not, see &lt;http://www.gnu.org/licenses/&gt;.
 
  Check a text in catalan explaining the terms of the license at http://www.softcatala.cat/wiki/GPL3.
  In spanish at http://www.viti.es/gnu/licenses/gpl.html
 

  The following paper must be cited when using this corpus:

 * Taulé, M., M.A. Martí, M. Recasens (2008) 'Ancora: Multilevel Annotated Corpora for Catalan and Spanish',
   Proceedings of 6th International Conference on Language Resources and Evaluation. Marrakesh (Morocco).

  In addition, the following paper must be cited if coreference information (attributes entity, coreftype,
  corefsubtype, homophoricDD or entityref) is used:

 * Recasens, Marta, M. Antònia Martí (2010) ‘AnCora-CO: Coreferentially annotated corpora for Spanish and
   Catalan’. Language Resources and Evaluation, Springer Science.

  Additionally, the following paper must be cited when argumental attributes in "sn" or "grup.nom"
  (attributes func, arg, tem or lexicalid) are used:

 * Peris, Aina, Mariona Taulé, Horacio Rodríguez (2010) ‘Semantic Annotation of Deverbal Nominalizations in the
   Spanish AnCora corpus’. Treebanks and Linguistic Theories (TLT-2010), Estonia.
-->
<article lng="es">
  <sentence>
    <sn arg="arg0" entityref="nne" func="suj" tem="agt" title="yes">
      <spec gen="f" num="p">
        <d gen="c" lem="tres" num="p" pos="dn0cp0" postype="numeral" wd="Tres"/>
      </spec>
      <grup.nom gen="f" num="p">
        <s.a gen="f" num="p">
          <grup.a gen="f" num="p">
            <a gen="f" lem="nuevo" num="p" pos="aq0fp0" postype="qualificative" wd="nuevas"/>
          </grup.a>
        </s.a>
        <n gen="f" lem="estación" num="p" pos="ncfp000" postype="common" sense="16:03639249" wd="estaciones"/>
      </grup.nom>
    </sn>
    <grup.verb>
      <v lem="dar" lss="A32.ditransitive-patient-benefactive" mood="indicative" num="p" person="3" pos="vmif3p0" postype="main" tense="future" wd="darán"/>
    </grup.verb>
    <sn arg="arg1" entityref="lex" func="cd" tem="pat" title="yes">
      <grup.nom gen="m" num="s">
        <n gen="m" lem="servicio" lexicalid="noun.servicio.1.default" num="s" origin="deverbal" pos="ncms000" postype="common" sense="16:00379388" wd="servicio"/>
        <sp arg="arg1" func="cn" tem="pat">
          <prep>
            <s lem="de" pos="sps00" postype="preposition" wd="de"/>
          </prep>
          <sn>
            <grup.nom gen="m" num="s">
              <n gen="m" lem="metro" num="s" pos="ncms000" postype="common" sense="16:03437718" wd="metro"/>
            </grup.nom>
          </sn>
        </sp>
      </grup.nom>
    </sn>
    <sp arg="arg2" func="ci" tem="ben">
      <prep>
        <s lem="a" pos="sps00" postype="preposition" wd="a"/>
      </prep>
      <sn entityref="nne" title="yes">
        <spec gen="m" num="p">
          <z lem="65000" ne="number" wd="65.000"/>
        </spec>
        <grup.nom gen="m" num="p">
          <n gen="m" lem="vecino" num="p" pos="ncmp000" postype="common" sense="16:06949059" wd="vecinos"/>
          <sp>
            <prep>
              <s contracted="yes" gen="m" lem="del" num="s" pos="spcms" postype="preposition" wd="del"/>
            </prep>
            <sn coord="yes">
              <sn entity="entity3" entityref="ne" ne="location" title="yes">
                <grup.nom gen="m" num="s">
                  <n lem="Carmel" ne="location" pos="np00000" postype="proper" wd="Carmel"/>
                </grup.nom>
              </sn>
              <f lem="," pos="fc" punct="comma" wd=","/>
              <sn entity="entity4" entityref="ne" ne="location" title="yes">
                <spec gen="f" num="s">
                  <d gen="f" lem="el" num="s" pos="da0fs0" postype="article" wd="la"/>
                </spec>
                <grup.nom gen="f" num="s">
                  <n lem="Teixonera" ne="location" pos="np00000" postype="proper" wd="Teixonera"/>
                </grup.nom>
              </sn>
              <f lem="," pos="fc" punct="comma" wd=","/>
              <sn entity="entity5" entityref="ne" ne="location" title="yes">
                <spec gen="m" num="s">
                  <d gen="m" lem="el" num="s" pos="da0ms0" postype="article" wd="el"/>
                </spec>
                <grup.nom gen="m" num="s">
                  <n lem="Coll" ne="location" pos="np00000" postype="proper" wd="Coll"/>
                </grup.nom>
              </sn>
              <conj conjunctiontype="coordinating">
                <c lem="y" pos="cc" postype="coordinating" wd="y"/>
              </conj>
              <sn entity="entity6" entityref="ne" ne="location" title="yes">
                <grup.nom>
                  <n lem="Vallcarca" ne="location" pos="np00000" postype="proper" wd="Vallcarca"/>
                </grup.nom>
              </sn>
            </sn>
          </sp>
        </grup.nom>
      </sn>
    </sp>
    <f lem="." pos="fp" punct="period" wd="."/>
  </sentence>
  <sentence>
    <sn arg="arg0" entityref="ne" func="suj" ne="organization" tem="agt" title="yes">
      <spec gen="f" num="s">
        <d gen="f" lem="el" num="s" pos="da0fs0" postype="article" wd="La"/>
      </spec>
      <grup.nom gen="f" num="s">
        <n lem="Direcció_General_de_Ports_i_Transports_de_la_Generalitat" ne="organization" pos="np00000" postype="proper" wd="Direcció_General_de_Ports_i_Transports_de_la_Generalitat"/>
      </grup.nom>
    </sn>
    <grup.verb>
      <v lem="aprobar" lss="A21.transitive-agentive-patient" mood="indicative" num="s" person="3" pos="vmis3s0" postype="main" tense="past" wd="aprobó"/>
    </grup.verb>
    <sadv arg="argM" func="cc" tem="tmp">
      <grup.adv>
        <r lem="ayer" pos="rg" wd="ayer"/>
      </grup.adv>
    </sadv>
    <sn arg="arg1" entity="entity1" entityref="nne" func="cd" homophoricDD="yes" tem="pat" title="yes">
      <spec gen="f" num="s">
        <d gen="f" lem="el" num="s" pos="da0fs0" postype="article" wd="la"/>
      </spec>
      <grup.nom gen="f" num="s">
        <n gen="f" lem="prolongación" lexicalid="noun.prolongación.2.default" num="s" origin="deverbal" pos="ncfs000" postype="common" sense="16:00657628" wd="prolongación"/>
        <sp arg="arg1" func="cn" tem="tem">
          <prep>
            <s lem="de" pos="sps00" postype="preposition" wd="de"/>
          </prep>
          <sn entity="entity7" entityref="ne" ne="other">
            <spec gen="f" num="s">
              <d gen="f" lem="el" num="s" pos="da0fs0" postype="article" wd="la"/>
            </spec>
            <grup.nom gen="f" num="s">
              <n gen="f" lem="línea" num="s" pos="ncfs000" postype="common" sense="16:02927421" wd="línea"/>
              <sn entityref="ne" ne="number">
                <grup.nom num="p">
                  <z lem="5" ne="number" wd="5"/>
                </grup.nom>
              </sn>
              <sp>
                <prep>
                  <s contracted="yes" gen="m" lem="del" num="s" pos="spcms" postype="preposition" wd="del"/>
                </prep>
                <sn entity="entity17" entityref="ne" ne="other" title="yes">
                  <grup.nom gen="m" num="s">
                    <n gen="m" lem="metro" num="s" pos="ncms000" postype="common" sense="16:03437718" wd="metro"/>
                    <sp>
                      <prep>
                        <s lem="de" pos="sps00" postype="preposition" wd="de"/>
                      </prep>
                      <sn entityref="ne" ne="location" title="yes">
                        <grup.nom>
                          <n lem="Barcelona" ne="location" pos="np00000" postype="proper" wd="Barcelona"/>
                        </grup.nom>
                      </sn>
                    </sp>
                  </grup.nom>
                </sn>
              </sp>
            </grup.nom>
          </sn>
        </sp>
        <sp arg="arg2" func="cn" tem="ext">
          <prep>
            <s lem="entre" pos="sps00" postype="preposition" wd="entre"/>
          </prep>
          <sn entityref="nne" homophoricDD="yes" title="yes">
            <spec gen="f" num="p">
              <d gen="f" lem="el" num="p" pos="da0fp0" postype="article" wd="las"/>
            </spec>
            <grup.nom gen="f" num="p">
              <n gen="f" lem="estación" num="p" pos="ncfp000" postype="common" sense="16:03639249" wd="estaciones"/>
              <sp>
                <prep>
                  <s lem="de" pos="sps00" postype="preposition" wd="de"/>
                </prep>
                <sn complex="yes" title="yes">
                  <grup.nom coord="yes">
                    <grup.nom>
                      <n lem="Horta" ne="location" pos="np00000" postype="proper" wd="Horta"/>
                    </grup.nom>
                    <conj conjunctiontype="coordinating">
                      <c lem="y" pos="cc" postype="coordinating" wd="y"/>
                    </conj>
                    <grup.nom entity="entity18" entityref="spec">
                      <n lem="Vall_d'Hebron" ne="location" pos="np00000" postype="proper" wd="Vall_d'Hebron"/>
                    </grup.nom>
                  </grup.nom>
                </sn>
              </sp>
            </grup.nom>
          </sn>
        </sp>
      </grup.nom>
    </sn>
    <f lem="." pos="fp" punct="period" wd="."/>
  </sentence>
  <sentence coord="yes">
    <S>
      <sn arg="arg1" coreftype="ident" entity="entity1" entityref="nne" func="suj" homophoricDD="yes" tem="tem">
        <spec gen="m" num="s">
          <d gen="m" lem="el" num="s" pos="da0ms0" postype="article" wd="El"/>
        </spec>
        <grup.nom gen="m" num="s">
          <s.a gen="m" num="s">
            <grup.a gen="m" num="s">
              <a gen="m" lem="nuevo" num="s" pos="aq0ms0" postype="qualificative" wd="nuevo"/>
            </grup.a>
          </s.a>
          <n gen="m" lem="tramo" num="s" pos="ncms000" postype="common" sense="16:03428010" wd="tramo"/>
          <S clausetype="relative">
            <f lem="," pos="fc" punct="comma" wd=","/>
            <relatiu arg="arg1" coreftype="ident" entity="entity1" entityref="nne" func="suj" tem="tem">
              <p gen="c" lem="que" num="c" pos="pr0cn000" postype="relative" wd="que"/>
            </relatiu>
            <sadv arg="argM" func="cc" tem="tmp">
              <grup.adv>
                <r lem="ya" pos="rg" wd="ya"/>
              </grup.adv>
            </sadv>
            <grup.verb>
              <v lem="estar" lss="C21.state-attributive" mood="indicative" num="s" person="3" pos="vmip3s0" postype="main" tense="present" wd="está"/>
            </grup.verb>
            <sp arg="arg2" func="atr" tem="atr">
              <prep>
                <s lem="en" pos="sps00" postype="preposition" wd="en"/>
              </prep>
              <sn entityref="nne">
                <grup.nom gen="m" num="s">
                  <n gen="m" lem="periodo" num="s" pos="ncms000" postype="common" sense="16:10843624" wd="periodo"/>
                  <sp>
                    <prep>
                      <s lem="de" pos="sps00" postype="preposition" wd="de"/>
                    </prep>
                    <sn>
                      <grup.nom gen="f" num="s">
                        <n gen="f" lem="información" lexicalid="noun.información.1.default" num="s" origin="deverbal" pos="ncfs000" postype="common" sense="16:04977171" wd="información"/>
                        <s.a arg="arg1" func="cn" gen="f" num="s" tem="pat">
                          <grup.a gen="f" num="s">
                            <a gen="f" lem="público" num="s" pos="aq0fs0" postype="qualificative" wd="pública"/>
                          </grup.a>
                        </s.a>
                      </grup.nom>
                    </sn>
                  </sp>
                </grup.nom>
              </sn>
            </sp>
            <f lem="," pos="fc" punct="comma" wd=","/>
          </S>
        </grup.nom>
      </sn>
      <grup.verb>
        <v lem="tener" lss="C21.state-attributive" mood="indicative" num="s" person="3" pos="vmif3s0" postype="main" tense="future" wd="tendrá"/>
      </grup.verb>
      <sn arg="arg2" entityref="ne" func="cd" functype="quantitative" ne="number" tem="atr">
        <spec gen="m" num="p">
          <z lem="2547" ne="number" wd="2.547"/>
        </spec>
        <grup.nom gen="m" num="p">
          <n gen="m" lem="metro" num="p" pos="ncmp000" postype="common" sense="16:09822324" wd="metros"/>
          <sp>
            <prep>
              <s lem="de" pos="sps00" postype="preposition" wd="de"/>
            </prep>
            <sn>
              <grup.nom gen="f" num="s">
                <n gen="f" lem="longitud" num="s" pos="ncfs000" postype="common" sense="16:03999338" wd="longitud"/>
              </grup.nom>
            </sn>
          </sp>
        </grup.nom>
      </sn>
    </S>
    <conj conjunctiontype="coordinating">
      <c lem="e" pos="cc" postype="coordinating" wd="e"/>
    </conj>
    <S>
      <sn arg="arg2" coreftype="ident" elliptic="yes" entity="entity1" entityref="nne" func="suj" tem="loc"/>
      <grup.verb>
        <v lem="incluir" lss="A31.ditransitive-patient-locative" mood="indicative" num="s" person="3" pos="vmif3s0" postype="main" tense="future" wd="incluirá"/>
      </grup.verb>
      <sn arg="arg1" entity="entity2" entityref="nne" func="cd" tem="pat">
        <spec gen="f" num="p">
          <d gen="c" lem="tres" num="p" pos="dn0cp0" postype="numeral" wd="tres"/>
        </spec>
        <grup.nom gen="f" num="p">
          <n gen="f" lem="estación" num="p" pos="ncfp000" postype="common" sense="16:03639249" wd="estaciones"/>
          <S clausetype="relative">
            <relatiu arg="arg0" coreftype="ident" entity="entity2" entityref="nne" func="suj" tem="agt">
              <p gen="c" lem="que" num="c" pos="pr0cn000" postype="relative" wd="que"/>
            </relatiu>
            <grup.verb>
              <v lem="dar" lss="A32.ditransitive-patient-benefactive" mood="indicative" num="p" person="3" pos="vmif3p0" postype="main" tense="future" wd="darán"/>
            </grup.verb>
            <sn arg="arg1" func="cd" tem="pat">
              <grup.nom gen="m" num="s">
                <n gen="m" lem="servicio" lexicalid="noun.servicio.1.default" num="s" origin="deverbal" pos="ncms000" postype="common" sense="16:00379388" wd="servicio"/>
              </grup.nom>
            </sn>
            <sp arg="arg2" func="ci" tem="ben">
              <prep>
                <s lem="a" pos="sps00" postype="preposition" wd="a"/>
              </prep>
              <sn entityref="nne" homophoricDD="yes">
                <spec gen="m" num="p">
                  <d gen="m" lem="el" num="p" pos="da0mp0" postype="article" wd="los"/>
                </spec>
                <grup.nom gen="m" num="p">
                  <n gen="m" lem="barrio" num="p" pos="ncmp000" postype="common" sense="16:06293689" wd="barrios"/>
                  <sp>
                    <prep>
                      <s contracted="yes" gen="m" lem="del" num="s" pos="spcms" postype="preposition" wd="del"/>
                    </prep>
                    <sn coord="yes">
                      <sn coreftype="ident" entity="entity3" entityref="ne" ne="location">
                        <grup.nom gen="m" num="s">
                          <n lem="Carmel" ne="location" pos="np00000" postype="proper" wd="Carmel"/>
                        </grup.nom>
                      </sn>
                      <f lem="," pos="fc" punct="comma" wd=","/>
                      <sn coreftype="ident" entity="entity4" entityref="ne" ne="location">
                        <spec gen="f" num="s">
                          <d gen="f" lem="el" num="s" pos="da0fs0" postype="article" wd="la"/>
                        </spec>
                        <grup.nom gen="f" num="s">
                          <n lem="Teixonera" ne="location" pos="np00000" postype="proper" wd="Teixonera"/>
                        </grup.nom>
                      </sn>
                      <f lem="," pos="fc" punct="comma" wd=","/>
                      <sn coreftype="ident" entity="entity5" entityref="ne" ne="location">
                        <spec gen="m" num="s">
                          <d gen="m" lem="el" num="s" pos="da0ms0" postype="article" wd="el"/>
                        </spec>
                        <grup.nom gen="m" num="s">
                          <n lem="Coll" ne="location" pos="np00000" postype="proper" wd="Coll"/>
                        </grup.nom>
                      </sn>
                      <conj conjunctiontype="coordinating">
                        <c lem="y" pos="cc" postype="coordinating" wd="y"/>
                      </conj>
                      <sn coreftype="ident" entity="entity6" entityref="ne" ne="location">
                        <grup.nom>
                          <n lem="Vallcarca" ne="location" pos="np00000" postype="proper" wd="Vallcarca"/>
                        </grup.nom>
                      </sn>
                    </sn>
                  </sp>
                  <sp>
                    <f lem="," pos="fc" punct="comma" wd=","/>
                    <prep>
                      <s lem="en" pos="sps00" postype="preposition" wd="en"/>
                    </prep>
                    <sn entity="entity15" entityref="ne" ne="location">
                      <spec gen="m" num="s">
                        <d gen="m" lem="el" num="s" pos="da0ms0" postype="article" wd="el"/>
                      </spec>
                      <grup.nom gen="m" num="s">
                        <n gen="m" lem="distrito" num="s" pos="ncms000" postype="common" sense="16:06294174" wd="distrito"/>
                        <sp>
                          <prep>
                            <s lem="de" pos="sps00" postype="preposition" wd="de"/>
                          </prep>
                          <sn entityref="ne" ne="location">
                            <grup.nom>
                              <n lem="Horta-Guinardó" ne="location" pos="np00000" postype="proper" wd="Horta-Guinardó"/>
                            </grup.nom>
                          </sn>
                        </sp>
                      </grup.nom>
                    </sn>
                  </sp>
                </grup.nom>
              </sn>
            </sp>
          </S>
        </grup.nom>
      </sn>
    </S>
    <f lem="." pos="fp" punct="period" wd="."/>
  </sentence>
  <sentence>
    <sn arg="arg0" coreftype="ident" entity="entity1" entityref="nne" func="suj" homophoricDD="yes" tem="agt">
      <spec gen="m" num="s">
        <d gen="m" lem="el" num="s" pos="da0ms0" postype="article" wd="El"/>
      </spec>
      <grup.nom gen="m" num="s">
        <n gen="m" lem="tramo" num="s" pos="ncms000" postype="common" sense="16:03428010" wd="tramo"/>
        <sp>
          <prep>
            <s contracted="yes" gen="m" lem="del" num="s" pos="spcms" postype="preposition" wd="del"/>
          </prep>
          <sn coreftype="ident" entity="entity17" entityref="spec">
            <grup.nom gen="m" num="s">
              <s.a gen="m" num="s">
                <grup.a gen="m" num="s">
                  <a gen="m" lem="suburbano" num="s" pos="aq0ms0" postype="qualificative" wd="suburbano"/>
                </grup.a>
              </s.a>
            </grup.nom>
          </sn>
        </sp>
        <S clausetype="participle" impersonal="yes">
          <participi>
            <a gen="m" lem="aprobado" lss="B22.unaccusative-passive-transitive" num="s" pos="aq0msp" posfunction="participle" postype="qualificative" wd="aprobado"/>
          </participi>
          <sadv arg="argM" func="cc" tem="tmp">
            <grup.adv>
              <r lem="ayer" pos="rg" wd="ayer"/>
            </grup.adv>
          </sadv>
        </S>
      </grup.nom>
    </sn>
    <grup.verb>
      <v lem="dar" lss="A32.ditransitive-patient-benefactive" mood="indicative" num="s" person="3" pos="vmif3s0" postype="main" tense="future" wd="dará"/>
    </grup.verb>
    <sn arg="arg1" entityref="lex" func="cd" tem="pat">
      <grup.nom gen="m" num="s">
        <n gen="m" lem="servicio" lexicalid="noun.servicio.1.default" num="s" origin="deverbal" pos="ncms000" postype="common" sense="16:00379388" wd="servicio"/>
      </grup.nom>
    </sn>
    <sp arg="arg2" func="ci" tem="ben">
      <prep>
        <s lem="a" pos="sps00" postype="preposition" wd="a"/>
      </prep>
      <sn entityref="nne">
        <spec gen="f" num="p">
          <z lem="65000" ne="number" wd="65.000"/>
        </spec>
        <grup.nom gen="f" num="p">
          <n gen="f" lem="persona" num="p" pos="ncfp000" postype="common" sense="16:00004123" wd="personas"/>
        </grup.nom>
      </sn>
    </sp>
    <f lem="." pos="fp" punct="period" wd="."/>
  </sentence>
  <sentence>
    <sn arg="arg1" entityref="nne" func="suj" homophoricDD="yes" tem="tem">
      <spec gen="f" num="p">
        <d gen="f" lem="el" num="p" pos="da0fp0" postype="article" wd="Las"/>
      </spec>
      <grup.nom gen="f" num="p">
        <n arg="arg1" gen="f" lem="previsión" lexicalid="noun.previsión.1.default" num="p" origin="deverbal" pos="ncfp000" postype="common" sense="16:03832364" tem="pat" wd="previsiones"/>
        <sp arg="arg0" func="cn" tem="agt">
          <prep>
            <s lem="de" pos="sps00" postype="preposition" wd="de"/>
          </prep>
          <sn entityref="ne" ne="organization">
            <spec gen="f" num="s">
              <d gen="f" lem="el" num="s" pos="da0fs0" postype="article" wd="la"/>
            </spec>
            <grup.nom gen="f" num="s">
              <n lem="Generalitat" ne="organization" pos="np00000" postype="proper" wd="Generalitat"/>
            </grup.nom>
          </sn>
        </sp>
      </grup.nom>
    </sn>
    <grup.verb>
      <v lem="ser" lss="C21.state-attributive" mood="indicative" num="p" person="3" pos="vsip3p0" postype="semiauxiliary" tense="present" wd="son"/>
    </grup.verb>
    <S arg="arg2" clausetype="completive" func="atr" tem="atr">
      <conj conjunctiontype="subordinating">
        <c lem="que" pos="cs" postype="subordinating" wd="que"/>
      </conj>
      <sn arg="arg0" coreftype="ident" entity="entity1" entityref="nne" func="suj" homophoricDD="yes" tem="agt">
        <spec gen="f" num="s">
          <d gen="f" lem="el" num="s" pos="da0fs0" postype="article" wd="la"/>
        </spec>
        <grup.nom gen="f" num="s">
          <n gen="f" lem="prolongación" lexicalid="noun.prolongación.1.default" num="s" origin="deverbal" pos="ncfs000" postype="common" sense="16:00657628" wd="prolongación"/>
          <sp arg="arg1" func="cn" tem="tem">
            <prep>
              <s lem="de" pos="sps00" postype="preposition" wd="de"/>
            </prep>
            <sn coreftype="ident" entity="entity7" entityref="spec">
              <spec gen="f" num="s">
                <d gen="f" lem="el" num="s" pos="da0fs0" postype="article" wd="la"/>
              </spec>
              <grup.nom gen="f" num="s">
                <n gen="f" lem="línea" num="s" pos="ncfs000" postype="common" sense="16:02927421" wd="línea"/>
              </grup.nom>
            </sn>
          </sp>
        </grup.nom>
      </sn>
      <grup.verb>
        <v lem="aportar" lss="A21.transitive-agentive-patient" mood="imperative" num="s" person="3" pos="vmm03s0" postype="main" wd="aporte"/>
      </grup.verb>
      <sn arg="arg1" entityref="nne" func="cd" tem="pat">
        <spec gen="m" num="p">
          <r lem="más" pos="rg" wd="más"/>
          <s lem="de" pos="sps00" postype="preposition" wd="de"/>
          <z lem="40000" ne="number" wd="40.000"/>
        </spec>
        <grup.nom gen="m" num="p">
          <n gen="m" lem="viajero" num="p" pos="ncmp000" postype="common" sense="16:06955549" wd="viajeros"/>
          <s.a gen="m" num="p">
            <grup.a gen="m" num="p">
              <a gen="m" lem="diario" num="p" pos="aq0mp0" postype="qualificative" wd="diarios"/>
            </grup.a>
          </s.a>
        </grup.nom>
      </sn>
    </S>
    <f lem="." pos="fp" punct="period" wd="."/>
  </sentence>
  <sentence>
    <sn arg="arg1" entity="entity8" entityref="nne" func="suj" homophoricDD="yes" tem="tem">
      <spec gen="m" num="s">
        <d gen="m" lem="el" num="s" pos="da0ms0" postype="article" wd="El"/>
      </spec>
      <grup.nom gen="m" num="s">
        <n gen="m" lem="importe" num="s" pos="ncms000" postype="common" sense="16:09597673" wd="importe"/>
        <s.a gen="m" num="s">
          <grup.a gen="m" num="s">
            <a gen="c" lem="total" num="s" pos="aq0cs0" postype="qualificative" wd="total"/>
          </grup.a>
        </s.a>
        <sp>
          <prep>
            <s lem="de" pos="sps00" postype="preposition" wd="de"/>
          </prep>
          <sn entityref="nne" homophoricDD="yes">
            <spec gen="f" num="p">
              <d gen="f" lem="el" num="p" pos="da0fp0" postype="article" wd="las"/>
            </spec>
            <grup.nom gen="f" num="p">
              <n gen="f" lem="obra" lexicalid="noun.obra.2.default" num="p" origin="deverbal" pos="ncfp000" postype="common" sense="16:50005895" wd="obras"/>
            </grup.nom>
          </sn>
        </sp>
        <S clausetype="relative">
          <f lem="," pos="fc" punct="comma" wd=","/>
          <relatiu arg="arg1" coreftype="ident" entity="entity8" entityref="nne" func="suj" tem="tem">
            <p gen="c" lem="que" num="c" pos="pr0cn000" postype="relative" wd="que"/>
          </relatiu>
          <grup.verb>
            <v lem="sumar" lss="C21.state-attributive" mood="indicative" num="s" person="3" pos="vmip3s0" postype="main" tense="present" wd="suma"/>
          </grup.verb>
          <sn arg="arg2" complex="yes" entityref="nne" func="cd" functype="quantitative" tem="atr">
            <grup.nom coord="yes">
              <grup.nom gen="f" num="p">
                <n gen="f" lem="expropiación" lexicalid="noun.expropiación.1.default" num="p" origin="deverbal" pos="ncfp000" postype="common" sense="16:00052487" wd="expropiaciones"/>
              </grup.nom>
              <f lem="," pos="fc" punct="comma" wd=","/>
              <grup.nom gen="m" num="p">
                <n gen="m" lem="servicio" lexicalid="noun.servicio.1.default" num="p" origin="deverbal" pos="ncmp000" postype="common" sense="16:00379388" wd="servicios"/>
              </grup.nom>
              <conj conjunctiontype="coordinating">
                <c lem="y" pos="cc" postype="coordinating" wd="y"/>
              </conj>
              <grup.nom gen="m" num="s">
                <n gen="f" lem="supresión" lexicalid="noun.supresión.1.default" num="s" origin="deverbal" pos="ncfs000" postype="common" sense="16:00744204" wd="supresión"/>
                <sp arg="arg1" func="cn" tem="pat">
                  <prep>
                    <s lem="de" pos="sps00" postype="preposition" wd="de"/>
                  </prep>
                  <sn>
                    <grup.nom gen="f" num="p">
                      <n gen="f" lem="barrera" num="p" pos="ncfp000" postype="common" sense="16:02254968" wd="barreras"/>
                      <s.a gen="f" num="p">
                        <grup.a gen="f" num="p">
                          <a gen="f" lem="arquitectónico" num="p" pos="aq0fp0" postype="qualificative" wd="arquitectónicas"/>
                        </grup.a>
                      </s.a>
                    </grup.nom>
                  </sn>
                </sp>
                <sp arg="argM" func="cn" tem="loc">
                  <prep>
                    <s lem="en" pos="sps00" postype="preposition" wd="en"/>
                  </prep>
                  <sn entity="entity9" entityref="ne" ne="location">
                    <spec gen="f" num="s">
                      <d gen="f" lem="el" num="s" pos="da0fs0" postype="article" wd="la"/>
                    </spec>
                    <grup.nom gen="f" num="s">
                      <n gen="f" lem="estación" num="s" pos="ncfs000" postype="common" sense="16:03639249" wd="estación"/>
                      <sp>
                        <prep>
                          <s lem="de" pos="sps00" postype="preposition" wd="de"/>
                        </prep>
                        <sn entityref="ne" ne="location">
                          <grup.nom>
                            <n lem="Horta" ne="location" pos="np00000" postype="proper" wd="Horta"/>
                          </grup.nom>
                        </sn>
                      </sp>
                    </grup.nom>
                  </sn>
                </sp>
              </grup.nom>
            </grup.nom>
          </sn>
          <f lem="," pos="fc" punct="comma" wd=","/>
        </S>
      </grup.nom>
    </sn>
    <grup.verb>
      <v lem="ascender" lss="C21.state-attributive" mood="indicative" num="s" person="3" pos="vmip3s0" postype="main" tense="present" wd="asciende"/>
    </grup.verb>
    <sp arg="arg2" func="creg" tem="atr">
      <prep>
        <s lem="a" pos="sps00" postype="preposition" wd="a"/>
      </prep>
      <sn entityref="ne" ne="number">
        <spec gen="m" num="p">
          <r lem="más" pos="rg" wd="más"/>
          <s lem="de" pos="sps00" postype="preposition" wd="de"/>
          <z lem="23000" ne="number" wd="23.000"/>
        </spec>
        <grup.nom gen="m" num="p">
          <n gen="m" lem="millón" num="p" pos="ncmp000" postype="common" sense="16:09902865" wd="millones"/>
          <sp>
            <prep>
              <s lem="de" pos="sps00" postype="preposition" wd="de"/>
            </prep>
            <sn>
              <grup.nom gen="f" num="p">
                <z lem="peseta" ne="number" pos="zm" postype="currency" wd="pesetas"/>
              </grup.nom>
            </sn>
          </sp>
        </grup.nom>
      </sn>
    </sp>
    <f lem="." pos="fp" punct="period" wd="."/>
  </sentence>
  <sentence>
    <sn arg="arg0" coreftype="ident" elliptic="yes" entity="entity9" entityref="spec" func="suj" tem="agt"/>
    <grup.verb>
      <v lem="permitir" lss="A32.ditransitive-patient-benefactive" mood="indicative" num="s" person="3" pos="vmif3s0" postype="main" tense="future" wd="Permitirá"/>
    </grup.verb>
    <S arg="arg1" clausetype="completive" func="cd" impersonal="yes" tem="pat">
      <infinitiu>
        <v lem="descargar" lss="A34.ditransitive-patient-theme" mood="infinitive" pos="vmn0000" postype="main" wd="descargar"/>
      </infinitiu>
      <sp arg="arg2" func="creg" tem="tem">
        <prep>
          <s lem="de" pos="sps00" postype="preposition" wd="de"/>
        </prep>
        <sn entityref="nne">
          <grup.nom gen="m" num="p">
            <n gen="m" lem="viajero" num="p" pos="ncmp000" postype="common" sense="16:06955549" wd="viajeros"/>
          </grup.nom>
        </sn>
      </sp>
      <sn arg="arg1" entityref="nne" func="cd" tem="pat">
        <spec gen="m" num="s">
          <d gen="m" lem="el" num="s" pos="da0ms0" postype="article" wd="el"/>
        </spec>
        <grup.nom gen="m" num="s">
          <n gen="m" lem="tramo" num="s" pos="ncms000" postype="common" sense="16:03428010" wd="tramo"/>
          <s.a gen="m" num="s">
            <grup.a gen="m" num="s">
              <a gen="c" lem="central" num="s" pos="aq0cs0" postype="qualificative" wd="central"/>
            </grup.a>
          </s.a>
          <sp>
            <prep>
              <s lem="de" pos="sps00" postype="preposition" wd="de"/>
            </prep>
            <sn entity="entity10" entityref="ne" ne="other">
              <spec gen="f" num="s">
                <d gen="f" lem="el" num="s" pos="da0fs0" postype="article" wd="la"/>
              </spec>
              <grup.nom gen="f" num="s">
                <n gen="f" lem="línea" num="s" pos="ncfs000" postype="common" sense="16:02927421" wd="línea"/>
                <sn entityref="ne" ne="number">
                  <grup.nom num="p">
                    <z lem="3" ne="number" wd="3"/>
                  </grup.nom>
                </sn>
                <sn corefsubtype="definit" coreftype="pred" entity="entity10">
                  <f lem="," pos="fc" punct="comma" wd=","/>
                  <spec gen="f" num="s">
                    <d gen="f" lem="el" num="s" pos="da0fs0" postype="article" wd="la"/>
                  </spec>
                  <grup.nom gen="f" num="s">
                    <s.a gen="f" num="s">
                      <grup.a gen="f" num="s">
                        <a gen="f" lem="único" num="s" pos="aq0fs0" postype="qualificative" wd="única"/>
                      </grup.a>
                    </s.a>
                    <S clausetype="relative">
                      <relatiu arg="arg0" coreftype="ident" entity="entity10" entityref="spec" func="suj" tem="agt">
                        <p gen="c" lem="que" num="c" pos="pr0cn000" postype="relative" wd="que"/>
                      </relatiu>
                      <sp arg="argM" func="cc" tem="tmp">
                        <prep>
                          <s lem="hasta" pos="sps00" postype="preposition" wd="hasta"/>
                        </prep>
                        <sadv>
                          <grup.adv>
                            <r lem="ahora" pos="rg" wd="ahora"/>
                          </grup.adv>
                        </sadv>
                      </sp>
                      <grup.verb>
                        <v lem="dar" lss="A32.ditransitive-patient-benefactive" mood="indicative" num="s" person="3" pos="vmii3s0" postype="main" tense="imperfect" wd="daba"/>
                      </grup.verb>
                      <sn arg="arg1" entityref="lex" func="cd" tem="pat">
                        <grup.nom gen="m" num="s">
                          <n gen="m" lem="servicio" lexicalid="noun.servicio.1.default" num="s" origin="deverbal" pos="ncms000" postype="common" sense="16:00379388" wd="servicio"/>
                        </grup.nom>
                      </sn>
                      <sp arg="arg2" func="ci" tem="ben">
                        <prep>
                          <s lem="a" pos="sps00" postype="preposition" wd="a"/>
                        </prep>
                        <sn entityref="nne">
                          <spec gen="f" num="s">
                            <d gen="f" lem="el" num="s" pos="da0fs0" postype="article" wd="la"/>
                          </spec>
                          <grup.nom gen="f" num="s">
                            <n gen="f" lem="residencia" num="s" pos="ncfs000" postype="common" sense="16:02618194" wd="residencia"/>
                            <s.a gen="f" num="s">
                              <grup.a gen="f" num="s">
                                <a gen="f" lem="sanitario" num="s" pos="aq0fs0" postype="qualificative" wd="sanitaria"/>
                              </grup.a>
                            </s.a>
                          </grup.nom>
                        </sn>
                      </sp>
                    </S>
                  </grup.nom>
                </sn>
              </grup.nom>
            </sn>
          </sp>
        </grup.nom>
      </sn>
    </S>
    <f lem="." pos="fp" punct="period" wd="."/>
  </sentence>
  <sentence>
    <sn arg="arg0" entityref="nne" func="suj" homophoricDD="yes" tem="agt">
      <spec gen="f" num="s">
        <d gen="f" lem="el" num="s" pos="da0fs0" postype="article" wd="La"/>
      </spec>
      <grup.nom gen="f" num="s">
        <n gen="f" lem="compañía" num="s" pos="ncfs000" postype="common" sense="16:06006256" wd="compañía"/>
      </grup.nom>
    </sn>
    <grup.verb>
      <v lem="esperar" lss="A21.transitive-agentive-patient" mood="indicative" num="s" person="3" pos="vmip3s0" postype="main" tense="present" wd="espera"/>
    </grup.verb>
    <S arg="arg1" clausetype="completive" func="cd" tem="pat">
      <conj conjunctiontype="subordinating">
        <c lem="que" pos="cs" postype="subordinating" wd="que"/>
      </conj>
      <sn arg="arg0" entityref="nne" func="suj" tem="agt">
        <grup.nom gen="f" num="p">
          <p gen="f" lem="mucho" num="p" pos="pi0fp000" postype="indefinite" wd="muchas"/>
          <sp>
            <prep>
              <s lem="de" pos="sps00" postype="preposition" wd="de"/>
            </prep>
            <sn entity="entity19" entityref="nne" homophoricDD="yes">
              <spec gen="f" num="p">
                <d gen="f" lem="el" num="p" pos="da0fp0" postype="article" wd="las"/>
              </spec>
              <grup.nom gen="f" num="p">
                <n gen="f" lem="persona" num="p" pos="ncfp000" postype="common" sense="16:00004123" wd="personas"/>
              </grup.nom>
            </sn>
          </sp>
          <S clausetype="relative">
            <relatiu arg="arg0" coreftype="ident" entity="entity19" entityref="nne" func="suj" tem="agt">
              <p gen="c" lem="que" num="c" pos="pr0cn000" postype="relative" wd="que"/>
            </relatiu>
            <sadv arg="argM" func="cc" tem="tmp">
              <grup.adv>
                <r lem="actualmente" pos="rg" wd="actualmente"/>
              </grup.adv>
            </sadv>
            <grup.verb>
              <v lem="utilizar" lss="A21.transitive-agentive-patient" mood="indicative" num="p" person="3" pos="vmip3p0" postype="main" tense="present" wd="utilizan"/>
            </grup.verb>
            <sn arg="arg1" entityref="ne" func="cd" ne="location" tem="pat">
              <spec gen="f" num="s">
                <d gen="f" lem="el" num="s" pos="da0fs0" postype="article" wd="la"/>
              </spec>
              <grup.nom gen="f" num="s">
                <n gen="f" lem="estación" num="s" pos="ncfs000" postype="common" sense="16:03639249" wd="estación"/>
                <sp>
                  <prep>
                    <s lem="de" pos="sps00" postype="preposition" wd="de"/>
                  </prep>
                  <sn entityref="ne" ne="location">
                    <grup.nom>
                      <n lem="Diagonal" ne="location" pos="np00000" postype="proper" wd="Diagonal"/>
                    </grup.nom>
                  </sn>
                </sp>
              </grup.nom>
            </sn>
            <sp arg="argM" func="cc" tem="fin">
              <prep>
                <s lem="para" pos="sps00" postype="preposition" wd="para"/>
              </prep>
              <S clausetype="completive" entity="entity12" impersonal="yes">
                <infinitiu>
                  <v lem="transbordar" lss="B11.unaccusative-motion" mood="infinitive" pos="vmn0000" postype="main" wd="transbordar"/>
                </infinitiu>
                <sp arg="arg4" func="cc" tem="des">
                  <prep>
                    <s lem="a" pos="sps00" postype="preposition" wd="a"/>
                  </prep>
                  <sn coreftype="ident" entity="entity7" entityref="ne" ne="other">
                    <spec gen="f" num="s">
                      <d gen="f" lem="el" num="s" pos="da0fs0" postype="article" wd="la"/>
                    </spec>
                    <grup.nom gen="f" num="s">
                      <n gen="f" lem="línea" num="s" pos="ncfs000" postype="common" sense="16:02927421" wd="línea"/>
                      <sn entityref="ne" ne="number">
                        <grup.nom num="p">
                          <z lem="5" ne="number" wd="5"/>
                        </grup.nom>
                      </sn>
                    </grup.nom>
                  </sn>
                </sp>
              </S>
            </sp>
            <f lem="," pos="fc" punct="comma" wd=","/>
          </S>
        </grup.nom>
      </sn>
      <sn arg="arg1" corefsubtype="token" coreftype="dx" entity="entity12" entityref="nne" func="cd" tem="pat">
        <grup.nom gen="m" num="s">
          <p case="accusative" gen="m" lem="él" num="s" person="3" pos="pp3msa00" postype="personal" wd="lo"/>
        </grup.nom>
      </sn>
      <grup.verb>
        <v lem="hacer" lss="A21.transitive-agentive-patient" mood="subjunctive" num="p" person="3" pos="vmsp3p0" postype="main" tense="present" wd="hagan"/>
      </grup.verb>
      <sp arg="argM" func="cc" tem="loc">
        <prep>
          <s lem="en" pos="sps00" postype="preposition" wd="en"/>
        </prep>
        <sn entityref="ne" ne="location">
          <spec gen="m" num="s">
            <d gen="m" lem="el" num="s" pos="da0ms0" postype="article" wd="el"/>
          </spec>
          <grup.nom gen="m" num="s">
            <s.a gen="m" num="s">
              <grup.a gen="m" num="s">
                <a gen="m" lem="futuro" num="s" pos="aq0ms0" postype="qualificative" wd="futuro"/>
              </grup.a>
            </s.a>
            <s.a gen="m" num="s">
              <a gen="m" lem="intercambiador" num="s" pos="aq0ms0" postype="qualificative" wd="intercambiador"/>
            </s.a>
            <sp>
              <prep>
                <s lem="de" pos="sps00" postype="preposition" wd="de"/>
              </prep>
              <sn coreftype="ident" entity="entity18" entityref="ne" ne="location">
                <spec gen="f" num="s">
                  <d gen="f" lem="el" num="s" pos="da0fs0" postype="article" wd="la"/>
                </spec>
                <grup.nom gen="f" num="s">
                  <n lem="Vall_d'Hebron" ne="location" pos="np00000" postype="proper" wd="Vall_d'Hebron"/>
                </grup.nom>
              </sn>
            </sp>
          </grup.nom>
        </sn>
      </sp>
    </S>
    <f lem="." pos="fp" punct="period" wd="."/>
  </sentence>
  <sentence>
    <sn arg="arg1" entity="entity13" entityref="ne" func="suj" ne="location" tem="tem">
      <spec gen="f" num="s">
        <d gen="f" lem="el" num="s" pos="da0fs0" postype="article" wd="La"/>
      </spec>
      <grup.nom gen="f" num="s">
        <s.a gen="f" num="s">
          <grup.a gen="f" num="s">
            <a gen="f" lem="nuevo" num="s" pos="aq0fs0" postype="qualificative" wd="nueva"/>
          </grup.a>
        </s.a>
        <n gen="f" lem="estación" num="s" pos="ncfs000" postype="common" sense="16:03639249" wd="estación"/>
        <sp>
          <prep>
            <s lem="de" pos="sps00" postype="preposition" wd="de"/>
          </prep>
          <sn entityref="ne" ne="location">
            <grup.nom>
              <n lem="Teixonera-Coll" ne="location" pos="np00000" postype="proper" wd="Teixonera-Coll"/>
            </grup.nom>
          </sn>
        </sp>
        <S clausetype="relative">
          <f lem="," pos="fc" punct="comma" wd=","/>
          <relatiu arg="arg1" coreftype="ident" entity="entity13" entityref="spec" func="suj" tem="tem">
            <p gen="c" lem="que" num="c" pos="pr0cn000" postype="relative" wd="que"/>
          </relatiu>
          <grup.verb>
            <v lem="servir" lss="C41.state-benefactive" mood="indicative" num="s" person="3" pos="vmif3s0" postype="main" tense="future" wd="servirá"/>
          </grup.verb>
          <sp arg="arg2" func="ci" tem="ben">
            <prep>
              <s lem="a" pos="sps00" postype="preposition" wd="a"/>
            </prep>
            <sn coreftype="ident" entity="entity4+entity5" entityref="spec">
              <spec gen="m" num="p">
                <d gen="m" lem="ambos" num="p" pos="dn0mp0" postype="numeral" wd="ambos"/>
              </spec>
              <grup.nom gen="m" num="p">
                <n gen="m" lem="barrio" num="p" pos="ncmp000" postype="common" sense="16:06293689" wd="barrios"/>
              </grup.nom>
            </sn>
          </sp>
          <f lem="," pos="fc" punct="comma" wd=","/>
        </S>
      </grup.nom>
    </sn>
    <grup.verb>
      <v lem="contar" lss="C21.state-attributive" mood="indicative" num="s" person="3" pos="vmif3s0" postype="main" tense="future" wd="contará"/>
    </grup.verb>
    <sp arg="arg2" func="creg" tem="atr">
      <prep>
        <s lem="con" pos="sps00" postype="preposition" wd="con"/>
      </prep>
      <sn entityref="nne">
        <spec gen="m" num="p">
          <d gen="c" lem="tres" num="p" pos="dn0cp0" postype="numeral" wd="tres"/>
        </spec>
        <grup.nom gen="m" num="p">
          <n gen="m" lem="acceso" lexicalid="noun.acceso.1.default" num="p" origin="deverbal" pos="ncmp000" postype="common" sense="16:02159544" wd="accesos"/>
          <S clausetype="participle" func="cn" impersonal="yes">
            <f lem="," pos="fc" punct="comma" wd=","/>
            <participi>
              <a gen="m" lem="situado" lss="B22.unaccusative-passive-transitive" num="p" pos="aq0mpp" posfunction="participle" postype="qualificative" wd="situados"/>
            </participi>
            <sp arg="arg2" coord="yes" func="cc" tem="loc">
              <sp>
                <prep>
                  <s lem="en" pos="sps00" postype="preposition" wd="en"/>
                </prep>
                <sn entityref="nne" homophoricDD="yes">
                  <spec gen="f" num="p">
                    <d gen="f" lem="el" num="p" pos="da0fp0" postype="article" wd="las"/>
                  </spec>
                  <grup.nom gen="f" num="p">
                    <n gen="f" lem="calle" num="p" pos="ncfp000" postype="common" sense="16:03426236" wd="calles"/>
                    <sp>
                      <prep>
                        <s lem="de" pos="sps00" postype="preposition" wd="de"/>
                      </prep>
                      <sn complex="yes">
                        <grup.nom coord="yes">
                          <grup.nom>
                            <n lem="Fastenrath-Rosell" ne="location" pos="np00000" postype="proper" wd="Fastenrath-Rosell"/>
                          </grup.nom>
                          <f lem="," pos="fc" punct="comma" wd=","/>
                          <grup.nom>
                            <n lem="Fastenrath-Arenys" ne="location" pos="np00000" postype="proper" wd="Fastenrath-Arenys"/>
                          </grup.nom>
                        </grup.nom>
                      </sn>
                    </sp>
                  </grup.nom>
                </sn>
              </sp>
              <conj conjunctiontype="coordinating">
                <c lem="y" pos="cc" postype="coordinating" wd="y"/>
              </conj>
              <sp>
                <prep>
                  <s lem="en" pos="sps00" postype="preposition" wd="en"/>
                </prep>
                <sn entityref="ne" ne="location">
                  <spec gen="f" num="s">
                    <d gen="f" lem="el" num="s" pos="da0fs0" postype="article" wd="la"/>
                  </spec>
                  <grup.nom gen="f" num="s">
                    <n gen="f" lem="confluencia" lexicalid="noun.confluencia.1.default" num="s" origin="deverbal" pos="ncfs000" postype="common" sense="16:02882195" wd="confluencia"/>
                    <sp arg="arg1" func="cn" tem="tem">
                      <prep>
                        <s lem="de" pos="sps00" postype="preposition" wd="de"/>
                      </prep>
                      <sn entityref="ne" ne="location">
                        <spec gen="f" num="p">
                          <d gen="f" lem="el" num="p" pos="da0fp0" postype="article" wd="las"/>
                        </spec>
                        <grup.nom gen="f" num="p">
                          <n gen="f" lem="calle" num="p" pos="ncfp000" postype="common" sense="16:03426236" wd="calles"/>
                          <sp>
                            <prep>
                              <s contracted="yes" gen="m" lem="del" num="s" pos="spcms" postype="preposition" wd="del"/>
                            </prep>
                            <sn complex="yes">
                              <grup.nom coord="yes">
                                <grup.nom gen="m" num="s">
                                  <n lem="Beat_Almató" ne="location" pos="np00000" postype="proper" wd="Beat_Almató"/>
                                </grup.nom>
                                <conj conjunctiontype="coordinating">
                                  <c lem="y" pos="cc" postype="coordinating" wd="y"/>
                                </conj>
                                <grup.nom gen="m" num="s">
                                  <n lem="Batet" ne="location" pos="np00000" postype="proper" wd="Batet"/>
                                </grup.nom>
                              </grup.nom>
                            </sn>
                          </sp>
                        </grup.nom>
                      </sn>
                    </sp>
                  </grup.nom>
                </sn>
              </sp>
            </sp>
          </S>
        </grup.nom>
      </sn>
    </sp>
    <f lem="." pos="fp" punct="period" wd="."/>
  </sentence>
  <sentence>
    <sn arg="arg0" entityref="nne" func="suj" homophoricDD="yes" tem="agt">
      <spec gen="f" num="s">
        <d gen="f" lem="el" num="s" pos="da0fs0" postype="article" wd="La"/>
      </spec>
      <grup.nom gen="f" num="s">
        <n gen="f" lem="profundidad" num="s" pos="ncfs000" postype="common" sense="16:04000219" wd="profundidad"/>
        <sp>
          <prep>
            <s lem="de" pos="sps00" postype="preposition" wd="de"/>
          </prep>
          <sn coreftype="ident" entity="entity13" entityref="spec">
            <spec gen="f" num="s">
              <d gen="f" lem="este" num="s" pos="dd0fs0" postype="demonstrative" wd="esta"/>
            </spec>
            <grup.nom gen="f" num="s">
              <n gen="f" lem="estación" num="s" pos="ncfs000" postype="common" sense="16:03639249" wd="estación"/>
            </grup.nom>
          </sn>
        </sp>
        <S clausetype="relative">
          <f lem="," pos="fc" punct="comma" wd=","/>
          <relatiu arg="arg0" coreftype="ident" entity="entity13" entityref="spec" func="suj" tem="agt">
            <p gen="c" lem="que" num="c" pos="pr0cn000" postype="relative" wd="que"/>
          </relatiu>
          <grup.verb>
            <v lem="deber" mood="indicative" num="s" person="3" pos="vmif3s0" postype="main" tense="future" wd="deberá"/>
            <infinitiu>
              <v lem="sortear" lss="A21.transitive-agentive-patient" mood="infinitive" pos="vmn0000" postype="main" wd="sortear"/>
            </infinitiu>
          </grup.verb>
          <sn arg="arg1" entityref="nne" func="cd" tem="pat">
            <grup.nom gen="m" num="p">
              <n gen="m" lem="obstáculo" num="p" pos="ncmp000" postype="common" sense="16:03051325" wd="obstáculos"/>
              <s.a gen="m" num="p">
                <grup.a gen="m" num="p">
                  <a gen="m" lem="orográfico" num="p" pos="aq0mp0" postype="qualificative" wd="orográficos"/>
                </grup.a>
              </s.a>
            </grup.nom>
          </sn>
          <f lem="," pos="fc" punct="comma" wd=","/>
        </S>
      </grup.nom>
    </sn>
    <grup.verb>
      <v lem="explicar" lss="A32.ditransitive-patient-benefactive" mood="indicative" num="s" person="3" pos="vmip3s0" postype="main" tense="present" wd="explica"/>
    </grup.verb>
    <sn arg="arg1" entityref="nne" func="cd" homophoricDD="yes" tem="pat">
      <spec gen="f" num="s">
        <d gen="f" lem="el" num="s" pos="da0fs0" postype="article" wd="la"/>
      </spec>
      <grup.nom gen="f" num="s">
        <n gen="f" lem="necesidad" num="s" pos="ncfs000" postype="common" sense="16:10367157" wd="necesidad"/>
        <sp>
          <prep>
            <s lem="de" pos="sps00" postype="preposition" wd="de"/>
          </prep>
          <S clausetype="completive" impersonal="yes">
            <infinitiu>
              <v coreftype="ident" entity="entity13" lem="dotar" lss="A34.ditransitive-patient-theme" mood="infinitive" pos="vmn0000" postype="main" wd="dotarla"/>
            </infinitiu>
            <sp arg="arg2" func="creg" tem="tem">
              <prep>
                <s lem="con" pos="sps00" postype="preposition" wd="con"/>
              </prep>
              <sn entity="entity14" entityref="nne">
                <spec gen="m" num="p">
                  <d gen="c" lem="dos" num="p" pos="dn0cp0" postype="numeral" wd="dos"/>
                </spec>
                <grup.nom gen="m" num="p">
                  <n gen="m" lem="ascensor" num="p" pos="ncmp000" postype="common" sense="16:02635448" wd="ascensores"/>
                  <S clausetype="relative">
                    <f lem="," pos="fc" punct="comma" wd=","/>
                    <relatiu arg="arg0" coreftype="ident" entity="entity14" entityref="nne" func="suj" tem="agt">
                      <p gen="c" lem="que" num="c" pos="pr0cn000" postype="relative" wd="que"/>
                    </relatiu>
                    <grup.verb>
                      <v lem="conectar" lss="A35.ditransitive-theme-cotheme" mood="indicative" num="p" person="3" pos="vmif3p0" postype="main" tense="future" wd="conectarán"/>
                    </grup.verb>
                    <sn arg="arg1" entityref="nne" func="cd" homophoricDD="yes" tem="tem">
                      <spec gen="m" num="p">
                        <d gen="m" lem="el" num="p" pos="da0mp0" postype="article" wd="los"/>
                      </spec>
                      <grup.nom gen="m" num="p">
                        <n gen="m" lem="andén" num="p" pos="ncmp000" postype="common" sense="16:cs2" wd="andenes"/>
                      </grup.nom>
                    </sn>
                    <sp arg="arg2" func="creg" tem="cot">
                      <prep>
                        <s lem="con" pos="sps00" postype="preposition" wd="con"/>
                      </prep>
                      <sn entityref="nne" homophoricDD="yes">
                        <spec gen="m" num="p">
                          <d gen="m" lem="el" num="p" pos="da0mp0" postype="article" wd="los"/>
                        </spec>
                        <grup.nom gen="m" num="p">
                          <n gen="m" lem="vestíbulo" num="p" pos="ncmp000" postype="common" sense="16:02787610" wd="vestíbulos"/>
                          <sp>
                            <prep>
                              <s lem="de" pos="sps00" postype="preposition" wd="de"/>
                            </prep>
                            <sn entityref="nne" homophoricDD="yes">
                              <spec gen="m" num="p">
                                <d gen="m" lem="el" num="p" pos="da0mp0" postype="article" wd="los"/>
                              </spec>
                              <grup.nom gen="m" num="p">
                                <n gen="m" lem="acceso" lexicalid="noun.acceso.1.default" num="p" origin="deverbal" pos="ncmp000" postype="common" sense="16:02159544" wd="accesos"/>
                                <sp func="cn">
                                  <prep>
                                    <s lem="de" pos="sps00" postype="preposition" wd="de"/>
                                  </prep>
                                  <sn complex="yes">
                                    <grup.nom coord="yes">
                                      <grup.nom>
                                        <n lem="Fastenrath-Arenys" ne="location" pos="np00000" postype="proper" wd="Fastenrath-Arenys"/>
                                      </grup.nom>
                                      <conj conjunctiontype="coordinating">
                                        <c lem="y" pos="cc" postype="coordinating" wd="y"/>
                                      </conj>
                                      <grup.nom>
                                        <n lem="Coll-Vallcarca" ne="location" pos="np00000" postype="proper" wd="Coll-Vallcarca"/>
                                      </grup.nom>
                                    </grup.nom>
                                  </sn>
                                </sp>
                              </grup.nom>
                            </sn>
                          </sp>
                        </grup.nom>
                      </sn>
                    </sp>
                  </S>
                </grup.nom>
              </sn>
            </sp>
          </S>
        </sp>
      </grup.nom>
    </sn>
    <f lem="." pos="fp" punct="period" wd="."/>
  </sentence>
  <sentence>
    <sn arg="arg1" coord="yes" func="suj" tem="pat">
      <sn entityref="nne" homophoricDD="yes">
        <spec gen="m" num="s">
          <d gen="m" lem="el" num="s" pos="da0ms0" postype="article" wd="El"/>
        </spec>
        <grup.nom gen="m" num="s">
          <n gen="m" lem="desnivel" num="s" pos="ncms000" postype="common" sense="16:03956088" wd="desnivel"/>
          <s.a gen="m" num="s">
            <grup.a gen="m" num="s">
              <a gen="c" lem="vertical" num="s" pos="aq0cs0" postype="qualificative" wd="vertical"/>
            </grup.a>
          </s.a>
        </grup.nom>
      </sn>
      <conj conjunctiontype="coordinating">
        <c lem="y" pos="cc" postype="coordinating" wd="y"/>
      </conj>
      <sn entityref="nne" homophoricDD="yes">
        <spec gen="f" num="s">
          <d gen="f" lem="el" num="s" pos="da0fs0" postype="article" wd="la"/>
        </spec>
        <grup.nom gen="f" num="s">
          <n gen="f" lem="distancia" lexicalid="noun.distancia.1.default" num="s" origin="deverbal" pos="ncfs000" postype="common" sense="16:03967504" wd="distancia"/>
          <s.a func="cn" gen="f" num="s">
            <grup.a gen="f" num="s">
              <a gen="c" lem="horizontal" num="s" pos="aq0cs0" postype="qualificative" wd="horizontal"/>
            </grup.a>
          </s.a>
        </grup.nom>
      </sn>
    </sn>
    <morfema.verbal func="pass">
      <p gen="c" lem="se" num="c" pos="p0000000" wd="se"/>
    </morfema.verbal>
    <grup.verb>
      <v lem="salvar" lss="B22.unaccusative-passive-transitive" mood="indicative" num="p" person="3" pos="vmif3p0" postype="main" tense="future" wd="salvarán"/>
    </grup.verb>
    <sp arg="argM" func="cc" tem="adv">
      <prep>
        <s lem="con" pos="sps00" postype="preposition" wd="con"/>
      </prep>
      <sn entityref="nne">
        <grup.nom gen="m" num="p">
          <n gen="m" lem="ascensor" num="p" pos="ncmp000" postype="common" sense="16:02635448" wd="ascensores"/>
          <S clausetype="participle" impersonal="yes">
            <participi>
              <a gen="m" lem="inclinado" num="p" pos="aq0mpp" posfunction="participle" postype="qualificative" wd="inclinados"/>
            </participi>
          </S>
        </grup.nom>
      </sn>
    </sp>
    <f lem="." pos="fp" punct="period" wd="."/>
  </sentence>
  <sentence>
    <sn arg="arg1" entityref="ne" func="suj" ne="location" tem="tem">
      <spec gen="f" num="s">
        <d gen="f" lem="el" num="s" pos="da0fs0" postype="article" wd="La"/>
      </spec>
      <grup.nom gen="f" num="s">
        <n gen="f" lem="estación" num="s" pos="ncfs000" postype="common" sense="16:03639249" wd="estación"/>
        <sp>
          <prep>
            <s contracted="yes" gen="m" lem="del" num="s" pos="spcms" postype="preposition" wd="del"/>
          </prep>
          <sn coreftype="ident" entity="entity3" entityref="ne" ne="location">
            <grup.nom gen="m" num="s">
              <n lem="Carmel" ne="location" pos="np00000" postype="proper" wd="Carmel"/>
            </grup.nom>
          </sn>
        </sp>
      </grup.nom>
    </sn>
    <grup.verb>
      <v lem="estar" lss="C21.state-attributive" mood="indicative" num="s" person="3" pos="vmif3s0" postype="main" tense="future" wd="estará"/>
    </grup.verb>
    <S arg="arg2" clausetype="participle" func="atr" impersonal="yes" tem="atr">
      <participi>
        <a gen="f" lem="dotado" lss="B22.unaccusative-passive-transitive" num="s" pos="aq0fsp" posfunction="participle" postype="qualificative" wd="dotada"/>
      </participi>
      <sp arg="arg2" func="creg" tem="tem">
        <prep>
          <s lem="de" pos="sps00" postype="preposition" wd="de"/>
        </prep>
        <sn entityref="nne">
          <grup.nom gen="m" num="p">
            <n gen="m" lem="acceso" lexicalid="noun.acceso.1.default" num="p" origin="deverbal" pos="ncmp000" postype="common" sense="16:02159544" wd="accesos"/>
          </grup.nom>
        </sn>
      </sp>
      <sp arg="argM" coord="yes" func="cc" tem="loc">
        <sp>
          <prep>
            <s lem="en" pos="sps00" postype="preposition" wd="en"/>
          </prep>
          <sn entityref="ne" ne="location">
            <spec gen="f" num="s">
              <d gen="f" lem="el" num="s" pos="da0fs0" postype="article" wd="la"/>
            </spec>
            <grup.nom gen="f" num="s">
              <n gen="f" lem="plaza" num="s" pos="ncfs000" postype="common" sense="16:06351418" wd="plaza"/>
              <sp>
                <prep>
                  <s lem="de" pos="sps00" postype="preposition" wd="de"/>
                </prep>
                <sn entityref="ne" ne="location">
                  <grup.nom>
                    <n lem="Pastrana" ne="location" pos="np00000" postype="proper" wd="Pastrana"/>
                  </grup.nom>
                </sn>
              </sp>
            </grup.nom>
          </sn>
        </sp>
        <conj conjunctiontype="coordinating">
          <c lem="y" pos="cc" postype="coordinating" wd="y"/>
        </conj>
        <sp>
          <prep>
            <s lem="en" pos="sps00" postype="preposition" wd="en"/>
          </prep>
          <sn entityref="ne" ne="location">
            <spec gen="f" num="s">
              <d gen="f" lem="el" num="s" pos="da0fs0" postype="article" wd="la"/>
            </spec>
            <grup.nom gen="f" num="s">
              <n gen="f" lem="calle" num="s" pos="ncfs000" postype="common" sense="16:03426236" wd="calle"/>
              <sp>
                <prep>
                  <s lem="de" pos="sps00" postype="preposition" wd="de"/>
                </prep>
                <sn entityref="ne" ne="location">
                  <grup.nom>
                    <n lem="Llobregós" ne="location" pos="np00000" postype="proper" wd="Llobregós"/>
                  </grup.nom>
                </sn>
              </sp>
              <s.a gen="f" num="s">
                <f lem="," pos="fc" punct="comma" wd=","/>
                <grup.a gen="f" num="s">
                  <a gen="f" lem="próximo" num="s" pos="aq0fs0" postype="qualificative" wd="próxima"/>
                  <sp>
                    <prep>
                      <s contracted="yes" gen="m" lem="al" num="s" pos="spcms" postype="preposition" wd="al"/>
                    </prep>
                    <sn>
                      <grup.nom gen="m" num="s">
                        <n gen="m" lem="mercado" num="s" pos="ncms000" postype="common" sense="16:03057237" wd="mercado"/>
                        <s.a gen="m" num="s">
                          <grup.a gen="m" num="s">
                            <a gen="c" lem="municipal" num="s" pos="aq0cs0" postype="qualificative" wd="municipal"/>
                          </grup.a>
                        </s.a>
                      </grup.nom>
                    </sn>
                  </sp>
                </grup.a>
              </s.a>
            </grup.nom>
          </sn>
        </sp>
      </sp>
    </S>
    <sn entityref="nne" func="ao">
      <f lem="," pos="fc" punct="comma" wd=","/>
      <spec gen="m" num="s">
        <d gen="c" lem="el" num="s" pos="da0ns0" postype="article" wd="lo"/>
      </spec>
      <grup.nom gen="m" num="s">
        <S clausetype="relative">
          <relatiu arg="arg0" func="suj" tem="agt">
            <p gen="c" lem="que" num="c" pos="pr0cn000" postype="relative" wd="que"/>
          </relatiu>
          <grup.verb>
            <v lem="llevar" lss="A31.ditransitive-patient-locative" mood="indicative" num="s" person="3" pos="vmif3s0" postype="main" tense="future" wd="llevará"/>
          </grup.verb>
          <sn arg="arg1" coreftype="ident" entity="entity17" entityref="spec" func="cd" tem="pat">
            <spec gen="m" num="s">
              <d gen="m" lem="el" num="s" pos="da0ms0" postype="article" wd="el"/>
            </spec>
            <grup.nom gen="m" num="s">
              <n gen="m" lem="metro" num="s" pos="ncms000" postype="common" sense="16:03437718" wd="metro"/>
            </grup.nom>
          </sn>
          <sp arg="arg2" func="cc" tem="loc">
            <prep>
              <s lem="a" pos="sps00" postype="preposition" wd="a"/>
            </prep>
            <sn entityref="nne">
              <spec gen="m" num="p">
                <z lem="25000" ne="number" wd="25.000"/>
              </spec>
              <grup.nom gen="m" num="p">
                <n gen="m" lem="vecino" num="p" pos="ncmp000" postype="common" sense="16:06949059" wd="vecinos"/>
                <sp>
                  <prep>
                    <s lem="de" pos="sps00" postype="preposition" wd="de"/>
                  </prep>
                  <sn entityref="nne">
                    <spec gen="f" num="s">
                      <d gen="f" lem="este" num="s" pos="dd0fs0" postype="demonstrative" wd="esta"/>
                    </spec>
                    <grup.nom gen="f" num="s">
                      <n gen="f" lem="zona" num="s" pos="ncfs000" postype="common" sense="16:02207321" wd="zona"/>
                      <sp>
                        <prep>
                          <s contracted="yes" gen="m" lem="del" num="s" pos="spcms" postype="preposition" wd="del"/>
                        </prep>
                        <sn coreftype="ident" entity="entity15" entityref="ne" ne="location">
                          <grup.nom gen="m" num="s">
                            <n gen="m" lem="distrito" num="s" pos="ncms000" postype="common" sense="16:06294174" wd="distrito"/>
                            <sp>
                              <prep>
                                <s lem="de" pos="sps00" postype="preposition" wd="de"/>
                              </prep>
                              <sn entityref="ne" ne="location">
                                <grup.nom>
                                  <n lem="Horta-Guinardó" ne="location" pos="np00000" postype="proper" wd="Horta-Guinardó"/>
                                </grup.nom>
                              </sn>
                            </sp>
                          </grup.nom>
                        </sn>
                      </sp>
                    </grup.nom>
                  </sn>
                </sp>
              </grup.nom>
            </sn>
          </sp>
        </S>
      </grup.nom>
    </sn>
    <f lem="." pos="fp" punct="period" wd="."/>
  </sentence>
  <sentence>
    <sn arg="arg1" entity="entity20" entityref="nne" func="suj" homophoricDD="yes" tem="tem">
      <spec gen="m" num="p">
        <d gen="m" lem="el" num="p" pos="da0mp0" postype="article" wd="Los"/>
      </spec>
      <grup.nom gen="m" num="p">
        <n gen="m" lem="acceso" lexicalid="noun.acceso.1.default" num="p" origin="deverbal" pos="ncmp000" postype="common" sense="16:02159544" wd="accesos"/>
        <sp arg="arg1" func="cn" tem="loc">
          <prep>
            <s lem="a" pos="sps00" postype="preposition" wd="a"/>
          </prep>
          <sn entity="entity16" entityref="ne" ne="location">
            <spec gen="f" num="s">
              <d gen="f" lem="el" num="s" pos="da0fs0" postype="article" wd="la"/>
            </spec>
            <grup.nom gen="f" num="s">
              <n gen="f" lem="estación" num="s" pos="ncfs000" postype="common" sense="16:03639249" wd="estación"/>
              <sp>
                <prep>
                  <s lem="de" pos="sps00" postype="preposition" wd="de"/>
                </prep>
                <sn entityref="ne" ne="location">
                  <grup.nom>
                    <n lem="Vall_d'Hebron" ne="location" pos="np00000" postype="proper" wd="Vall_d'Hebron"/>
                  </grup.nom>
                </sn>
              </sp>
            </grup.nom>
          </sn>
        </sp>
        <sp arg="argM" func="cn" tem="adv">
          <prep>
            <s lem="para" pos="sps00" postype="preposition" wd="para"/>
          </prep>
          <sn coreftype="ident" entity="entity7" entityref="ne" ne="other">
            <spec gen="f" num="s">
              <d gen="f" lem="el" num="s" pos="da0fs0" postype="article" wd="la"/>
            </spec>
            <grup.nom gen="f" num="s">
              <n gen="f" lem="línea" num="s" pos="ncfs000" postype="common" sense="16:02927421" wd="línea"/>
              <sn entityref="ne" ne="number">
                <grup.nom num="p">
                  <z lem="5" ne="number" wd="5"/>
                </grup.nom>
              </sn>
            </grup.nom>
          </sn>
        </sp>
      </grup.nom>
    </sn>
    <grup.verb>
      <v lem="ser" lss="C21.state-attributive" mood="indicative" num="p" person="3" pos="vsif3p0" postype="semiauxiliary" tense="future" wd="serán"/>
    </grup.verb>
    <sn arg="arg2" corefsubtype="definit" coreftype="pred" entity="entity21" entityref="nne" func="atr" homophoricDD="yes" tem="atr">
      <spec gen="m" num="p">
        <d gen="m" lem="el" num="p" pos="da0mp0" postype="article" wd="los"/>
      </spec>
      <grup.nom gen="m" num="p">
        <grup.nom gen="m" num="p">
          <p gen="m" lem="mismo" num="p" pos="pi0mp000" postype="indefinite" wd="mismos"/>
        </grup.nom>
        <S adjunct="yes" clausesubtype="comparative" clausetype="adverbial" verbless="yes">
          <conj conjunctiontype="subordinating">
            <c lem="que" pos="cs" postype="subordinating" wd="que"/>
          </conj>
          <sp>
            <prep>
              <s lem="en" pos="sps00" postype="preposition" wd="en"/>
            </prep>
            <sn entityref="nne">
              <spec gen="m" num="s">
                <d gen="m" lem="el" num="s" pos="da0ms0" postype="article" wd="el"/>
              </spec>
              <grup.nom gen="m" num="s">
                <n gen="m" lem="caso" num="s" pos="ncms000" postype="common" sense="16:10047274" wd="caso"/>
                <sp>
                  <prep>
                    <s lem="de" pos="sps00" postype="preposition" wd="de"/>
                  </prep>
                  <sn coreftype="ident" entity="entity10" entityref="ne" ne="other">
                    <spec gen="f" num="s">
                      <d gen="f" lem="el" num="s" pos="da0fs0" postype="article" wd="la"/>
                    </spec>
                    <grup.nom gen="f" num="s">
                      <n gen="f" lem="línea" num="s" pos="ncfs000" postype="common" sense="16:02927421" wd="línea"/>
                      <sn entityref="ne" ne="number">
                        <grup.nom num="p">
                          <z lem="3" ne="number" wd="3"/>
                        </grup.nom>
                      </sn>
                    </grup.nom>
                  </sn>
                </sp>
              </grup.nom>
            </sn>
          </sp>
        </S>
        <sn coord="yes">
          <f lem=":" pos="fd" punct="colon" wd=":"/>
          <sn entityref="ne" ne="location">
            <spec gen="f" num="s">
              <d gen="f" lem="el" num="s" pos="da0fs0" postype="article" wd="la"/>
            </spec>
            <grup.nom gen="f" num="s">
              <n gen="f" lem="calle" num="s" pos="ncfs000" postype="common" sense="16:03426236" wd="calle"/>
              <sp>
                <prep>
                  <s lem="de" pos="sps00" postype="preposition" wd="de"/>
                </prep>
                <sn entityref="ne" ne="location">
                  <spec gen="f" num="p">
                    <d gen="f" lem="el" num="p" pos="da0fp0" postype="article" wd="las"/>
                  </spec>
                  <grup.nom gen="f" num="p">
                    <n lem="Basses_d'Horta" ne="location" pos="np00000" postype="proper" wd="Basses_d'Horta"/>
                  </grup.nom>
                </sn>
              </sp>
            </grup.nom>
          </sn>
          <f lem="," pos="fc" punct="comma" wd=","/>
          <sn entityref="ne" ne="location">
            <spec gen="f" num="s">
              <d gen="f" lem="el" num="s" pos="da0fs0" postype="article" wd="la"/>
            </spec>
            <grup.nom gen="f" num="s">
              <n gen="f" lem="avenida" num="s" pos="ncfs000" postype="common" sense="16:02228469" wd="avenida"/>
              <sn entityref="ne" ne="location">
                <grup.nom>
                  <n lem="Jordà" ne="location" pos="np00000" postype="proper" wd="Jordà"/>
                </grup.nom>
              </sn>
              <sn>
                <f lem="," pos="fc" punct="comma" wd=","/>
                <grup.nom gen="f" num="s">
                  <n gen="f" lem="esquina" num="s" pos="ncfs000" postype="common" sense="16:02501820" wd="esquina"/>
                  <sp>
                    <prep>
                      <s lem="con" pos="sps00" postype="preposition" wd="con"/>
                    </prep>
                    <sn entityref="ne" ne="location">
                      <spec gen="f" num="s">
                        <d gen="f" lem="el" num="s" pos="da0fs0" postype="article" wd="la"/>
                      </spec>
                      <grup.nom gen="f" num="s">
                        <n gen="f" lem="calle" num="s" pos="ncfs000" postype="common" sense="16:03426236" wd="calle"/>
                        <sp>
                          <prep>
                            <s lem="de" pos="sps00" postype="preposition" wd="de"/>
                          </prep>
                          <sn entityref="ne" ne="person">
                            <grup.nom>
                              <n lem="Perea" ne="person" pos="np00000" postype="proper" wd="Perea"/>
                            </grup.nom>
                          </sn>
                        </sp>
                      </grup.nom>
                    </sn>
                  </sp>
                </grup.nom>
                <f lem="," pos="fc" punct="comma" wd=","/>
              </sn>
            </grup.nom>
          </sn>
          <conj conjunctiontype="coordinating">
            <c lem="y" pos="cc" postype="coordinating" wd="y"/>
          </conj>
          <sn entity="entity22" entityref="nne" homophoricDD="yes">
            <spec gen="f" num="s">
              <d gen="f" lem="el" num="s" pos="da0fs0" postype="article" wd="la"/>
              <d gen="f" lem="mismo" num="s" pos="di0fs0" postype="indefinite" wd="misma"/>
            </spec>
            <grup.nom gen="f" num="s">
              <n gen="f" lem="avenida" num="s" pos="ncfs000" postype="common" sense="16:02228469" wd="avenida"/>
              <sp>
                <prep>
                  <s lem="en" pos="sps00" postype="preposition" wd="en"/>
                </prep>
                <sn entityref="nne">
                  <spec arg="arg1" gen="f" num="s" tem="tem">
                    <d coreftype="ident" entity="entity22" entityref="nne" gen="c" lem="su" num="s" person="3" pos="dp3cs0" postype="possessive" wd="su"/>
                  </spec>
                  <grup.nom gen="f" num="s">
                    <n gen="f" lem="confluencia" lexicalid="noun.confluencia.1.default" num="s" origin="deverbal" pos="ncfs000" postype="common" sense="16:06297988" wd="confluencia"/>
                    <sp func="cn">
                      <prep>
                        <s lem="con" pos="sps00" postype="preposition" wd="con"/>
                      </prep>
                      <sn entityref="ne" ne="location">
                        <spec gen="m" num="s">
                          <d gen="m" lem="el" num="s" pos="da0ms0" postype="article" wd="el"/>
                        </spec>
                        <grup.nom gen="m" num="s">
                          <n gen="m" lem="paseo" num="s" pos="ncms000" postype="common" sense="16:03584882" wd="paseo"/>
                          <sp>
                            <prep>
                              <s contracted="yes" gen="m" lem="del" num="s" pos="spcms" postype="preposition" wd="del"/>
                            </prep>
                            <sn coreftype="ident" entity="entity18" entityref="ne" ne="location">
                              <grup.nom gen="m" num="s">
                                <n lem="Vall_d'Hebron" ne="location" pos="np00000" postype="proper" wd="Vall_d'Hebron"/>
                              </grup.nom>
                            </sn>
                          </sp>
                        </grup.nom>
                      </sn>
                    </sp>
                  </grup.nom>
                </sn>
              </sp>
            </grup.nom>
          </sn>
        </sn>
      </grup.nom>
    </sn>
    <f lem="." pos="fp" punct="period" wd="."/>
  </sentence>
  <sentence>
    <sp arg="argM" func="cc" tem="loc">
      <prep>
        <s lem="en" pos="sps00" postype="preposition" wd="En"/>
      </prep>
      <sn entityref="nne" homophoricDD="yes">
        <spec gen="m" num="s">
          <d gen="m" lem="el" num="s" pos="da0ms0" postype="article" wd="el"/>
        </spec>
        <grup.nom gen="m" num="s">
          <s.a gen="m" num="s">
            <grup.a gen="m" num="s">
              <a gen="m" lem="nuevo" num="s" pos="aq0ms0" postype="qualificative" wd="nuevo"/>
            </grup.a>
          </s.a>
          <n gen="m" lem="vestíbulo" num="s" pos="ncms000" postype="common" sense="16:02787610" wd="vestíbulo"/>
          <sp>
            <prep>
              <s lem="de" pos="sps00" postype="preposition" wd="de"/>
            </prep>
            <sn coreftype="ident" entity="entity16" entityref="spec">
              <spec gen="f" num="s">
                <d gen="f" lem="el" num="s" pos="da0fs0" postype="article" wd="la"/>
              </spec>
              <grup.nom gen="f" num="s">
                <n gen="f" lem="estación" num="s" pos="ncfs000" postype="common" sense="16:03639249" wd="estación"/>
              </grup.nom>
            </sn>
          </sp>
        </grup.nom>
      </sn>
    </sp>
    <morfema.verbal func="pass">
      <p gen="c" lem="se" num="c" pos="p0000000" wd="se"/>
    </morfema.verbal>
    <grup.verb>
      <v lem="instalar" lss="B22.unaccusative-passive-transitive" mood="indicative" num="p" person="3" pos="vmif3p0" postype="main" tense="future" wd="instalarán"/>
    </grup.verb>
    <sn arg="arg1" entityref="nne" func="suj" tem="pat">
      <spec gen="m" num="p">
        <d gen="m" lem="varios" num="p" pos="di0mp0" postype="indefinite" wd="varios"/>
      </spec>
      <grup.nom gen="m" num="p">
        <n gen="m" lem="panel" num="p" pos="ncmp000" postype="common" sense="16:03083160" wd="paneles"/>
        <s.a gen="m" num="p">
          <grup.a gen="m" num="p">
            <a gen="m" lem="orientativo" num="p" pos="aq0mp0" postype="qualificative" wd="orientativos"/>
          </grup.a>
        </s.a>
      </grup.nom>
    </sn>
    <sp arg="argM" func="cc" tem="fin">
      <prep>
        <s lem="para" pos="sps00" postype="preposition" wd="para"/>
      </prep>
      <S clausetype="completive" impersonal="yes">
        <infinitiu>
          <v lem="facilitar" lss="A11.transitive-causative" mood="infinitive" pos="vmn0000" postype="main" wd="facilitar"/>
        </infinitiu>
        <sn arg="arg1" entityref="nne" func="cd" homophoricDD="yes" tem="tem">
          <spec gen="f" num="s">
            <d gen="f" lem="el" num="s" pos="da0fs0" postype="article" wd="la"/>
          </spec>
          <grup.nom gen="f" num="s">
            <n gen="f" lem="llegada" lexicalid="noun.llegada.3.default" num="s" origin="deverbal" pos="ncfs000" postype="common" sense="16:00025919" wd="llegada"/>
            <sp arg="arg4" func="cn" tem="des">
              <prep>
                <s contracted="yes" gen="m" lem="al" num="s" pos="spcms" postype="preposition" wd="al"/>
              </prep>
              <sn entityref="nne">
                <grup.nom gen="m" num="s">
                  <n gen="m" lem="recinto" num="s" pos="ncms000" postype="common" sense="16:02638575" wd="recinto"/>
                  <s.a gen="m" num="s">
                    <grup.a gen="m" num="s">
                      <a gen="m" lem="hospitalario" num="s" pos="aq0ms0" postype="qualificative" wd="hospitalario"/>
                    </grup.a>
                  </s.a>
                </grup.nom>
              </sn>
            </sp>
          </grup.nom>
        </sn>
      </S>
    </sp>
    <f lem="." pos="fp" punct="period" wd="."/>
  </sentence>
</article>
