<?xml version="1.0" encoding="UTF-8"?>
<!-- 

  ancora-2.0
       
			Copyright (C) 2007, 2008, 2009, 2010, 2011 UB - CLiC
			Centre de Llenguatge i Computació - Universitat de Barcelona
 
  This file is part of ancora-2.0.
 
  ancora-2.0 is free software and data: you can redistribute it and/or modify
  it under the terms of the GNU General Public License as published
  by the Free Software Foundation, either version 3 of the License,
  or (at your option) any later version.

  ancora-2.0 is distributed in the hope that it will be useful,
  but WITHOUT ANY WARRANTY; without even the implied warranty of
  MERCHANTABILITY or FITNESS FOR A PARTICULAR PURPOSE.  See the
  GNU General Public License for more details.
 
  You should have received a copy of the GNU General Public License
  along with ancora-2.0.  If not, see &lt;http://www.gnu.org/licenses/&gt;.
 
  Check a text in catalan explaining the terms of the license at http://www.softcatala.cat/wiki/GPL3.
  In spanish at http://www.viti.es/gnu/licenses/gpl.html
 

  The following paper must be cited when using this corpus:

 * Taulé, M., M.A. Martí, M. Recasens (2008) 'Ancora: Multilevel Annotated Corpora for Catalan and Spanish',
   Proceedings of 6th International Conference on Language Resources and Evaluation. Marrakesh (Morocco).

  In addition, the following paper must be cited if coreference information (attributes entity, coreftype,
  corefsubtype, homophoricDD or entityref) is used:

 * Recasens, Marta, M. Antònia Martí (2010) ‘AnCora-CO: Coreferentially annotated corpora for Spanish and
   Catalan’. Language Resources and Evaluation, Springer Science.

  Additionally, the following paper must be cited when argumental attributes in "sn" or "grup.nom"
  (attributes func, arg, tem or lexicalid) are used:

 * Peris, Aina, Mariona Taulé, Horacio Rodríguez (2010) ‘Semantic Annotation of Deverbal Nominalizations in the
   Spanish AnCora corpus’. Treebanks and Linguistic Theories (TLT-2010), Estonia.
-->
<article lng="es">
  <sentence title="yes">
    <sn arg="arg1" entity="entity3" entityref="ne" func="suj" ne="location" tem="tem">
      <grup.nom>
        <n lem="Barcelona" ne="location" pos="np00000" postype="proper" wd="Barcelona"/>
      </grup.nom>
    </sn>
    <morfema.pronominal>
      <p gen="c" lem="él" num="c" person="3" pos="p0300000" wd="se"/>
    </morfema.pronominal>
    <grup.verb>
      <v lem="quedar" lss="C21.state-attributive" mood="indicative" num="s" person="3" pos="vmis3s0" postype="main" tense="past" wd="quedó"/>
    </grup.verb>
    <sadv arg="argM" func="cc" tem="tmp">
      <grup.adv>
        <r lem="ayer" pos="rg" wd="ayer"/>
      </grup.adv>
    </sadv>
    <sp arg="arg2" func="cpred" predicate="suj" tem="atr">
      <prep>
        <s lem="sin" pos="sps00" postype="preposition" wd="sin"/>
      </prep>
      <sn>
        <spec gen="m" num="s">
          <d gen="m" lem="ninguno" num="s" pos="di0ms0" postype="indefinite" wd="ningún"/>
        </spec>
        <grup.nom gen="m" num="s">
          <n gen="m" lem="vuelo" lexicalid="noun.vuelo.1.default" num="s" origin="deverbal" pos="ncms000" postype="common" sense="16:00195810" wd="vuelo"/>
          <s.a func="cn" gen="m" num="s">
            <grup.a gen="m" num="s">
              <a gen="m" lem="directo" num="s" pos="aq0ms0" postype="qualificative" wd="directo"/>
            </grup.a>
          </s.a>
          <sp arg="arg4" func="cn" tem="des">
            <prep>
              <s lem="a" pos="sps00" postype="preposition" wd="a"/>
            </prep>
            <sn entity="entity1" entityref="ne" ne="location">
              <grup.nom>
                <n lem="Nueva_York" ne="location" pos="np00000" postype="proper" wd="Nueva_York"/>
              </grup.nom>
            </sn>
          </sp>
        </grup.nom>
      </sn>
    </sp>
    <sadv arg="argM" func="cc" tem="tmp">
      <grup.adv>
        <r lem="después" pos="rg" wd="después"/>
        <sp>
          <prep>
            <s lem="de" pos="sps00" postype="preposition" wd="de"/>
          </prep>
          <S clausetype="completive">
            <conj conjunctiontype="subordinating">
              <c lem="que" pos="cs" postype="subordinating" wd="que"/>
            </conj>
            <sadv arg="argM" func="cc" tem="tmp">
              <grup.adv>
                <r lem="a_mediodía" pos="rg" wd="a_mediodía"/>
              </grup.adv>
            </sadv>
            <grup.verb>
              <v lem="despegar" lss="D11.inergative-agentive" mood="subjunctive" num="s" person="3" pos="vmsi3s0" postype="main" tense="imperfect" wd="despegara"/>
            </grup.verb>
            <sn arg="arg0" entityref="ne" func="suj" ne="other" tem="agt">
              <spec gen="m" num="s">
                <d gen="m" lem="el" num="s" pos="da0ms0" postype="article" wd="el"/>
              </spec>
              <grup.nom gen="m" num="s">
                <s.a gen="m" num="s">
                  <grup.a gen="m" num="s">
                    <a gen="m" lem="último" num="s" pos="ao0ms0" postype="ordinal" wd="último"/>
                  </grup.a>
                </s.a>
                <n gen="m" lem="avión" num="s" pos="ncms000" postype="common" sense="16:02174460" wd="avión"/>
                <sp>
                  <prep>
                    <s lem="de" pos="sps00" postype="preposition" wd="de"/>
                  </prep>
                  <sn entity="entity2" entityref="ne" ne="organization">
                    <spec gen="f" num="s">
                      <d gen="f" lem="el" num="s" pos="da0fs0" postype="article" wd="la"/>
                    </spec>
                    <grup.nom gen="f" num="s">
                      <n gen="f" lem="compañía" num="s" pos="ncfs000" postype="common" sense="16:06006256" wd="compañía"/>
                      <s.a gen="f" num="s">
                        <grup.a gen="f" num="s">
                          <a gen="f" lem="norteamericano" num="s" pos="aq0fs0" postype="qualificative" wd="norteamericana"/>
                        </grup.a>
                      </s.a>
                      <sn entityref="ne" ne="organization">
                        <grup.nom>
                          <n lem="Delta_Airlines" ne="organization" pos="np00000" postype="proper" wd="Delta_Airlines"/>
                        </grup.nom>
                      </sn>
                    </grup.nom>
                  </sn>
                </sp>
                <sp>
                  <prep>
                    <s lem="con" pos="sps00" postype="preposition" wd="con"/>
                  </prep>
                  <sn entityref="nne">
                    <grup.nom gen="m" num="s">
                      <n gen="m" lem="destino" lexicalid="noun.destino.4.default" num="s" origin="deverbal" pos="ncms000" postype="common" sense="16:06302863" wd="destino"/>
                      <sp arg="argM" func="cn" tem="loc">
                        <prep>
                          <s lem="a" pos="sps00" postype="preposition" wd="a"/>
                        </prep>
                        <sn coreftype="ident" entity="entity1" entityref="ne" ne="location">
                          <spec gen="f" num="s">
                            <d gen="f" lem="el" num="s" pos="da0fs0" postype="article" wd="la"/>
                          </spec>
                          <grup.nom gen="f" num="s">
                            <n gen="f" lem="ciudad" num="s" pos="ncfs000" postype="common" sense="16:06287351" wd="ciudad"/>
                            <s.a gen="f" num="s">
                              <grup.a gen="f" num="s">
                                <a gen="c" lem="estadounidense" num="s" pos="aq0cs0" postype="qualificative" wd="estadounidense"/>
                              </grup.a>
                            </s.a>
                          </grup.nom>
                        </sn>
                      </sp>
                    </grup.nom>
                  </sn>
                </sp>
              </grup.nom>
            </sn>
          </S>
        </sp>
      </grup.adv>
    </sadv>
    <f lem="." pos="fp" punct="period" wd="."/>
  </sentence>
  <sentence>
    <sn arg="argM" entityref="nne" func="cc" homophoricDD="yes" tem="tmp">
      <spec gen="f" num="s">
        <d gen="f" lem="el" num="s" pos="da0fs0" postype="article" wd="La"/>
      </spec>
      <grup.nom gen="f" num="s">
        <n gen="f" lem="semana" num="s" pos="ncfs000" postype="common" sense="16:10862128" wd="semana"/>
        <S clausetype="participle" impersonal="yes">
          <participi>
            <a gen="f" lem="pasado" num="s" pos="aq0fsp" posfunction="participle" postype="qualificative" wd="pasada"/>
          </participi>
        </S>
      </grup.nom>
    </sn>
    <sn arg="arg0" entity="entity7" entityref="ne" func="suj" ne="organization" tem="agt">
      <grup.nom>
        <n lem="Iberia" ne="organization" pos="np00000" postype="proper" wd="Iberia"/>
      </grup.nom>
    </sn>
    <sadv func="mod">
      <grup.adv>
        <r lem="también" pos="rg" wd="también"/>
      </grup.adv>
    </sadv>
    <grup.verb>
      <v lem="suspender" lss="A21.transitive-agentive-patient" mood="indicative" num="s" person="3" pos="vmis3s0" postype="main" tense="past" wd="suspendió"/>
    </grup.verb>
    <sadv arg="argM" func="cc" tem="mnr">
      <grup.adv>
        <r lem="indefinidamente" pos="rg" wd="indefinidamente"/>
      </grup.adv>
    </sadv>
    <sn arg="arg1" entityref="nne" func="cd" homophoricDD="yes" tem="pat">
      <spec gen="m" num="p">
        <d gen="m" lem="el" num="p" pos="da0mp0" postype="article" wd="los"/>
      </spec>
      <grup.nom gen="m" num="p">
        <n gen="m" lem="vuelo" lexicalid="noun.vuelo.1.default" num="p" origin="deverbal" pos="ncmp000" postype="common" sense="16:00195810" wd="vuelos"/>
        <s.a func="cn" gen="m" num="p">
          <grup.a gen="m" num="p">
            <a gen="m" lem="diario" num="p" pos="aq0mp0" postype="qualificative" wd="diarios"/>
          </grup.a>
        </s.a>
        <sp arg="argM" func="cn" tem="loc">
          <prep>
            <s lem="entre" pos="sps00" postype="preposition" wd="entre"/>
          </prep>
          <sn coreftype="ident" entity="entity1+entity3" entityref="spec">
            <spec gen="f" num="p">
              <d gen="f" lem="el" num="p" pos="da0fp0" postype="article" wd="las"/>
              <d gen="c" lem="dos" num="p" pos="dn0cp0" postype="numeral" wd="dos"/>
            </spec>
            <grup.nom gen="f" num="p">
              <n gen="f" lem="ciudad" num="p" pos="ncfp000" postype="common" sense="16:06287351" wd="ciudades"/>
            </grup.nom>
          </sn>
        </sp>
      </grup.nom>
    </sn>
    <sp arg="argM" func="cc" tem="cau">
      <prep>
        <s lem="a_raíz_de" pos="sps00" postype="preposition" wd="a_raíz_de"/>
      </prep>
      <sn entityref="nne" homophoricDD="yes">
        <spec gen="f" num="s">
          <d gen="f" lem="el" num="s" pos="da0fs0" postype="article" wd="la"/>
        </spec>
        <grup.nom gen="f" num="s">
          <n gen="f" lem="crisis" num="c" pos="ncfn000" postype="common" sense="16:10040291" wd="crisis"/>
          <s.a gen="f" num="s">
            <grup.a gen="f" num="s">
              <a gen="f" lem="aéreo" num="s" pos="aq0fs0" postype="qualificative" wd="aérea"/>
            </grup.a>
          </s.a>
          <S clausetype="participle" impersonal="yes">
            <participi>
              <a gen="f" lem="generado" lss="B22.unaccusative-passive-transitive" num="s" pos="aq0fsp" posfunction="participle" postype="qualificative" wd="generada"/>
            </participi>
            <sp arg="argM" func="cc" tem="tmp">
              <prep>
                <s lem="tras" pos="sps00" postype="preposition" wd="tras"/>
              </prep>
              <sn entity="entity10" entityref="nne" homophoricDD="yes">
                <spec gen="m" num="p">
                  <d gen="m" lem="el" num="p" pos="da0mp0" postype="article" wd="los"/>
                </spec>
                <grup.nom gen="m" num="p">
                  <n gen="m" lem="atentado" lexicalid="noun.atentado.1.default" num="p" origin="deverbal" pos="ncmp000" postype="common" sense="16:00494444" wd="atentados"/>
                  <sp arg="argM" func="cn" tem="tmp">
                    <prep>
                      <s contracted="yes" gen="m" lem="del" num="s" pos="spcms" postype="preposition" wd="del"/>
                    </prep>
                    <sn entityref="ne" ne="date">
                      <grup.nom gen="m" num="s">
                        <S clausetype="participle" impersonal="yes">
                          <participi>
                            <a gen="m" lem="pasado" num="s" pos="aq0msp" posfunction="participle" postype="qualificative" wd="pasado"/>
                          </participi>
                        </S>
                        <w lem="[??:11/09/??:??.??]" ne="date" wd="11_de_septiembre"/>
                      </grup.nom>
                    </sn>
                  </sp>
                  <sp arg="argM" func="cn" tem="loc">
                    <prep>
                      <s lem="en" pos="sps00" postype="preposition" wd="en"/>
                    </prep>
                    <sn entityref="ne" ne="location">
                      <grup.nom>
                        <n lem="EEUU" ne="location" pos="np00000" postype="proper" wd="EEUU"/>
                      </grup.nom>
                    </sn>
                  </sp>
                </grup.nom>
              </sn>
            </sp>
          </S>
        </grup.nom>
      </sn>
    </sp>
    <f lem="." pos="fp" punct="period" wd="."/>
  </sentence>
  <sentence coord="yes">
    <S>
      <sn arg="arg1" entityref="nne" func="suj" homophoricDD="yes" tem="tem">
        <spec gen="f" num="s">
          <d gen="f" lem="el" num="s" pos="da0fs0" postype="article" wd="La"/>
        </spec>
        <grup.nom gen="f" num="s">
          <n gen="f" lem="supresión" lexicalid="noun.supresión.1.default" num="s" origin="deverbal" pos="ncfs000" postype="common" sense="16:00744204" wd="supresión"/>
          <sp arg="arg1" func="cn" tem="pat">
            <prep>
              <s lem="de" pos="sps00" postype="preposition" wd="de"/>
            </prep>
            <sn entityref="nne" homophoricDD="yes">
              <spec gen="m" num="p">
                <d gen="m" lem="el" num="p" pos="da0mp0" postype="article" wd="los"/>
              </spec>
              <grup.nom gen="m" num="p">
                <n gen="m" lem="vuelo" lexicalid="noun.vuelo.1.default" num="p" origin="deverbal" pos="ncmp000" postype="common" sense="16:00195810" wd="vuelos"/>
                <sp arg="arg0" func="cn" tem="agt">
                  <prep>
                    <s lem="de" pos="sps00" postype="preposition" wd="de"/>
                  </prep>
                  <sn coreftype="ident" entity="entity2" entityref="ne" ne="organization">
                    <grup.nom>
                      <n lem="Delta_Airlines" ne="organization" pos="np00000" postype="proper" wd="Delta_Airlines"/>
                    </grup.nom>
                  </sn>
                </sp>
                <sp arg="arg4" func="cn" tem="des">
                  <prep>
                    <s lem="a" pos="sps00" postype="preposition" wd="a"/>
                  </prep>
                  <sn complex="yes">
                    <grup.nom coord="yes">
                      <grup.nom coreftype="ident" entity="entity1">
                        <n lem="Nueva_York" ne="location" pos="np00000" postype="proper" wd="Nueva_York"/>
                      </grup.nom>
                      <conj conjunctiontype="coordinating">
                        <c lem="y" pos="cc" postype="coordinating" wd="y"/>
                      </conj>
                      <grup.nom>
                        <n lem="Atlanta" ne="location" pos="np00000" postype="proper" wd="Atlanta"/>
                      </grup.nom>
                    </grup.nom>
                  </sn>
                </sp>
                <sp arg="arg3" func="cn" tem="ori">
                  <prep>
                    <s lem="desde" pos="sps00" postype="preposition" wd="desde"/>
                  </prep>
                  <sn coreftype="ident" entity="entity3" entityref="ne" ne="location">
                    <grup.nom>
                      <n lem="Barcelona" ne="location" pos="np00000" postype="proper" wd="Barcelona"/>
                    </grup.nom>
                  </sn>
                </sp>
              </grup.nom>
            </sn>
          </sp>
        </grup.nom>
      </sn>
      <neg func="mod">
        <r lem="no" pos="rn" postype="negative" wd="no"/>
      </neg>
      <grup.verb>
        <v lem="ser" lss="C21.state-attributive" mood="indicative" num="s" person="3" pos="vsip3s0" postype="semiauxiliary" tense="present" wd="es"/>
      </grup.verb>
      <sn arg="arg2" entityref="nne" func="atr" tem="atr">
        <spec gen="f" num="s">
          <d gen="f" lem="uno" num="s" pos="di0fs0" postype="indefinite" wd="una"/>
        </spec>
        <grup.nom gen="f" num="s">
          <n gen="f" lem="consecuencia" num="s" pos="ncfs000" postype="common" sense="16:07766144" wd="consecuencia"/>
          <s.a gen="f" num="s">
            <grup.a gen="f" num="s">
              <a gen="f" lem="directo" num="s" pos="aq0fs0" postype="qualificative" wd="directa"/>
            </grup.a>
          </s.a>
          <sp>
            <prep>
              <s lem="de" pos="sps00" postype="preposition" wd="de"/>
            </prep>
            <sn coreftype="ident" entity="entity10" entityref="nne">
              <spec gen="m" num="p">
                <d gen="m" lem="el" num="p" pos="da0mp0" postype="article" wd="los"/>
              </spec>
              <grup.nom gen="m" num="p">
                <n gen="m" lem="ataque" lexicalid="noun.ataque.1.default" num="p" origin="deverbal" pos="ncmp000" postype="common" sense="16:00494444" wd="ataques"/>
                <s.a arg="arg0" func="cn" gen="m" num="p" tem="agt">
                  <grup.a gen="m" num="p">
                    <a gen="c" lem="terrorista" num="p" pos="aq0cp0" postype="qualificative" wd="terroristas"/>
                  </grup.a>
                </s.a>
              </grup.nom>
            </sn>
          </sp>
        </grup.nom>
      </sn>
      <f lem="," pos="fc" punct="comma" wd=","/>
    </S>
    <conj conjunctiontype="coordinating">
      <c lem="sino" pos="cc" postype="coordinating" wd="sino"/>
    </conj>
    <S verbless="yes">
      <sn entityref="nne">
        <spec gen="m" num="s">
          <d gen="m" lem="uno" num="s" pos="di0ms0" postype="indefinite" wd="un"/>
        </spec>
        <grup.nom gen="m" num="s">
          <n gen="m" lem="ajuste" lexicalid="noun.ajuste.1.default" num="s" origin="deverbal" pos="ncms000" postype="common" sense="16:05487652" wd="ajuste"/>
          <sp arg="arg1" func="cn" tem="pat">
            <prep>
              <s lem="en" pos="sps00" postype="preposition" wd="en"/>
            </prep>
            <sn entityref="nne" homophoricDD="yes">
              <spec gen="f" num="s">
                <d gen="f" lem="el" num="s" pos="da0fs0" postype="article" wd="la"/>
              </spec>
              <grup.nom gen="f" num="s">
                <n gen="f" lem="programación" lexicalid="noun.programación.1.default" num="s" origin="deverbal" pos="ncfs000" postype="common" sense="16:00741877" wd="programación"/>
                <sp arg="arg0" func="cn" tem="agt">
                  <prep>
                    <s lem="de" pos="sps00" postype="preposition" wd="de"/>
                  </prep>
                  <sn coreftype="ident" entity="entity2" entityref="spec">
                    <spec gen="f" num="s">
                      <d gen="f" lem="el" num="s" pos="da0fs0" postype="article" wd="la"/>
                    </spec>
                    <grup.nom gen="f" num="s">
                      <n gen="f" lem="compañía" num="s" pos="ncfs000" postype="common" sense="16:06006256" wd="compañía"/>
                    </grup.nom>
                  </sn>
                </sp>
              </grup.nom>
            </sn>
          </sp>
          <S clausetype="adverbial" func="cn" impersonal="yes">
            <gerundi>
              <v lem="coincidir" lss="C21.state-attributive" mood="gerund" pos="vmg0000" postype="main" wd="coincidiendo"/>
            </gerundi>
            <sp arg="arg2" func="creg" tem="atr">
              <prep>
                <s lem="con" pos="sps00" postype="preposition" wd="con"/>
              </prep>
              <sn entityref="nne" homophoricDD="yes">
                <spec gen="m" num="s">
                  <d gen="m" lem="el" num="s" pos="da0ms0" postype="article" wd="el"/>
                </spec>
                <grup.nom gen="m" num="s">
                  <n gen="m" lem="final" num="s" pos="ncms000" postype="common" sense="16:04515461" wd="final"/>
                  <sp>
                    <prep>
                      <s lem="de" pos="sps00" postype="preposition" wd="de"/>
                    </prep>
                    <sn entityref="nne" homophoricDD="yes">
                      <spec gen="f" num="s">
                        <d gen="f" lem="el" num="s" pos="da0fs0" postype="article" wd="la"/>
                      </spec>
                      <grup.nom gen="f" num="s">
                        <n gen="f" lem="temporada" num="s" pos="ncfs000" postype="common" sense="16:10947841" wd="temporada"/>
                        <s.a gen="f" num="s">
                          <grup.a gen="f" num="s">
                            <a gen="f" lem="alto" num="s" pos="aq0fs0" postype="qualificative" wd="alta"/>
                          </grup.a>
                        </s.a>
                      </grup.nom>
                    </sn>
                  </sp>
                </grup.nom>
              </sn>
            </sp>
          </S>
        </grup.nom>
      </sn>
    </S>
    <f lem="." pos="fp" punct="period" wd="."/>
  </sentence>
  <sentence coord="yes">
    <sn adjunct="yes" arg="argM" entityref="nne" func="cc" tem="tmp">
      <spec gen="m" num="s">
        <d gen="c" lem="cada" num="s" pos="di0cs0" postype="indefinite" wd="Cada"/>
      </spec>
      <grup.nom gen="m" num="s">
        <n gen="m" lem="año" num="s" pos="ncms000" postype="common" sense="16:10917791" wd="año"/>
        <sp>
          <prep>
            <s lem="por" pos="sps00" postype="preposition" wd="por"/>
          </prep>
          <sn entityref="nne">
            <spec gen="f" num="p">
              <d gen="f" lem="este" num="p" pos="dd0fp0" postype="demonstrative" wd="estas"/>
            </spec>
            <grup.nom gen="f" num="p">
              <n gen="f" lem="fecha" num="p" pos="ncfp000" postype="common" sense="16:10880047" wd="fechas"/>
            </grup.nom>
          </sn>
        </sp>
      </grup.nom>
      <f lem="," pos="fc" punct="comma" wd=","/>
    </sn>
    <S coord="yes">
      <S>
        <sn arg="arg0" coreftype="ident" entity="entity2" entityref="ne" func="suj" ne="organization" tem="agt">
          <grup.nom>
            <n lem="Delta" ne="organization" pos="np00000" postype="proper" wd="Delta"/>
          </grup.nom>
        </sn>
        <grup.verb>
          <v lem="suspender" lss="A21.transitive-agentive-patient" mood="indicative" num="s" person="3" pos="vmip3s0" postype="main" tense="present" wd="suspende"/>
        </grup.verb>
        <sadv arg="argM" func="cc" tem="cau">
          <grup.adv>
            <r lem="temporalmente" pos="rg" wd="temporalmente"/>
          </grup.adv>
        </sadv>
        <sn arg="arg1" entity="entity4" entityref="nne" func="cd" tem="pat">
          <spec gen="f" num="s">
            <d gen="f" lem="el" num="s" pos="da0fs0" postype="article" wd="la"/>
          </spec>
          <grup.nom gen="f" num="s">
            <n gen="f" lem="conexión" lexicalid="noun.conexión.2.default" num="s" origin="deverbal" pos="ncfs000" postype="common" sense="16:04734393" wd="conexión"/>
            <s.a func="cn" gen="f" num="s">
              <grup.a gen="f" num="s">
                <a gen="f" lem="directo" num="s" pos="aq0fs0" postype="qualificative" wd="directa"/>
              </grup.a>
            </s.a>
          </grup.nom>
        </sn>
      </S>
      <conj conjunctiontype="coordinating">
        <c lem="y" pos="cc" postype="coordinating" wd="y"/>
      </conj>
      <S>
        <sn arg="arg0" coreftype="ident" elliptic="yes" entity="entity2" entityref="spec" func="suj" tem="agt"/>
        <sn arg="arg1" coreftype="ident" entity="entity4" entityref="nne" func="cd" tem="pat">
          <grup.nom gen="f" num="s">
            <p case="accusative" gen="f" lem="él" num="s" person="3" pos="pp3fsa00" postype="personal" wd="la"/>
          </grup.nom>
        </sn>
        <grup.verb>
          <v lem="sustituir" lss="A34.ditransitive-patient-theme" mood="indicative" num="s" person="3" pos="vmip3s0" postype="main" tense="present" wd="sustituye"/>
        </grup.verb>
        <sp arg="arg2" func="creg" tem="tem">
          <prep>
            <s lem="por" pos="sps00" postype="preposition" wd="por"/>
          </prep>
          <sn entityref="nne">
            <spec gen="m" num="s">
              <d gen="m" lem="uno" num="s" pos="di0ms0" postype="indefinite" wd="un"/>
            </spec>
            <grup.nom gen="m" num="s">
              <n gen="m" lem="vuelo" lexicalid="noun.vuelo.1.default" num="s" origin="deverbal" pos="ncms000" postype="common" sense="16:00195002" wd="vuelo"/>
              <sp func="cn">
                <prep>
                  <s lem="con" pos="sps00" postype="preposition" wd="con"/>
                </prep>
                <sn entityref="nne">
                  <grup.nom gen="f" num="s">
                    <n gen="f" lem="escala" num="s" pos="ncfs000" postype="common" sense="16:cs1" wd="escala"/>
                    <sp>
                      <prep>
                        <s lem="en" pos="sps00" postype="preposition" wd="en"/>
                      </prep>
                      <sn entityref="ne" ne="location">
                        <grup.nom>
                          <n lem="Barajas" ne="location" pos="np00000" postype="proper" wd="Barajas"/>
                        </grup.nom>
                      </sn>
                    </sp>
                  </grup.nom>
                </sn>
              </sp>
            </grup.nom>
          </sn>
        </sp>
      </S>
    </S>
    <f lem="." pos="fp" punct="period" wd="."/>
  </sentence>
  <sentence>
    <sp func="ao">
      <prep>
        <s lem="según" pos="sps00" postype="preposition" wd="Según"/>
      </prep>
      <sn entityref="nne">
        <grup.nom gen="f" num="p">
          <n gen="f" lem="fuente" num="p" pos="ncfp000" postype="common" sense="16:07338656" wd="fuentes"/>
          <sp>
            <prep>
              <s lem="de" pos="sps00" postype="preposition" wd="de"/>
            </prep>
            <sn coreftype="ident" entity="entity2" entityref="ne" ne="organization">
              <grup.nom>
                <n lem="Delta_Airlines" ne="organization" pos="np00000" postype="proper" wd="Delta_Airlines"/>
              </grup.nom>
            </sn>
          </sp>
        </grup.nom>
      </sn>
      <f lem="," pos="fc" punct="comma" wd=","/>
    </sp>
    <sn arg="arg1" entityref="nne" func="suj" homophoricDD="yes" tem="pat">
      <spec gen="m" num="s">
        <d gen="m" lem="el" num="s" pos="da0ms0" postype="article" wd="el"/>
      </spec>
      <grup.nom gen="m" num="s">
        <n gen="m" lem="servicio" lexicalid="noun.servicio.1.default" num="s" origin="deverbal" pos="ncms000" postype="common" sense="16:00379388" wd="servicio"/>
      </grup.nom>
    </sn>
    <morfema.verbal func="pass">
      <p gen="c" lem="se" num="c" pos="p0000000" wd="se"/>
    </morfema.verbal>
    <grup.verb>
      <v lem="restablecer" lss="B22.unaccusative-passive-transitive" mood="indicative" num="s" person="3" pos="vmif3s0" postype="main" tense="future" wd="restablecerá"/>
    </grup.verb>
    <sp arg="argM" func="cc" tem="tmp">
      <prep>
        <s lem="en" pos="sps00" postype="preposition" wd="en"/>
      </prep>
      <sn complex="yes" entityref="nne">
        <grup.nom coord="yes">
          <grup.nom coord="yes">
            <grup.nom gen="m" num="s">
              <w lem="[??:??/04/??:??.??]" ne="date" wd="abril"/>
            </grup.nom>
            <conj conjunctiontype="coordinating">
              <c lem="o" pos="cc" postype="coordinating" wd="o"/>
            </conj>
            <grup.nom gen="m" num="s">
              <w lem="[??:??/05/??:??.??]" ne="date" wd="mayo"/>
            </grup.nom>
          </grup.nom>
          <sp adjunct="yes">
            <prep>
              <s contracted="yes" gen="m" lem="del" num="s" pos="spcms" postype="preposition" wd="del"/>
            </prep>
            <sn entityref="nne" homophoricDD="yes">
              <grup.nom gen="m" num="s">
                <s.a gen="m" num="s">
                  <grup.a gen="m" num="s">
                    <a gen="m" lem="próximo" num="s" pos="aq0ms0" postype="qualificative" wd="próximo"/>
                  </grup.a>
                </s.a>
                <n gen="m" lem="año" num="s" pos="ncms000" postype="common" sense="16:10917791" wd="año"/>
              </grup.nom>
            </sn>
          </sp>
        </grup.nom>
      </sn>
    </sp>
    <f lem="." pos="fp" punct="period" wd="."/>
  </sentence>
  <sentence>
    <conj conjunctiontype="subordinating" func="et">
      <c lem="mientras" pos="cs" postype="subordinating" wd="Mientras"/>
      <f lem="," pos="fc" punct="comma" wd=","/>
    </conj>
    <morfema.verbal func="pass">
      <p gen="c" lem="se" num="c" pos="p0000000" wd="se"/>
    </morfema.verbal>
    <grup.verb>
      <v lem="mantener" lss="B22.unaccusative-passive-transitive" mood="indicative" num="p" person="3" pos="vmip3p0" postype="main" tense="present" wd="mantienen"/>
    </grup.verb>
    <sn arg="arg1" entityref="nne" func="suj" homophoricDD="yes" tem="pat">
      <spec gen="m" num="p">
        <d gen="m" lem="el" num="p" pos="da0mp0" postype="article" wd="los"/>
      </spec>
      <grup.nom gen="m" num="p">
        <n gen="m" lem="vuelo" lexicalid="noun.vuelo.1.default" num="p" origin="deverbal" pos="ncmp000" postype="common" sense="16:00195810" wd="vuelos"/>
        <s.a func="cn" gen="m" num="p">
          <grup.a gen="m" num="p">
            <a gen="m" lem="directo" num="p" pos="aq0mp0" postype="qualificative" wd="directos"/>
          </grup.a>
        </s.a>
        <s.a func="cn" gen="m" num="p">
          <grup.a gen="m" num="p">
            <a gen="m" lem="diario" num="p" pos="aq0mp0" postype="qualificative" wd="diarios"/>
          </grup.a>
        </s.a>
        <sp arg="argM" coord="yes" func="cn" tem="loc">
          <sp>
            <prep>
              <s lem="entre" pos="sps00" postype="preposition" wd="entre"/>
            </prep>
            <sn complex="yes">
              <grup.nom coord="yes">
                <grup.nom entity="entity11">
                  <n lem="Madrid" ne="location" pos="np00000" postype="proper" wd="Madrid"/>
                </grup.nom>
                <conj conjunctiontype="coordinating">
                  <c lem="y" pos="cc" postype="coordinating" wd="y"/>
                </conj>
                <grup.nom coreftype="ident" entity="entity1">
                  <n lem="Nueva_York" ne="location" pos="np00000" postype="proper" wd="Nueva_York"/>
                </grup.nom>
              </grup.nom>
            </sn>
          </sp>
          <conj conjunctiontype="coordinating">
            <c lem="y" pos="cc" postype="coordinating" wd="y"/>
          </conj>
          <sp>
            <prep>
              <s lem="entre" pos="sps00" postype="preposition" wd="entre"/>
            </prep>
            <sn complex="yes">
              <grup.nom coord="yes">
                <grup.nom coreftype="ident" entity="entity11">
                  <n lem="Madrid" ne="location" pos="np00000" postype="proper" wd="Madrid"/>
                </grup.nom>
                <conj conjunctiontype="coordinating">
                  <c lem="y" pos="cc" postype="coordinating" wd="y"/>
                </conj>
                <grup.nom>
                  <n lem="Atlanta" ne="location" pos="np00000" postype="proper" wd="Atlanta"/>
                </grup.nom>
              </grup.nom>
            </sn>
          </sp>
        </sp>
      </grup.nom>
    </sn>
    <f lem="." pos="fp" punct="period" wd="."/>
  </sentence>
  <sentence>
    <sn arg="arg0" entity="entity5" entityref="nne" func="suj" tem="agt">
      <spec gen="m" num="p">
        <d gen="m" lem="el" num="p" pos="da0mp0" postype="article" wd="Los"/>
      </spec>
      <grup.nom gen="m" num="p">
        <n gen="m" lem="avión" num="p" pos="ncmp000" postype="common" sense="16:02174460" wd="aviones"/>
        <S clausetype="relative">
          <relatiu arg="arg0" coreftype="ident" entity="entity5" entityref="nne" func="suj" tem="cau">
            <p gen="c" lem="que" num="c" pos="pr0cn000" postype="relative" wd="que"/>
          </relatiu>
          <grup.verb>
            <v lem="cubrir" lss="A11.transitive-causative" mood="subjunctive" num="p" person="3" pos="vmsp3p0" postype="main" tense="present" wd="cubran"/>
          </grup.verb>
          <sn arg="arg1" entityref="nne" func="cd" tem="tem">
            <spec gen="f" num="p">
              <d gen="f" lem="ambos" num="p" pos="dn0fp0" postype="numeral" wd="ambas"/>
            </spec>
            <grup.nom gen="f" num="p">
              <n gen="f" lem="ruta" num="p" pos="ncfp000" postype="common" sense="16:06348591" wd="rutas"/>
            </grup.nom>
          </sn>
        </S>
      </grup.nom>
    </sn>
    <grup.verb>
      <v lem="haber" mood="indicative" num="p" person="3" pos="vaif3p0" postype="auxiliary" tense="future" wd="habrán"/>
      <v gen="m" lem="despegar" lss="D11.inergative-agentive" mood="participle" num="s" pos="vmp00sm" postype="main" wd="despegado"/>
    </grup.verb>
    <sadv arg="argM" func="cc" tem="tmp">
      <grup.adv>
        <r lem="previamente" pos="rg" wd="previamente"/>
      </grup.adv>
    </sadv>
    <sp arg="argM" func="cc" tem="loc">
      <prep>
        <s lem="de" pos="sps00" postype="preposition" wd="de"/>
      </prep>
      <sn coreftype="ident" entity="entity3" entityref="ne" ne="location">
        <grup.nom>
          <n lem="Barcelona" ne="location" pos="np00000" postype="proper" wd="Barcelona"/>
        </grup.nom>
      </sn>
    </sp>
    <f lem="." pos="fp" punct="period" wd="."/>
  </sentence>
  <sentence coord="yes">
    <S>
      <sadv func="et">
        <grup.adv>
          <r lem="sin_embargo" pos="rg" wd="Sin_embargo"/>
        </grup.adv>
        <f lem="," pos="fc" punct="comma" wd=","/>
      </sadv>
      <sn arg="arg0" entity="entity6" entityref="nne" func="suj" homophoricDD="yes" tem="agt">
        <spec gen="m" num="p">
          <d gen="m" lem="el" num="p" pos="da0mp0" postype="article" wd="los"/>
        </spec>
        <grup.nom gen="m" num="p">
          <n gen="m" lem="pasajero" num="p" pos="ncmp000" postype="common" sense="16:07460409" wd="pasajeros"/>
          <sp>
            <prep>
              <s lem="de" pos="sps00" postype="preposition" wd="de"/>
            </prep>
            <sn coreftype="ident" entity="entity7" entityref="ne" ne="organization">
              <grup.nom>
                <n lem="Iberia" ne="organization" pos="np00000" postype="proper" wd="Iberia"/>
              </grup.nom>
            </sn>
          </sp>
          <S clausetype="relative">
            <relatiu arg="arg0" coreftype="ident" entity="entity6" entityref="nne" func="suj" tem="agt">
              <p gen="c" lem="que" num="c" pos="pr0cn000" postype="relative" wd="que"/>
            </relatiu>
            <grup.verb>
              <v lem="pretender" lss="A21.transitive-agentive-patient" mood="subjunctive" num="p" person="3" pos="vmsp3p0" postype="main" tense="present" wd="pretendan"/>
            </grup.verb>
            <S arg="arg1" clausetype="completive" func="cd" impersonal="yes" tem="pat">
              <infinitiu>
                <v lem="volar" lss="D11.inergative-agentive" mood="infinitive" pos="vmn0000" postype="main" wd="volar"/>
              </infinitiu>
              <sp arg="arg4" func="cc" tem="des">
                <prep>
                  <s lem="a" pos="sps00" postype="preposition" wd="a"/>
                </prep>
                <sn coreftype="ident" entity="entity1" entityref="ne" ne="location">
                  <grup.nom>
                    <n lem="Nueva_York" ne="location" pos="np00000" postype="proper" wd="Nueva_York"/>
                  </grup.nom>
                </sn>
              </sp>
              <sp arg="arg3" func="cc" tem="ori">
                <prep>
                  <s lem="desde" pos="sps00" postype="preposition" wd="desde"/>
                </prep>
                <sn coreftype="ident" entity="entity3" entityref="ne" ne="location">
                  <grup.nom>
                    <n lem="Barcelona" ne="location" pos="np00000" postype="proper" wd="Barcelona"/>
                  </grup.nom>
                </sn>
              </sp>
            </S>
            <f lem="," pos="fc" punct="comma" wd=","/>
          </S>
        </grup.nom>
      </sn>
      <grup.verb>
        <v lem="tener" mood="indicative" num="p" person="3" pos="vmif3p0" postype="main" tense="future" wd="tendrán"/>
        <c lem="que" pos="cs" postype="subordinating" wd="que"/>
        <infinitiu>
          <v lem="pasar" lss="D11.inergative-agentive" mood="infinitive" pos="vmn0000" postype="main" wd="pasar"/>
        </infinitiu>
      </grup.verb>
      <sadv arg="argM" func="cc" tem="tmp">
        <grup.adv>
          <r lem="primero" pos="rg" wd="primero"/>
        </grup.adv>
      </sadv>
      <sp arg="arg2" func="cc" tem="loc">
        <prep>
          <s lem="por" pos="sps00" postype="preposition" wd="por"/>
        </prep>
        <sn entityref="ne" ne="other">
          <spec gen="m" num="s">
            <d gen="m" lem="el" num="s" pos="da0ms0" postype="article" wd="el"/>
          </spec>
          <grup.nom gen="m" num="s">
            <n lem="Puente_Aéreo" ne="other" pos="np00000" postype="proper" wd="Puente_Aéreo"/>
          </grup.nom>
        </sn>
      </sp>
    </S>
    <conj conjunctiontype="coordinating">
      <c lem="y" pos="cc" postype="coordinating" wd="y"/>
    </conj>
    <S verbless="yes">
      <infinitiu>
        <v lem="cambiar" mood="infinitive" pos="vmn0000" postype="main" wd="cambiar"/>
      </infinitiu>
      <sp>
        <prep>
          <s lem="de" pos="sps00" postype="preposition" wd="de"/>
        </prep>
        <sn entityref="nne">
          <grup.nom gen="m" num="s">
            <n gen="m" lem="avión" num="s" pos="ncms000" postype="common" sense="16:02174460" wd="avión"/>
          </grup.nom>
        </sn>
      </sp>
      <sp>
        <prep>
          <s lem="en" pos="sps00" postype="preposition" wd="en"/>
        </prep>
        <sn coreftype="ident" entity="entity11" entityref="ne" ne="location">
          <grup.nom>
            <n lem="Madrid" ne="location" pos="np00000" postype="proper" wd="Madrid"/>
          </grup.nom>
        </sn>
      </sp>
      <S clausetype="adverbial" verbless="yes">
        <f lem="," pos="fc" punct="comma" wd=","/>
        <conj conjunctiontype="subordinating">
          <c lem="igual_que" pos="cs" postype="subordinating" wd="igual_que"/>
        </conj>
        <sn entityref="nne" homophoricDD="yes">
          <spec gen="m" num="p">
            <d gen="m" lem="el" num="p" pos="da0mp0" postype="article" wd="los"/>
          </spec>
          <grup.nom gen="m" num="p">
            <n gen="m" lem="viajero" num="p" pos="ncmp000" postype="common" sense="16:07670781" wd="viajeros"/>
            <sp>
              <prep>
                <s lem="de" pos="sps00" postype="preposition" wd="de"/>
              </prep>
              <sn entityref="nne" homophoricDD="yes">
                <spec gen="f" num="p">
                  <d gen="f" lem="el" num="p" pos="da0fp0" postype="article" wd="las"/>
                </spec>
                <grup.nom gen="f" num="p">
                  <n gen="f" lem="compañía" num="p" pos="ncfp000" postype="common" sense="16:06006256" wd="compañías"/>
                  <s.a gen="f" num="p">
                    <grup.a gen="f" num="p">
                      <a gen="c" lem="estadounidense" num="p" pos="aq0cp0" postype="qualificative" wd="estadounidenses"/>
                    </grup.a>
                  </s.a>
                  <sn complex="yes">
                    <grup.nom coord="yes">
                      <grup.nom>
                        <n lem="Continental" ne="organization" pos="np00000" postype="proper" wd="Continental"/>
                      </grup.nom>
                      <conj conjunctiontype="coordinating">
                        <c lem="y" pos="cc" postype="coordinating" wd="y"/>
                      </conj>
                      <grup.nom>
                        <n lem="American_Airlines" ne="organization" pos="np00000" postype="proper" wd="American_Airlines"/>
                      </grup.nom>
                    </grup.nom>
                  </sn>
                </grup.nom>
              </sn>
            </sp>
          </grup.nom>
        </sn>
      </S>
    </S>
    <f lem="." pos="fp" punct="period" wd="."/>
  </sentence>
  <sentence>
    <sn arg="arg1" entity="entity9" entityref="ne" func="suj" ne="location" tem="tem">
      <spec gen="m" num="s">
        <d gen="m" lem="el" num="s" pos="da0ms0" postype="article" wd="El"/>
      </spec>
      <grup.nom gen="m" num="s">
        <n gen="m" lem="aeropuerto" num="s" pos="ncms000" postype="common" sense="16:02175180" wd="aeropuerto"/>
        <sp>
          <prep>
            <s lem="de" pos="sps00" postype="preposition" wd="de"/>
          </prep>
          <sn entityref="ne" ne="location">
            <grup.nom>
              <n lem="El_Prat" ne="location" pos="np00000" postype="proper" wd="El_Prat"/>
            </grup.nom>
          </sn>
        </sp>
      </grup.nom>
    </sn>
    <grup.verb>
      <v lem="vivir" lss="C21.state-attributive" mood="indicative" num="s" person="3" pos="vmis3s0" postype="main" tense="past" wd="vivió"/>
    </grup.verb>
    <sadv arg="argM" func="cc" tem="tmp">
      <grup.adv>
        <r lem="ayer" pos="rg" wd="ayer"/>
      </grup.adv>
    </sadv>
    <sn arg="arg2" entityref="nne" func="cd" functype="quantitative" tem="atr">
      <spec gen="f" num="s">
        <d gen="f" lem="uno" num="s" pos="di0fs0" postype="indefinite" wd="una"/>
      </spec>
      <grup.nom gen="f" num="s">
        <n gen="f" lem="jornada" num="s" pos="ncfs000" postype="common" sense="16:10862458" wd="jornada"/>
        <s.a gen="f" num="s">
          <grup.a gen="f" num="s">
            <a gen="f" lem="tranquilo" num="s" pos="aq0fs0" postype="qualificative" wd="tranquila"/>
          </grup.a>
        </s.a>
      </grup.nom>
    </sn>
    <sp arg="argM" func="cc" tem="adv">
      <prep>
        <s lem="pese_a" pos="sps00" postype="preposition" wd="pese_a"/>
      </prep>
      <S clausetype="completive" impersonal="yes">
        <infinitiu>
          <v lem="tratar" lss="C21.state-attributive" mood="infinitive" pos="vmn0000" postype="main" wd="tratarse"/>
        </infinitiu>
        <sp arg="arg2" func="creg" tem="atr">
          <prep>
            <s contracted="yes" gen="m" lem="del" num="s" pos="spcms" postype="preposition" wd="del"/>
          </prep>
          <sn entityref="nne" homophoricDD="yes">
            <grup.nom gen="m" num="s">
              <n gen="m" lem="inicio" lexicalid="noun.inicio.3.default" num="s" origin="deverbal" pos="ncms000" postype="common" sense="16:05459242" wd="inicio"/>
              <sp arg="arg1" func="cn" tem="tem">
                <prep>
                  <s contracted="yes" gen="m" lem="del" num="s" pos="spcms" postype="preposition" wd="del"/>
                </prep>
                <sn entityref="ne" ne="other">
                  <grup.nom gen="m" num="s">
                    <n lem="Puente_de_Todos_los_Santos" ne="other" pos="np00000" postype="proper" wd="Puente_de_Todos_los_Santos"/>
                  </grup.nom>
                </sn>
              </sp>
            </grup.nom>
          </sn>
        </sp>
      </S>
    </sp>
    <f lem="." pos="fp" punct="period" wd="."/>
  </sentence>
  <sentence coord="yes">
    <sp adjunct="yes" func="ao">
      <prep>
        <s lem="según" pos="sps00" postype="preposition" wd="Según"/>
      </prep>
      <sn entity="entity8" entityref="nne">
        <grup.nom gen="f" num="p">
          <n gen="f" lem="fuente" num="p" pos="ncfp000" postype="common" sense="16:07338656" wd="fuentes"/>
          <s.a gen="f" num="p">
            <grup.a gen="f" num="p">
              <a gen="f" lem="aeroportuario" num="p" pos="aq0fp0" postype="qualificative" wd="aeroportuarias"/>
            </grup.a>
          </s.a>
        </grup.nom>
      </sn>
      <f lem="," pos="fc" punct="comma" wd=","/>
    </sp>
    <S coord="yes">
      <S>
        <sn arg="arg1" entityref="nne" func="suj" homophoricDD="yes" tem="tem">
          <spec gen="f" num="s">
            <d gen="f" lem="el" num="s" pos="da0fs0" postype="article" wd="la"/>
          </spec>
          <grup.nom gen="f" num="s">
            <n gen="f" lem="actividad" num="s" pos="ncfs000" postype="common" sense="16:00261466" wd="actividad"/>
            <s.a gen="f" num="s">
              <grup.a gen="f" num="s">
                <a gen="f" lem="aéreo" num="s" pos="aq0fs0" postype="qualificative" wd="aérea"/>
              </grup.a>
            </s.a>
            <sp>
              <prep>
                <s lem="en" pos="sps00" postype="preposition" wd="en"/>
              </prep>
              <sn entityref="nne">
                <spec gen="f" num="p">
                  <d gen="f" lem="el" num="p" pos="da0fp0" postype="article" wd="las"/>
                </spec>
                <grup.nom gen="f" num="p">
                  <n gen="c" lem="terminal" num="p" pos="nccp000" postype="common" sense="16:03487908" wd="terminales"/>
                </grup.nom>
              </sn>
            </sp>
          </grup.nom>
        </sn>
        <grup.verb>
          <v lem="ser" lss="C21.state-attributive" mood="indicative" num="s" person="3" pos="vsis3s0" postype="semiauxiliary" tense="past" wd="fue"/>
        </grup.verb>
        <sa arg="arg2" func="atr" tem="atr">
          <spec>
            <r lem="mucho" pos="rg" wd="muy"/>
          </spec>
          <grup.a>
            <a gen="c" lem="similar" num="s" pos="aq0cs0" postype="qualificative" wd="similar"/>
            <sp>
              <prep>
                <s lem="a" pos="sps00" postype="preposition" wd="a"/>
              </prep>
              <sn entityref="nne">
                <spec gen="f" num="s">
                  <d gen="f" lem="el" num="s" pos="da0fs0" postype="article" wd="la"/>
                </spec>
                <grup.nom gen="f" num="s">
                  <sp>
                    <prep>
                      <s lem="de" pos="sps00" postype="preposition" wd="de"/>
                    </prep>
                    <sn entityref="nne">
                      <spec gen="m" num="s">
                        <d gen="m" lem="uno" num="s" pos="di0ms0" postype="indefinite" wd="un"/>
                      </spec>
                      <grup.nom gen="m" num="s">
                        <n gen="m" lem="día" num="s" pos="ncms000" postype="common" sense="16:10883946" wd="día"/>
                        <s.a gen="m" num="s">
                          <grup.a gen="m" num="s">
                            <a gen="c" lem="normal" num="s" pos="aq0cs0" postype="qualificative" wd="normal"/>
                          </grup.a>
                        </s.a>
                      </grup.nom>
                    </sn>
                  </sp>
                </grup.nom>
              </sn>
            </sp>
          </grup.a>
        </sa>
      </S>
      <conj conjunctiontype="coordinating">
        <c lem="y" pos="cc" postype="coordinating" wd="y"/>
      </conj>
      <S>
        <neg func="mod">
          <r lem="no" pos="rn" postype="negative" wd="no"/>
        </neg>
        <morfema.verbal func="pass">
          <p gen="c" lem="se" num="c" pos="p0000000" wd="se"/>
        </morfema.verbal>
        <grup.verb>
          <v lem="registrar" lss="B12.unaccusative-passive-ditransitive" mood="indicative" num="p" person="3" pos="vmis3p0" postype="main" tense="past" wd="registraron"/>
        </grup.verb>
        <sn arg="arg1" complex="yes" entityref="nne" func="suj" tem="pat">
          <grup.nom coord="yes">
            <grup.nom gen="m" num="p">
              <n gen="c" lem="incidente" num="p" pos="nccp000" postype="common" sense="16:00615447" wd="incidentes"/>
            </grup.nom>
            <conj conjunctiontype="coordinating">
              <c lem="ni" pos="cc" postype="coordinating" wd="ni"/>
            </conj>
            <grup.nom gen="m" num="p">
              <n gen="m" lem="retraso" lexicalid="noun.retraso.1.default" num="p" origin="deverbal" pos="ncmp000" postype="common" sense="16:03940125" wd="retrasos"/>
              <s.a func="cn" gen="m" num="p">
                <grup.a gen="m" num="p">
                  <a gen="c" lem="importante" num="p" pos="aq0cp0" postype="qualificative" wd="importantes"/>
                </grup.a>
              </s.a>
            </grup.nom>
          </grup.nom>
        </sn>
      </S>
    </S>
    <f lem="." pos="fp" punct="period" wd="."/>
  </sentence>
  <sentence>
    <sn arg="arg0" coreftype="ident" entity="entity8" entityref="nne" func="suj" tem="agt">
      <spec gen="f" num="p">
        <d gen="f" lem="el" num="p" pos="da0fp0" postype="article" wd="Las"/>
        <d gen="f" lem="mismo" num="p" pos="di0fp0" postype="indefinite" wd="mismas"/>
      </spec>
      <grup.nom gen="f" num="p">
        <n gen="f" lem="fuente" num="p" pos="ncfp000" postype="common" sense="16:02576928" wd="fuentes"/>
      </grup.nom>
    </sn>
    <grup.verb>
      <v lem="explicar" lss="A32.ditransitive-patient-benefactive" mood="indicative" num="p" person="3" pos="vmis3p0" postype="main" tense="past" wd="explicaron"/>
    </grup.verb>
    <S arg="arg1" clausetype="completive" func="cd" tem="pat">
      <conj conjunctiontype="subordinating">
        <c lem="que" pos="cs" postype="subordinating" wd="que"/>
      </conj>
      <sp arg="argM" coord="yes" func="cc" tem="tmp">
        <sp>
          <prep>
            <s lem="desde" pos="sps00" postype="preposition" wd="desde"/>
          </prep>
          <sn entityref="ne" ne="date">
            <spec gen="m" num="s">
              <d gen="m" lem="el" num="s" pos="da0ms0" postype="article" wd="el"/>
            </spec>
            <grup.nom gen="m" num="s">
              <w lem="[miércoles:??/??/??:??.??]" ne="date" wd="miércoles"/>
            </grup.nom>
          </sn>
        </sp>
        <conj conjunctiontype="coordinating">
          <c lem="y" pos="cc" postype="coordinating" wd="y"/>
        </conj>
        <sp>
          <prep>
            <s lem="hasta" pos="sps00" postype="preposition" wd="hasta"/>
          </prep>
          <sn entityref="ne" ne="date">
            <spec gen="m" num="s">
              <d gen="m" lem="el" num="s" pos="da0ms0" postype="article" wd="el"/>
            </spec>
            <grup.nom gen="m" num="s">
              <w lem="[domingo:??/??/??:??.??]" ne="date" wd="domingo"/>
            </grup.nom>
          </sn>
        </sp>
      </sp>
      <grup.verb>
        <v lem="operar" lss="D11.inergative-agentive" mood="indicative" num="p" person="3" pos="vmif3p0" postype="main" tense="future" wd="operarán"/>
      </grup.verb>
      <sp arg="argM" func="cc" tem="loc">
        <prep>
          <s lem="en" pos="sps00" postype="preposition" wd="en"/>
        </prep>
        <sn coreftype="ident" entity="entity9" entityref="ne" ne="location">
          <grup.nom>
            <n lem="El_Prat" ne="location" pos="np00000" postype="proper" wd="El_Prat"/>
          </grup.nom>
        </sn>
      </sp>
      <sn arg="arg0" entity="entity12" entityref="nne" func="suj" tem="agt">
        <spec gen="m" num="p">
          <z lem="700" ne="number" wd="700"/>
        </spec>
        <grup.nom gen="m" num="p">
          <n gen="m" lem="vuelo" lexicalid="noun.vuelo.1.default" num="p" origin="deverbal" pos="ncmp000" postype="common" sense="16:00195810" wd="vuelos"/>
          <s.a func="cn" gen="m" num="p">
            <grup.a gen="m" num="p">
              <a gen="m" lem="diario" num="p" pos="aq0mp0" postype="qualificative" wd="diarios"/>
            </grup.a>
          </s.a>
          <sn corefsubtype="definit" coreftype="pred" entity="entity12" entityref="nne" func="cn">
            <f lem="," pos="fc" punct="comma" wd=","/>
            <spec gen="f" num="s">
              <d gen="f" lem="uno" num="s" pos="di0fs0" postype="indefinite" wd="una"/>
            </spec>
            <grup.nom gen="f" num="s">
              <n gen="f" lem="cifra" num="s" pos="ncfs000" postype="common" sense="16:09598019" wd="cifra"/>
              <s.a gen="f" num="s">
                <grup.a gen="f" num="s">
                  <a gen="c" lem="similar" num="s" pos="aq0cs0" postype="qualificative" wd="similar"/>
                  <sp>
                    <prep>
                      <s lem="a" pos="sps00" postype="preposition" wd="a"/>
                    </prep>
                    <sn entityref="nne">
                      <spec gen="f" num="s">
                        <d gen="f" lem="el" num="s" pos="da0fs0" postype="article" wd="la"/>
                      </spec>
                      <grup.nom gen="f" num="s">
                        <sp>
                          <prep>
                            <s lem="de" pos="sps00" postype="preposition" wd="de"/>
                          </prep>
                          <sn entityref="nne">
                            <grup.nom gen="f" num="p">
                              <n gen="f" lem="jornada" num="p" pos="ncfp000" postype="common" sense="16:10862458" wd="jornadas"/>
                              <s.a gen="f" num="p">
                                <neg>
                                  <r lem="no" pos="rn" postype="negative" wd="no"/>
                                </neg>
                                <grup.a gen="f" num="p">
                                  <a gen="f" lem="festivo" num="p" pos="aq0fp0" postype="qualificative" wd="festivas"/>
                                </grup.a>
                              </s.a>
                            </grup.nom>
                          </sn>
                        </sp>
                      </grup.nom>
                    </sn>
                  </sp>
                </grup.a>
              </s.a>
            </grup.nom>
          </sn>
        </grup.nom>
      </sn>
    </S>
    <f lem="." pos="fp" punct="period" wd="."/>
  </sentence>
</article>
