<?xml version="1.0" encoding="UTF-8"?>
<!-- 

  ancora-2.0
       
			Copyright (C) 2007, 2008, 2009, 2010, 2011 UB - CLiC
			Centre de Llenguatge i Computació - Universitat de Barcelona
 
  This file is part of ancora-2.0.
 
  ancora-2.0 is free software and data: you can redistribute it and/or modify
  it under the terms of the GNU General Public License as published
  by the Free Software Foundation, either version 3 of the License,
  or (at your option) any later version.

  ancora-2.0 is distributed in the hope that it will be useful,
  but WITHOUT ANY WARRANTY; without even the implied warranty of
  MERCHANTABILITY or FITNESS FOR A PARTICULAR PURPOSE.  See the
  GNU General Public License for more details.
 
  You should have received a copy of the GNU General Public License
  along with ancora-2.0.  If not, see &lt;http://www.gnu.org/licenses/&gt;.
 
  Check a text in catalan explaining the terms of the license at http://www.softcatala.cat/wiki/GPL3.
  In spanish at http://www.viti.es/gnu/licenses/gpl.html
 

  The following paper must be cited when using this corpus:

 * Taulé, M., M.A. Martí, M. Recasens (2008) 'Ancora: Multilevel Annotated Corpora for Catalan and Spanish',
   Proceedings of 6th International Conference on Language Resources and Evaluation. Marrakesh (Morocco).

  In addition, the following paper must be cited if coreference information (attributes entity, coreftype,
  corefsubtype, homophoricDD or entityref) is used:

 * Recasens, Marta, M. Antònia Martí (2010) ‘AnCora-CO: Coreferentially annotated corpora for Spanish and
   Catalan’. Language Resources and Evaluation, Springer Science.

  Additionally, the following paper must be cited when argumental attributes in "sn" or "grup.nom"
  (attributes func, arg, tem or lexicalid) are used:

 * Peris, Aina, Mariona Taulé, Horacio Rodríguez (2010) ‘Semantic Annotation of Deverbal Nominalizations in the
   Spanish AnCora corpus’. Treebanks and Linguistic Theories (TLT-2010), Estonia.
-->
<article lng="es">
  <sentence>
    <sn arg="arg0" coord="yes" entity="entity3" func="suj" tem="agt">
      <sn entity="entity9" entityref="ne" ne="organization">
        <spec gen="m" num="s">
          <d gen="m" lem="el" num="s" pos="da0ms0" postype="article" wd="El"/>
        </spec>
        <grup.nom gen="m" num="s">
          <n lem="PP" ne="organization" pos="np00000" postype="proper" wd="PP"/>
        </grup.nom>
      </sn>
      <conj conjunctiontype="coordinating">
        <c lem="y" pos="cc" postype="coordinating" wd="y"/>
      </conj>
      <sn entity="entity10" entityref="ne" ne="organization">
        <spec gen="m" num="s">
          <d gen="m" lem="el" num="s" pos="da0ms0" postype="article" wd="el"/>
        </spec>
        <grup.nom gen="m" num="s">
          <n lem="PSOE" ne="organization" pos="np00000" postype="proper" wd="PSOE"/>
        </grup.nom>
      </sn>
    </sn>
    <grup.verb>
      <v lem="denunciar" lss="A21.transitive-agentive-patient" mood="indicative" num="p" person="3" pos="vmis3p0" postype="main" tense="past" wd="denunciaron"/>
    </grup.verb>
    <sadv arg="argM" func="cc" tem="tmp">
      <grup.adv>
        <r lem="ayer" pos="rg" wd="ayer"/>
      </grup.adv>
    </sadv>
    <S arg="arg1" clausetype="completive" func="cd" tem="pat">
      <conj conjunctiontype="subordinating">
        <c lem="que" pos="cs" postype="subordinating" wd="que"/>
      </conj>
      <sn arg="arg0" entity="entity11" entityref="ne" func="suj" ne="organization" tem="agt">
        <spec gen="m" num="s">
          <d gen="m" lem="el" num="s" pos="da0ms0" postype="article" wd="el"/>
        </spec>
        <grup.nom gen="m" num="s">
          <n lem="Grupo_Independiente_Liberal" ne="organization" pos="np00000" postype="proper" wd="Grupo_Independiente_Liberal"/>
          <sn corefsubtype="definit" coreftype="pred" entity="entity11" entityref="ne" ne="organization">
            <grup.nom gen="m" num="s">
              <f lem="(" pos="fpa" punct="bracket" punctenclose="open" wd="("/>
              <n lem="GIL" ne="organization" pos="np00000" postype="proper" wd="GIL"/>
              <f lem=")" pos="fpt" punct="bracket" punctenclose="close" wd=")"/>
            </grup.nom>
          </sn>
        </grup.nom>
      </sn>
      <grup.verb>
        <v lem="haber" mood="indicative" num="s" person="3" pos="vaip3s0" postype="auxiliary" tense="present" wd="ha"/>
        <v gen="m" lem="ofrecer" lss="A32.ditransitive-patient-benefactive" mood="participle" num="s" pos="vmp00sm" postype="main" wd="ofrecido"/>
      </grup.verb>
      <sn arg="arg1" entity="entity4" entityref="nne" func="cd" tem="pat">
        <grup.nom gen="f" num="p">
          <f lem="&quot;" pos="fe" punct="quotation" wd="&quot;"/>
          <n gen="f" lem="cantidad" num="p" pos="ncfp000" postype="common" sense="16:04507519" wd="cantidades"/>
          <s.a gen="f" num="p">
            <grup.a gen="f" num="p">
              <a gen="f" lem="millonario" num="p" pos="aq0fp0" postype="qualificative" wd="millonarias"/>
            </grup.a>
          </s.a>
          <f lem="&quot;" pos="fe" punct="quotation" wd="&quot;"/>
        </grup.nom>
      </sn>
      <sp arg="arg2" func="ci" tem="ben">
        <prep>
          <s lem="a" pos="sps00" postype="preposition" wd="a"/>
        </prep>
        <sn entity="entity1" entityref="nne">
          <spec gen="m" num="p">
            <d gen="m" lem="varios" num="p" pos="di0mp0" postype="indefinite" wd="varios"/>
          </spec>
          <grup.nom gen="m" num="p">
            <n gen="m" lem="edil" num="p" pos="ncmp000" postype="common" sense="16:07171285" wd="ediles"/>
            <sp>
              <prep>
                <s lem="de" pos="sps00" postype="preposition" wd="de"/>
              </prep>
              <sn entityref="nne" homophoricDD="yes">
                <spec gen="f" num="s">
                  <d gen="f" lem="el" num="s" pos="da0fs0" postype="article" wd="la"/>
                </spec>
                <grup.nom gen="f" num="s">
                  <n gen="f" lem="oposición" lexicalid="noun.oposición.1.default" num="s" origin="deverbal" pos="ncfs000" postype="common" sense="16:cs1" wd="oposición"/>
                </grup.nom>
              </sn>
            </sp>
          </grup.nom>
        </sn>
      </sp>
      <sp arg="argM" func="cc" tem="fin">
        <prep>
          <s lem="para" pos="sps00" postype="preposition" wd="para"/>
        </prep>
        <S clausetype="completive">
          <conj conjunctiontype="subordinating">
            <c lem="que" pos="cs" postype="subordinating" wd="que"/>
          </conj>
          <sn arg="arg0" coreftype="ident" elliptic="yes" entity="entity1" entityref="nne" func="suj" tem="agt"/>
          <neg func="mod">
            <r lem="no" pos="rn" postype="negative" wd="no"/>
          </neg>
          <grup.verb>
            <v lem="propiciar" lss="A21.transitive-agentive-patient" mood="subjunctive" num="p" person="3" pos="vmsp3p0" postype="main" tense="present" wd="propicien"/>
          </grup.verb>
          <sn arg="arg1" entity="entity2" entityref="ne" func="cd" ne="other" tem="pat">
            <spec gen="m" num="s">
              <d gen="m" lem="el" num="s" pos="da0ms0" postype="article" wd="el"/>
            </spec>
            <grup.nom gen="m" num="s">
              <n gen="m" lem="pacto" num="s" pos="ncms000" postype="common" sense="16:05073174" wd="pacto"/>
              <s.a gen="m" num="s">
                <grup.a gen="m" num="s">
                  <a lem="anti-gil" postype="qualificative" wd="anti-Gil"/>
                </grup.a>
              </s.a>
              <S clausetype="relative">
                <f lem="," pos="fc" punct="comma" wd=","/>
                <relatiu arg="arg0" coreftype="ident" entity="entity2" entityref="spec" func="suj" tem="cau">
                  <p gen="c" lem="que" num="c" pos="pr0cn000" postype="relative" wd="que"/>
                </relatiu>
                <grup.verb>
                  <v lem="hacer" mood="indicative" num="s" person="3" pos="vmic3s0" postype="main" tense="conditional" wd="haría"/>
                  <infinitiu>
                    <v lem="perder" lss="A11.transitive-causative" mood="infinitive" pos="vmn0000" postype="main" wd="perder"/>
                  </infinitiu>
                </grup.verb>
                <sn arg="arg1" entityref="ne" func="cd" ne="organization" tem="tem">
                  <spec gen="f" num="s">
                    <d gen="f" lem="el" num="s" pos="da0fs0" postype="article" wd="la"/>
                  </spec>
                  <grup.nom gen="f" num="s">
                    <n gen="f" lem="alcaldía" num="s" pos="ncfs000" postype="common" sense="16:00391826" wd="alcaldía"/>
                    <sp>
                      <prep>
                        <s lem="de" pos="sps00" postype="preposition" wd="de"/>
                      </prep>
                      <sn entityref="ne" ne="location">
                        <sn entityref="ne" ne="location">
                          <grup.nom>
                            <n lem="Estepona" ne="location" pos="np00000" postype="proper" wd="Estepona"/>
                          </grup.nom>
                        </sn>
                        <sn adjunct="yes" entity="entity6" entityref="ne" ne="location">
                          <grup.nom>
                            <f lem="(" pos="fpa" punct="bracket" punctenclose="open" wd="("/>
                            <n lem="Málaga" ne="location" pos="np00000" postype="proper" wd="Málaga"/>
                            <f lem=")" pos="fpt" punct="bracket" punctenclose="close" wd=")"/>
                          </grup.nom>
                        </sn>
                      </sn>
                    </sp>
                  </grup.nom>
                </sn>
                <sp arg="arg2" func="ci" tem="ben">
                  <prep>
                    <s lem="a" pos="sps00" postype="preposition" wd="a"/>
                  </prep>
                  <sn entity="entity15" entityref="ne" ne="person">
                    <grup.nom gen="m" num="s">
                      <n lem="Jesús_Gil_Marín" ne="person" pos="np00000" postype="proper" wd="Jesús_Gil_Marín"/>
                      <sn corefsubtype="indefinit" coreftype="pred" entity="entity15">
                        <f lem="," pos="fc" punct="comma" wd=","/>
                        <grup.nom gen="m" num="s">
                          <n gen="m" lem="hijo" num="s" pos="ncms000" postype="common" sense="16:07154377" wd="hijo"/>
                          <sp>
                            <prep>
                              <s contracted="yes" gen="m" lem="del" num="s" pos="spcms" postype="preposition" wd="del"/>
                            </prep>
                            <sn entityref="ne" ne="person">
                              <grup.nom gen="m" num="s">
                                <s.a gen="m" num="s">
                                  <grup.a gen="m" num="s">
                                    <a gen="m" lem="polémico" num="s" pos="aq0ms0" postype="qualificative" wd="polémico"/>
                                  </grup.a>
                                </s.a>
                                <n gen="m" lem="alcalde" num="s" pos="ncms000" postype="common" sense="16:07401898" wd="alcalde"/>
                                <sp>
                                  <prep>
                                    <s lem="de" pos="sps00" postype="preposition" wd="de"/>
                                  </prep>
                                  <sn entityref="ne" ne="location">
                                    <grup.nom>
                                      <n lem="Marbella" ne="location" pos="np00000" postype="proper" wd="Marbella"/>
                                    </grup.nom>
                                  </sn>
                                </sp>
                              </grup.nom>
                            </sn>
                          </sp>
                        </grup.nom>
                      </sn>
                    </grup.nom>
                  </sn>
                </sp>
              </S>
            </grup.nom>
          </sn>
        </S>
      </sp>
    </S>
    <f lem="." pos="fp" punct="period" wd="."/>
  </sentence>
  <sentence>
    <S clausesubtype="concessive" clausetype="adverbial" func="ao">
      <conj conjunctiontype="subordinating">
        <c lem="aunque" pos="cs" postype="subordinating" wd="Aunque"/>
      </conj>
      <sn arg="arg0" entityref="nne" func="suj" tem="agt">
        <grup.nom gen="f" num="p">
          <n gen="f" lem="fuente" num="p" pos="ncfp000" postype="common" sense="16:07338656" wd="fuentes"/>
          <sp>
            <prep>
              <s lem="de" pos="sps00" postype="preposition" wd="de"/>
            </prep>
            <sn coreftype="ident" entity="entity3" entityref="spec">
              <spec gen="m" num="p">
                <d gen="m" lem="ambos" num="p" pos="dn0mp0" postype="numeral" wd="ambos"/>
              </spec>
              <grup.nom gen="m" num="p">
                <n gen="m" lem="partido" num="p" pos="ncmp000" postype="common" sense="16:06131180" wd="partidos"/>
              </grup.nom>
            </sn>
          </sp>
        </grup.nom>
      </sn>
      <grup.verb>
        <v lem="evitar" lss="A21.transitive-agentive-patient" mood="indicative" num="p" person="3" pos="vmis3p0" postype="main" tense="past" wd="evitaron"/>
      </grup.verb>
      <S arg="arg1" clausetype="completive" func="cd" impersonal="yes" tem="pat">
        <infinitiu>
          <v lem="cuantificar" lss="A21.transitive-agentive-patient" mood="infinitive" pos="vmn0000" postype="main" wd="cuantificar"/>
        </infinitiu>
        <sn arg="arg1" coreftype="ident" entity="entity4" entityref="nne" func="cd" tem="pat">
          <spec gen="f" num="s">
            <d gen="f" lem="el" num="s" pos="da0fs0" postype="article" wd="la"/>
          </spec>
          <grup.nom gen="f" num="s">
            <n arg="arg1" gen="f" lem="oferta" lexicalid="noun.oferta.3.default" num="s" origin="deverbal" pos="ncfs000" postype="common" sense="16:09726614" tem="pat" wd="oferta"/>
          </grup.nom>
        </sn>
      </S>
      <f lem="," pos="fc" punct="comma" wd=","/>
    </S>
    <sn arg="arg0" entityref="nne" func="suj" tem="agt">
      <spec gen="f" num="p">
        <d gen="f" lem="otro" num="p" pos="di0fp0" postype="indefinite" wd="otras"/>
      </spec>
      <grup.nom gen="f" num="p">
        <S clausetype="participle" impersonal="yes">
          <participi>
            <a gen="f" lem="consultado" lss="B12.unaccusative-passive-ditransitive" num="p" pos="aq0fpp" posfunction="participle" postype="qualificative" wd="consultadas"/>
          </participi>
          <sp arg="arg0" func="cag" tem="agt">
            <prep>
              <s lem="por" pos="sps00" postype="preposition" wd="por"/>
            </prep>
            <sn entityref="ne" ne="organization">
              <grup.nom>
                <n lem="Europa_Press" ne="organization" pos="np00000" postype="proper" wd="Europa_Press"/>
              </grup.nom>
            </sn>
          </sp>
        </S>
      </grup.nom>
    </sn>
    <grup.verb>
      <v lem="apuntar" lss="A21.transitive-agentive-patient" mood="indicative" num="p" person="3" pos="vmis3p0" postype="main" tense="past" wd="apuntaron"/>
    </grup.verb>
    <S arg="arg1" clausetype="completive" func="cd" tem="pat">
      <conj conjunctiontype="subordinating">
        <c lem="que" pos="cs" postype="subordinating" wd="que"/>
      </conj>
      <sn arg="arg0" coreftype="ident" entity="entity4" entityref="nne" func="suj" tem="agt">
        <spec gen="f" num="s">
          <d gen="f" lem="el" num="s" pos="da0fs0" postype="article" wd="la"/>
        </spec>
        <grup.nom gen="f" num="s">
          <n gen="f" lem="cantidad" num="s" pos="ncfs000" postype="common" sense="16:03983517" wd="cantidad"/>
        </grup.nom>
      </sn>
      <grup.verb>
        <v lem="poder" mood="indicative" num="s" person="3" pos="vmic3s0" postype="main" tense="conditional" wd="podría"/>
        <infinitiu>
          <v lem="superar" lss="A21.transitive-agentive-patient" mood="infinitive" pos="vmn0000" postype="main" wd="superar"/>
        </infinitiu>
      </grup.verb>
      <sn arg="arg1" entityref="nne" func="cd" tem="pat">
        <spec gen="m" num="p">
          <d gen="m" lem="el" num="p" pos="da0mp0" postype="article" wd="los"/>
          <z lem="500" ne="number" wd="500"/>
        </spec>
        <grup.nom gen="m" num="p">
          <n gen="m" lem="millón" num="p" pos="ncmp000" postype="common" sense="16:09902865" wd="millones"/>
        </grup.nom>
      </sn>
    </S>
    <f lem="." pos="fp" punct="period" wd="."/>
  </sentence>
  <sentence>
    <sn arg="arg0" entity="entity5" entityref="nne" func="suj" tem="agt">
      <spec gen="m" num="p">
        <d gen="m" lem="alguno" num="p" pos="di0mp0" postype="indefinite" wd="Algunos"/>
      </spec>
      <grup.nom gen="m" num="p">
        <n gen="m" lem="concejal" num="p" pos="ncmp000" postype="common" sense="16:07171285" wd="concejales"/>
        <S clausetype="relative">
          <relatiu arg="arg1" coreftype="ident" entity="entity5" entityref="nne" func="suj" tem="tem">
            <p gen="c" lem="que" num="c" pos="pr0cn000" postype="relative" wd="que"/>
          </relatiu>
          <grup.verb>
            <v lem="haber" mood="indicative" num="p" person="3" pos="vaip3p0" postype="auxiliary" tense="present" wd="han"/>
            <v gen="m" lem="ser" lss="C21.state-attributive" mood="participle" num="s" pos="vsp00sm" postype="semiauxiliary" wd="sido"/>
          </grup.verb>
          <sn arg="arg2" entityref="nne" func="atr" tem="atr">
            <grup.nom gen="m" num="s">
              <n gen="m" lem="objeto" num="s" pos="ncms000" postype="common" sense="16:04950638" wd="objeto"/>
              <sp>
                <prep>
                  <s lem="de" pos="sps00" postype="preposition" wd="de"/>
                </prep>
                <sn entityref="nne" homophoricDD="yes">
                  <spec gen="m" num="p">
                    <d gen="m" lem="el" num="p" pos="da0mp0" postype="article" wd="los"/>
                  </spec>
                  <grup.nom gen="m" num="p">
                    <s.a func="cn" gen="m" num="p">
                      <grup.a gen="m" num="p">
                        <a gen="m" lem="presunto" num="p" pos="aq0mp0" postype="qualificative" wd="presuntos"/>
                      </grup.a>
                    </s.a>
                    <n gen="m" lem="soborno" lexicalid="noun.soborno.1.default" num="p" origin="deverbal" pos="ncmp000" postype="common" sense="16:00495869" wd="sobornos"/>
                  </grup.nom>
                </sn>
              </sp>
            </grup.nom>
          </sn>
        </S>
      </grup.nom>
    </sn>
    <grup.verb>
      <v lem="haber" mood="indicative" num="p" person="3" pos="vaip3p0" postype="auxiliary" tense="present" wd="han"/>
      <v gen="m" lem="informar" lss="A34.ditransitive-patient-theme" mood="participle" num="s" pos="vmp00sm" postype="main" wd="informado"/>
    </grup.verb>
    <sp arg="arg2" func="creg" tem="tem">
      <prep>
        <s contracted="yes" gen="m" lem="del" num="s" pos="spcms" postype="preposition" wd="del"/>
      </prep>
      <sn entityref="nne">
        <grup.nom gen="m" num="s">
          <n gen="m" lem="caso" num="s" pos="ncms000" postype="common" sense="16:05081510" wd="caso"/>
        </grup.nom>
      </sn>
    </sp>
    <sp arg="arg1" func="cd" tem="pat">
      <prep>
        <s lem="a" pos="sps00" postype="preposition" wd="a"/>
      </prep>
      <sn entityref="ne" ne="organization">
        <spec gen="f" num="s">
          <d gen="f" lem="el" num="s" pos="da0fs0" postype="article" wd="la"/>
        </spec>
        <grup.nom gen="f" num="s">
          <n gen="f" lem="subdelegación" lexicalid="noun.subdelegación.1.default" num="s" origin="deverbal" pos="ncfs000" postype="common" sense="16:cs2" wd="subdelegación"/>
          <sp arg="arg0" func="cn" tem="agt">
            <prep>
              <s contracted="yes" gen="m" lem="del" num="s" pos="spcms" postype="preposition" wd="del"/>
            </prep>
            <sn entityref="ne" ne="organization">
              <grup.nom gen="m" num="s">
                <n lem="Gobierno" ne="organization" pos="np00000" postype="proper" wd="Gobierno"/>
              </grup.nom>
            </sn>
          </sp>
          <sp arg="argM" func="cn" tem="loc">
            <prep>
              <s lem="en" pos="sps00" postype="preposition" wd="en"/>
            </prep>
            <sn coreftype="ident" entity="entity6" entityref="ne" ne="location">
              <grup.nom>
                <n lem="Málaga" ne="location" pos="np00000" postype="proper" wd="Málaga"/>
              </grup.nom>
            </sn>
          </sp>
        </grup.nom>
      </sn>
    </sp>
    <f lem="." pos="fp" punct="period" wd="."/>
  </sentence>
  <sentence>
    <sp arg="argM" func="cc" tem="loc">
      <prep>
        <s lem="en" pos="sps00" postype="preposition" wd="En"/>
      </prep>
      <sn entityref="ne" ne="location">
        <grup.nom>
          <n lem="Granada" ne="location" pos="np00000" postype="proper" wd="Granada"/>
        </grup.nom>
      </sn>
      <f lem="," pos="fc" punct="comma" wd=","/>
    </sp>
    <sadv arg="argM" func="cc" tem="tmp">
      <grup.adv>
        <r lem="ayer" pos="rg" wd="ayer"/>
      </grup.adv>
    </sadv>
    <morfema.verbal func="pass">
      <p gen="c" lem="se" num="c" pos="p0000000" wd="se"/>
    </morfema.verbal>
    <grup.verb>
      <v lem="materializar" lss="B22.unaccusative-passive-transitive" mood="indicative" num="s" person="3" pos="vmis3s0" postype="main" tense="past" wd="materializó"/>
    </grup.verb>
    <sn arg="arg1" entity="entity7" entityref="nne" func="suj" homophoricDD="yes" tem="pat">
      <spec gen="m" num="s">
        <d gen="m" lem="el" num="s" pos="da0ms0" postype="article" wd="el"/>
      </spec>
      <grup.nom gen="m" num="s">
        <n gen="m" lem="acuerdo" lexicalid="noun.acuerdo.1.default" num="s" origin="deverbal" pos="ncms000" postype="common" sense="16:05072418" wd="acuerdo"/>
        <sp arg="arg0" func="cn" tem="agt">
          <prep>
            <s lem="entre" pos="sps00" postype="preposition" wd="entre"/>
          </prep>
          <sn complex="yes" entityref="nne">
            <grup.nom coord="yes">
              <grup.nom coreftype="ident" entity="entity10">
                <n lem="PSOE" ne="organization" pos="np00000" postype="proper" wd="PSOE"/>
              </grup.nom>
              <f lem="," pos="fc" punct="comma" wd=","/>
              <grup.nom>
                <n lem="IU" ne="organization" pos="np00000" postype="proper" wd="IU"/>
              </grup.nom>
              <conj conjunctiontype="coordinating">
                <c lem="y" pos="cc" postype="coordinating" wd="y"/>
              </conj>
              <grup.nom entity="entity16">
                <grup.nom>
                  <n lem="Partido_Andalucista" ne="organization" pos="np00000" postype="proper" wd="Partido_Andalucista"/>
                </grup.nom>
                <sn adjunct="yes" corefsubtype="definit" coreftype="pred" entity="entity16" entityref="ne" ne="organization">
                  <grup.nom>
                    <f lem="(" pos="fpa" punct="bracket" punctenclose="open" wd="("/>
                    <n lem="PA" ne="organization" pos="np00000" postype="proper" wd="PA"/>
                    <f lem=")" pos="fpt" punct="bracket" punctenclose="close" wd=")"/>
                  </grup.nom>
                </sn>
              </grup.nom>
            </grup.nom>
          </sn>
        </sp>
        <S clausetype="relative" func="cn">
          <relatiu arg="arg0" coreftype="ident" entity="entity7" entityref="nne" func="suj" tem="agt">
            <p gen="c" lem="que" num="c" pos="pr0cn000" postype="relative" wd="que"/>
          </relatiu>
          <grup.verb>
            <v lem="permitir" lss="A32.ditransitive-patient-benefactive" mood="indicative" num="s" person="3" pos="vmif3s0" postype="main" tense="future" wd="permitirá"/>
          </grup.verb>
          <sn arg="arg1" entity="entity8" entityref="nne" func="cd" tem="pat">
            <spec gen="m" num="s">
              <d gen="m" lem="uno" num="s" pos="di0ms0" postype="indefinite" wd="un"/>
            </spec>
            <grup.nom gen="m" num="s">
              <n gen="m" lem="gobierno" lexicalid="noun.gobierno.1.default" num="s" origin="deverbal" pos="ncms000" postype="common" sense="16:06000383" wd="gobierno"/>
              <s.a arg="arg1" func="cn" gen="m" num="s" tem="pat">
                <grup.a gen="m" num="s">
                  <a gen="c" lem="municipal" num="s" pos="aq0cs0" postype="qualificative" wd="municipal"/>
                </grup.a>
              </s.a>
              <sp func="cn">
                <prep>
                  <s lem="de" pos="sps00" postype="preposition" wd="de"/>
                </prep>
                <sn>
                  <grup.nom gen="f" num="s">
                    <n gen="f" lem="coalición" lexicalid="noun.coalición.1.default" num="s" origin="deverbal" pos="ncfs000" postype="common" sense="16:10345580" wd="coalición"/>
                  </grup.nom>
                </sn>
              </sp>
              <S clausetype="relative" func="cn">
                <f lem="," pos="fc" punct="comma" wd=","/>
                <relatiu arg="arg1" coreftype="ident" entity="entity8" entityref="nne" func="suj" tem="tem">
                  <p gen="c" lem="que" num="c" pos="pr0cn000" postype="relative" wd="que"/>
                </relatiu>
                <grup.verb>
                  <v lem="estar" lss="C21.state-attributive" mood="indicative" num="s" person="3" pos="vmif3s0" postype="main" tense="future" wd="estará"/>
                </grup.verb>
                <S arg="arg2" clausetype="participle" func="atr" impersonal="yes" tem="atr">
                  <participi>
                    <a gen="m" lem="presidido" lss="B22.unaccusative-passive-transitive" num="s" pos="aq0msp" posfunction="participle" postype="qualificative" wd="presidido"/>
                  </participi>
                  <sp arg="arg0" func="cag" tem="agt">
                    <prep>
                      <s lem="por" pos="sps00" postype="preposition" wd="por"/>
                    </prep>
                    <sn entityref="ne" ne="person">
                      <spec gen="m" num="s">
                        <d gen="m" lem="el" num="s" pos="da0ms0" postype="article" wd="el"/>
                      </spec>
                      <grup.nom gen="m" num="s">
                        <n gen="c" lem="socialista" num="s" pos="nccs000" postype="common" sense="16:07588809" wd="socialista"/>
                        <sn entityref="ne" ne="person">
                          <grup.nom gen="m" num="s">
                            <n lem="José_Moratalla" ne="person" pos="np00000" postype="proper" wd="José_Moratalla"/>
                          </grup.nom>
                        </sn>
                      </grup.nom>
                    </sn>
                  </sp>
                </S>
              </S>
            </grup.nom>
          </sn>
        </S>
      </grup.nom>
    </sn>
    <f lem="." pos="fp" punct="period" wd="."/>
  </sentence>
  <sentence>
    <sadv func="et">
      <grup.adv>
        <r lem="sin_embargo" pos="rg" wd="Sin_embargo"/>
      </grup.adv>
      <f lem="," pos="fc" punct="comma" wd=","/>
    </sadv>
    <sp arg="argM" func="cc" tem="loc">
      <prep>
        <s lem="en" pos="sps00" postype="preposition" wd="en"/>
      </prep>
      <sn entityref="ne" ne="location">
        <grup.nom>
          <n lem="Sevilla" ne="location" pos="np00000" postype="proper" wd="Sevilla"/>
        </grup.nom>
      </sn>
    </sp>
    <sn arg="arg0" coreftype="ident" entity="entity16" entityref="ne" func="suj" ne="organization" tem="agt">
      <spec gen="m" num="s">
        <d gen="m" lem="el" num="s" pos="da0ms0" postype="article" wd="el"/>
      </spec>
      <grup.nom gen="m" num="s">
        <n lem="PA" ne="organization" pos="np00000" postype="proper" wd="PA"/>
      </grup.nom>
    </sn>
    <grup.verb>
      <v lem="seguir" mood="indicative" num="s" person="3" pos="vmip3s0" postype="main" tense="present" wd="sigue"/>
      <gerundi>
        <v lem="mantener" lss="A21.transitive-agentive-patient" mood="gerund" pos="vmg0000" postype="main" wd="manteniendo"/>
      </gerundi>
    </grup.verb>
    <sn arg="arg1" entityref="nne" func="cd" tem="pat">
      <grup.nom gen="f" num="p">
        <n gen="f" lem="negociación" lexicalid="noun.negociación.1.default" num="p" origin="deverbal" pos="ncfp000" postype="common" sense="16:05347846" wd="negociaciones"/>
        <sp func="cn">
          <prep>
            <s lem="a" pos="sps00" postype="preposition" wd="a"/>
          </prep>
          <sn entityref="nne">
            <spec gen="f" num="p">
              <d gen="c" lem="dos" num="p" pos="dn0cp0" postype="numeral" wd="dos"/>
            </spec>
            <grup.nom gen="f" num="p">
              <n gen="f" lem="banda" num="p" pos="ncfp000" postype="common" sense="16:cs1" wd="bandas"/>
            </grup.nom>
          </sn>
        </sp>
        <sp arg="arg0" func="cn" tem="agt">
          <f lem="," pos="fc" punct="comma" wd=","/>
          <prep>
            <s lem="con" pos="sps00" postype="preposition" wd="con"/>
          </prep>
          <sn coord="yes" coreftype="ident" entity="entity3">
            <sn coreftype="ident" entity="entity9" entityref="ne" ne="organization">
              <spec gen="m" num="s">
                <d gen="m" lem="el" num="s" pos="da0ms0" postype="article" wd="el"/>
              </spec>
              <grup.nom gen="m" num="s">
                <n lem="PP" ne="organization" pos="np00000" postype="proper" wd="PP"/>
              </grup.nom>
            </sn>
            <conj conjunctiontype="coordinating">
              <c lem="y" pos="cc" postype="coordinating" wd="y"/>
            </conj>
            <sn coreftype="ident" entity="entity10" entityref="ne" ne="organization">
              <spec gen="m" num="s">
                <d gen="m" lem="el" num="s" pos="da0ms0" postype="article" wd="el"/>
              </spec>
              <grup.nom gen="m" num="s">
                <n lem="PSOE" ne="organization" pos="np00000" postype="proper" wd="PSOE"/>
              </grup.nom>
            </sn>
          </sn>
        </sp>
      </grup.nom>
    </sn>
    <f lem="." pos="fp" punct="period" wd="."/>
  </sentence>
  <sentence>
    <sp func="ao">
      <prep>
        <s lem="por" pos="sps00" postype="preposition" wd="Por"/>
      </prep>
      <sn entityref="lex">
        <spec gen="f" num="s">
          <d gen="f" lem="otro" num="s" pos="di0fs0" postype="indefinite" wd="otra"/>
        </spec>
        <grup.nom gen="f" num="s">
          <n gen="f" lem="parte" num="s" pos="ncfs000" postype="common" sense="16:04505974" wd="parte"/>
        </grup.nom>
      </sn>
      <f lem="," pos="fc" punct="comma" wd=","/>
    </sp>
    <sn arg="arg0" entity="entity14" entityref="nne" func="suj" tem="agt">
      <spec gen="m" num="s">
        <d gen="m" lem="uno" num="s" pos="di0ms0" postype="indefinite" wd="un"/>
      </spec>
      <grup.nom gen="m" num="s">
        <n gen="c" lem="periodista" num="s" pos="nccs000" postype="common" sense="16:07528776" wd="periodista"/>
        <sp>
          <prep>
            <s lem="de" pos="sps00" postype="preposition" wd="de"/>
          </prep>
          <sn entity="entity12" entityref="ne" ne="other">
            <grup.nom>
              <n lem="El_Pueblo_de_Ceuta" ne="other" pos="np00000" postype="proper" wd="El_Pueblo_de_Ceuta"/>
            </grup.nom>
          </sn>
        </sp>
      </grup.nom>
    </sn>
    <grup.verb>
      <v lem="haber" mood="indicative" num="s" person="3" pos="vaip3s0" postype="auxiliary" tense="present" wd="ha"/>
      <v gen="m" lem="denunciar" lss="A34.ditransitive-patient-theme" mood="participle" num="s" pos="vmp00sm" postype="main" wd="denunciado"/>
    </grup.verb>
    <sp arg="arg1" func="cd" tem="pat">
      <prep>
        <s contracted="yes" gen="m" lem="al" num="s" pos="spcms" postype="preposition" wd="al"/>
      </prep>
      <sn entity="entity13" entityref="ne" ne="person">
        <grup.nom gen="m" num="s">
          <n gen="m" lem="candidato" num="s" pos="ncms000" postype="common" sense="16:07136302" wd="candidato"/>
          <sp>
            <prep>
              <s contracted="yes" gen="m" lem="del" num="s" pos="spcms" postype="preposition" wd="del"/>
            </prep>
            <sn coreftype="ident" entity="entity11" entityref="ne" ne="organization">
              <grup.nom gen="m" num="s">
                <n lem="GIL" ne="organization" pos="np00000" postype="proper" wd="GIL"/>
              </grup.nom>
            </sn>
          </sp>
          <sp>
            <prep>
              <s lem="en" pos="sps00" postype="preposition" wd="en"/>
            </prep>
            <sn coreftype="ident" entity="entity12" entityref="spec">
              <spec gen="f" num="s">
                <d gen="f" lem="el" num="s" pos="da0fs0" postype="article" wd="la"/>
              </spec>
              <grup.nom gen="f" num="s">
                <n gen="f" lem="ciudad" num="s" pos="ncfs000" postype="common" sense="16:06287351" wd="ciudad"/>
                <s.a gen="f" num="s">
                  <grup.a gen="f" num="s">
                    <a gen="f" lem="autónomo" num="s" pos="aq0fs0" postype="qualificative" wd="autónoma"/>
                  </grup.a>
                </s.a>
              </grup.nom>
            </sn>
          </sp>
          <sn entityref="ne" ne="person">
            <grup.nom gen="m" num="s">
              <n lem="Andrés_Jesús_Sánchez" ne="person" pos="np00000" postype="proper" wd="Andrés_Jesús_Sánchez"/>
            </grup.nom>
          </sn>
        </grup.nom>
      </sn>
    </sp>
    <sp arg="arg2" func="creg" tem="tem">
      <prep>
        <s lem="por" pos="sps00" postype="preposition" wd="por"/>
      </prep>
      <sn complex="yes" entityref="nne">
        <grup.nom coord="yes">
          <grup.nom gen="f" num="s">
            <n gen="f" lem="agresión" lexicalid="noun.agresión.1.default" num="s" origin="deverbal" pos="ncfs000" postype="common" sense="16:00619453" wd="agresión"/>
          </grup.nom>
          <conj conjunctiontype="coordinating">
            <c lem="y" pos="cc" postype="coordinating" wd="y"/>
          </conj>
          <grup.nom gen="f" num="p">
            <n gen="f" lem="amenaza" lexicalid="noun.amenaza.1.default" num="p" origin="deverbal" pos="ncfp000" postype="common" sense="16:05047680" wd="amenazas"/>
          </grup.nom>
        </grup.nom>
      </sn>
    </sp>
    <f lem="." pos="fp" punct="period" wd="."/>
  </sentence>
  <sentence coord="yes">
    <sp adjunct="yes" func="ao">
      <prep>
        <s lem="según" pos="sps00" postype="preposition" wd="Según"/>
      </prep>
      <sn entityref="nne">
        <spec gen="f" num="s">
          <d gen="f" lem="el" num="s" pos="da0fs0" postype="article" wd="la"/>
        </spec>
        <grup.nom gen="f" num="s">
          <n gen="f" lem="denuncia" lexicalid="noun.denuncia.1.default" num="s" origin="deverbal" pos="ncfs000" postype="common" sense="16:05403815" wd="denuncia"/>
        </grup.nom>
      </sn>
      <f lem="," pos="fc" punct="comma" wd=","/>
    </sp>
    <S coord="yes">
      <S>
        <sn arg="arg0" coreftype="ident" entity="entity13" entityref="spec" func="suj" tem="agt">
          <spec gen="m" num="s">
            <d gen="m" lem="el" num="s" pos="da0ms0" postype="article" wd="el"/>
          </spec>
          <grup.nom gen="m" num="s">
            <n gen="m" lem="político" num="s" pos="ncms000" postype="common" sense="16:07486519" wd="político"/>
            <sp>
              <prep>
                <s contracted="yes" gen="m" lem="del" num="s" pos="spcms" postype="preposition" wd="del"/>
              </prep>
              <sn coreftype="ident" entity="entity11" entityref="ne" ne="organization">
                <grup.nom gen="m" num="s">
                  <n lem="GIL" ne="organization" pos="np00000" postype="proper" wd="GIL"/>
                </grup.nom>
              </sn>
            </sp>
          </grup.nom>
        </sn>
        <grup.verb>
          <v lem="dar" lss="A32.ditransitive-patient-benefactive" mood="indicative" num="s" person="3" pos="vmis3s0" postype="main" tense="past" wd="dio"/>
        </grup.verb>
        <sp arg="arg2" func="ci" tem="ben">
          <prep>
            <s contracted="yes" gen="m" lem="al" num="s" pos="spcms" postype="preposition" wd="al"/>
          </prep>
          <sn coreftype="ident" entity="entity14" entityref="nne">
            <grup.nom gen="m" num="s">
              <n gen="c" lem="periodista" num="s" pos="nccs000" postype="common" sense="16:07528776" wd="periodista"/>
            </grup.nom>
          </sn>
        </sp>
        <sn arg="arg1" entityref="nne" func="cd" tem="pat">
          <f lem="&quot;" pos="fe" punct="quotation" wd="&quot;"/>
          <spec gen="f" num="p">
            <d gen="c" lem="tres" num="p" pos="dn0cp0" postype="numeral" wd="tres"/>
          </spec>
          <grup.nom gen="f" num="p">
            <n gen="f" lem="patada" num="p" pos="ncfp000" postype="common" sense="16:00088506" wd="patadas"/>
            <sp>
              <prep>
                <s lem="en" pos="sps00" postype="preposition" wd="en"/>
              </prep>
              <sn entityref="nne">
                <spec gen="f" num="s">
                  <d gen="f" lem="el" num="s" pos="da0fs0" postype="article" wd="la"/>
                </spec>
                <grup.nom gen="f" num="s">
                  <n gen="f" lem="espinilla" num="s" pos="ncfs000" postype="common" sense="16:04309624" wd="espinilla"/>
                </grup.nom>
              </sn>
            </sp>
          </grup.nom>
          <f lem="&quot;" pos="fe" punct="quotation" wd="&quot;"/>
        </sn>
      </S>
      <f lem="," pos="fc" punct="comma" wd=","/>
      <S>
        <sn arg="arg0" coreftype="ident" elliptic="yes" entity="entity13" entityref="spec" func="suj" tem="agt"/>
        <sn arg="arg1" coreftype="ident" entity="entity14" entityref="nne" func="cd" tem="pat">
          <grup.nom num="s">
            <p case="dative" gen="c" lem="él" num="s" person="3" pos="pp3csd00" postype="personal" wd="le"/>
          </grup.nom>
        </sn>
        <grup.verb>
          <v lem="llamar" lss="A21.transitive-agentive-patient" mood="indicative" num="s" person="3" pos="vmis3s0" postype="main" tense="past" wd="llamó"/>
        </grup.verb>
        <sn arg="arg2" entityref="lex" func="cpred" predicate="cd" tem="atr">
          <grup.nom gen="m" num="s">
            <f lem="&quot;" pos="fe" punct="quotation" wd="&quot;"/>
            <n gen="m" lem="hijo_de_puta" num="s" pos="ncms000" postype="common" sense="16:07086742" wd="hijo_de_puta"/>
            <f lem="&quot;" pos="fe" punct="quotation" wd="&quot;"/>
          </grup.nom>
        </sn>
      </S>
      <conj conjunctiontype="coordinating">
        <c lem="y" pos="cc" postype="coordinating" wd="y"/>
      </conj>
      <S>
        <sn arg="arg0" coreftype="ident" elliptic="yes" entity="entity13" entityref="spec" func="suj" tem="agt"/>
        <sn arg="arg2" coreftype="ident" entity="entity14" entityref="nne" func="ci" tem="ben">
          <grup.nom num="s">
            <p case="dative" gen="c" lem="él" num="s" person="3" pos="pp3csd00" postype="personal" wd="le"/>
          </grup.nom>
        </sn>
        <grup.verb>
          <v lem="espetar" lss="A32.ditransitive-patient-benefactive" mood="indicative" num="s" person="3" pos="vmis3s0" postype="main" tense="past" wd="espetó"/>
        </grup.verb>
        <sn arg="arg1" func="cd" tem="pat">
          <f lem=":" pos="fd" punct="colon" wd=":"/>
          <grup.nom>
            <f lem="&quot;" pos="fe" punct="quotation" wd="&quot;"/>
            <n gen="c" lem="te_vas_a_enterar_,_te_vas_a_tener_que_ir_de_ceuta" num="c" pos="nc00000" postype="common" sense="16:cs2" wd="Te_vas_a_enterar_,_te_vas_a_tener_que_ir_de_Ceuta"/>
            <f lem="&quot;" pos="fe" punct="quotation" wd="&quot;"/>
          </grup.nom>
        </sn>
      </S>
    </S>
    <f lem="." pos="fp" punct="period" wd="."/>
  </sentence>
</article>
