<?xml version="1.0" encoding="UTF-8"?>
<!-- 

  ancora-2.0
       
			Copyright (C) 2007, 2008, 2009, 2010, 2011 UB - CLiC
			Centre de Llenguatge i Computació - Universitat de Barcelona
 
  This file is part of ancora-2.0.
 
  ancora-2.0 is free software and data: you can redistribute it and/or modify
  it under the terms of the GNU General Public License as published
  by the Free Software Foundation, either version 3 of the License,
  or (at your option) any later version.

  ancora-2.0 is distributed in the hope that it will be useful,
  but WITHOUT ANY WARRANTY; without even the implied warranty of
  MERCHANTABILITY or FITNESS FOR A PARTICULAR PURPOSE.  See the
  GNU General Public License for more details.
 
  You should have received a copy of the GNU General Public License
  along with ancora-2.0.  If not, see &lt;http://www.gnu.org/licenses/&gt;.
 
  Check a text in catalan explaining the terms of the license at http://www.softcatala.cat/wiki/GPL3.
  In spanish at http://www.viti.es/gnu/licenses/gpl.html
 

  The following paper must be cited when using this corpus:

 * Taulé, M., M.A. Martí, M. Recasens (2008) 'Ancora: Multilevel Annotated Corpora for Catalan and Spanish',
   Proceedings of 6th International Conference on Language Resources and Evaluation. Marrakesh (Morocco).

  In addition, the following paper must be cited if coreference information (attributes entity, coreftype,
  corefsubtype, homophoricDD or entityref) is used:

 * Recasens, Marta, M. Antònia Martí (2010) ‘AnCora-CO: Coreferentially annotated corpora for Spanish and
   Catalan’. Language Resources and Evaluation, Springer Science.

  Additionally, the following paper must be cited when argumental attributes in "sn" or "grup.nom"
  (attributes func, arg, tem or lexicalid) are used:

 * Peris, Aina, Mariona Taulé, Horacio Rodríguez (2010) ‘Semantic Annotation of Deverbal Nominalizations in the
   Spanish AnCora corpus’. Treebanks and Linguistic Theories (TLT-2010), Estonia.
-->
<article lng="es">
  <sentence>
    <sn arg="arg0" entityref="ne" func="suj" ne="person" tem="agt">
      <grup.nom gen="m" num="s">
        <n lem="Rominger" ne="person" pos="np0000p" postype="proper" sense="16:cs1" wd="Rominger"/>
      </grup.nom>
    </sn>
    <morfema.pronominal>
      <p gen="c" lem="él" num="c" person="3" pos="p0300000" wd="se"/>
    </morfema.pronominal>
    <grup.verb>
      <v lem="llevar" lss="A21.transitive-agentive-patient" mood="indicative" num="s" person="3" pos="vmis3s0" postype="main" tense="past" wd="llevó"/>
    </grup.verb>
    <sn arg="arg1" func="cd" tem="pat">
      <spec gen="f" num="s">
        <d gen="f" lem="el" num="s" pos="da0fs0" postype="article" wd="la"/>
      </spec>
      <grup.nom gen="f" num="s">
        <n gen="f" lem="etapa" num="s" pos="ncfs000" postype="common" sense="16:00198945" wd="etapa"/>
        <s.a gen="f" num="s">
          <s.a gen="f" num="s">
            <spec>
              <r lem="más" pos="rg" wd="más"/>
            </spec>
            <grup.a gen="f" num="s">
              <a gen="f" lem="bonito" num="s" pos="aq0fs0" postype="qualificative" wd="bonita"/>
            </grup.a>
          </s.a>
          <sp>
            <prep>
              <s lem="de" pos="sps00" postype="preposition" wd="de"/>
            </prep>
            <sn>
              <spec gen="m" num="s">
                <d gen="c" lem="el" num="s" pos="da0ns0" postype="article" wd="lo"/>
              </spec>
              <grup.nom gen="m" num="s">
                <S clausetype="relative">
                  <relatiu arg="arg1" func="cd" tem="pat">
                    <p gen="c" lem="que" num="c" pos="pr0cn000" postype="relative" wd="que"/>
                  </relatiu>
                  <sn arg="arg0" elliptic="yes" func="suj" tem="agt"/>
                  <grup.verb>
                    <v lem="llevar" lss="A21.transitive-agentive-patient" mood="indicative" num="p" person="1" pos="vmip1p0" postype="main" tense="present" wd="llevamos"/>
                  </grup.verb>
                  <sp arg="argM" func="cc" tem="adv">
                    <prep>
                      <s lem="de" pos="sps00" postype="preposition" wd="de"/>
                    </prep>
                    <sn>
                      <grup.nom gen="f" num="s">
                        <n gen="f" lem="carrera" num="s" pos="ncfs000" postype="common" sense="16:05544480" wd="carrera"/>
                      </grup.nom>
                    </sn>
                  </sp>
                </S>
              </grup.nom>
            </sn>
          </sp>
        </s.a>
      </grup.nom>
    </sn>
    <f lem="." pos="fp" punct="period" wd="."/>
  </sentence>
  <sentence verbless="yes">
    <sp>
      <prep>
        <s lem="a" pos="sps00" postype="preposition" wd="A"/>
      </prep>
      <sn>
        <spec gen="m" num="s">
          <d gen="c" lem="tal" num="s" pos="dd0cs0" postype="demonstrative" wd="tal"/>
        </spec>
        <grup.nom gen="m" num="s">
          <n gen="m" lem="señor" num="s" pos="ncms000" postype="common" sense="16:07414666" wd="señor"/>
        </grup.nom>
      </sn>
      <f lem="," pos="fc" punct="comma" wd=","/>
    </sp>
    <sn>
      <spec gen="m" num="s">
        <d gen="c" lem="tal" num="s" pos="dd0cs0" postype="demonstrative" wd="tal"/>
      </spec>
      <grup.nom gen="m" num="s">
        <n gen="m" lem="honor" num="s" pos="ncms000" postype="common" sense="16:10357889" wd="honor"/>
      </grup.nom>
    </sn>
    <f lem="." pos="fp" punct="period" wd="."/>
  </sentence>
  <sentence>
    <sp arg="argM" func="cc" tem="loc">
      <prep>
        <s lem="en" pos="sps00" postype="preposition" wd="En"/>
      </prep>
      <sn>
        <spec gen="f" num="s">
          <d gen="f" lem="el" num="s" pos="da0fs0" postype="article" wd="la"/>
        </spec>
        <grup.nom gen="f" num="s">
          <n gen="f" lem="jornada" num="s" pos="ncfs000" postype="common" sense="16:cs1" wd="jornada"/>
          <S clausetype="relative">
            <relatiu arg="arg0" func="suj" tem="agt">
              <p gen="c" lem="que" num="c" pos="pr0cn000" postype="relative" wd="que"/>
            </relatiu>
            <grup.verb>
              <v lem="doblar" lss="A21.transitive-agentive-patient" mood="indicative" num="s" person="3" pos="vmii3s0" postype="main" tense="imperfect" wd="doblaba"/>
            </grup.verb>
            <sn arg="arg1" func="cd" tem="pat">
              <spec gen="m" num="s">
                <d gen="m" lem="el" num="s" pos="da0ms0" postype="article" wd="el"/>
              </spec>
              <grup.nom gen="m" num="s">
                <n gen="m" lem="ecuador" num="s" pos="ncms000" postype="common" sense="16:06316408" wd="ecuador"/>
                <sp>
                  <prep>
                    <s lem="de" pos="sps00" postype="preposition" wd="de"/>
                  </prep>
                  <sn>
                    <spec gen="f" num="s">
                      <d gen="f" lem="el" num="s" pos="da0fs0" postype="article" wd="la"/>
                    </spec>
                    <grup.nom gen="f" num="s">
                      <n gen="f" lem="prueba" lexicalid="noun.prueba.1.default" num="s" origin="deverbal" pos="ncfs000" postype="common" sense="16:00508046" wd="prueba"/>
                    </grup.nom>
                  </sn>
                </sp>
              </grup.nom>
            </sn>
          </S>
          <sn>
            <f lem="," pos="fc" punct="comma" wd=","/>
            <spec gen="m" num="s">
              <d gen="m" lem="el" num="s" pos="da0ms0" postype="article" wd="el"/>
            </spec>
            <grup.nom gen="m" num="s">
              <n gen="m" lem="principio" num="s" pos="ncms000" postype="common" sense="16:04515071" wd="principio"/>
              <sp>
                <prep>
                  <s lem="de" pos="sps00" postype="preposition" wd="de"/>
                </prep>
                <sn>
                  <spec gen="f" num="s">
                    <d gen="f" lem="el" num="s" pos="da0fs0" postype="article" wd="la"/>
                  </spec>
                  <grup.nom gen="f" num="s">
                    <n gen="f" lem="cuenta" lexicalid="noun.cuenta.1.default" num="s" origin="deverbal" pos="ncfs000" postype="common" sense="16:00426345" wd="cuenta"/>
                    <sadv func="cn">
                      <grup.adv>
                        <r lem="atrás" pos="rg" wd="atrás"/>
                      </grup.adv>
                    </sadv>
                  </grup.nom>
                </sn>
              </sp>
            </grup.nom>
            <f lem="," pos="fc" punct="comma" wd=","/>
          </sn>
        </grup.nom>
      </sn>
    </sp>
    <sn arg="arg0" func="suj" tem="agt">
      <spec gen="m" num="s">
        <d gen="m" lem="el" num="s" pos="da0ms0" postype="article" wd="el"/>
      </spec>
      <grup.nom gen="m" num="s">
        <n gen="m" lem="suizo" num="s" pos="ncms000" postype="common" sense="16:cs1" wd="suizo"/>
      </grup.nom>
    </sn>
    <grup.verb>
      <v lem="ratificar" lss="A21.transitive-agentive-patient" mood="indicative" num="s" person="3" pos="vmis3s0" postype="main" tense="past" wd="ratificó"/>
    </grup.verb>
    <sp arg="argM" func="cc" tem="mnr">
      <prep>
        <s lem="de" pos="sps00" postype="preposition" wd="de"/>
      </prep>
      <sn>
        <spec gen="f" num="s">
          <d gen="f" lem="el" num="s" pos="da0fs0" postype="article" wd="la"/>
        </spec>
        <grup.nom gen="f" num="s">
          <n gen="f" lem="forma" num="s" pos="ncfs000" postype="common" sense="16:00111872" wd="forma"/>
          <s.a gen="f" num="s">
            <spec>
              <r lem="más" pos="rg" wd="más"/>
            </spec>
            <grup.a gen="f" num="s">
              <a gen="f" lem="rotundo" num="s" pos="aq0fs0" postype="qualificative" wd="rotunda"/>
            </grup.a>
          </s.a>
        </grup.nom>
      </sn>
    </sp>
    <sn arg="arg1" func="cd" tem="pat">
      <spec gen="f" num="s">
        <d gen="c" lem="su" num="s" person="3" pos="dp3cs0" postype="possessive" wd="su"/>
      </spec>
      <grup.nom gen="f" num="s">
        <n gen="f" lem="supremacía" num="s" pos="ncfs000" postype="common" sense="16:10362361" wd="supremacía"/>
      </grup.nom>
    </sn>
    <f lem="." pos="fp" punct="period" wd="."/>
  </sentence>
  <sentence>
    <S arg="argM" clausetype="adverbial" coord="yes" func="cc" impersonal="yes" tem="tmp">
      <sp arg="argM" func="cc" tem="tmp">
        <prep>
          <s lem="a_partir_de" pos="sps00" postype="preposition" wd="A_partir_de"/>
        </prep>
        <sadv>
          <grup.adv>
            <r lem="ayer" pos="rg" wd="ayer"/>
          </grup.adv>
        </sadv>
      </sp>
      <sadv arg="argM" func="cc" tem="adv">
        <f lem="," pos="fc" punct="comma" wd=","/>
        <grup.adv>
          <r lem="además" pos="rg" wd="además"/>
        </grup.adv>
        <f lem="," pos="fc" punct="comma" wd=","/>
      </sadv>
      <conj conjunctiontype="coordinating">
        <c lem="y" pos="cc" postype="coordinating" wd="y"/>
      </conj>
      <S clausetype="adverbial" impersonal="yes">
        <gerundi>
          <v lem="coincidir" lss="C21.state-attributive" mood="gerund" pos="vmg0000" postype="main" wd="coincidiendo"/>
        </gerundi>
        <sp arg="arg2" func="creg" tem="atr">
          <prep>
            <s lem="con" pos="sps00" postype="preposition" wd="con"/>
          </prep>
          <sn>
            <spec arg="arg1" gen="m" num="s" tem="tem">
              <d gen="c" lem="su" num="s" person="3" pos="dp3cs0" postype="possessive" wd="su"/>
            </spec>
            <grup.nom gen="m" num="s">
              <s.a func="cn" gen="m" num="s">
                <grup.a gen="m" num="s">
                  <a gen="m" lem="cuarto" num="s" pos="ao0ms0" postype="ordinal" wd="cuarto"/>
                </grup.a>
              </s.a>
              <n gen="m" lem="triunfo" lexicalid="noun.triunfo.1.default" num="s" origin="deverbal" pos="ncms000" postype="common" sense="16:05478453" wd="triunfo"/>
              <s.a func="cn" gen="m" num="s">
                <grup.a gen="m" num="s">
                  <a gen="c" lem="parcial" num="s" pos="aq0cs0" postype="qualificative" wd="parcial"/>
                </grup.a>
              </s.a>
            </grup.nom>
          </sn>
        </sp>
      </S>
      <f lem="," pos="fc" punct="comma" wd=","/>
    </S>
    <sn arg="arg1" elliptic="yes" func="suj" tem="tem"/>
    <grup.verb>
      <v lem="ser" lss="C21.state-attributive" mood="indicative" num="s" person="3" pos="vsip3s0" postype="semiauxiliary" tense="present" wd="es"/>
    </grup.verb>
    <sn arg="arg2" func="atr" tem="atr">
      <spec gen="m" num="s">
        <d gen="m" lem="el" num="s" pos="da0ms0" postype="article" wd="el"/>
      </spec>
      <grup.nom gen="m" num="s">
        <n gen="c" lem="líder" num="s" pos="nccs000" postype="common" sense="16:06950891" wd="líder"/>
        <sp>
          <prep>
            <s lem="de" pos="sps00" postype="preposition" wd="de"/>
          </prep>
          <sn>
            <spec gen="f" num="s">
              <d gen="f" lem="el" num="s" pos="da0fs0" postype="article" wd="la"/>
            </spec>
            <grup.nom gen="f" num="s">
              <n gen="f" lem="regularidad" num="s" pos="ncfs000" postype="common" sense="16:03743605" wd="regularidad"/>
            </grup.nom>
          </sn>
        </sp>
      </grup.nom>
    </sn>
    <f lem="." pos="fp" punct="period" wd="."/>
  </sentence>
  <sentence>
    <sn arg="arg0" elliptic="yes" func="suj" tem="agt"/>
    <grup.verb>
      <v lem="amenazar" lss="A34.ditransitive-patient-theme" mood="indicative" num="s" person="3" pos="vmip3s0" postype="main" tense="present" wd="Amenaza"/>
    </grup.verb>
    <sp arg="arg2" func="creg" tem="tem">
      <prep>
        <s lem="con" pos="sps00" postype="preposition" wd="con"/>
      </prep>
      <S clausetype="completive" impersonal="yes">
        <infinitiu>
          <v lem="ganar" lss="A21.transitive-agentive-patient" mood="infinitive" pos="vmn0000" postype="main" wd="ganarlo"/>
        </infinitiu>
        <sn arg="arg1" func="cd" tem="pat">
          <grup.nom gen="m" num="s">
            <p gen="m" lem="todo" num="s" pos="pi0ms000" postype="indefinite" wd="todo"/>
            <sn coord="yes">
              <f lem=":" pos="fd" punct="colon" wd=":"/>
              <sn>
                <spec gen="f" num="s">
                  <d gen="f" lem="el" num="s" pos="da0fs0" postype="article" wd="la"/>
                </spec>
                <grup.nom gen="f" num="s">
                  <s.a gen="f" num="s">
                    <grup.a gen="f" num="s">
                      <a gen="c" lem="general" num="s" pos="aq0cs0" postype="qualificative" wd="general"/>
                    </grup.a>
                  </s.a>
                </grup.nom>
              </sn>
              <f lem="," pos="fc" punct="comma" wd=","/>
              <sn>
                <spec gen="f" num="s">
                  <d gen="f" lem="el" num="s" pos="da0fs0" postype="article" wd="la"/>
                </spec>
                <grup.nom gen="f" num="s">
                  <n gen="f" lem="montaña" num="s" pos="ncfs000" postype="common" sense="16:06711088" wd="montaña"/>
                </grup.nom>
              </sn>
              <f lem="," pos="fc" punct="comma" wd=","/>
              <sn>
                <spec gen="f" num="s">
                  <d gen="f" lem="el" num="s" pos="da0fs0" postype="article" wd="la"/>
                </spec>
                <grup.nom gen="f" num="s">
                  <n gen="f" lem="clasificación" lexicalid="noun.clasificación.1.default" num="s" origin="deverbal" pos="ncfs000" postype="common" sense="16:10352060" wd="clasificación"/>
                  <sp arg="argM" func="cn" tem="mnr">
                    <prep>
                      <s lem="por" pos="sps00" postype="preposition" wd="por"/>
                    </prep>
                    <sn>
                      <grup.nom gen="m" num="p">
                        <n gen="m" lem="punto" num="p" pos="ncmp000" postype="common" sense="16:09780630" wd="puntos"/>
                      </grup.nom>
                    </sn>
                  </sp>
                </grup.nom>
              </sn>
            </sn>
          </grup.nom>
        </sn>
      </S>
    </sp>
    <f lem="..." pos="fs" punct="etc" wd="..."/>
  </sentence>
  <sentence coord="yes">
    <S>
      <sn arg="arg1" func="suj" tem="tem">
        <spec gen="f" num="s">
          <d gen="f" lem="el" num="s" pos="da0fs0" postype="article" wd="La"/>
        </spec>
        <grup.nom gen="f" num="s">
          <n gen="f" lem="fuerza" num="s" pos="ncfs000" postype="common" sense="16:03931784" wd="fuerza"/>
        </grup.nom>
      </sn>
      <morfema.pronominal>
        <p gen="c" lem="él" num="c" person="3" pos="p0300000" wd="se"/>
      </morfema.pronominal>
      <sn arg="arg2" func="ci" tem="ben">
        <grup.nom num="s">
          <p case="dative" gen="c" lem="él" num="s" person="3" pos="pp3csd00" postype="personal" wd="le"/>
        </grup.nom>
      </sn>
      <grup.verb>
        <v lem="salir" lss="B22.unaccusative-passive-transitive" mood="indicative" num="s" person="3" pos="vmip3s0" postype="main" tense="present" wd="sale"/>
      </grup.verb>
      <sp arg="arg2" func="cc" tem="loc">
        <prep>
          <s lem="por" pos="sps00" postype="preposition" wd="por"/>
        </prep>
        <sn>
          <spec gen="m" num="p">
            <d gen="m" lem="el" num="p" pos="da0mp0" postype="article" wd="los"/>
          </spec>
          <grup.nom gen="m" num="p">
            <n gen="m" lem="poro" num="p" pos="ncmp000" postype="common" sense="16:10025353" wd="poros"/>
          </grup.nom>
        </sn>
      </sp>
    </S>
    <conj conjunctiontype="coordinating">
      <c lem="y" pos="cc" postype="coordinating" wd="y"/>
    </conj>
    <S>
      <sn arg="arg0" elliptic="yes" func="suj" tem="agt"/>
      <neg func="mod">
        <r lem="no" pos="rn" postype="negative" wd="no"/>
      </neg>
      <sn arg="arg1" func="cd" tem="pat">
        <grup.nom gen="f" num="s">
          <p case="accusative" gen="f" lem="él" num="s" person="3" pos="pp3fsa00" postype="personal" wd="la"/>
        </grup.nom>
      </sn>
      <grup.verb>
        <v lem="poder" mood="indicative" num="s" person="3" pos="vmip3s0" postype="main" tense="present" wd="puede"/>
        <infinitiu>
          <v lem="contener" lss="A21.transitive-agentive-patient" mood="infinitive" pos="vmn0000" postype="main" wd="contener"/>
        </infinitiu>
      </grup.verb>
    </S>
    <f lem="." pos="fp" punct="period" wd="."/>
  </sentence>
  <sentence>
    <sn arg="arg0" entityref="ne" func="suj" ne="person" tem="agt">
      <grup.nom gen="m" num="s">
        <n lem="Tony" ne="person" pos="np0000p" postype="proper" sense="16:cs1" wd="Tony"/>
      </grup.nom>
    </sn>
    <grup.verb>
      <v lem="volcar" lss="A31.ditransitive-patient-locative" mood="indicative" num="s" person="3" pos="vmis3s0" postype="main" tense="past" wd="volcó"/>
    </grup.verb>
    <sp arg="arg2" func="creg" tem="loc">
      <prep>
        <s lem="sobre" pos="sps00" postype="preposition" wd="sobre"/>
      </prep>
      <sn>
        <spec gen="f" num="s">
          <d gen="f" lem="el" num="s" pos="da0fs0" postype="article" wd="la"/>
        </spec>
        <grup.nom gen="f" num="s">
          <n gen="f" lem="ruta" num="s" pos="ncfs000" postype="common" sense="16:06348591" wd="ruta"/>
        </grup.nom>
      </sn>
    </sp>
    <sn arg="arg1" func="cd" tem="pat">
      <spec gen="f" num="s">
        <d gen="f" lem="uno" num="s" pos="di0fs0" postype="indefinite" wd="una"/>
      </spec>
      <grup.nom gen="f" num="s">
        <n gen="f" lem="categoría" num="s" pos="ncfs000" postype="common" sense="16:cs1" wd="categoría"/>
        <S clausetype="relative" coord="yes">
          <S clausetype="relative">
            <relatiu arg="arg2" func="cd" functype="quantitative" tem="atr">
              <p gen="c" lem="que" num="c" pos="pr0cn000" postype="relative" wd="que"/>
            </relatiu>
            <sadv arg="argM" func="cc" tem="adv">
              <grup.adv>
                <r lem="sólo" pos="rg" wd="sólo"/>
              </grup.adv>
            </sadv>
            <sn arg="arg1" entityref="ne" func="suj" ne="person" tem="tem">
              <grup.nom gen="m" num="s">
                <n lem="Indurain" ne="person" pos="np0000p" postype="proper" sense="16:cs1" wd="Indurain"/>
              </grup.nom>
            </sn>
            <grup.verb>
              <v lem="poseer" lss="C21.state-attributive" mood="indicative" num="s" person="3" pos="vmip3s0" postype="main" tense="present" wd="posee"/>
            </grup.verb>
            <sp arg="argM" func="cc" tem="adv">
              <prep>
                <s lem="en" pos="sps00" postype="preposition" wd="en"/>
              </prep>
              <sn>
                <spec gen="m" num="s">
                  <d gen="m" lem="el" num="s" pos="da0ms0" postype="article" wd="el"/>
                </spec>
                <grup.nom gen="m" num="s">
                  <n gen="m" lem="ciclismo" num="s" pos="ncms000" postype="common" sense="16:00286443" wd="ciclismo"/>
                  <s.a gen="m" num="s">
                    <grup.a gen="m" num="s">
                      <a gen="c" lem="actual" num="s" pos="aq0cs0" postype="qualificative" wd="actual"/>
                    </grup.a>
                  </s.a>
                </grup.nom>
              </sn>
            </sp>
          </S>
          <conj conjunctiontype="coordinating">
            <c lem="y" pos="cc" postype="coordinating" wd="y"/>
          </conj>
          <S clausetype="relative">
            <relatiu arg="arg0" func="suj" tem="agt">
              <p gen="c" lem="que" num="c" pos="pr0cn000" postype="relative" wd="que"/>
            </relatiu>
            <sn arg="argM" func="cc" tem="tmp">
              <spec gen="f" num="s">
                <d gen="f" lem="este" num="s" pos="dd0fs0" postype="demonstrative" wd="esta"/>
              </spec>
              <grup.nom gen="f" num="s">
                <n gen="f" lem="temporada" num="s" pos="ncfs000" postype="common" sense="16:10947841" wd="temporada"/>
              </grup.nom>
            </sn>
            <grup.verb>
              <v lem="jugar" lss="A21.transitive-agentive-patient" mood="indicative" num="s" person="3" pos="vmip3s0" postype="main" tense="present" wd="juega"/>
            </grup.verb>
            <sp arg="argM" func="cc" tem="adv">
              <prep>
                <s lem="con" pos="sps00" postype="preposition" wd="con"/>
              </prep>
              <sn>
                <spec gen="m" num="s">
                  <d gen="m" lem="el" num="s" pos="da0ms0" postype="article" wd="el"/>
                </spec>
                <grup.nom gen="m" num="s">
                  <n gen="m" lem="misterio" num="s" pos="ncms000" postype="common" sense="16:04394091" wd="misterio"/>
                </grup.nom>
              </sn>
            </sp>
          </S>
        </S>
      </grup.nom>
    </sn>
    <f lem="." pos="fp" punct="period" wd="."/>
  </sentence>
  <sentence coord="yes">
    <S>
      <sn arg="arg0" entityref="ne" func="suj" ne="person" tem="agt">
        <grup.nom gen="m" num="s">
          <n lem="Zarrabeitia" ne="person" pos="np0000p" postype="proper" sense="16:cs1" wd="Zarrabeitia"/>
        </grup.nom>
      </sn>
      <grup.verb>
        <v lem="poner" lss="A31.ditransitive-patient-locative" mood="indicative" num="s" person="3" pos="vmis3s0" postype="main" tense="past" wd="puso"/>
      </grup.verb>
      <sn arg="arg1" func="cd" tem="pat">
        <spec gen="f" num="s">
          <d gen="f" lem="el" num="s" pos="da0fs0" postype="article" wd="la"/>
        </spec>
        <grup.nom gen="f" num="s">
          <n gen="f" lem="rebeldía" num="s" pos="ncfs000" postype="common" sense="16:00763753" wd="rebeldía"/>
        </grup.nom>
      </sn>
      <f lem="," pos="fc" punct="comma" wd=","/>
    </S>
    <conj conjunctiontype="coordinating">
      <c lem="y" pos="cc" postype="coordinating" wd="y"/>
    </conj>
    <S verbless="yes">
      <sn entityref="ne" ne="person">
        <grup.nom gen="m" num="s">
          <n lem="Delgado" ne="person" pos="np0000p" postype="proper" sense="16:cs1" wd="Delgado"/>
        </grup.nom>
      </sn>
      <sn>
        <spec gen="f" num="s">
          <d gen="f" lem="el" num="s" pos="da0fs0" postype="article" wd="la"/>
        </spec>
        <grup.nom gen="f" num="s">
          <n gen="f" lem="gallardía" num="s" pos="ncfs000" postype="common" sense="16:03808136" wd="gallardía"/>
        </grup.nom>
      </sn>
    </S>
    <f lem="." pos="fp" punct="period" wd="."/>
  </sentence>
  <sentence>
    <sn arg="arg1" entityref="ne" func="suj" ne="person" tem="tem">
      <grup.nom gen="m" num="s">
        <n lem="Mikel" ne="person" pos="np0000p" postype="proper" sense="16:cs1" wd="Mikel"/>
      </grup.nom>
    </sn>
    <sp arg="arg2" func="atr" tem="atr">
      <f lem="," pos="fc" punct="comma" wd=","/>
      <prep>
        <s lem="amén_de" pos="sps00" postype="preposition" wd="amén_de"/>
      </prep>
      <s.a gen="f" num="s">
        <grup.a gen="f" num="s">
          <a gen="c" lem="fuerte" num="s" pos="aq0cs0" postype="qualificative" wd="fuerte"/>
        </grup.a>
      </s.a>
      <f lem="," pos="fc" punct="comma" wd=","/>
    </sp>
    <grup.verb>
      <v lem="ser" lss="C21.state-attributive" mood="indicative" num="s" person="3" pos="vsip3s0" postype="semiauxiliary" tense="present" wd="es"/>
    </grup.verb>
    <sa arg="arg2" func="atr" tem="atr">
      <grup.a>
        <a gen="m" lem="temerario" num="s" pos="aq0ms0" postype="qualificative" wd="temerario"/>
      </grup.a>
    </sa>
    <sp arg="argM" func="cc" tem="adv">
      <prep>
        <s lem="por" pos="sps00" postype="preposition" wd="por"/>
      </prep>
      <S clausetype="completive" impersonal="yes">
        <infinitiu>
          <v lem="lograr" lss="A21.transitive-agentive-patient" mood="infinitive" pos="vmn0000" postype="main" wd="lograr"/>
        </infinitiu>
        <S arg="arg1" clausetype="completive" func="cd" impersonal="yes" tem="pat">
          <infinitiu>
            <v lem="despertar" lss="A11.transitive-causative" mood="infinitive" pos="vmn0000" postype="main" wd="despertar"/>
          </infinitiu>
          <sp arg="arg1" func="cd" tem="tem">
            <prep>
              <s lem="a" pos="sps00" postype="preposition" wd="a"/>
            </prep>
            <sn>
              <spec gen="f" num="s">
                <d gen="f" lem="el" num="s" pos="da0fs0" postype="article" wd="la"/>
              </spec>
              <grup.nom gen="f" num="s">
                <n gen="f" lem="bestia" num="s" pos="ncfs000" postype="common" sense="16:00008019" wd="bestia"/>
                <sp>
                  <prep>
                    <s lem="de" pos="sps00" postype="preposition" wd="de"/>
                  </prep>
                  <sn>
                    <spec gen="m" num="s">
                      <d gen="c" lem="su" num="s" person="3" pos="dp3cs0" postype="possessive" wd="su"/>
                    </spec>
                    <grup.nom gen="m" num="s">
                      <s.a gen="m" num="s">
                        <grup.a gen="m" num="s">
                          <a gen="m" lem="poderoso" num="s" pos="aq0ms0" postype="qualificative" wd="poderoso"/>
                        </grup.a>
                      </s.a>
                      <n gen="m" lem="letargo" num="s" pos="ncms000" postype="common" sense="16:03936401" wd="letargo"/>
                      <s.a gen="m" num="s">
                        <grup.a gen="m" num="s">
                          <f lem="," pos="fc" punct="comma" wd=","/>
                          <a gen="m" lem="devastador" num="s" pos="aq0ms0" postype="qualificative" wd="devastador"/>
                          <sp>
                            <prep>
                              <s lem="en" pos="sps00" postype="preposition" wd="en"/>
                            </prep>
                            <sn>
                              <spec arg="arg0" gen="m" num="s" tem="src">
                                <d gen="c" lem="su" num="s" person="3" pos="dp3cs0" postype="possessive" wd="su"/>
                              </spec>
                              <grup.nom gen="m" num="s">
                                <n gen="m" lem="bostezo" lexicalid="noun.bostezo.1.default" num="s" origin="deverbal" pos="ncms000" postype="common" sense="16:00537182" wd="bostezo"/>
                              </grup.nom>
                            </sn>
                          </sp>
                        </grup.a>
                      </s.a>
                    </grup.nom>
                  </sn>
                </sp>
              </grup.nom>
            </sn>
          </sp>
        </S>
      </S>
    </sp>
    <f lem="." pos="fp" punct="period" wd="."/>
  </sentence>
  <sentence coord="yes">
    <S>
      <sn arg="arg0" func="suj" tem="agt">
        <spec arg="arg0" gen="m" num="s" tem="agt">
          <d gen="c" lem="su" num="s" person="3" pos="dp3cs0" postype="possessive" wd="Su"/>
        </spec>
        <grup.nom gen="m" num="s">
          <n gen="m" lem="ataque" lexicalid="noun.ataque.1.default" num="s" origin="deverbal" pos="ncms000" postype="common" sense="16:00291138" wd="ataque"/>
        </grup.nom>
      </sn>
      <conj conjunctiontype="coordinating" func="et">
        <f lem="," pos="fc" punct="comma" wd=","/>
        <c lem="sin_embargo" pos="cc" postype="coordinating" wd="sin_embargo"/>
        <f lem="," pos="fc" punct="comma" wd=","/>
      </conj>
      <neg func="mod">
        <r lem="no" pos="rn" postype="negative" wd="no"/>
      </neg>
      <grup.verb>
        <v lem="perseguir" lss="A21.transitive-agentive-patient" mood="indicative" num="s" person="3" pos="vmii3s0" postype="main" tense="imperfect" wd="perseguía"/>
      </grup.verb>
      <S arg="arg1" clausetype="completive" func="cd" impersonal="yes" tem="pat">
        <infinitiu>
          <v lem="atentar" lss="A22.transitive-agentive-theme" mood="infinitive" pos="vmn0000" postype="main" wd="atentar"/>
        </infinitiu>
        <sadv arg="argM" func="cc" tem="mnr">
          <grup.adv>
            <r lem="seriamente" pos="rg" wd="seriamente"/>
          </grup.adv>
        </sadv>
        <sp arg="arg1" func="creg" tem="tem">
          <prep>
            <s lem="contra" pos="sps00" postype="preposition" wd="contra"/>
          </prep>
          <sn>
            <spec gen="f" num="s">
              <d gen="f" lem="el" num="s" pos="da0fs0" postype="article" wd="la"/>
            </spec>
            <grup.nom gen="f" num="s">
              <n gen="f" lem="dictadura" num="s" pos="ncfs000" postype="common" sense="16:06243405" wd="dictadura"/>
              <sp>
                <prep>
                  <s lem="de" pos="sps00" postype="preposition" wd="de"/>
                </prep>
                <sn entityref="ne" ne="person">
                  <grup.nom gen="m" num="s">
                    <n lem="Rominger" ne="person" pos="np0000p" postype="proper" sense="16:cs1" wd="Rominger"/>
                  </grup.nom>
                </sn>
              </sp>
            </grup.nom>
          </sn>
        </sp>
      </S>
      <f lem="," pos="fc" punct="comma" wd=","/>
    </S>
    <conj conjunctiontype="coordinating">
      <c lem="sino" pos="cc" postype="coordinating" wd="sino"/>
    </conj>
    <S verbless="yes">
      <S clausetype="completive" impersonal="yes">
        <infinitiu>
          <v lem="distanciar" lss="A21.transitive-agentive-patient" mood="infinitive" pos="vmn0000" postype="main" wd="distanciar"/>
        </infinitiu>
        <sp>
          <prep>
            <s lem="a" pos="sps00" postype="preposition" wd="a"/>
          </prep>
          <sn entityref="ne" ne="person">
            <grup.nom gen="m" num="s">
              <n lem="Zülle" ne="person" pos="np0000p" postype="proper" sense="16:cs1" wd="Zülle"/>
            </grup.nom>
          </sn>
        </sp>
      </S>
    </S>
    <f lem="." pos="fp" punct="period" wd="."/>
  </sentence>
  <sentence verbless="yes">
    <sa>
      <grup.a>
        <a gen="c" lem="sorprendente" num="s" pos="aq0cs0" postype="qualificative" wd="Sorprendente"/>
      </grup.a>
    </sa>
    <sn>
      <spec gen="f" num="s">
        <d gen="f" lem="ese" num="s" pos="dd0fs0" postype="demonstrative" wd="esa"/>
      </spec>
      <grup.nom gen="f" num="s">
        <n gen="f" lem="actitud" num="s" pos="ncfs000" postype="common" sense="16:04697893" wd="actitud"/>
        <s.a gen="f" num="s">
          <grup.a gen="f" num="s">
            <a gen="f" lem="activo" num="s" pos="aq0fs0" postype="qualificative" wd="activa"/>
          </grup.a>
        </s.a>
      </grup.nom>
    </sn>
    <sp>
      <prep>
        <s lem="en" pos="sps00" postype="preposition" wd="en"/>
      </prep>
      <sn>
        <spec gen="m" num="s">
          <d gen="m" lem="uno" num="s" pos="di0ms0" postype="indefinite" wd="un"/>
        </spec>
        <grup.nom gen="m" num="s">
          <n gen="m" lem="hombre" num="s" pos="ncms000" postype="common" sense="16:07391044" wd="hombre"/>
          <S clausetype="relative">
            <relatiu arg="arg0" func="suj" tem="agt">
              <p gen="c" lem="que" num="c" pos="pr0cn000" postype="relative" wd="que"/>
            </relatiu>
            <grup.verb>
              <v lem="estar" mood="indicative" num="s" person="3" pos="vmip3s0" postype="main" tense="present" wd="está"/>
              <gerundi>
                <v lem="alcanzar" lss="A31.ditransitive-patient-locative" mood="gerund" pos="vmg0000" postype="main" wd="alcanzando"/>
              </gerundi>
            </grup.verb>
            <sp arg="argM" func="cc" tem="loc">
              <prep>
                <s lem="en" pos="sps00" postype="preposition" wd="en"/>
              </prep>
              <sn entityref="ne" ne="other">
                <spec gen="f" num="s">
                  <d gen="f" lem="este" num="s" pos="dd0fs0" postype="demonstrative" wd="esta"/>
                </spec>
                <grup.nom gen="f" num="s">
                  <n lem="Vuelta" ne="other" pos="np0000a" postype="proper" sense="16:cs1" wd="Vuelta"/>
                </grup.nom>
              </sn>
            </sp>
            <sadv arg="arg1" func="cd" tem="pat">
              <spec>
                <r lem="mucho" pos="rg" wd="mucho"/>
              </spec>
              <grup.adv>
                <r lem="más" pos="rg" wd="más"/>
                <sp>
                  <prep>
                    <s lem="de" pos="sps00" postype="preposition" wd="de"/>
                  </prep>
                  <sn>
                    <spec gen="m" num="s">
                      <d gen="c" lem="el" num="s" pos="da0ns0" postype="article" wd="lo"/>
                    </spec>
                    <grup.nom gen="m" num="s">
                      <S clausetype="relative">
                        <relatiu arg="arg1" func="creg" tem="tem">
                          <p gen="c" lem="que" num="c" pos="pr0cn000" postype="relative" wd="que"/>
                        </relatiu>
                        <sn arg="arg0" func="suj" tem="agt">
                          <grup.nom gen="m" num="s">
                            <p gen="c" lem="nadie" num="s" pos="pi0cs000" postype="indefinite" wd="nadie"/>
                            <sp>
                              <f lem="," pos="fc" punct="comma" wd=","/>
                              <prep>
                                <s lem="excepto" pos="sps00" postype="preposition" wd="excepto"/>
                              </prep>
                              <sn>
                                <sadv adjunct="yes">
                                  <grup.adv>
                                    <r lem="quizá" pos="rg" wd="quizá"/>
                                  </grup.adv>
                                </sadv>
                                <sn>
                                  <grup.nom gen="m" num="s">
                                    <p gen="m" lem="él" num="s" person="3" pos="pp3ms000" postype="personal" wd="él"/>
                                  </grup.nom>
                                </sn>
                              </sn>
                              <f lem="," pos="fc" punct="comma" wd=","/>
                            </sp>
                          </grup.nom>
                        </sn>
                        <grup.verb>
                          <v lem="poder" mood="indicative" num="s" person="3" pos="vmii3s0" postype="main" tense="imperfect" wd="podía"/>
                          <infinitiu>
                            <v lem="presumir" lss="A22.transitive-agentive-theme" mood="infinitive" pos="vmn0000" postype="main" wd="presumir"/>
                          </infinitiu>
                        </grup.verb>
                      </S>
                    </grup.nom>
                  </sn>
                </sp>
              </grup.adv>
            </sadv>
          </S>
        </grup.nom>
      </sn>
    </sp>
    <f lem="." pos="fp" punct="period" wd="."/>
  </sentence>
  <sentence>
    <sa arg="arg2" func="atr" tem="atr">
      <spec>
        <r lem="mucho" pos="rg" wd="Muy"/>
      </spec>
      <grup.a>
        <a gen="m" lem="entero" num="s" pos="aq0ms0" postype="qualificative" wd="entero"/>
      </grup.a>
    </sa>
    <sn arg="arg1" elliptic="yes" func="suj" tem="tem"/>
    <grup.verb>
      <v lem="deber" mood="indicative" num="s" person="3" pos="vmip3s0" postype="main" tense="present" wd="debe"/>
      <s lem="de" pos="sps00" postype="preposition" wd="de"/>
      <infinitiu>
        <v lem="encontrar" lss="C21.state-attributive" mood="infinitive" pos="vmn0000" postype="main" wd="encontrarse"/>
      </infinitiu>
    </grup.verb>
    <sp arg="argM" func="cc" tem="adv">
      <prep>
        <s lem="para" pos="sps00" postype="preposition" wd="para"/>
      </prep>
      <S clausetype="completive" impersonal="yes">
        <infinitiu>
          <v lem="verter" lss="A21.transitive-agentive-patient" mood="infinitive" pos="vmn0000" postype="main" wd="verter"/>
        </infinitiu>
        <sp arg="arg2" func="cc" tem="loc">
          <prep>
            <s lem="sobre" pos="sps00" postype="preposition" wd="sobre"/>
          </prep>
          <sn>
            <spec gen="m" num="s">
              <d gen="m" lem="el" num="s" pos="da0ms0" postype="article" wd="el"/>
            </spec>
            <grup.nom gen="m" num="s">
              <n gen="m" lem="asfalto" num="s" pos="ncms000" postype="common" sense="16:10589231" wd="asfalto"/>
            </grup.nom>
          </sn>
        </sp>
        <sn arg="arg1" func="cd" tem="pat">
          <spec gen="f" num="p">
            <d gen="f" lem="uno" num="p" pos="di0fp0" postype="indefinite" wd="unas"/>
          </spec>
          <grup.nom gen="f" num="p">
            <n gen="f" lem="energía" num="p" pos="ncfp000" postype="common" sense="16:03655600" wd="energías"/>
            <S clausetype="relative">
              <sp arg="arg1" func="creg" tem="tem">
                <prep>
                  <s lem="a" pos="sps00" postype="preposition" wd="a"/>
                </prep>
                <sn>
                  <spec gen="f" num="p">
                    <d gen="f" lem="el" num="p" pos="da0fp0" postype="article" wd="las"/>
                  </spec>
                  <relatiu>
                    <p gen="c" lem="que" num="c" pos="pr0cn000" postype="relative" wd="que"/>
                  </relatiu>
                </sn>
              </sp>
              <sn arg="arg0" elliptic="yes" func="suj" tem="agt"/>
              <grup.verb>
                <v lem="deber" mood="indicative" num="s" person="3" pos="vmif3s0" postype="main" tense="future" wd="deberá"/>
                <infinitiu>
                  <v lem="apelar" lss="A22.transitive-agentive-theme" mood="infinitive" pos="vmn0000" postype="main" wd="apelar"/>
                </infinitiu>
              </grup.verb>
              <sp arg="argM" func="cc" tem="tmp">
                <prep>
                  <s lem="en" pos="sps00" postype="preposition" wd="en"/>
                </prep>
                <sn>
                  <spec gen="m" num="p">
                    <d gen="m" lem="el" num="p" pos="da0mp0" postype="article" wd="los"/>
                  </spec>
                  <grup.nom gen="m" num="p">
                    <n gen="m" lem="momento" num="p" pos="ncmp000" postype="common" sense="16:10898122" wd="momentos"/>
                    <s.a gen="m" num="p">
                      <grup.a gen="m" num="p">
                        <a gen="c" lem="importante" num="p" pos="aq0cp0" postype="qualificative" wd="importantes"/>
                      </grup.a>
                    </s.a>
                    <S clausetype="relative">
                      <relatiu arg="arg1" func="suj" tem="tem">
                        <p gen="c" lem="que" num="c" pos="pr0cn000" postype="relative" wd="que"/>
                      </relatiu>
                      <sadv arg="argM" func="cc" tem="adv">
                        <grup.adv>
                          <r lem="aún" pos="rg" wd="aún"/>
                        </grup.adv>
                      </sadv>
                      <grup.verb>
                        <v lem="quedar" lss="C21.state-attributive" mood="indicative" num="p" person="3" pos="vmip3p0" postype="main" tense="present" wd="quedan"/>
                      </grup.verb>
                      <sp arg="arg2" func="cc" tem="atr">
                        <prep>
                          <s lem="por" pos="sps00" postype="preposition" wd="por"/>
                        </prep>
                        <S clausetype="completive" impersonal="yes">
                          <infinitiu>
                            <v lem="desvelar" lss="A21.transitive-agentive-patient" mood="infinitive" pos="vmn0000" postype="main" wd="desvelar"/>
                          </infinitiu>
                          <sn arg="arg1" func="cd" tem="pat">
                            <spec gen="m" num="p">
                              <d gen="c" lem="su" num="p" person="3" pos="dp3cp0" postype="possessive" wd="sus"/>
                            </spec>
                            <grup.nom gen="m" num="p">
                              <s.a gen="m" num="p">
                                <grup.a gen="m" num="p">
                                  <a gen="m" lem="rudo" num="p" pos="aq0mp0" postype="qualificative" wd="rudos"/>
                                </grup.a>
                              </s.a>
                              <n gen="m" lem="secreto" num="p" pos="ncmp000" postype="common" sense="16:05003422" wd="secretos"/>
                            </grup.nom>
                          </sn>
                        </S>
                      </sp>
                    </S>
                    <sn complex="yes">
                      <f lem="(" pos="fpa" punct="bracket" punctenclose="open" wd="("/>
                      <grup.nom coord="yes">
                        <grup.nom>
                          <n lem="Valdezcaray" ne="location" pos="np0000l" postype="proper" sense="16:cs1" wd="Valdezcaray"/>
                        </grup.nom>
                        <f lem="," pos="fc" punct="comma" wd=","/>
                        <grup.nom>
                          <n lem="Covadonga" ne="location" pos="np0000l" postype="proper" sense="16:cs1" wd="Covadonga"/>
                        </grup.nom>
                        <f lem="," pos="fc" punct="comma" wd=","/>
                        <grup.nom>
                          <n lem="Avila" ne="location" pos="np0000l" postype="proper" sense="16:cs1" wd="Avila"/>
                        </grup.nom>
                        <conj conjunctiontype="coordinating">
                          <c lem="y" pos="cc" postype="coordinating" wd="y"/>
                        </conj>
                        <grup.nom>
                          <n lem="Segovia" ne="location" pos="np0000l" postype="proper" wd="Segovia"/>
                        </grup.nom>
                      </grup.nom>
                      <f lem=")" pos="fpt" punct="bracket" punctenclose="close" wd=")"/>
                    </sn>
                  </grup.nom>
                </sn>
              </sp>
            </S>
          </grup.nom>
        </sn>
      </S>
    </sp>
    <f lem="." pos="fp" punct="period" wd="."/>
  </sentence>
  <sentence>
    <sn arg="arg1" entityref="ne" func="suj" ne="person" tem="tem">
      <grup.nom gen="m" num="s">
        <n lem="Delgado" ne="person" pos="np0000p" postype="proper" sense="16:cs1" wd="Delgado"/>
      </grup.nom>
    </sn>
    <grup.verb>
      <v lem="vivir" lss="C21.state-attributive" mood="indicative" num="s" person="3" pos="vmip3s0" postype="main" tense="present" wd="vive"/>
    </grup.verb>
    <sp arg="argM" func="cc" tem="mnr">
      <prep>
        <s lem="con" pos="sps00" postype="preposition" wd="con"/>
      </prep>
      <sn>
        <grup.nom gen="m" num="s">
          <grup.nom gen="m" num="s">
            <p gen="c" lem="algo" num="s" pos="pi0cs000" postype="indefinite" wd="algo"/>
            <sadv>
              <grup.adv>
                <r lem="más" pos="rg" wd="más"/>
              </grup.adv>
            </sadv>
          </grup.nom>
          <S adjunct="yes" clausesubtype="comparative" clausetype="adverbial" verbless="yes">
            <conj conjunctiontype="subordinating">
              <c lem="que" pos="cs" postype="subordinating" wd="que"/>
            </conj>
            <sn>
              <grup.nom gen="f" num="s">
                <n gen="f" lem="dignidad" num="s" pos="ncfs000" postype="common" sense="16:03827814" wd="dignidad"/>
              </grup.nom>
            </sn>
          </S>
        </grup.nom>
      </sn>
    </sp>
    <sn arg="arg2" func="cd" functype="quantitative" tem="atr">
      <spec arg="arg1" gen="m" num="s" tem="tem">
        <d gen="c" lem="su" num="s" person="3" pos="dp3cs0" postype="possessive" wd="su"/>
      </spec>
      <grup.nom gen="m" num="s">
        <n gen="m" lem="declive" lexicalid="noun.declive.2.default" num="s" origin="deverbal" pos="ncms000" postype="common" sense="16:06725397" wd="declive"/>
      </grup.nom>
    </sn>
    <f lem="." pos="fp" punct="period" wd="."/>
  </sentence>
</article>
