<?xml version="1.0" encoding="UTF-8"?>
<!-- 

  ancora-2.0
       
			Copyright (C) 2007, 2008, 2009, 2010, 2011 UB - CLiC
			Centre de Llenguatge i Computació - Universitat de Barcelona
 
  This file is part of ancora-2.0.
 
  ancora-2.0 is free software and data: you can redistribute it and/or modify
  it under the terms of the GNU General Public License as published
  by the Free Software Foundation, either version 3 of the License,
  or (at your option) any later version.

  ancora-2.0 is distributed in the hope that it will be useful,
  but WITHOUT ANY WARRANTY; without even the implied warranty of
  MERCHANTABILITY or FITNESS FOR A PARTICULAR PURPOSE.  See the
  GNU General Public License for more details.
 
  You should have received a copy of the GNU General Public License
  along with ancora-2.0.  If not, see &lt;http://www.gnu.org/licenses/&gt;.
 
  Check a text in catalan explaining the terms of the license at http://www.softcatala.cat/wiki/GPL3.
  In spanish at http://www.viti.es/gnu/licenses/gpl.html
 

  The following paper must be cited when using this corpus:

 * Taulé, M., M.A. Martí, M. Recasens (2008) 'Ancora: Multilevel Annotated Corpora for Catalan and Spanish',
   Proceedings of 6th International Conference on Language Resources and Evaluation. Marrakesh (Morocco).

  In addition, the following paper must be cited if coreference information (attributes entity, coreftype,
  corefsubtype, homophoricDD or entityref) is used:

 * Recasens, Marta, M. Antònia Martí (2010) ‘AnCora-CO: Coreferentially annotated corpora for Spanish and
   Catalan’. Language Resources and Evaluation, Springer Science.

  Additionally, the following paper must be cited when argumental attributes in "sn" or "grup.nom"
  (attributes func, arg, tem or lexicalid) are used:

 * Peris, Aina, Mariona Taulé, Horacio Rodríguez (2010) ‘Semantic Annotation of Deverbal Nominalizations in the
   Spanish AnCora corpus’. Treebanks and Linguistic Theories (TLT-2010), Estonia.
-->
<article lng="es">
  <sentence>
    <sp arg="argM" func="cc" tem="tmp">
      <prep>
        <s lem="en" pos="sps00" postype="preposition" wd="En"/>
      </prep>
      <sn entityref="ne" ne="date">
        <grup.nom>
          <w lem="[??:??/??/1976:??.??]" ne="date" wd="1976"/>
        </grup.nom>
      </sn>
    </sp>
    <grup.verb>
      <v lem="aparecer" lss="B22.unaccusative-passive-transitive" mood="indicative" num="s" person="3" pos="vmis3s0" postype="main" tense="past" wd="apareció"/>
    </grup.verb>
    <sp arg="arg2" func="cc" tem="loc">
      <prep>
        <s lem="en" pos="sps00" postype="preposition" wd="en"/>
      </prep>
      <sn entityref="ne" ne="location">
        <grup.nom>
          <n lem="Filadelfia" ne="location" pos="np0000l" postype="proper" sense="16:cs1" wd="Filadelfia"/>
          <sn entityref="ne" ne="location">
            <f lem="(" pos="fpa" punct="bracket" punctenclose="open" wd="("/>
            <grup.nom>
              <n lem="EE.UU." ne="location" pos="np0000l" postype="proper" sense="16:cs1" wd="EE.UU."/>
            </grup.nom>
            <f lem=")" pos="fpt" punct="bracket" punctenclose="close" wd=")"/>
          </sn>
        </grup.nom>
      </sn>
    </sp>
    <sn arg="arg1" func="suj" tem="tem">
      <spec gen="f" num="s">
        <d gen="f" lem="uno" num="s" pos="di0fs0" postype="indefinite" wd="una"/>
      </spec>
      <grup.nom gen="f" num="s">
        <n gen="f" lem="bacteria" num="s" pos="ncfs000" postype="common" sense="16:00884781" wd="bacteria"/>
        <s.a coord="yes" gen="f" num="s">
          <s.a gen="f" num="s">
            <spec>
              <r lem="mucho" pos="rg" wd="muy"/>
            </spec>
            <grup.a gen="f" num="s">
              <a gen="c" lem="especial" num="s" pos="aq0cs0" postype="qualificative" wd="especial"/>
            </grup.a>
          </s.a>
          <f lem="," pos="fc" punct="comma" wd=","/>
          <s.a gen="f" num="s">
            <grup.a gen="f" num="s">
              <a gen="c" lem="resistente" num="s" pos="aq0cs0" postype="qualificative" wd="resistente"/>
              <sp>
                <prep>
                  <s lem="a" pos="sps00" postype="preposition" wd="a"/>
                </prep>
                <sn>
                  <spec gen="m" num="p">
                    <d gen="m" lem="el" num="p" pos="da0mp0" postype="article" wd="los"/>
                  </spec>
                  <grup.nom gen="m" num="p">
                    <n gen="m" lem="proceso" lexicalid="noun.proceso.1.default" num="p" origin="deverbal" pos="ncmp000" postype="common" sense="16:09669871" wd="procesos"/>
                    <sp arg="arg1" func="cn" tem="pat">
                      <prep>
                        <s lem="de" pos="sps00" postype="preposition" wd="de"/>
                      </prep>
                      <sn>
                        <grup.nom gen="f" num="s">
                          <n gen="f" lem="desinfección" lexicalid="noun.desinfección.2.default" num="s" origin="deverbal" pos="ncfs000" postype="common" sense="16:00454901" wd="desinfección"/>
                        </grup.nom>
                      </sn>
                    </sp>
                    <s.a func="cn" gen="m" num="p">
                      <grup.a gen="m" num="p">
                        <a gen="m" lem="ordinario" num="p" pos="aq0mp0" postype="qualificative" wd="ordinarios"/>
                      </grup.a>
                    </s.a>
                  </grup.nom>
                </sn>
              </sp>
            </grup.a>
          </s.a>
          <conj conjunctiontype="coordinating">
            <c lem="y" pos="cc" postype="coordinating" wd="y"/>
          </conj>
          <S clausetype="relative" coord="yes">
            <S clausetype="relative" coord="yes">
              <relatiu arg="arg1" func="suj" tem="tem">
                <p gen="c" lem="que" num="c" pos="pr0cn000" postype="relative" wd="que"/>
              </relatiu>
              <S clausetype="relative">
                <grup.verb>
                  <v lem="vivir" lss="C11.state-existential" mood="indicative" num="s" person="3" pos="vmii3s0" postype="main" tense="imperfect" wd="vivía"/>
                </grup.verb>
              </S>
              <conj conjunctiontype="coordinating">
                <c lem="y" pos="cc" postype="coordinating" wd="y"/>
              </conj>
              <S clausetype="relative">
                <morfema.pronominal>
                  <p gen="c" lem="él" num="c" person="3" pos="p0300000" wd="se"/>
                </morfema.pronominal>
                <grup.verb>
                  <v lem="reproducir" lss="C11.state-existential" mood="indicative" num="s" person="3" pos="vmii3s0" postype="main" tense="imperfect" wd="reproducía"/>
                </grup.verb>
              </S>
            </S>
            <sp arg="argM" func="cc" tem="loc">
              <prep>
                <s lem="en" pos="sps00" postype="preposition" wd="en"/>
              </prep>
              <sn complex="yes">
                <grup.nom coord="yes">
                  <grup.nom gen="m" num="p">
                    <n gen="m" lem="depósito" num="p" pos="ncmp000" postype="common" sense="16:03468579" wd="depósitos"/>
                    <sp arg="arg1" func="cn" tem="pat">
                      <prep>
                        <s lem="de" pos="sps00" postype="preposition" wd="de"/>
                      </prep>
                      <sn>
                        <grup.nom gen="f" num="s">
                          <n gen="f" lem="agua" num="s" pos="ncfs000" postype="common" sense="16:10650211" wd="agua"/>
                        </grup.nom>
                      </sn>
                    </sp>
                  </grup.nom>
                  <f lem="," pos="fc" punct="comma" wd=","/>
                  <grup.nom gen="f" num="p">
                    <n gen="f" lem="cisterna" num="p" pos="ncfp000" postype="common" sense="16:02444973" wd="cisternas"/>
                  </grup.nom>
                  <conj conjunctiontype="coordinating">
                    <c lem="y" pos="cc" postype="coordinating" wd="y"/>
                  </conj>
                  <grup.nom gen="f" num="p">
                    <n gen="f" lem="red" num="p" pos="ncfp000" postype="common" sense="16:03038207" wd="redes"/>
                    <sp>
                      <prep>
                        <s lem="de" pos="sps00" postype="preposition" wd="de"/>
                      </prep>
                      <sn complex="yes">
                        <grup.nom coord="yes">
                          <grup.nom gen="m" num="s">
                            <n gen="m" lem="saneamiento" lexicalid="noun.saneamiento.1.default" num="s" origin="deverbal" pos="ncms000" postype="common" sense="16:cs1" wd="saneamiento"/>
                          </grup.nom>
                          <conj conjunctiontype="coordinating">
                            <c lem="y" pos="cc" postype="coordinating" wd="y"/>
                          </conj>
                          <grup.nom gen="m" num="s">
                            <n gen="m" lem="alcantarillado" num="s" pos="ncms000" postype="common" sense="16:03306252" wd="alcantarillado"/>
                          </grup.nom>
                        </grup.nom>
                      </sn>
                    </sp>
                  </grup.nom>
                </grup.nom>
              </sn>
            </sp>
          </S>
        </s.a>
      </grup.nom>
    </sn>
    <f lem="." pos="fp" punct="period" wd="."/>
  </sentence>
  <sentence>
    <sn arg="arg1" func="suj" tem="tem">
      <spec gen="f" num="p">
        <d gen="c" lem="su" num="p" person="3" pos="dp3cp0" postype="possessive" wd="Sus"/>
      </spec>
      <grup.nom gen="f" num="p">
        <s.a gen="f" num="p">
          <grup.a gen="f" num="p">
            <a gen="f" lem="primero" num="p" pos="ao0fp0" postype="ordinal" wd="primeras"/>
          </grup.a>
        </s.a>
        <n gen="f" lem="víctima" num="p" pos="ncfp000" postype="common" sense="16:07665319" wd="víctimas"/>
      </grup.nom>
    </sn>
    <grup.verb>
      <v lem="ser" lss="C21.state-attributive" mood="indicative" num="p" person="3" pos="vsis3p0" postype="semiauxiliary" tense="past" wd="fueron"/>
    </grup.verb>
    <sn arg="arg2" func="atr" tem="atr">
      <grup.nom gen="m" num="p">
        <n gen="m" lem="legionario" num="p" pos="ncmp000" postype="common" sense="16:07368743" wd="legionarios"/>
        <s.a gen="m" num="p">
          <grup.a gen="m" num="p">
            <a gen="m" lem="norteamericano" num="p" pos="aq0mp0" postype="qualificative" wd="norteamericanos"/>
          </grup.a>
        </s.a>
        <S clausetype="relative">
          <relatiu arg="arg0" func="suj" tem="agt">
            <p gen="c" lem="que" num="c" pos="pr0cn000" postype="relative" wd="que"/>
          </relatiu>
          <sp arg="argM" func="cc" tem="tmp">
            <prep>
              <s lem="en" pos="sps00" postype="preposition" wd="en"/>
            </prep>
            <sn>
              <spec gen="f" num="p">
                <d gen="f" lem="aquel" num="p" pos="dd0fp0" postype="demonstrative" wd="aquellas"/>
              </spec>
              <grup.nom gen="f" num="p">
                <n gen="f" lem="fecha" num="p" pos="ncfp000" postype="common" sense="16:10880047" wd="fechas"/>
              </grup.nom>
            </sn>
          </sp>
          <grup.verb>
            <v lem="celebrar" lss="A21.transitive-agentive-patient" mood="indicative" num="p" person="3" pos="vmii3p0" postype="main" tense="imperfect" wd="celebraban"/>
          </grup.verb>
          <sn arg="arg1" func="cd" tem="pat">
            <spec gen="f" num="s">
              <d gen="f" lem="uno" num="s" pos="di0fs0" postype="indefinite" wd="una"/>
            </spec>
            <grup.nom gen="f" num="s">
              <n gen="f" lem="reunión" lexicalid="noun.reunión.4.default" num="s" origin="deverbal" pos="ncfs000" postype="common" sense="16:06166238" wd="reunión"/>
              <sp arg="argM" func="cn" tem="mnr">
                <prep>
                  <s lem="de" pos="sps00" postype="preposition" wd="de"/>
                </prep>
                <sn>
                  <grup.nom gen="f" num="s">
                    <n gen="f" lem="hermandad" num="s" pos="ncfs000" postype="common" sense="16:06019148" wd="hermandad"/>
                  </grup.nom>
                </sn>
              </sp>
            </grup.nom>
          </sn>
          <sp arg="argM" func="cc" tem="loc">
            <prep>
              <s lem="en" pos="sps00" postype="preposition" wd="en"/>
            </prep>
            <sn>
              <grup.nom gen="f" num="s">
                <S clausetype="participle" impersonal="yes">
                  <participi>
                    <a gen="f" lem="dicho" num="s" pos="aq0fsp" posfunction="participle" postype="qualificative" wd="dicha"/>
                  </participi>
                </S>
                <n gen="f" lem="ciudad" num="s" pos="ncfs000" postype="common" sense="16:06287351" wd="ciudad"/>
              </grup.nom>
            </sn>
          </sp>
        </S>
      </grup.nom>
    </sn>
    <f lem="." pos="fp" punct="period" wd="."/>
  </sentence>
  <sentence>
    <sn arg="arg1" coord="yes" func="suj" tem="tem">
      <spec gen="m" num="p">
        <d gen="m" lem="el" num="p" pos="da0mp0" postype="article" wd="Los"/>
      </spec>
      <sn coord="yes">
        <sn>
          <spec gen="m" num="p">
            <d gen="c" lem="cuarenta" num="p" pos="dn0cp0" postype="numeral" wd="cuarenta"/>
          </spec>
          <grup.nom gen="m" num="p">
            <n gen="m" lem="muerto" num="p" pos="ncmp000" postype="common" sense="16:04056524" wd="muertos"/>
          </grup.nom>
        </sn>
        <conj conjunctiontype="coordinating">
          <c lem="y" pos="cc" postype="coordinating" wd="y"/>
        </conj>
        <sn>
          <spec gen="m" num="p">
            <r lem="más" pos="rg" wd="más"/>
            <s lem="de" pos="sps00" postype="preposition" wd="de"/>
            <d gen="m" lem="doscientos" num="p" pos="dn0mp0" postype="numeral" wd="doscientos"/>
          </spec>
          <grup.nom gen="m" num="p">
            <n gen="m" lem="hospitalizado" num="p" pos="ncmp000" postype="common" sense="16:cs1" wd="hospitalizados"/>
          </grup.nom>
        </sn>
      </sn>
    </sn>
    <grup.verb>
      <v lem="tener" lss="C21.state-attributive" mood="indicative" num="p" person="3" pos="vmis3p0" postype="main" tense="past" wd="tuvieron"/>
    </grup.verb>
    <sn arg="arg2" func="cd" functype="quantitative" tem="atr">
      <spec gen="m" num="s">
        <d gen="m" lem="el" num="s" pos="da0ms0" postype="article" wd="el"/>
      </spec>
      <grup.nom gen="m" num="s">
        <s.a gen="m" num="s">
          <grup.a gen="m" num="s">
            <a gen="m" lem="dudoso" num="s" pos="aq0ms0" postype="qualificative" wd="dudoso"/>
          </grup.a>
        </s.a>
        <n gen="m" lem="privilegio" num="s" pos="ncms000" postype="common" sense="16:04033272" wd="privilegio"/>
        <sp>
          <prep>
            <s lem="de" pos="sps00" postype="preposition" wd="de"/>
          </prep>
          <S clausetype="completive" impersonal="yes">
            <infinitiu>
              <v lem="bautizar" lss="A21.transitive-agentive-patient" mood="infinitive" pos="vmn0000" postype="main" wd="bautizar"/>
            </infinitiu>
            <sn arg="arg1" func="cd" tem="pat">
              <spec gen="f" num="s">
                <d gen="f" lem="el" num="s" pos="da0fs0" postype="article" wd="la"/>
              </spec>
              <grup.nom gen="f" num="s">
                <n gen="f" lem="enfermedad" num="s" pos="ncfs000" postype="common" sense="16:10129713" wd="enfermedad"/>
              </grup.nom>
            </sn>
            <sp arg="argM" func="cc" tem="adv">
              <prep>
                <c lem="como" pos="cs" postype="subordinating" wd="como"/>
              </prep>
              <sn>
                <spec gen="m" num="s">
                  <d gen="m" lem="el" num="s" pos="da0ms0" postype="article" wd="el"/>
                </spec>
                <grup.nom gen="m" num="s">
                  <n gen="m" lem="mal" num="s" pos="ncms000" postype="common" sense="16:00258668" wd="mal"/>
                  <sp>
                    <prep>
                      <s contracted="yes" gen="m" lem="del" num="s" pos="spcms" postype="preposition" wd="del"/>
                    </prep>
                    <sn>
                      <grup.nom gen="m" num="s">
                        <n gen="m" lem="legionario" num="s" pos="ncms000" postype="common" sense="16:07368743" wd="legionario"/>
                      </grup.nom>
                    </sn>
                  </sp>
                </grup.nom>
              </sn>
            </sp>
          </S>
        </sp>
      </grup.nom>
    </sn>
    <f lem="." pos="fp" punct="period" wd="."/>
  </sentence>
  <sentence>
    <sn arg="arg1" func="suj" tem="tem">
      <grup.nom gen="f" num="p">
        <n gen="f" lem="fuente" num="p" pos="ncfp000" postype="common" sense="16:07338656" wd="Fuentes"/>
        <sp>
          <prep>
            <s lem="de" pos="sps00" postype="preposition" wd="de"/>
          </prep>
          <sn>
            <grup.nom gen="m" num="s">
              <n gen="m" lem="origen" num="s" pos="ncms000" postype="common" sense="16:06275359" wd="origen"/>
              <s.a gen="m" num="s">
                <s.a gen="m" num="s">
                  <grup.a gen="m" num="s">
                    <a gen="c" lem="igual" num="s" pos="aq0cs0" postype="qualificative" wd="igual"/>
                    <sp>
                      <prep>
                        <s lem="de" pos="sps00" postype="preposition" wd="de"/>
                      </prep>
                      <s.a gen="m" num="s">
                        <grup.a gen="m" num="s">
                          <a gen="m" lem="incierto" num="s" pos="aq0ms0" postype="qualificative" wd="incierto"/>
                        </grup.a>
                      </s.a>
                    </sp>
                  </grup.a>
                </s.a>
                <S adjunct="yes" clausesubtype="comparative" clausetype="adverbial" verbless="yes">
                  <conj conjunctiontype="subordinating">
                    <c lem="que" pos="cs" postype="subordinating" wd="que"/>
                  </conj>
                  <sp>
                    <prep>
                      <s lem="en" pos="sps00" postype="preposition" wd="en"/>
                    </prep>
                    <sn>
                      <spec gen="m" num="s">
                        <d gen="m" lem="el" num="s" pos="da0ms0" postype="article" wd="el"/>
                      </spec>
                      <grup.nom gen="m" num="s">
                        <n gen="m" lem="caso" num="s" pos="ncms000" postype="common" sense="16:10047274" wd="caso"/>
                        <sp>
                          <prep>
                            <s contracted="yes" gen="m" lem="del" num="s" pos="spcms" postype="preposition" wd="del"/>
                          </prep>
                          <sn entityref="ne" ne="other">
                            <grup.nom gen="m" num="s">
                              <n lem="SIDA" ne="other" pos="np0000a" postype="proper" sense="16:cs1" wd="SIDA"/>
                            </grup.nom>
                          </sn>
                        </sp>
                      </grup.nom>
                    </sn>
                  </sp>
                </S>
              </s.a>
            </grup.nom>
          </sn>
        </sp>
      </grup.nom>
    </sn>
    <grup.verb>
      <v lem="suponer" lss="C21.state-attributive" mood="indicative" num="p" person="3" pos="vmii3p0" postype="main" tense="imperfect" wd="suponían"/>
    </grup.verb>
    <sp arg="arg2" func="cd" functype="quantitative" tem="atr">
      <prep>
        <s lem="a" pos="sps00" postype="preposition" wd="a"/>
      </prep>
      <sn>
        <spec gen="f" num="s">
          <d gen="f" lem="este" num="s" pos="dd0fs0" postype="demonstrative" wd="esta"/>
        </spec>
        <grup.nom gen="f" num="s">
          <n gen="f" lem="bacteria" num="s" pos="ncfs000" postype="common" sense="16:00884781" wd="bacteria"/>
        </grup.nom>
      </sn>
    </sp>
    <sn arg="argM" func="cpred" predicate="cd" tem="atr">
      <grup.nom gen="m" num="s">
        <n gen="m" lem="producto" num="s" pos="ncms000" postype="common" sense="16:10763715" wd="producto"/>
        <sp>
          <prep>
            <s lem="de" pos="sps00" postype="preposition" wd="de"/>
          </prep>
          <sn>
            <spec gen="m" num="p">
              <d gen="m" lem="el" num="p" pos="da0mp0" postype="article" wd="los"/>
            </spec>
            <grup.nom gen="m" num="p">
              <n gen="m" lem="laboratorio" num="p" pos="ncmp000" postype="common" sense="16:02898427" wd="laboratorios"/>
              <s.a gen="m" num="p">
                <grup.a gen="m" num="p">
                  <a gen="c" lem="estadounidense" num="p" pos="aq0cp0" postype="qualificative" wd="estadounidenses"/>
                </grup.a>
              </s.a>
              <S clausetype="participle" impersonal="yes">
                <participi>
                  <a gen="m" lem="dedicado" lss="A22.transitive-agentive-theme" num="p" pos="aq0mpp" posfunction="participle" postype="qualificative" wd="dedicados"/>
                </participi>
                <sp arg="arg1" func="creg" tem="tem">
                  <prep>
                    <s lem="a" pos="sps00" postype="preposition" wd="a"/>
                  </prep>
                  <sn>
                    <spec gen="f" num="s">
                      <d gen="f" lem="el" num="s" pos="da0fs0" postype="article" wd="la"/>
                    </spec>
                    <grup.nom gen="f" num="s">
                      <n gen="f" lem="investigación" lexicalid="noun.investigación.1.default" num="s" origin="deverbal" pos="ncfs000" postype="common" sense="16:00416938" wd="investigación"/>
                      <s.a arg="arg1" func="cn" gen="f" num="s" tem="pat">
                        <grup.a gen="f" num="s">
                          <a gen="c" lem="militar" num="s" pos="aq0cs0" postype="qualificative" wd="militar"/>
                        </grup.a>
                      </s.a>
                      <sp arg="argM" func="cn" tem="loc">
                        <prep>
                          <s lem="en" pos="sps00" postype="preposition" wd="en"/>
                        </prep>
                        <sn>
                          <spec gen="m" num="s">
                            <d gen="m" lem="el" num="s" pos="da0ms0" postype="article" wd="el"/>
                          </spec>
                          <grup.nom gen="m" num="s">
                            <n gen="m" lem="terreno" num="s" pos="ncms000" postype="common" sense="16:04596100" wd="terreno"/>
                            <s.a gen="m" num="s">
                              <grup.a gen="m" num="s">
                                <a gen="m" lem="biológico" num="s" pos="aq0ms0" postype="qualificative" wd="biológico"/>
                              </grup.a>
                            </s.a>
                          </grup.nom>
                        </sn>
                      </sp>
                    </grup.nom>
                  </sn>
                </sp>
              </S>
            </grup.nom>
          </sn>
        </sp>
      </grup.nom>
    </sn>
    <f lem="." pos="fp" punct="period" wd="."/>
  </sentence>
  <sentence>
    <sadv func="et">
      <grup.adv>
        <r lem="por_último" pos="rg" wd="Por_último"/>
      </grup.adv>
    </sadv>
    <sp arg="argM" func="cc" tem="adv">
      <f lem="," pos="fc" punct="comma" wd=","/>
      <prep>
        <s lem="por" pos="sps00" postype="preposition" wd="por"/>
      </prep>
      <S clausetype="completive" impersonal="yes">
        <sadv func="mod">
          <grup.adv>
            <r lem="sólo" pos="rg" wd="sólo"/>
          </grup.adv>
        </sadv>
        <infinitiu>
          <v lem="citar" lss="A21.transitive-agentive-patient" mood="infinitive" pos="vmn0000" postype="main" wd="citar"/>
        </infinitiu>
        <sn arg="arg1" func="cd" tem="pat">
          <spec gen="m" num="s">
            <d gen="m" lem="uno" num="s" pos="di0ms0" postype="indefinite" wd="un"/>
          </spec>
          <grup.nom gen="m" num="s">
            <n gen="m" lem="caso" num="s" pos="ncms000" postype="common" sense="16:10047274" wd="caso"/>
            <sadv>
              <grup.adv>
                <r lem="más" pos="rg" wd="más"/>
              </grup.adv>
            </sadv>
          </grup.nom>
        </sn>
      </S>
      <f lem="," pos="fc" punct="comma" wd=","/>
    </sp>
    <sp arg="argM" func="cc" tem="loc">
      <prep>
        <s lem="en" pos="sps00" postype="preposition" wd="en"/>
      </prep>
      <sn entityref="ne" ne="location">
        <grup.nom>
          <n lem="España" ne="location" pos="np0000l" postype="proper" sense="16:06581760" wd="España"/>
        </grup.nom>
      </sn>
    </sp>
    <sp arg="argM" func="cc" tem="adv">
      <f lem="," pos="fc" punct="comma" wd=","/>
      <prep>
        <s lem="con" pos="sps00" postype="preposition" wd="con"/>
      </prep>
      <sn>
        <grup.nom gen="f" num="s">
          <n gen="f" lem="ocasión" num="s" pos="ncfs000" postype="common" sense="16:10047274" wd="ocasión"/>
          <sp>
            <prep>
              <s contracted="yes" gen="m" lem="del" num="s" pos="spcms" postype="preposition" wd="del"/>
            </prep>
            <sn>
              <grup.nom gen="m" num="s">
                <S clausetype="participle" impersonal="yes">
                  <participi>
                    <a gen="m" lem="llamado" num="s" pos="aq0msp" posfunction="participle" postype="qualificative" wd="llamado"/>
                  </participi>
                </S>
                <n gen="m" lem="síndrome" num="s" pos="ncms000" postype="common" sense="16:10269760" wd="síndrome"/>
                <s.a gen="m" num="s">
                  <grup.a gen="m" num="s">
                    <a gen="m" lem="tóxico" num="s" pos="aq0ms0" postype="qualificative" wd="tóxico"/>
                  </grup.a>
                </s.a>
                <sn>
                  <f lem="-" pos="fg" punct="hyphen" wd="-"/>
                  <spec gen="m" num="s">
                    <d gen="m" lem="el" num="s" pos="da0ms0" postype="article" wd="el"/>
                  </spec>
                  <grup.nom gen="m" num="s">
                    <n gen="m" lem="envenenamiento" lexicalid="noun.envenenamiento.1.default" num="s" origin="deverbal" pos="ncms000" postype="common" sense="16:00146041" wd="envenenamiento"/>
                    <sp arg="arg1" func="cn" tem="pat">
                      <prep>
                        <s lem="de" pos="sps00" postype="preposition" wd="de"/>
                      </prep>
                      <sn>
                        <grup.nom gen="f" num="p">
                          <p gen="c" lem="mil" num="p" pos="pn0cp000" postype="numeral" wd="miles"/>
                          <sp>
                            <prep>
                              <s lem="de" pos="sps00" postype="preposition" wd="de"/>
                            </prep>
                            <sn>
                              <grup.nom gen="f" num="p">
                                <n gen="f" lem="persona" num="p" pos="ncfp000" postype="common" sense="16:00004123" wd="personas"/>
                                <S clausetype="relative">
                                  <relatiu arg="arg0" func="suj" tem="agt">
                                    <p gen="c" lem="que" num="c" pos="pr0cn000" postype="relative" wd="que"/>
                                  </relatiu>
                                  <grup.verb>
                                    <v lem="consumir" lss="A21.transitive-agentive-patient" mood="indicative" num="p" person="3" pos="vmis3p0" postype="main" tense="past" wd="consumieron"/>
                                  </grup.verb>
                                  <sn arg="arg1" func="cd" tem="pat">
                                    <grup.nom gen="m" num="s">
                                      <n gen="m" lem="aceite" num="s" pos="ncms000" postype="common" sense="16:10738422" wd="aceite"/>
                                      <sp>
                                        <prep>
                                          <s lem="de" pos="sps00" postype="preposition" wd="de"/>
                                        </prep>
                                        <sn>
                                          <grup.nom gen="f" num="s">
                                            <n gen="f" lem="colza" num="s" pos="ncfs000" postype="common" sense="16:08187611" wd="colza"/>
                                          </grup.nom>
                                        </sn>
                                      </sp>
                                      <S clausetype="participle" impersonal="yes">
                                        <participi>
                                          <a gen="m" lem="desnaturalizado" num="s" pos="aq0msp" posfunction="participle" postype="qualificative" wd="desnaturalizado"/>
                                        </participi>
                                      </S>
                                    </grup.nom>
                                  </sn>
                                </S>
                              </grup.nom>
                            </sn>
                          </sp>
                        </grup.nom>
                      </sn>
                    </sp>
                  </grup.nom>
                  <f lem="-" pos="fg" punct="hyphen" wd="-"/>
                </sn>
              </grup.nom>
            </sn>
          </sp>
        </grup.nom>
      </sn>
      <f lem="," pos="fc" punct="comma" wd=","/>
    </sp>
    <morfema.verbal func="pass">
      <p gen="c" lem="se" num="c" pos="p0000000" wd="se"/>
    </morfema.verbal>
    <grup.verb>
      <v lem="achacar" lss="B22.unaccusative-passive-transitive" mood="indicative" num="s" person="3" pos="vmis3s0" postype="main" tense="past" wd="achacó"/>
    </grup.verb>
    <sn arg="arg1" func="suj" tem="pat">
      <spec gen="f" num="s">
        <d gen="f" lem="el" num="s" pos="da0fs0" postype="article" wd="la"/>
      </spec>
      <grup.nom gen="f" num="s">
        <n gen="f" lem="enfermedad" num="s" pos="ncfs000" postype="common" sense="16:10129713" wd="enfermedad"/>
      </grup.nom>
    </sn>
    <sp arg="arg2" func="ci" tem="ben">
      <prep>
        <s lem="a" pos="sps00" postype="preposition" wd="a"/>
      </prep>
      <sn>
        <spec gen="m" num="s">
          <d gen="m" lem="uno" num="s" pos="di0ms0" postype="indefinite" wd="un"/>
        </spec>
        <grup.nom gen="m" num="s">
          <n gen="m" lem="accidente" lexicalid="noun.accidente.1.default" num="s" origin="deverbal" pos="ncms000" postype="common" sense="16:05443572" wd="accidente"/>
          <S clausetype="participle" func="cn" impersonal="yes">
            <participi>
              <a gen="m" lem="sufrido" lss="C21.state-attributive" num="s" pos="aq0msp" posfunction="participle" postype="qualificative" wd="sufrido"/>
            </participi>
            <sp arg="argM" func="cc" tem="adv">
              <prep>
                <s lem="por" pos="sps00" postype="preposition" wd="por"/>
              </prep>
              <sn>
                <grup.nom gen="m" num="p">
                  <n gen="m" lem="avión" num="p" pos="ncmp000" postype="common" sense="16:02174460" wd="aviones"/>
                  <s.a gen="m" num="p">
                    <grup.a gen="m" num="p">
                      <a gen="m" lem="norteamericano" num="p" pos="aq0mp0" postype="qualificative" wd="norteamericanos"/>
                    </grup.a>
                  </s.a>
                  <s.a gen="m" num="p">
                    <grup.a gen="m" num="p">
                      <a gen="m" lem="portador" num="p" pos="aq0mp0" postype="qualificative" wd="portadores"/>
                      <sp>
                        <prep>
                          <s lem="de" pos="sps00" postype="preposition" wd="de"/>
                        </prep>
                        <sn>
                          <grup.nom gen="f" num="p">
                            <n gen="f" lem="arma" num="p" pos="ncfp000" postype="common" sense="16:03601056" wd="armas"/>
                            <s.a gen="f" num="p">
                              <grup.a gen="f" num="p">
                                <a gen="f" lem="biológico" num="p" pos="aq0fp0" postype="qualificative" wd="biológicas"/>
                              </grup.a>
                            </s.a>
                          </grup.nom>
                        </sn>
                      </sp>
                    </grup.a>
                  </s.a>
                </grup.nom>
              </sn>
            </sp>
          </S>
        </grup.nom>
      </sn>
    </sp>
    <f lem="." pos="fp" punct="period" wd="."/>
  </sentence>
  <sentence>
    <sadv func="mod">
      <grup.adv>
        <r lem="incluso" pos="rg" wd="Incluso"/>
      </grup.adv>
    </sadv>
    <morfema.verbal func="pass">
      <p gen="c" lem="se" num="c" pos="p0000000" wd="se"/>
    </morfema.verbal>
    <grup.verb>
      <v lem="llegar" mood="indicative" num="s" person="3" pos="vmis3s0" postype="main" tense="past" wd="llegó"/>
      <s lem="a" pos="sps00" postype="preposition" wd="a"/>
      <infinitiu>
        <v lem="mencionar" lss="B22.unaccusative-passive-transitive" mood="infinitive" pos="vmn0000" postype="main" wd="mencionar"/>
      </infinitiu>
    </grup.verb>
    <sn arg="arg1" func="suj" tem="pat">
      <spec gen="f" num="s">
        <d gen="f" lem="el" num="s" pos="da0fs0" postype="article" wd="la"/>
      </spec>
      <grup.nom gen="f" num="s">
        <n gen="f" lem="base" num="s" pos="ncfs000" postype="common" sense="16:02256491" wd="base"/>
        <s.a gen="f" num="s">
          <grup.a gen="f" num="s">
            <a gen="f" lem="aéreo" num="s" pos="aq0fs0" postype="qualificative" wd="aérea"/>
          </grup.a>
        </s.a>
        <s.a gen="f" num="s">
          <grup.a gen="f" num="s">
            <a gen="f" lem="conjunto" num="s" pos="aq0fs0" postype="qualificative" wd="conjunta"/>
          </grup.a>
        </s.a>
        <S clausetype="participle" impersonal="yes">
          <participi>
            <a gen="f" lem="localizado" lss="B22.unaccusative-passive-transitive" num="s" pos="aq0fsp" posfunction="participle" postype="qualificative" wd="localizada"/>
          </participi>
          <sp arg="arg2" func="cc" tem="loc">
            <prep>
              <s lem="en" pos="sps00" postype="preposition" wd="en"/>
            </prep>
            <sn entityref="ne" ne="location">
              <spec gen="f" num="s">
                <d gen="f" lem="el" num="s" pos="da0fs0" postype="article" wd="la"/>
              </spec>
              <grup.nom gen="f" num="s">
                <n gen="f" lem="población" lexicalid="noun.población.1.default" num="s" origin="deverbal" pos="ncfs000" postype="common" sense="16:06382213" wd="población"/>
                <s.a func="cn" gen="f" num="s">
                  <grup.a gen="f" num="s">
                    <a gen="f" lem="madrileño" num="s" pos="aq0fs0" postype="qualificative" wd="madrileña"/>
                  </grup.a>
                </s.a>
                <sp func="cn">
                  <prep>
                    <s lem="de" pos="sps00" postype="preposition" wd="de"/>
                  </prep>
                  <sn entityref="ne" ne="location">
                    <grup.nom>
                      <n lem="Torrejón_de_Ardoz" ne="location" pos="np0000l" postype="proper" sense="16:cs1" wd="Torrejón_de_Ardoz"/>
                    </grup.nom>
                  </sn>
                </sp>
              </grup.nom>
            </sn>
          </sp>
        </S>
      </grup.nom>
    </sn>
    <sp arg="argM" func="cc" tem="mnr">
      <prep>
        <c lem="como" pos="cs" postype="subordinating" wd="como"/>
      </prep>
      <sn>
        <grup.nom gen="m" num="s">
          <S clausetype="participle" impersonal="yes">
            <participi>
              <a gen="m" lem="supuesto" num="s" pos="aq0msp" posfunction="participle" postype="qualificative" wd="supuesto"/>
            </participi>
          </S>
          <n gen="m" lem="foco" num="s" pos="ncms000" postype="common" sense="16:cs1" wd="foco"/>
          <s.a gen="m" num="s">
            <grup.a gen="m" num="s">
              <a gen="m" lem="infeccioso" num="s" pos="aq0ms0" postype="qualificative" wd="infeccioso"/>
            </grup.a>
          </s.a>
        </grup.nom>
      </sn>
    </sp>
    <f lem="." pos="fp" punct="period" wd="."/>
  </sentence>
  <sentence>
    <S clausesubtype="conditional" clausetype="adverbial" coord="yes" func="ao">
      <conj conjunctiontype="coordinating">
        <r lem="tanto" pos="rg" wd="Tanto"/>
      </conj>
      <S clausesubtype="conditional" clausetype="adverbial">
        <conj conjunctiontype="subordinating">
          <c lem="si" pos="cs" postype="subordinating" wd="si"/>
        </conj>
        <sn arg="arg1" elliptic="yes" func="suj" tem="tem"/>
        <grup.verb>
          <v lem="ser" lss="C21.state-attributive" mood="indicative" num="p" person="3" pos="vsip3p0" postype="semiauxiliary" tense="present" wd="son"/>
        </grup.verb>
        <sa arg="arg2" func="atr" tem="atr">
          <grup.a>
            <a gen="f" lem="verídico" num="p" pos="aq0fp0" postype="qualificative" wd="verídicas"/>
          </grup.a>
        </sa>
      </S>
      <conj conjunctiontype="coordinating">
        <c lem="como" pos="cs" postype="subordinating" wd="como"/>
      </conj>
      <S clausesubtype="conditional" clausetype="adverbial" verbless="yes">
        <conj conjunctiontype="subordinating">
          <c lem="si" pos="cs" postype="subordinating" wd="si"/>
        </conj>
        <neg>
          <r lem="no" pos="rn" postype="negative" wd="no"/>
        </neg>
      </S>
      <f lem="," pos="fc" punct="comma" wd=","/>
    </S>
    <sn arg="arg1" func="suj" tem="tem">
      <spec gen="f" num="p">
        <d gen="f" lem="este" num="p" pos="dd0fp0" postype="demonstrative" wd="estas"/>
      </spec>
      <grup.nom gen="f" num="p">
        <n gen="f" lem="noticia" num="p" pos="ncfp000" postype="common" sense="16:04867981" wd="noticias"/>
      </grup.nom>
    </sn>
    <grup.verb>
      <v lem="deber" mood="indicative" num="p" person="3" pos="vmic3p0" postype="main" tense="conditional" wd="deberían"/>
      <infinitiu>
        <v lem="servir" lss="C41.state-benefactive" mood="infinitive" pos="vmn0000" postype="main" wd="servir"/>
      </infinitiu>
    </grup.verb>
    <sp arg="argM" func="cc" tem="adv">
      <sadv>
        <f lem="," pos="fc" punct="comma" wd=","/>
        <grup.adv>
          <r lem="cuando_menos" pos="rg" wd="cuando_menos"/>
        </grup.adv>
        <f lem="," pos="fc" punct="comma" wd=","/>
      </sadv>
      <sp>
        <prep>
          <c lem="como" pos="cs" postype="subordinating" wd="como"/>
        </prep>
        <sn>
          <grup.nom gen="f" num="s">
            <n gen="f" lem="materia" num="s" pos="ncfs000" postype="common" sense="16:04479710" wd="materia"/>
            <sp>
              <prep>
                <s lem="de" pos="sps00" postype="preposition" wd="de"/>
              </prep>
              <sn>
                <grup.nom gen="f" num="s">
                  <n gen="f" lem="reflexión" lexicalid="noun.reflexión.1.default" num="s" origin="deverbal" pos="ncfs000" postype="common" sense="16:04450733" wd="reflexión"/>
                </grup.nom>
              </sn>
            </sp>
          </grup.nom>
        </sn>
      </sp>
    </sp>
    <S arg="argM" clausetype="adverbial" func="cc" tem="adv">
      <f lem="," pos="fc" punct="comma" wd=","/>
      <conj conjunctiontype="subordinating">
        <c lem="ya_que" pos="cs" postype="subordinating" wd="ya_que"/>
      </conj>
      <sadv func="et">
        <f lem="," pos="fc" punct="comma" wd=","/>
        <grup.adv>
          <r lem="en_efecto" pos="rg" wd="en_efecto"/>
        </grup.adv>
        <f lem="," pos="fc" punct="comma" wd=","/>
      </sadv>
      <sn arg="arg1" func="suj" tem="tem">
        <grup.nom gen="m" num="p">
          <p gen="m" lem="alguno" num="p" pos="pi0mp000" postype="indefinite" wd="algunos"/>
          <sp>
            <prep>
              <s lem="de" pos="sps00" postype="preposition" wd="de"/>
            </prep>
            <sn>
              <spec gen="m" num="p">
                <d gen="m" lem="el" num="p" pos="da0mp0" postype="article" wd="los"/>
              </spec>
              <grup.nom gen="m" num="p">
                <S clausetype="participle" impersonal="yes">
                  <participi>
                    <a gen="m" lem="mencionado" num="p" pos="aq0mpp" posfunction="participle" postype="qualificative" wd="mencionados"/>
                  </participi>
                </S>
                <n gen="m" lem="caso" num="p" pos="ncmp000" postype="common" sense="16:10047274" wd="casos"/>
              </grup.nom>
            </sn>
          </sp>
        </grup.nom>
      </sn>
      <grup.verb>
        <v lem="poseer" lss="C21.state-attributive" mood="indicative" num="p" person="3" pos="vmip3p0" postype="main" tense="present" wd="poseen"/>
      </grup.verb>
      <sn arg="arg2" func="cd" functype="quantitative" tem="atr">
        <spec gen="m" num="p">
          <d gen="m" lem="todo" num="p" pos="di0mp0" postype="indefinite" wd="todos"/>
          <d gen="m" lem="el" num="p" pos="da0mp0" postype="article" wd="los"/>
        </spec>
        <grup.nom gen="m" num="p">
          <n gen="m" lem="viso" num="p" pos="ncmp000" postype="common" sense="16:cs1" wd="visos"/>
          <sp>
            <prep>
              <s lem="de" pos="sps00" postype="preposition" wd="de"/>
            </prep>
            <S clausetype="completive" impersonal="yes">
              <infinitiu>
                <v lem="estar" lss="C21.state-attributive" mood="infinitive" pos="vmn0000" postype="main" wd="estar"/>
              </infinitiu>
              <S arg="arg2" clausetype="participle" func="atr" impersonal="yes" tem="atr">
                <participi>
                  <a gen="m" lem="relacionado" lss="B22.unaccusative-passive-transitive" num="p" pos="aq0mpp" posfunction="participle" postype="qualificative" wd="relacionados"/>
                </participi>
                <sp arg="arg2" func="creg" tem="tem">
                  <prep>
                    <s lem="con" pos="sps00" postype="preposition" wd="con"/>
                  </prep>
                  <sn>
                    <grup.nom gen="f" num="s">
                      <p gen="f" lem="uno" num="s" pos="pi0fs000" postype="indefinite" wd="una"/>
                      <sp>
                        <prep>
                          <s lem="de" pos="sps00" postype="preposition" wd="de"/>
                        </prep>
                        <sn>
                          <spec gen="f" num="p">
                            <d gen="f" lem="el" num="p" pos="da0fp0" postype="article" wd="las"/>
                          </spec>
                          <grup.nom gen="f" num="p">
                            <s.a gen="f" num="p">
                              <spec>
                                <r lem="más" pos="rg" wd="más"/>
                              </spec>
                              <grup.a gen="f" num="p">
                                <a gen="c" lem="terrible" num="p" pos="aq0cp0" postype="qualificative" wd="terribles"/>
                              </grup.a>
                            </s.a>
                            <n gen="f" lem="máquina" num="p" pos="ncfp000" postype="common" sense="16:02949521" wd="máquinas"/>
                            <sp>
                              <prep>
                                <s lem="de" pos="sps00" postype="preposition" wd="de"/>
                              </prep>
                              <sn>
                                <grup.nom gen="f" num="s">
                                  <n gen="f" lem="guerra" num="s" pos="ncfs000" postype="common" sense="16:00626011" wd="guerra"/>
                                </grup.nom>
                              </sn>
                            </sp>
                          </grup.nom>
                        </sn>
                      </sp>
                      <sn>
                        <f lem=":" pos="fd" punct="colon" wd=":"/>
                        <spec gen="f" num="p">
                          <d gen="f" lem="el" num="p" pos="da0fp0" postype="article" wd="las"/>
                        </spec>
                        <grup.nom gen="f" num="p">
                          <n gen="f" lem="arma" num="p" pos="ncfp000" postype="common" sense="16:03601056" wd="armas"/>
                          <s.a gen="f" num="p">
                            <grup.a gen="f" num="p">
                              <a gen="f" lem="biológico" num="p" pos="aq0fp0" postype="qualificative" wd="biológicas"/>
                            </grup.a>
                          </s.a>
                        </grup.nom>
                      </sn>
                    </grup.nom>
                  </sn>
                </sp>
              </S>
            </S>
          </sp>
        </grup.nom>
      </sn>
    </S>
    <f lem="." pos="fp" punct="period" wd="."/>
  </sentence>
  <sentence>
    <sn arg="arg0" func="suj" tem="agt">
      <grup.nom num="s">
        <p gen="c" lem="quién" num="s" pos="pt0cs000" postype="interrogative" wd="Quién"/>
        <sn>
          <f lem="," pos="fc" punct="comma" wd=","/>
          <sadv>
            <grup.adv>
              <c lem="sino" pos="cc" postype="coordinating" wd="sino"/>
            </grup.adv>
          </sadv>
          <sn>
            <spec gen="m" num="s">
              <d gen="m" lem="el" num="s" pos="da0ms0" postype="article" wd="el"/>
            </spec>
            <grup.nom gen="m" num="s">
              <n gen="m" lem="científico" num="s" pos="ncms000" postype="common" sense="16:07551670" wd="científico"/>
              <s.a gen="m" num="s">
                <grup.a gen="m" num="s">
                  <a gen="m" lem="loco" num="s" pos="aq0ms0" postype="qualificative" wd="loco"/>
                </grup.a>
              </s.a>
              <sp>
                <prep>
                  <s lem="de" pos="sps00" postype="preposition" wd="de"/>
                </prep>
                <sn>
                  <spec gen="f" num="p">
                    <d gen="f" lem="el" num="p" pos="da0fp0" postype="article" wd="las"/>
                  </spec>
                  <grup.nom gen="f" num="p">
                    <n gen="f" lem="película" num="p" pos="ncfp000" postype="common" sense="16:04960631" wd="películas"/>
                    <sp>
                      <prep>
                        <s lem="de" pos="sps00" postype="preposition" wd="de"/>
                      </prep>
                      <sn>
                        <grup.nom gen="f" num="s">
                          <n gen="f" lem="ciencia-ficción" num="s" pos="ncfs000" postype="common" sense="16:04801234" wd="ciencia-ficción"/>
                        </grup.nom>
                      </sn>
                    </sp>
                  </grup.nom>
                </sn>
              </sp>
            </grup.nom>
          </sn>
          <f lem="," pos="fc" punct="comma" wd=","/>
        </sn>
      </grup.nom>
    </sn>
    <grup.verb>
      <v lem="poder" mood="indicative" num="s" person="3" pos="vmip3s0" postype="main" tense="present" wd="puede"/>
      <infinitiu>
        <v lem="haber" mood="infinitive" pos="van0000" postype="auxiliary" wd="haber"/>
        <v gen="m" lem="diseñar" lss="A21.transitive-agentive-patient" mood="participle" num="s" pos="vmp00sm" postype="main" wd="diseñado"/>
      </infinitiu>
    </grup.verb>
    <sn arg="arg1" func="cd" tem="pat">
      <spec gen="f" num="s">
        <d gen="f" lem="uno" num="s" pos="di0fs0" postype="indefinite" wd="una"/>
      </spec>
      <grup.nom gen="f" num="s">
        <n gen="f" lem="bacteria" num="s" pos="ncfs000" postype="common" sense="16:00884781" wd="bacteria"/>
        <sp>
          <prep>
            <c lem="como" pos="cs" postype="subordinating" wd="como"/>
          </prep>
          <sn>
            <spec gen="f" num="s">
              <d gen="f" lem="el" num="s" pos="da0fs0" postype="article" wd="la"/>
            </spec>
            <grup.nom gen="f" num="s">
              <n gen="f" lem="legionella" num="s" pos="ncfs000" postype="common" sense="16:cs1" wd="legionella"/>
            </grup.nom>
          </sn>
        </sp>
        <s.a gen="f" num="s">
          <f lem="," pos="fc" punct="comma" wd=","/>
          <grup.a gen="c" num="s">
            <a gen="c" lem="capaz" num="s" pos="aq0cs0" postype="qualificative" wd="capaz"/>
            <sp coord="yes">
              <sp>
                <prep>
                  <s lem="de" pos="sps00" postype="preposition" wd="de"/>
                </prep>
                <S clausetype="completive" impersonal="yes">
                  <infinitiu>
                    <v lem="sobrevivir" lss="C11.state-existential" mood="infinitive" pos="vmn0000" postype="main" wd="sobrevivir"/>
                  </infinitiu>
                  <sp arg="argM" func="cc" tem="loc">
                    <prep>
                      <s lem="en" pos="sps00" postype="preposition" wd="en"/>
                    </prep>
                    <sn>
                      <spec gen="m" num="s">
                        <d gen="m" lem="uno" num="s" pos="di0ms0" postype="indefinite" wd="un"/>
                      </spec>
                      <grup.nom gen="m" num="s">
                        <n gen="m" lem="ambiente" num="s" pos="ncms000" postype="common" sense="16:10410402" wd="ambiente"/>
                        <s.a gen="m" num="s">
                          <s.a gen="m" num="s">
                            <spec>
                              <r lem="tanto" pos="rg" wd="tan"/>
                            </spec>
                            <grup.a gen="m" num="s">
                              <a gen="m" lem="higiénico" num="s" pos="aq0ms0" postype="qualificative" wd="higiénico"/>
                            </grup.a>
                          </s.a>
                          <S adjunct="yes" clausesubtype="comparative" clausetype="adverbial">
                            <conj conjunctiontype="subordinating">
                              <c lem="como" pos="cs" postype="subordinating" wd="como"/>
                            </conj>
                            <grup.verb>
                              <v lem="ser" lss="C21.state-attributive" mood="indicative" num="s" person="3" pos="vsip3s0" postype="semiauxiliary" tense="present" wd="es"/>
                            </grup.verb>
                            <sn arg="arg1" func="suj" tem="tem">
                              <spec gen="m" num="s">
                                <d gen="m" lem="uno" num="s" pos="di0ms0" postype="indefinite" wd="un"/>
                              </spec>
                              <grup.nom gen="m" num="s">
                                <n gen="m" lem="depósito" num="s" pos="ncms000" postype="common" sense="16:03468579" wd="depósito"/>
                                <sp>
                                  <prep>
                                    <s lem="de" pos="sps00" postype="preposition" wd="de"/>
                                  </prep>
                                  <sn>
                                    <grup.nom gen="f" num="s">
                                      <n gen="f" lem="agua" num="s" pos="ncfs000" postype="common" sense="16:10650211" wd="agua"/>
                                      <s.a gen="f" num="s">
                                        <grup.a gen="f" num="s">
                                          <a gen="c" lem="potable" num="s" pos="aq0cs0" postype="qualificative" wd="potable"/>
                                        </grup.a>
                                      </s.a>
                                    </grup.nom>
                                  </sn>
                                </sp>
                              </grup.nom>
                            </sn>
                          </S>
                        </s.a>
                      </grup.nom>
                    </sn>
                  </sp>
                </S>
              </sp>
              <conj conjunctiontype="coordinating">
                <c lem="y" pos="cc" postype="coordinating" wd="y"/>
              </conj>
              <sp>
                <prep>
                  <s lem="de" pos="sps00" postype="preposition" wd="de"/>
                </prep>
                <S clausetype="completive" impersonal="yes">
                  <infinitiu>
                    <v lem="superar" lss="A21.transitive-agentive-patient" mood="infinitive" pos="vmn0000" postype="main" wd="superar"/>
                  </infinitiu>
                  <sn arg="arg1" func="cd" tem="pat">
                    <spec gen="m" num="p">
                      <d gen="m" lem="el" num="p" pos="da0mp0" postype="article" wd="los"/>
                    </spec>
                    <grup.nom gen="m" num="p">
                      <n gen="m" lem="método" num="p" pos="ncmp000" postype="common" sense="16:02975720" wd="métodos"/>
                      <s.a gen="m" num="p">
                        <grup.a gen="m" num="p">
                          <a gen="c" lem="tradicional" num="p" pos="aq0cp0" postype="qualificative" wd="tradicionales"/>
                        </grup.a>
                      </s.a>
                      <sp>
                        <prep>
                          <s lem="de" pos="sps00" postype="preposition" wd="de"/>
                        </prep>
                        <sn>
                          <grup.nom gen="f" num="s">
                            <n gen="f" lem="desinfección" lexicalid="noun.desinfección.1.default" num="s" origin="deverbal" pos="ncfs000" postype="common" sense="16:00454901" wd="desinfección"/>
                          </grup.nom>
                        </sn>
                      </sp>
                    </grup.nom>
                  </sn>
                </S>
              </sp>
            </sp>
          </grup.a>
        </s.a>
      </grup.nom>
    </sn>
    <f lem="?" pos="fit" punct="questionmark" punctenclose="close" wd="?"/>
  </sentence>
  <sentence>
    <f lem="-" pos="fg" punct="hyphen" wd="-"/>
    <grup.verb>
      <v lem="ser" lss="C21.state-attributive" mood="indicative" num="s" person="3" pos="vsip3s0" postype="semiauxiliary" tense="present" wd="Es"/>
    </grup.verb>
    <sa arg="arg2" func="atr" tem="atr">
      <spec>
        <r lem="realmente" pos="rg" wd="realmente"/>
      </spec>
      <grup.a>
        <a gen="c" lem="posible" num="s" pos="aq0cs0" postype="qualificative" wd="posible"/>
      </grup.a>
    </sa>
    <S arg="arg1" clausetype="completive" func="suj" tem="tem">
      <conj conjunctiontype="subordinating">
        <c lem="que" pos="cs" postype="subordinating" wd="que"/>
      </conj>
      <sn arg="arg0" func="suj" tem="agt">
        <spec gen="f" num="s">
          <d gen="f" lem="uno" num="s" pos="di0fs0" postype="indefinite" wd="una"/>
        </spec>
        <grup.nom gen="f" num="s">
          <n gen="f" lem="mutación" lexicalid="noun.mutación.1.default" num="s" origin="deverbal" pos="ncfs000" postype="common" sense="16:05525253" wd="mutación"/>
          <s.a func="cn" gen="f" num="s">
            <grup.a gen="f" num="s">
              <a gen="c" lem="casual" num="s" pos="aq0cs0" postype="qualificative" wd="casual"/>
            </grup.a>
          </s.a>
        </grup.nom>
      </sn>
      <grup.verb>
        <v lem="dar" lss="A32.ditransitive-patient-benefactive" mood="subjunctive" num="s" person="3" pos="vmsp3s0" postype="main" tense="present" wd="dé"/>
      </grup.verb>
      <sn arg="argL" func="cd">
        <grup.nom gen="m" num="s">
          <n gen="m" lem="origen" num="s" pos="ncms000" postype="common" sense="16:05458618" wd="origen"/>
        </grup.nom>
      </sn>
      <sp arg="arg2" func="ci" tem="ben">
        <prep>
          <s lem="a" pos="sps00" postype="preposition" wd="a"/>
        </prep>
        <sn>
          <spec gen="m" num="s">
            <d gen="m" lem="uno" num="s" pos="di0ms0" postype="indefinite" wd="un"/>
          </spec>
          <grup.nom gen="m" num="s">
            <n gen="m" lem="virus" num="c" pos="ncmn000" postype="common" sense="16:00871107" wd="virus"/>
            <s.a gen="m" num="s">
              <s.a gen="m" num="s">
                <spec>
                  <r lem="tanto" pos="rg" wd="tan"/>
                  <r lem="inteligentemente" pos="rg" wd="inteligentemente"/>
                </spec>
                <grup.a gen="m" num="s">
                  <a gen="m" lem="maligno" num="s" pos="aq0ms0" postype="qualificative" wd="maligno"/>
                </grup.a>
              </s.a>
              <S adjunct="yes" clausesubtype="comparative" clausetype="adverbial" verbless="yes">
                <conj conjunctiontype="subordinating">
                  <c lem="como" pos="cs" postype="subordinating" wd="como"/>
                </conj>
                <sn entityref="ne" ne="other">
                  <spec gen="m" num="s">
                    <d gen="m" lem="el" num="s" pos="da0ms0" postype="article" wd="el"/>
                  </spec>
                  <grup.nom gen="m" num="s">
                    <sp>
                      <prep>
                        <s contracted="yes" gen="m" lem="del" num="s" pos="spcms" postype="preposition" wd="del"/>
                      </prep>
                      <sn entityref="ne" ne="other">
                        <grup.nom gen="m" num="s">
                          <n lem="SIDA" ne="other" pos="np0000a" postype="proper" sense="16:cs1" wd="SIDA"/>
                        </grup.nom>
                      </sn>
                    </sp>
                  </grup.nom>
                </sn>
              </S>
            </s.a>
          </grup.nom>
        </sn>
      </sp>
    </S>
    <f lem="?" pos="fit" punct="questionmark" punctenclose="close" wd="?"/>
  </sentence>
  <sentence coord="yes">
    <S>
      <sn arg="arg1" func="suj" tem="tem">
        <spec gen="m" num="s">
          <d gen="c" lem="el" num="s" pos="da0ns0" postype="article" wd="Lo"/>
        </spec>
        <grup.nom gen="m" num="s">
          <sadv>
            <grup.adv>
              <r lem="más" pos="rg" wd="más"/>
            </grup.adv>
          </sadv>
          <s.a gen="m" num="s">
            <grup.a gen="m" num="s">
              <a gen="c" lem="probable" num="s" pos="aq0cs0" postype="qualificative" wd="probable"/>
            </grup.a>
          </s.a>
        </grup.nom>
      </sn>
      <grup.verb>
        <v lem="ser" lss="C21.state-attributive" mood="indicative" num="s" person="3" pos="vsip3s0" postype="semiauxiliary" tense="present" wd="es"/>
      </grup.verb>
      <S arg="arg2" clausetype="completive" func="atr" tem="atr">
        <conj conjunctiontype="subordinating">
          <c lem="que" pos="cs" postype="subordinating" wd="que"/>
        </conj>
        <sn arg="arg1" elliptic="yes" func="suj" tem="tem"/>
        <sadv func="mod">
          <grup.adv>
            <r lem="nunca" pos="rg" wd="nunca"/>
          </grup.adv>
        </sadv>
        <grup.verb>
          <v lem="obtener" lss="C21.state-attributive" mood="subjunctive" num="p" person="1" pos="vmsp1p0" postype="main" tense="present" wd="obtengamos"/>
        </grup.verb>
        <sn arg="arg2" func="cd" functype="quantitative" tem="atr">
          <grup.nom gen="f" num="p">
            <n gen="f" lem="respuesta" lexicalid="noun.respuesta.4.default" num="p" origin="deverbal" pos="ncfp000" postype="common" sense="16:05053336" wd="respuestas"/>
            <s.a func="cn" gen="f" num="p">
              <grup.a gen="f" num="p">
                <a gen="f" lem="concreto" num="p" pos="aq0fp0" postype="qualificative" wd="concretas"/>
              </grup.a>
            </s.a>
            <sp arg="arg1" func="cn" tem="pat">
              <prep>
                <s lem="a" pos="sps00" postype="preposition" wd="a"/>
              </prep>
              <sn>
                <spec coord="yes" gen="f" num="p">
                  <spec gen="f" num="p">
                    <d gen="f" lem="este" num="p" pos="dd0fp0" postype="demonstrative" wd="estas"/>
                  </spec>
                  <conj conjunctiontype="coordinating">
                    <c lem="y" pos="cc" postype="coordinating" wd="y"/>
                  </conj>
                  <spec gen="f" num="p">
                    <d gen="f" lem="otro" num="p" pos="di0fp0" postype="indefinite" wd="otras"/>
                  </spec>
                </spec>
                <grup.nom gen="f" num="p">
                  <n gen="f" lem="pregunta" lexicalid="noun.pregunta.1.default" num="p" origin="deverbal" pos="ncfp000" postype="common" sense="16:05378080" wd="preguntas"/>
                  <s.a func="cn" gen="f" num="p">
                    <grup.a gen="f" num="p">
                      <a gen="c" lem="similar" num="p" pos="aq0cp0" postype="qualificative" wd="similares"/>
                    </grup.a>
                  </s.a>
                </grup.nom>
              </sn>
            </sp>
          </grup.nom>
        </sn>
      </S>
      <f lem="," pos="fc" punct="comma" wd=","/>
    </S>
    <conj conjunctiontype="coordinating">
      <c lem="pero" pos="cc" postype="coordinating" wd="pero"/>
    </conj>
    <S>
      <sadv func="et">
        <grup.adv>
          <r lem="desde_luego" pos="rg" wd="desde_luego"/>
        </grup.adv>
      </sadv>
      <grup.verb>
        <v lem="existir" lss="C11.state-existential" mood="indicative" num="p" person="3" pos="vmip3p0" postype="main" tense="present" wd="existen"/>
      </grup.verb>
      <sn arg="arg1" func="suj" tem="tem">
        <grup.nom gen="m" num="p">
          <n gen="m" lem="indicio" num="p" pos="ncmp000" postype="common" sense="16:05090749" wd="indicios"/>
          <s.a coord="yes" gen="m" num="p">
            <f lem="," pos="fc" punct="comma" wd=","/>
            <s.a gen="m" num="p">
              <grup.a gen="m" num="p">
                <a gen="c" lem="razonable" num="p" pos="aq0cp0" postype="qualificative" wd="razonables"/>
              </grup.a>
            </s.a>
            <conj conjunctiontype="coordinating">
              <c lem="y" pos="cc" postype="coordinating" wd="y"/>
            </conj>
            <s.a gen="m" num="p">
              <grup.a gen="m" num="p">
                <a gen="c" lem="suficiente" num="p" pos="aq0cp0" postype="qualificative" wd="suficientes"/>
              </grup.a>
            </s.a>
            <f lem="," pos="fc" punct="comma" wd=","/>
          </s.a>
          <sp>
            <prep>
              <s lem="de" pos="sps00" postype="preposition" wd="de"/>
            </prep>
            <S clausetype="completive">
              <conj conjunctiontype="subordinating">
                <c lem="que" pos="cs" postype="subordinating" wd="que"/>
              </conj>
              <sp arg="argM" func="cc" tem="loc">
                <prep>
                  <s lem="en" pos="sps00" postype="preposition" wd="en"/>
                </prep>
                <sn>
                  <spec gen="m" num="p">
                    <d gen="m" lem="cierto" num="p" pos="di0mp0" postype="indefinite" wd="ciertos"/>
                  </spec>
                  <grup.nom gen="m" num="p">
                    <n gen="m" lem="laboratorio" num="p" pos="ncmp000" postype="common" sense="16:02898427" wd="laboratorios"/>
                  </grup.nom>
                </sn>
              </sp>
              <morfema.verbal func="pass">
                <p gen="c" lem="se" num="c" pos="p0000000" wd="se"/>
              </morfema.verbal>
              <grup.verb>
                <v lem="estar" mood="indicative" num="p" person="3" pos="vmip3p0" postype="main" tense="present" wd="están"/>
                <gerundi>
                  <v lem="cocinar" lss="B22.unaccusative-passive-transitive" mood="gerund" pos="vmg0000" postype="main" wd="cocinando"/>
                </gerundi>
              </grup.verb>
              <sn arg="arg1" func="suj" tem="pat">
                <grup.nom gen="f" num="p">
                  <n gen="f" lem="receta" num="p" pos="ncfp000" postype="common" sense="16:03169829" wd="recetas"/>
                  <sp>
                    <prep>
                      <s lem="para" pos="sps00" postype="preposition" wd="para"/>
                    </prep>
                    <S clausetype="completive" impersonal="yes">
                      <infinitiu>
                        <v lem="poner" lss="A11.transitive-causative" mood="infinitive" pos="vmn0000" postype="main" wd="poner"/>
                      </infinitiu>
                      <sn arg="argL" func="cd">
                        <spec gen="m" num="p">
                          <d gen="m" lem="el" num="p" pos="da0mp0" postype="article" wd="los"/>
                        </spec>
                        <grup.nom gen="m" num="p">
                          <n gen="m" lem="pelo" num="p" pos="ncmp000" postype="common" sense="16:04079965" wd="pelos"/>
                        </grup.nom>
                      </sn>
                      <sp arg="argL" func="cc">
                        <prep>
                          <s lem="de" pos="sps00" postype="preposition" wd="de"/>
                        </prep>
                        <sn>
                          <grup.nom gen="f" num="s">
                            <n gen="f" lem="punta" num="s" pos="ncfs000" postype="common" sense="16:06380238" wd="punta"/>
                          </grup.nom>
                        </sn>
                      </sp>
                    </S>
                  </sp>
                </grup.nom>
              </sn>
            </S>
          </sp>
        </grup.nom>
      </sn>
    </S>
    <f lem="." pos="fp" punct="period" wd="."/>
  </sentence>
  <sentence>
    <sadv func="et">
      <grup.adv>
        <r lem="en_realidad" pos="rg" wd="En_realidad"/>
      </grup.adv>
      <f lem="," pos="fc" punct="comma" wd=","/>
    </sadv>
    <sn arg="arg1" func="suj" tem="tem">
      <spec gen="f" num="s">
        <d gen="f" lem="el" num="s" pos="da0fs0" postype="article" wd="la"/>
      </spec>
      <grup.nom gen="f" num="s">
        <n gen="f" lem="guerra" num="s" pos="ncfs000" postype="common" sense="16:00626011" wd="guerra"/>
        <s.a gen="f" num="s">
          <grup.a gen="f" num="s">
            <a gen="f" lem="biológico" num="s" pos="aq0fs0" postype="qualificative" wd="biológica"/>
          </grup.a>
        </s.a>
      </grup.nom>
    </sn>
    <sadv arg="argM" func="cc" tem="tmp">
      <grup.adv>
        <r lem="siempre" pos="rg" wd="siempre"/>
      </grup.adv>
    </sadv>
    <grup.verb>
      <v lem="haber" mood="indicative" num="s" person="3" pos="vaip3s0" postype="auxiliary" tense="present" wd="ha"/>
      <v gen="m" lem="estar" lss="C21.state-attributive" mood="participle" num="s" pos="vmp00sm" postype="main" wd="estado"/>
    </grup.verb>
    <sa arg="arg2" func="atr" tem="atr">
      <grup.a>
        <a gen="c" lem="presente" num="s" pos="aq0cs0" postype="qualificative" wd="presente"/>
      </grup.a>
    </sa>
    <sp arg="argM" func="cc" tem="adv">
      <prep>
        <s lem="en" pos="sps00" postype="preposition" wd="en"/>
      </prep>
      <sn>
        <spec gen="f" num="s">
          <d gen="f" lem="el" num="s" pos="da0fs0" postype="article" wd="la"/>
        </spec>
        <grup.nom gen="f" num="s">
          <n gen="f" lem="historia" num="s" pos="ncfs000" postype="common" sense="16:10851812" wd="historia"/>
          <sp>
            <prep>
              <s lem="de" pos="sps00" postype="preposition" wd="de"/>
            </prep>
            <sn>
              <spec gen="m" num="p">
                <d gen="m" lem="el" num="p" pos="da0mp0" postype="article" wd="los"/>
              </spec>
              <grup.nom gen="m" num="p">
                <n gen="m" lem="conflicto" num="p" pos="ncmp000" postype="common" sense="16:10071502" wd="conflictos"/>
                <s.a gen="m" num="p">
                  <grup.a gen="m" num="p">
                    <a gen="m" lem="humano" num="p" pos="aq0mp0" postype="qualificative" wd="humanos"/>
                  </grup.a>
                </s.a>
              </grup.nom>
            </sn>
          </sp>
        </grup.nom>
      </sn>
    </sp>
    <f lem="." pos="fp" punct="period" wd="."/>
  </sentence>
  <sentence>
    <S arg="argM" clausetype="adverbial" coord="yes" func="cc" tem="tmp">
      <conj conjunctiontype="subordinating">
        <c lem="cuando" pos="cs" postype="subordinating" wd="Cuando"/>
      </conj>
      <S clausetype="adverbial">
        <sn arg="arg0" func="suj" tem="agt">
          <spec gen="m" num="p">
            <d gen="m" lem="el" num="p" pos="da0mp0" postype="article" wd="los"/>
          </spec>
          <grup.nom gen="m" num="p">
            <n gen="m" lem="ejército" num="p" pos="ncmp000" postype="common" sense="16:06089493" wd="ejércitos"/>
            <sp>
              <prep>
                <s lem="de" pos="sps00" postype="preposition" wd="de"/>
              </prep>
              <sn>
                <spec gen="f" num="s">
                  <d gen="f" lem="el" num="s" pos="da0fs0" postype="article" wd="la"/>
                </spec>
                <grup.nom gen="f" num="s">
                  <n gen="f" lem="antigüedad" num="s" pos="ncfs000" postype="common" sense="16:03854521" wd="antigüedad"/>
                </grup.nom>
              </sn>
            </sp>
          </grup.nom>
        </sn>
        <grup.verb>
          <v lem="bombardear" lss="A21.transitive-agentive-patient" mood="indicative" num="p" person="3" pos="vmii3p0" postype="main" tense="imperfect" wd="bombardeaban"/>
        </grup.verb>
        <sp arg="arg2" func="cc" tem="ins">
          <prep>
            <s lem="con" pos="sps00" postype="preposition" wd="con"/>
          </prep>
          <sn>
            <grup.nom gen="m" num="p">
              <n gen="m" lem="cadáver" num="p" pos="ncmp000" postype="common" sense="16:04056323" wd="cadáveres"/>
              <s.a gen="m" num="p">
                <grup.a gen="m" num="p">
                  <a gen="m" lem="putrefacto" num="p" pos="aq0mp0" postype="qualificative" wd="putrefactos"/>
                </grup.a>
              </s.a>
            </grup.nom>
          </sn>
        </sp>
        <sn arg="arg1" func="cd" tem="pat">
          <spec gen="f" num="p">
            <d gen="f" lem="el" num="p" pos="da0fp0" postype="article" wd="las"/>
          </spec>
          <grup.nom gen="f" num="p">
            <n gen="f" lem="ciudad" num="p" pos="ncfp000" postype="common" sense="16:06287351" wd="ciudades"/>
            <S clausetype="participle" impersonal="yes">
              <participi>
                <a gen="f" lem="asediado" num="p" pos="aq0fpp" posfunction="participle" postype="qualificative" wd="asediadas"/>
              </participi>
            </S>
          </grup.nom>
        </sn>
      </S>
      <conj conjunctiontype="coordinating">
        <c lem="o" pos="cc" postype="coordinating" wd="o"/>
      </conj>
      <S clausetype="adverbial">
        <sn arg="arg0" elliptic="yes" func="suj" tem="agt"/>
        <grup.verb>
          <v lem="envenenar" lss="A21.transitive-agentive-patient" mood="indicative" num="p" person="3" pos="vmii3p0" postype="main" tense="imperfect" wd="envenenaban"/>
        </grup.verb>
        <sp arg="argM" func="cc" tem="mnr">
          <prep>
            <s lem="de" pos="sps00" postype="preposition" wd="de"/>
          </prep>
          <sn>
            <grup.nom gen="f" num="s">
              <n gen="f" lem="forma" num="s" pos="ncfs000" postype="common" sense="16:00111872" wd="forma"/>
              <S clausetype="participle" impersonal="yes">
                <participi>
                  <a gen="f" lem="parecido" num="s" pos="aq0fsp" posfunction="participle" postype="qualificative" wd="parecida"/>
                </participi>
              </S>
            </grup.nom>
          </sn>
        </sp>
        <sn arg="arg1" func="cd" tem="pat">
          <spec gen="f" num="p">
            <d gen="f" lem="el" num="p" pos="da0fp0" postype="article" wd="las"/>
          </spec>
          <grup.nom gen="f" num="p">
            <n gen="f" lem="fuente" num="p" pos="ncfp000" postype="common" sense="16:06792829" wd="fuentes"/>
            <sp>
              <prep>
                <s lem="de" pos="sps00" postype="preposition" wd="de"/>
              </prep>
              <sn>
                <grup.nom gen="m" num="s">
                  <n gen="m" lem="suministro" lexicalid="noun.suministro.2.default" num="s" origin="deverbal" pos="ncms000" postype="common" sense="16:00686073" wd="suministro"/>
                  <sp arg="arg1" func="cn" tem="pat">
                    <prep>
                      <s lem="de" pos="sps00" postype="preposition" wd="de"/>
                    </prep>
                    <sn complex="yes">
                      <grup.nom coord="yes">
                        <grup.nom gen="f" num="s">
                          <n gen="f" lem="agua" num="s" pos="ncfs000" postype="common" sense="16:10650211" wd="agua"/>
                        </grup.nom>
                        <conj conjunctiontype="coordinating">
                          <c lem="y" pos="cc" postype="coordinating" wd="y"/>
                        </conj>
                        <grup.nom gen="m" num="p">
                          <n gen="m" lem="alimento" lexicalid="noun.alimento.1.default" num="p" origin="deverbal" pos="ncmp000" postype="common" sense="16:05625967" wd="alimentos"/>
                        </grup.nom>
                      </grup.nom>
                    </sn>
                  </sp>
                </grup.nom>
              </sn>
            </sp>
            <sp>
              <prep>
                <s lem="de" pos="sps00" postype="preposition" wd="de"/>
              </prep>
              <sn>
                <spec gen="m" num="p">
                  <d gen="c" lem="su" num="p" person="3" pos="dp3cp0" postype="possessive" wd="sus"/>
                </spec>
                <grup.nom gen="m" num="p">
                  <n gen="m" lem="enemigo" num="p" pos="ncmp000" postype="common" sense="16:06088783" wd="enemigos"/>
                </grup.nom>
              </sn>
            </sp>
          </grup.nom>
        </sn>
      </S>
      <f lem="," pos="fc" punct="comma" wd=","/>
    </S>
    <sn arg="arg0" elliptic="yes" func="suj" tem="agt"/>
    <sadv func="mod">
      <grup.adv>
        <r lem="ya" pos="rg" wd="ya"/>
      </grup.adv>
    </sadv>
    <grup.verb>
      <v lem="estar" mood="indicative" num="p" person="3" pos="vmii3p0" postype="main" tense="imperfect" wd="estaban"/>
      <gerundi>
        <v lem="practicar" lss="A21.transitive-agentive-patient" mood="gerund" pos="vmg0000" postype="main" wd="practicando"/>
      </gerundi>
    </grup.verb>
    <sn arg="arg1" func="cd" tem="pat">
      <spec gen="f" num="s">
        <d gen="f" lem="el" num="s" pos="da0fs0" postype="article" wd="la"/>
      </spec>
      <grup.nom gen="f" num="s">
        <n gen="f" lem="guerra" num="s" pos="ncfs000" postype="common" sense="16:00626011" wd="guerra"/>
        <s.a gen="f" num="s">
          <grup.a gen="f" num="s">
            <a gen="f" lem="biológico" num="s" pos="aq0fs0" postype="qualificative" wd="biológica"/>
          </grup.a>
        </s.a>
      </grup.nom>
    </sn>
    <f lem="." pos="fp" punct="period" wd="."/>
  </sentence>
</article>
