<?xml version="1.0" encoding="UTF-8"?>
<!-- 

  ancora-2.0
       
			Copyright (C) 2007, 2008, 2009, 2010, 2011 UB - CLiC
			Centre de Llenguatge i Computació - Universitat de Barcelona
 
  This file is part of ancora-2.0.
 
  ancora-2.0 is free software and data: you can redistribute it and/or modify
  it under the terms of the GNU General Public License as published
  by the Free Software Foundation, either version 3 of the License,
  or (at your option) any later version.

  ancora-2.0 is distributed in the hope that it will be useful,
  but WITHOUT ANY WARRANTY; without even the implied warranty of
  MERCHANTABILITY or FITNESS FOR A PARTICULAR PURPOSE.  See the
  GNU General Public License for more details.
 
  You should have received a copy of the GNU General Public License
  along with ancora-2.0.  If not, see &lt;http://www.gnu.org/licenses/&gt;.
 
  Check a text in catalan explaining the terms of the license at http://www.softcatala.cat/wiki/GPL3.
  In spanish at http://www.viti.es/gnu/licenses/gpl.html
 

  The following paper must be cited when using this corpus:

 * Taulé, M., M.A. Martí, M. Recasens (2008) 'Ancora: Multilevel Annotated Corpora for Catalan and Spanish',
   Proceedings of 6th International Conference on Language Resources and Evaluation. Marrakesh (Morocco).

  In addition, the following paper must be cited if coreference information (attributes entity, coreftype,
  corefsubtype, homophoricDD or entityref) is used:

 * Recasens, Marta, M. Antònia Martí (2010) ‘AnCora-CO: Coreferentially annotated corpora for Spanish and
   Catalan’. Language Resources and Evaluation, Springer Science.

  Additionally, the following paper must be cited when argumental attributes in "sn" or "grup.nom"
  (attributes func, arg, tem or lexicalid) are used:

 * Peris, Aina, Mariona Taulé, Horacio Rodríguez (2010) ‘Semantic Annotation of Deverbal Nominalizations in the
   Spanish AnCora corpus’. Treebanks and Linguistic Theories (TLT-2010), Estonia.
-->
<article lng="es">
  <sentence>
    <S>
      <morfema.verbal func="impers">
        <p gen="c" lem="se" num="c" pos="p0000000" wd="Se"/>
      </morfema.verbal>
      <grup.verb>
        <v lem="tratar" lss="A22.transitive-agentive-theme" mood="indicative" num="s" person="3" pos="vmip3s0" postype="main" tense="present" wd="trata"/>
      </grup.verb>
      <conj conjunctiontype="subordinating" func="et">
        <f lem="," pos="fc" punct="comma" wd=","/>
        <c lem="pues" pos="cs" postype="subordinating" wd="pues"/>
        <f lem="," pos="fc" punct="comma" wd=","/>
      </conj>
      <sp arg="arg1" func="creg" tem="tem">
        <prep>
          <s lem="de" pos="sps00" postype="preposition" wd="de"/>
        </prep>
        <S clausetype="completive" impersonal="yes">
          <infinitiu>
            <v lem="modificar" lss="A11.transitive-causative" mood="infinitive" pos="vmn0000" postype="main" wd="modificar"/>
          </infinitiu>
          <sn arg="arg1" func="cd" tem="tem">
            <spec gen="m" num="p">
              <d gen="m" lem="el" num="p" pos="da0mp0" postype="article" wd="los"/>
            </spec>
            <grup.nom gen="m" num="p">
              <n gen="m" lem="potencial" num="p" pos="ncmp000" postype="common" sense="16:10389291" wd="potenciales"/>
              <s.a gen="m" num="p">
                <grup.a gen="m" num="p">
                  <a gen="c" lem="redox" num="c" pos="aq0cn0" postype="qualificative" wd="redox"/>
                </grup.a>
              </s.a>
              <sp>
                <prep>
                  <s lem="de" pos="sps00" postype="preposition" wd="de"/>
                </prep>
                <sn complex="yes">
                  <grup.nom coord="yes">
                    <grup.nom gen="m" num="s">
                      <n gen="m" lem="dador" num="s" pos="ncms000" postype="common" sense="16:07222682" wd="dador"/>
                    </grup.nom>
                    <conj conjunctiontype="coordinating">
                      <c lem="y" pos="cc" postype="coordinating" wd="y"/>
                    </conj>
                    <grup.nom gen="m" num="s">
                      <n gen="m" lem="aceptor" num="s" pos="ncms000" postype="common" sense="16:cs1" wd="aceptor"/>
                    </grup.nom>
                  </grup.nom>
                </sn>
              </sp>
            </grup.nom>
          </sn>
          <sp arg="argM" func="cc" tem="fin">
            <prep>
              <s lem="para" pos="sps00" postype="preposition" wd="para"/>
            </prep>
            <S clausetype="completive" impersonal="yes">
              <infinitiu>
                <v lem="modular" lss="A21.transitive-agentive-patient" mood="infinitive" pos="vmn0000" postype="main" wd="modular"/>
              </infinitiu>
              <sn arg="arg1" func="cd" tem="pat">
                <spec gen="m" num="s">
                  <d gen="m" lem="el" num="s" pos="da0ms0" postype="article" wd="el"/>
                </spec>
                <grup.nom gen="m" num="s">
                  <n gen="m" lem="grado" num="s" pos="ncms000" postype="common" sense="16:04511196" wd="grado"/>
                  <sp>
                    <prep>
                      <s lem="de" pos="sps00" postype="preposition" wd="de"/>
                    </prep>
                    <sn>
                      <grup.nom gen="f" num="s">
                        <n gen="f" lem="transferencia" lexicalid="noun.transferencia.1.default" num="s" origin="deverbal" pos="ncfs000" postype="common" sense="16:00204553" wd="transferencia"/>
                        <sp arg="arg1" func="cn" tem="pat">
                          <prep>
                            <s lem="de" pos="sps00" postype="preposition" wd="de"/>
                          </prep>
                          <sn>
                            <grup.nom gen="f" num="s">
                              <n gen="f" lem="carga" lexicalid="noun.carga.2.default" num="s" origin="deverbal" pos="ncfs000" postype="common" sense="16:02934345" wd="carga"/>
                            </grup.nom>
                          </sn>
                        </sp>
                      </grup.nom>
                    </sn>
                  </sp>
                </grup.nom>
              </sn>
            </S>
          </sp>
        </S>
      </sp>
      <f lem="," pos="fc" punct="comma" wd=","/>
    </S>
    <conj conjunctiontype="coordinating">
      <c lem="y" pos="cc" postype="coordinating" wd="y"/>
    </conj>
    <S>
      <sp arg="argM" func="cc" tem="adv">
        <prep>
          <s lem="con" pos="sps00" postype="preposition" wd="con"/>
        </prep>
        <sn>
          <spec gen="m" num="s">
            <d gen="m" lem="este" num="s" pos="dd0ms0" postype="demonstrative" wd="este"/>
          </spec>
          <grup.nom gen="m" num="s">
            <n gen="m" lem="propósito" num="s" pos="ncms000" postype="common" sense="16:04588033" wd="propósito"/>
          </grup.nom>
        </sn>
      </sp>
      <morfema.verbal func="pass">
        <p gen="c" lem="se" num="c" pos="p0000000" wd="se"/>
      </morfema.verbal>
      <grup.verb>
        <v lem="haber" mood="indicative" num="s" person="3" pos="vaip3s0" postype="auxiliary" tense="present" wd="ha"/>
        <v gen="m" lem="sintetizar" lss="B22.unaccusative-passive-transitive" mood="participle" num="s" pos="vmp00sm" postype="main" wd="sintetizado"/>
      </grup.verb>
      <sn arg="arg1" func="suj" tem="pat">
        <spec gen="m" num="s">
          <d gen="m" lem="uno" num="s" pos="di0ms0" postype="indefinite" wd="un"/>
        </spec>
        <grup.nom gen="m" num="s">
          <s.a gen="m" num="s">
            <grup.a gen="m" num="s">
              <a gen="c" lem="considerable" num="s" pos="aq0cs0" postype="qualificative" wd="considerable"/>
            </grup.a>
          </s.a>
          <n gen="m" lem="número" num="s" pos="ncms000" postype="common" sense="16:03990394" wd="número"/>
          <sp>
            <prep>
              <s lem="de" pos="sps00" postype="preposition" wd="de"/>
            </prep>
            <sn>
              <grup.nom gen="f" num="p">
                <n gen="f" lem="molécula" num="p" pos="ncfp000" postype="common" sense="16:10472898" wd="moléculas"/>
                <s.a complex="yes" gen="f" num="p">
                  <grup.a coord="yes" gen="f" num="p">
                    <grup.a gen="f" num="p">
                      <a gen="f" lem="dador" num="p" pos="aq0fp0" postype="qualificative" wd="dadoras"/>
                    </grup.a>
                    <conj conjunctiontype="coordinating">
                      <c lem="y" pos="cc" postype="coordinating" wd="y"/>
                    </conj>
                    <grup.a gen="f" num="p">
                      <a gen="f" lem="aceptor" num="p" pos="aq0fp0" postype="qualificative" wd="aceptoras"/>
                    </grup.a>
                  </grup.a>
                </s.a>
                <sp>
                  <prep>
                    <s lem="con" pos="sps00" postype="preposition" wd="con"/>
                  </prep>
                  <sn>
                    <grup.nom gen="f" num="p">
                      <n gen="f" lem="estructura" lexicalid="noun.estructura.1.default" num="p" origin="deverbal" pos="ncfp000" postype="common" sense="16:03858780" wd="estructuras"/>
                      <S clausetype="participle" func="cn" impersonal="yes">
                        <f lem="-" pos="fg" punct="hyphen" wd="-"/>
                        <participi>
                          <a gen="f" lem="diseñado" lss="B22.unaccusative-passive-transitive" num="p" pos="aq0fpp" posfunction="participle" postype="qualificative" wd="diseñadas"/>
                        </participi>
                        <f lem="-" pos="fg" punct="hyphen" wd="-"/>
                        <sp arg="argM" func="cc" tem="fin">
                          <prep>
                            <s lem="para" pos="sps00" postype="preposition" wd="para"/>
                          </prep>
                          <S clausetype="completive" impersonal="yes">
                            <infinitiu>
                              <v lem="lograr" lss="A21.transitive-agentive-patient" mood="infinitive" pos="vmn0000" postype="main" wd="lograr"/>
                            </infinitiu>
                            <sn arg="arg1" func="cd" tem="pat">
                              <grup.nom gen="m" num="p">
                                <s.a gen="m" num="p">
                                  <grup.a gen="m" num="p">
                                    <a gen="c" lem="mejor" num="p" pos="aq0cp0" postype="qualificative" wd="mejores"/>
                                  </grup.a>
                                </s.a>
                                <n gen="c" lem="CTC" num="c" pos="nc00000" postype="common" sense="16:cs1" wd="CTC"/>
                                <s.a gen="m" num="p">
                                  <grup.a gen="m" num="p">
                                    <a gen="m" lem="conductor" num="p" pos="aq0mp0" postype="qualificative" wd="conductores"/>
                                  </grup.a>
                                </s.a>
                              </grup.nom>
                            </sn>
                          </S>
                        </sp>
                      </S>
                    </grup.nom>
                  </sn>
                </sp>
              </grup.nom>
            </sn>
          </sp>
        </grup.nom>
      </sn>
    </S>
    <f lem="." pos="fp" punct="period" wd="."/>
  </sentence>
  <sentence>
    <sadv arg="argM" func="cc" tem="adv">
      <grup.adv>
        <r lem="en_particular" pos="rg" wd="En_particular"/>
      </grup.adv>
      <f lem="," pos="fc" punct="comma" wd=","/>
    </sadv>
    <grup.verb>
      <v lem="ser" lss="C21.state-attributive" mood="indicative" num="p" person="3" pos="vsip3p0" postype="semiauxiliary" tense="present" wd="son"/>
    </grup.verb>
    <sn arg="arg1" func="suj" tem="tem">
      <grup.nom num="p">
        <p gen="c" lem="tres" num="p" pos="pn0cp000" postype="numeral" wd="tres"/>
      </grup.nom>
    </sn>
    <sn arg="arg2" func="atr" tem="atr">
      <spec gen="m" num="p">
        <d gen="m" lem="el" num="p" pos="da0mp0" postype="article" wd="los"/>
      </spec>
      <grup.nom gen="m" num="p">
        <n gen="m" lem="objetivo" num="p" pos="ncmp000" postype="common" sense="16:04586952" wd="objetivos"/>
        <sn complex="yes">
          <f lem=":" pos="fd" punct="colon" wd=":"/>
          <grup.nom coord="yes">
            <grup.nom gen="f" num="s">
              <f lem="-" pos="fg" punct="hyphen" wd="-"/>
              <f lem="-" pos="fg" punct="hyphen" wd="-"/>
              <n gen="f" lem="transferencia" lexicalid="noun.transferencia.1.default" num="s" origin="deverbal" pos="ncfs000" postype="common" sense="16:00204553" wd="Transferencia"/>
              <sp arg="arg1" func="cn" tem="pat">
                <prep>
                  <s lem="de" pos="sps00" postype="preposition" wd="de"/>
                </prep>
                <sn>
                  <grup.nom gen="f" num="s">
                    <n gen="f" lem="carga" lexicalid="noun.carga.2.default" num="s" origin="deverbal" pos="ncfs000" postype="common" sense="16:02934345" wd="carga"/>
                    <s.a func="cn" gen="f" num="s">
                      <grup.a gen="f" num="s">
                        <n gen="m" lem="D" num="c" pos="ncmn000" postype="common" sense="16:cs1" wd="D-A"/>
                      </grup.a>
                    </s.a>
                  </grup.nom>
                </sn>
              </sp>
              <sp arg="arg0" func="cn" tem="agt">
                <prep>
                  <s lem="entre" pos="sps00" postype="preposition" wd="entre"/>
                </prep>
                <sn>
                  <grup.nom>
                    <z lem="0" ne="number" wd="0"/>
                  </grup.nom>
                </sn>
              </sp>
            </grup.nom>
            <grup.nom gen="f" num="p">
              <f lem="-" pos="fg" punct="hyphen" wd="-"/>
              <f lem="-" pos="fg" punct="hyphen" wd="-"/>
              <n gen="f" lem="interacción" lexicalid="noun.interacción.1.default" num="p" origin="deverbal" pos="ncfp000" postype="common" sense="16:00023032" wd="Interacciones"/>
              <sp arg="arg1" func="cn" tem="tem">
                <prep>
                  <s lem="entre" pos="sps00" postype="preposition" wd="entre"/>
                </prep>
                <sn>
                  <grup.nom gen="m" num="p">
                    <n gen="m" lem="apilamiento" lexicalid="noun.apilamiento.1.default" num="p" origin="deverbal" pos="ncmp000" postype="common" sense="16:cs1" wd="apilamientos"/>
                    <S clausetype="participle" func="cn" impersonal="yes">
                      <participi>
                        <a gen="m" lem="segregado" num="p" pos="aq0mpp" posfunction="participle" postype="qualificative" wd="segregados"/>
                      </participi>
                    </S>
                  </grup.nom>
                </sn>
              </sp>
              <S clausetype="relative" func="cn">
                <relatiu arg="arg0" func="suj" tem="agt">
                  <p gen="c" lem="que" num="c" pos="pr0cn000" postype="relative" wd="que"/>
                </relatiu>
                <grup.verb>
                  <v lem="impedir" lss="A21.transitive-agentive-patient" mood="subjunctive" num="p" person="3" pos="vmsp3p0" postype="main" tense="present" wd="impidan"/>
                </grup.verb>
                <sn arg="arg1" func="cd" tem="pat">
                  <grup.nom gen="m" num="p">
                    <n gen="m" lem="cambio" lexicalid="noun.cambio.2.default" num="p" origin="deverbal" pos="ncmp000" postype="common" sense="16:09984639" wd="cambios"/>
                    <sp arg="arg1" func="cn" tem="pat">
                      <prep>
                        <s lem="de" pos="sps00" postype="preposition" wd="de"/>
                      </prep>
                      <sn>
                        <grup.nom gen="f" num="s">
                          <n gen="f" lem="fase" num="s" pos="ncfs000" postype="common" sense="16:10387350" wd="fase"/>
                        </grup.nom>
                      </sn>
                    </sp>
                    <s.a func="cn" gen="f" num="p">
                      <grup.a gen="f" num="p">
                        <a gen="c" lem="capaz" num="p" pos="aq0cp0" postype="qualificative" wd="capaces"/>
                        <sp>
                          <prep>
                            <s lem="de" pos="sps00" postype="preposition" wd="de"/>
                          </prep>
                          <S clausetype="completive" impersonal="yes">
                            <infinitiu>
                              <v lem="provocar" lss="A11.transitive-causative" mood="infinitive" pos="vmn0000" postype="main" wd="provocar"/>
                            </infinitiu>
                            <sn arg="arg1" func="cd" tem="tem">
                              <spec gen="f" num="s">
                                <d gen="f" lem="el" num="s" pos="da0fs0" postype="article" wd="la"/>
                              </spec>
                              <grup.nom gen="f" num="s">
                                <n gen="f" lem="transición" lexicalid="noun.transición.1.default" num="s" origin="deverbal" pos="ncfs000" postype="common" sense="16:05480908" wd="transición"/>
                                <sp arg="arg2" func="cn" tem="ein">
                                  <prep>
                                    <s lem="de" pos="sps00" postype="preposition" wd="de"/>
                                  </prep>
                                  <sn>
                                    <grup.nom gen="f" num="s">
                                      <n gen="f" lem="estructura" lexicalid="noun.estructura.1.default" num="s" origin="deverbal" pos="ncfs000" postype="common" sense="16:03858780" wd="estructura"/>
                                      <s.a func="cn" gen="f" num="s">
                                        <grup.a gen="f" num="s">
                                          <a gen="f" lem="conductor" num="s" pos="aq0fs0" postype="qualificative" wd="conductora"/>
                                        </grup.a>
                                      </s.a>
                                    </grup.nom>
                                  </sn>
                                </sp>
                                <sp arg="arg3" func="cn" tem="efi">
                                  <prep>
                                    <s lem="a" pos="sps00" postype="preposition" wd="a"/>
                                  </prep>
                                  <s.a gen="f" num="s">
                                    <grup.a gen="f" num="s">
                                      <a gen="c" lem="aislante" num="s" pos="aq0cs0" postype="qualificative" wd="aislante"/>
                                    </grup.a>
                                  </s.a>
                                </sp>
                              </grup.nom>
                            </sn>
                          </S>
                        </sp>
                      </grup.a>
                    </s.a>
                  </grup.nom>
                </sn>
              </S>
            </grup.nom>
          </grup.nom>
        </sn>
      </grup.nom>
    </sn>
    <f lem="." pos="fp" punct="period" wd="."/>
  </sentence>
  <sentence verbless="yes">
    <f lem="-" pos="fg" punct="hyphen" wd="-"/>
    <f lem="-" pos="fg" punct="hyphen" wd="-"/>
    <sn>
      <grup.nom gen="m" num="s">
        <n gen="m" lem="incremento" lexicalid="noun.incremento.3.default" num="s" origin="deverbal" pos="ncms000" postype="common" sense="16:00233535" wd="Incremento"/>
        <sp arg="arg1" func="cn" tem="tem">
          <prep>
            <s lem="de" pos="sps00" postype="preposition" wd="de"/>
          </prep>
          <sn>
            <spec gen="f" num="s">
              <d gen="f" lem="el" num="s" pos="da0fs0" postype="article" wd="la"/>
            </spec>
            <grup.nom gen="f" num="s">
              <n gen="f" lem="polarizabilidad" num="s" pos="ncfs000" postype="common" sense="16:cs1" wd="polarizabilidad"/>
              <s.a gen="f" num="s">
                <grup.a gen="f" num="s">
                  <a gen="c" lem="molecular" num="s" pos="aq0cs0" postype="qualificative" wd="molecular"/>
                </grup.a>
              </s.a>
            </grup.nom>
          </sn>
        </sp>
      </grup.nom>
    </sn>
    <f lem="." pos="fp" punct="period" wd="."/>
  </sentence>
  <sentence>
    <sp arg="arg2" func="ci" tem="ben">
      <prep>
        <s lem="a" pos="sps00" postype="preposition" wd="A"/>
      </prep>
      <sn>
        <grup.nom gen="m" num="s">
          <p gen="c" lem="él" num="s" person="3" pos="pp3ns000" postype="personal" wd="ello"/>
        </grup.nom>
      </sn>
    </sp>
    <morfema.verbal func="pass">
      <p gen="c" lem="se" num="c" pos="p0000000" wd="se"/>
    </morfema.verbal>
    <grup.verb>
      <v lem="haber" mood="indicative" num="s" person="3" pos="vaip3s0" postype="auxiliary" tense="present" wd="ha"/>
      <v gen="m" lem="dedicar" lss="A32.ditransitive-patient-benefactive" mood="participle" num="s" pos="vmp00sm" postype="main" wd="dedicado"/>
    </grup.verb>
    <sn arg="arg1" func="suj" tem="pat">
      <spec gen="m" num="s">
        <d gen="m" lem="uno" num="s" pos="di0ms0" postype="indefinite" wd="un"/>
      </spec>
      <grup.nom gen="m" num="s">
        <s.a func="cn" gen="m" num="s">
          <grup.a gen="m" num="s">
            <a gen="c" lem="gran" num="s" pos="aq0cs0" postype="qualificative" wd="gran"/>
          </grup.a>
        </s.a>
        <n gen="m" lem="esfuerzo" lexicalid="noun.esfuerzo.1.default" num="s" origin="deverbal" pos="ncms000" postype="common" sense="16:00409314" wd="esfuerzo"/>
        <sn arg="arg1" func="cn" tem="tem">
          <grup.nom gen="m" num="s">
            <n gen="m" lem="investigador" num="s" pos="ncms000" postype="common" sense="16:07562108" wd="investigador"/>
          </grup.nom>
        </sn>
      </grup.nom>
    </sn>
    <sp arg="argM" func="cc" tem="tmp">
      <prep>
        <s lem="en" pos="sps00" postype="preposition" wd="en"/>
      </prep>
      <sn>
        <spec gen="m" num="p">
          <d gen="m" lem="el" num="p" pos="da0mp0" postype="article" wd="los"/>
        </spec>
        <grup.nom gen="m" num="p">
          <s.a gen="m" num="p">
            <grup.a gen="m" num="p">
              <a gen="m" lem="último" num="p" pos="ao0mp0" postype="ordinal" wd="últimos"/>
            </grup.a>
          </s.a>
          <n gen="m" lem="año" num="p" pos="ncmp000" postype="common" sense="16:10917509" wd="años"/>
        </grup.nom>
      </sn>
    </sp>
    <f lem="." pos="fp" punct="period" wd="."/>
  </sentence>
  <sentence coord="yes">
    <sp adjunct="yes" arg="argM" func="cc" tem="adv">
      <prep>
        <s lem="por" pos="sps00" postype="preposition" wd="Por"/>
      </prep>
      <sn>
        <spec gen="m" num="s">
          <d gen="c" lem="el" num="s" pos="da0ns0" postype="article" wd="lo"/>
        </spec>
        <grup.nom gen="m" num="s">
          <S clausetype="relative">
            <relatiu arg="arg0" func="suj" tem="agt">
              <p gen="c" lem="que" num="c" pos="pr0cn000" postype="relative" wd="que"/>
            </relatiu>
            <grup.verb>
              <v lem="respectar" lss="A21.transitive-agentive-patient" mood="indicative" num="s" person="3" pos="vmip3s0" postype="main" tense="present" wd="respecta"/>
            </grup.verb>
            <sp arg="arg1" func="cd" tem="pat">
              <prep>
                <s lem="a" pos="sps00" postype="preposition" wd="a"/>
              </prep>
              <sn>
                <spec gen="f" num="s">
                  <d gen="f" lem="el" num="s" pos="da0fs0" postype="article" wd="la"/>
                </spec>
                <grup.nom gen="f" num="s">
                  <n gen="f" lem="parte" num="s" pos="ncfs000" postype="common" sense="16:07459501" wd="parte"/>
                  <s.a gen="f" num="s">
                    <grup.a gen="f" num="s">
                      <a gen="f" lem="dador" num="s" pos="aq0fs0" postype="qualificative" wd="dadora"/>
                    </grup.a>
                  </s.a>
                  <sp>
                    <prep>
                      <s contracted="yes" gen="m" lem="del" num="s" pos="spcms" postype="preposition" wd="del"/>
                    </prep>
                    <sn>
                      <grup.nom gen="m" num="s">
                        <n gen="m" lem="complejo" num="s" pos="ncms000" postype="common" sense="16:10630113" wd="complejo"/>
                        <s.a gen="m" num="s">
                          <grup.a gen="m" num="s">
                            <a gen="m" lem="conductor" num="s" pos="aq0ms0" postype="qualificative" wd="conductor"/>
                          </grup.a>
                        </s.a>
                      </grup.nom>
                    </sn>
                  </sp>
                </grup.nom>
              </sn>
            </sp>
          </S>
        </grup.nom>
      </sn>
      <f lem="," pos="fc" punct="comma" wd=","/>
    </sp>
    <S coord="yes">
      <S>
        <sn arg="arg0" func="suj" tem="agt">
          <spec gen="f" num="s">
            <d gen="f" lem="el" num="s" pos="da0fs0" postype="article" wd="la"/>
          </spec>
          <grup.nom gen="f" num="s">
            <s.a gen="f" num="s">
              <grup.a gen="f" num="s">
                <a gen="c" lem="mayor" num="s" pos="aq0cs0" postype="qualificative" wd="mayor"/>
              </grup.a>
            </s.a>
            <n gen="f" lem="parte" num="s" pos="ncfs000" postype="common" sense="16:03296757" wd="parte"/>
            <sp>
              <prep>
                <s lem="de" pos="sps00" postype="preposition" wd="de"/>
              </prep>
              <sn>
                <grup.nom gen="f" num="p">
                  <s.a gen="f" num="p">
                    <grup.a gen="f" num="p">
                      <a gen="f" lem="nuevo" num="p" pos="aq0fp0" postype="qualificative" wd="nuevas"/>
                    </grup.a>
                  </s.a>
                  <n gen="f" lem="molécula" num="p" pos="ncfp000" postype="common" sense="16:10472898" wd="moléculas"/>
                  <s.a gen="f" num="p">
                    <grup.a gen="f" num="p">
                      <a gen="f" lem="dador" num="p" pos="aq0fp0" postype="qualificative" wd="dadoras"/>
                    </grup.a>
                  </s.a>
                  <S clausetype="participle" impersonal="yes">
                    <participi>
                      <a gen="f" lem="sintetizado" num="p" pos="aq0fpp" posfunction="participle" postype="qualificative" wd="sintetizadas"/>
                    </participi>
                  </S>
                </grup.nom>
              </sn>
            </sp>
          </grup.nom>
        </sn>
        <grup.verb>
          <v lem="haber" mood="indicative" num="p" person="3" pos="vaip3p0" postype="auxiliary" tense="present" wd="han"/>
          <v gen="m" lem="mantener" lss="A21.transitive-agentive-patient" mood="participle" num="s" pos="vmp00sm" postype="main" wd="mantenido"/>
        </grup.verb>
        <sn arg="arg1" func="cd" tem="pat">
          <spec gen="m" num="s">
            <d gen="m" lem="el" num="s" pos="da0ms0" postype="article" wd="el"/>
          </spec>
          <grup.nom gen="m" num="s">
            <n gen="m" lem="sistema" num="s" pos="ncms000" postype="common" sense="16:10750189" wd="sistema"/>
            <sp>
              <prep>
                <s lem="de" pos="sps00" postype="preposition" wd="de"/>
              </prep>
              <sn>
                <grup.nom gen="m" num="s">
                  <n gen="m" lem="anillo" num="s" pos="ncms000" postype="common" sense="16:09996637" wd="anillo"/>
                  <sp>
                    <prep>
                      <s lem="de" pos="sps00" postype="preposition" wd="de"/>
                    </prep>
                    <sn>
                      <spec gen="m" num="s">
                        <z lem="1.3" ne="number" wd="1,3"/>
                      </spec>
                      <grup.nom gen="m" num="s">
                        <n gen="m" lem="ditiol" num="s" pos="ncms000" postype="common" sense="16:cs1" wd="ditiol"/>
                        <sp>
                          <prep>
                            <s contracted="yes" gen="m" lem="del" num="s" pos="spcms" postype="preposition" wd="del"/>
                          </prep>
                          <sn>
                            <grup.nom gen="m" num="s">
                              <n gen="m" lem="TTF" num="s" pos="ncms000" postype="common" sense="16:cs1" wd="TTF"/>
                            </grup.nom>
                          </sn>
                        </sp>
                      </grup.nom>
                    </sn>
                  </sp>
                </grup.nom>
              </sn>
            </sp>
          </grup.nom>
        </sn>
      </S>
      <conj conjunctiontype="coordinating">
        <c lem="y" pos="cc" postype="coordinating" wd="y"/>
      </conj>
      <S>
        <morfema.verbal func="pass">
          <p gen="c" lem="se" num="c" pos="p0000000" wd="se"/>
        </morfema.verbal>
        <grup.verb>
          <v lem="haber" mood="indicative" num="p" person="3" pos="vaip3p0" postype="auxiliary" tense="present" wd="han"/>
          <v gen="m" lem="estudiar" lss="B22.unaccusative-passive-transitive" mood="participle" num="s" pos="vmp00sm" postype="main" wd="estudiado"/>
        </grup.verb>
        <sn arg="arg1" coord="yes" func="suj" tem="pat">
          <sn>
            <grup.nom gen="m" num="p">
              <n gen="m" lem="derivado" num="p" pos="ncmp000" postype="common" sense="16:04758399" wd="derivados"/>
              <sp>
                <prep>
                  <s lem="con" pos="sps00" postype="preposition" wd="con"/>
                </prep>
                <sn coord="yes">
                  <sn>
                    <spec gen="f" num="s">
                      <d gen="f" lem="uno" num="s" pos="di0fs0" postype="indefinite" wd="una"/>
                    </spec>
                    <grup.nom gen="f" num="s">
                      <n gen="f" lem="estructura" lexicalid="noun.estructura.1.default" num="s" origin="deverbal" pos="ncfs000" postype="common" sense="16:03858780" wd="estructura"/>
                      <S clausetype="participle" func="cn" impersonal="yes">
                        <participi>
                          <a gen="f" lem="extendido" lss="B11.unaccusative-motion" num="s" pos="aq0fsp" posfunction="participle" postype="qualificative" wd="extendida"/>
                        </participi>
                        <sp arg="argM" coord="yes" func="cc" tem="adv">
                          <sp>
                            <prep>
                              <s lem="con" pos="sps00" postype="preposition" wd="con"/>
                            </prep>
                            <sn>
                              <grup.nom gen="m" num="p">
                                <n gen="m" lem="enlace" lexicalid="noun.enlace.2.default" num="p" origin="deverbal" pos="ncmp000" postype="common" sense="16:07783851" wd="enlaces"/>
                              </grup.nom>
                            </sn>
                          </sp>
                          <conj conjunctiontype="coordinating">
                            <c lem="o" pos="cc" postype="coordinating" wd="o"/>
                          </conj>
                          <sp>
                            <prep>
                              <c lem="como" pos="cs" postype="subordinating" wd="como"/>
                            </prep>
                            <sn>
                              <spec gen="m" num="s">
                                <d gen="m" lem="el" num="s" pos="da0ms0" postype="article" wd="el"/>
                              </spec>
                              <grup.nom gen="m" num="s">
                                <n gen="m" lem="tetrametiltetratiaful" num="s" pos="ncms000" postype="common" sense="16:cs1" wd="tetrametiltetratiaful"/>
                                <sn>
                                  <f lem="(" pos="fpa" punct="bracket" punctenclose="open" wd="("/>
                                  <grup.nom gen="m" num="s">
                                    <n gen="m" lem="TMTTF" num="s" pos="ncms000" postype="common" sense="16:cs1" wd="TMTTF"/>
                                  </grup.nom>
                                  <f lem=")" pos="fpt" punct="bracket" punctenclose="close" wd=")"/>
                                </sn>
                              </grup.nom>
                            </sn>
                          </sp>
                        </sp>
                      </S>
                    </grup.nom>
                    <f lem="," pos="fc" punct="comma" wd=","/>
                  </sn>
                  <conj conjunctiontype="coordinating">
                    <c lem="o" pos="cc" postype="coordinating" wd="o"/>
                  </conj>
                  <sn>
                    <spec gen="m" num="s">
                      <d gen="m" lem="uno" num="s" pos="di0ms0" postype="indefinite" wd="un"/>
                    </spec>
                    <grup.nom gen="m" num="s">
                      <n gen="m" lem="sistema" num="s" pos="ncms000" postype="common" sense="16:10750189" wd="sistema"/>
                      <S clausetype="participle" impersonal="yes">
                        <participi>
                          <a gen="m" lem="extendido" num="s" pos="aq0msp" posfunction="participle" postype="qualificative" wd="extendido"/>
                        </participi>
                      </S>
                      <sp>
                        <prep>
                          <c lem="como" pos="cs" postype="subordinating" wd="como"/>
                        </prep>
                        <sn>
                          <sadv>
                            <grup.adv>
                              <r lem="por_ejemplo" pos="rg" wd="por_ejemplo"/>
                            </grup.adv>
                          </sadv>
                          <sn>
                            <spec gen="m" num="s">
                              <d gen="m" lem="el" num="s" pos="da0ms0" postype="article" wd="el"/>
                            </spec>
                            <grup.nom gen="m" num="s">
                              <n gen="m" lem="dibenzotetratiafulval" num="s" pos="ncms000" postype="common" sense="16:cs1" wd="dibenzotetratiafulval"/>
                              <sn>
                                <f lem="(" pos="fpa" punct="bracket" punctenclose="open" wd="("/>
                                <grup.nom gen="m" num="s">
                                  <n gen="m" lem="DBTTF" num="s" pos="ncms000" postype="common" sense="16:cs1" wd="DBTTF"/>
                                </grup.nom>
                                <f lem=")" pos="fpt" punct="bracket" punctenclose="close" wd=")"/>
                              </sn>
                            </grup.nom>
                          </sn>
                        </sn>
                      </sp>
                    </grup.nom>
                  </sn>
                </sn>
              </sp>
            </grup.nom>
          </sn>
          <conj conjunctiontype="coordinating">
            <c lem="o" pos="cc" postype="coordinating" wd="o"/>
          </conj>
          <sn>
            <sadv adjunct="yes">
              <f lem="," pos="fc" punct="comma" wd=","/>
              <grup.adv>
                <r lem="finalmente" pos="rg" wd="finalmente"/>
              </grup.adv>
              <f lem="," pos="fc" punct="comma" wd=","/>
            </sadv>
            <sn>
              <spec gen="f" num="s">
                <d gen="f" lem="el" num="s" pos="da0fs0" postype="article" wd="la"/>
              </spec>
              <grup.nom gen="f" num="s">
                <n gen="f" lem="sustitución" lexicalid="noun.sustitución.1.default" num="s" origin="deverbal" pos="ncfs000" postype="common" sense="16:00128951" wd="sustitución"/>
                <sp arg="arg1" func="cn" tem="pat">
                  <prep>
                    <s contracted="yes" gen="m" lem="del" num="s" pos="spcms" postype="preposition" wd="del"/>
                  </prep>
                  <sn>
                    <grup.nom gen="m" num="s">
                      <n gen="m" lem="tomo" num="s" pos="ncms000" postype="common" sense="16:04833465" wd="tomo"/>
                      <sp>
                        <prep>
                          <s lem="de" pos="sps00" postype="preposition" wd="de"/>
                        </prep>
                        <sn>
                          <grup.nom gen="m" num="s">
                            <n gen="m" lem="azufre" num="s" pos="ncms000" postype="common" sense="16:10502703" wd="azufre"/>
                          </grup.nom>
                        </sn>
                      </sp>
                    </grup.nom>
                  </sn>
                </sp>
                <sp arg="arg2" func="cn" tem="tem">
                  <prep>
                    <s lem="por" pos="sps00" postype="preposition" wd="por"/>
                  </prep>
                  <sn>
                    <spec gen="m" num="p">
                      <d gen="m" lem="otro" num="p" pos="di0mp0" postype="indefinite" wd="otros"/>
                    </spec>
                    <grup.nom gen="m" num="p">
                      <n gen="m" lem="heteroátomos" num="p" pos="ncmp000" postype="common" sense="16:cs1" wd="heteroátomos"/>
                      <sp>
                        <prep>
                          <c lem="como" pos="cs" postype="subordinating" wd="como"/>
                        </prep>
                        <sn complex="yes">
                          <grup.nom coord="yes">
                            <grup.nom gen="m" num="s">
                              <n gen="m" lem="selenio" num="s" pos="ncms000" postype="common" sense="16:10500730" wd="selenio"/>
                            </grup.nom>
                            <conj conjunctiontype="coordinating">
                              <c lem="o" pos="cc" postype="coordinating" wd="o"/>
                            </conj>
                            <grup.nom gen="m" num="s">
                              <n gen="m" lem="teluro" num="s" pos="ncms000" postype="common" sense="16:cs1" wd="teluro"/>
                            </grup.nom>
                          </grup.nom>
                        </sn>
                      </sp>
                    </grup.nom>
                  </sn>
                </sp>
                <inc func="cn">
                  <sn>
                    <f lem="(" pos="fpa" punct="bracket" punctenclose="open" wd="("/>
                    <grup.nom gen="f" num="s">
                      <n gen="f" lem="fig." num="s" pos="ncfs000" postype="common" sense="16:cs1" wd="fig."/>
                      <sn>
                        <grup.nom gen="f" num="s">
                          <z lem="5" ne="number" wd="5"/>
                        </grup.nom>
                      </sn>
                    </grup.nom>
                    <f lem=")" pos="fpt" punct="bracket" punctenclose="close" wd=")"/>
                  </sn>
                </inc>
              </grup.nom>
            </sn>
          </sn>
        </sn>
      </S>
    </S>
    <f lem="." pos="fp" punct="period" wd="."/>
  </sentence>
  <sentence coord="yes">
    <S>
      <sadv func="et">
        <grup.adv>
          <r lem="por_otra_parte" pos="rg" wd="Por_otra_parte"/>
        </grup.adv>
        <f lem="," pos="fc" punct="comma" wd=","/>
      </sadv>
      <sn arg="arg0" func="suj" tem="agt">
        <spec gen="f" num="s">
          <d gen="f" lem="el" num="s" pos="da0fs0" postype="article" wd="la"/>
        </spec>
        <grup.nom gen="f" num="s">
          <n gen="f" lem="síntesis" num="c" pos="ncfn000" postype="common" sense="16:09689446" wd="síntesis"/>
          <sp>
            <prep>
              <s lem="de" pos="sps00" postype="preposition" wd="de"/>
            </prep>
            <sn>
              <grup.nom gen="f" num="p">
                <s.a gen="f" num="p">
                  <grup.a gen="f" num="p">
                    <a gen="f" lem="nuevo" num="p" pos="aq0fp0" postype="qualificative" wd="nuevas"/>
                  </grup.a>
                </s.a>
                <n gen="f" lem="molécula" num="p" pos="ncfp000" postype="common" sense="16:10472898" wd="moléculas"/>
                <s.a gen="f" num="p">
                  <grup.a gen="f" num="p">
                    <a gen="f" lem="aceptor" num="p" pos="aq0fp0" postype="qualificative" wd="aceptoras"/>
                  </grup.a>
                </s.a>
              </grup.nom>
            </sn>
          </sp>
        </grup.nom>
      </sn>
      <grup.verb>
        <v lem="haber" mood="indicative" num="s" person="3" pos="vaip3s0" postype="auxiliary" tense="present" wd="ha"/>
        <v gen="m" lem="tener" mood="participle" num="s" pos="vmp00sm" postype="main" wd="tenido"/>
        <c lem="que" pos="cs" postype="subordinating" wd="que"/>
        <infinitiu>
          <v lem="superar" lss="A21.transitive-agentive-patient" mood="infinitive" pos="vmn0000" postype="main" wd="superar"/>
        </infinitiu>
      </grup.verb>
      <sn arg="arg1" func="cd" tem="pat">
        <spec gen="f" num="p">
          <d gen="f" lem="el" num="p" pos="da0fp0" postype="article" wd="las"/>
        </spec>
        <grup.nom gen="f" num="p">
          <n gen="f" lem="dificultad" num="p" pos="ncfp000" postype="common" sense="16:04394770" wd="dificultades"/>
          <sp>
            <prep>
              <s lem="de" pos="sps00" postype="preposition" wd="de"/>
            </prep>
            <sn>
              <grup.nom gen="f" num="s">
                <n gen="f" lem="obtención" lexicalid="noun.obtención.1.default" num="s" origin="deverbal" pos="ncfs000" postype="common" sense="16:cs1" wd="obtención"/>
                <sp arg="arg1" func="cn" tem="pat">
                  <prep>
                    <s lem="de" pos="sps00" postype="preposition" wd="de"/>
                  </prep>
                  <sn>
                    <grup.nom gen="m" num="p">
                      <n gen="m" lem="derivado" num="p" pos="ncmp000" postype="common" sense="16:04758399" wd="derivados"/>
                      <sp>
                        <prep>
                          <s contracted="yes" gen="m" lem="del" num="s" pos="spcms" postype="preposition" wd="del"/>
                        </prep>
                        <sn>
                          <grup.nom>
                            <n gen="c" lem="tcnq" num="c" pos="nc00000" postype="common" sense="16:cs1" wd="TCNQ"/>
                          </grup.nom>
                        </sn>
                      </sp>
                    </grup.nom>
                  </sn>
                </sp>
              </grup.nom>
            </sn>
          </sp>
        </grup.nom>
      </sn>
      <f lem="," pos="fc" punct="comma" wd=","/>
    </S>
    <conj conjunctiontype="coordinating">
      <c lem="pero" pos="cc" postype="coordinating" wd="pero"/>
    </conj>
    <S>
      <sp arg="argM" func="cc" tem="adv">
        <prep>
          <s lem="durante" pos="sps00" postype="preposition" wd="durante"/>
        </prep>
        <sn>
          <spec gen="m" num="p">
            <d gen="m" lem="el" num="p" pos="da0mp0" postype="article" wd="los"/>
          </spec>
          <grup.nom gen="m" num="p">
            <s.a gen="m" num="p">
              <grup.a gen="m" num="p">
                <a gen="m" lem="último" num="p" pos="ao0mp0" postype="ordinal" wd="últimos"/>
              </grup.a>
            </s.a>
            <n gen="m" lem="año" num="p" pos="ncmp000" postype="common" sense="16:10917509" wd="años"/>
          </grup.nom>
        </sn>
      </sp>
      <morfema.verbal func="pass">
        <p gen="c" lem="se" num="c" pos="p0000000" wd="se"/>
      </morfema.verbal>
      <grup.verb>
        <v lem="haber" mood="indicative" num="s" person="3" pos="vaip3s0" postype="auxiliary" tense="present" wd="ha"/>
        <v gen="m" lem="poder" mood="participle" num="s" pos="vmp00sm" postype="main" wd="podido"/>
        <infinitiu>
          <v lem="sintetizar" lss="B22.unaccusative-passive-transitive" mood="infinitive" pos="vmn0000" postype="main" wd="sintetizar"/>
        </infinitiu>
      </grup.verb>
      <sn arg="arg1" func="suj" tem="pat">
        <spec gen="m" num="s">
          <d gen="m" lem="uno" num="s" pos="di0ms0" postype="indefinite" wd="un"/>
        </spec>
        <grup.nom gen="m" num="s">
          <S clausetype="participle" impersonal="yes">
            <participi>
              <a gen="m" lem="elevado" num="s" pos="aq0msp" posfunction="participle" postype="qualificative" wd="elevado"/>
            </participi>
          </S>
          <n gen="m" lem="número" num="s" pos="ncms000" postype="common" sense="16:03990394" wd="número"/>
          <sp>
            <prep>
              <s lem="de" pos="sps00" postype="preposition" wd="de"/>
            </prep>
            <sn>
              <grup.nom gen="f" num="p">
                <n gen="f" lem="molécula" num="p" pos="ncfp000" postype="common" sense="16:10472898" wd="moléculas"/>
                <s.a gen="f" num="p">
                  <grup.a gen="f" num="p">
                    <a gen="f" lem="aceptor" num="p" pos="aq0fp0" postype="qualificative" wd="aceptoras"/>
                  </grup.a>
                </s.a>
                <inc>
                  <sn>
                    <f lem="(" pos="fpa" punct="bracket" punctenclose="open" wd="("/>
                    <grup.nom gen="f" num="s">
                      <n gen="f" lem="fig." num="s" pos="ncfs000" postype="common" sense="16:cs1" wd="fig."/>
                      <sn>
                        <grup.nom gen="f" num="s">
                          <z lem="5" ne="number" wd="5"/>
                        </grup.nom>
                      </sn>
                    </grup.nom>
                    <f lem=")" pos="fpt" punct="bracket" punctenclose="close" wd=")"/>
                  </sn>
                </inc>
                <sp>
                  <prep>
                    <s lem="con" pos="sps00" postype="preposition" wd="con"/>
                  </prep>
                  <sn>
                    <spec gen="f" num="s">
                      <d gen="f" lem="uno" num="s" pos="di0fs0" postype="indefinite" wd="una"/>
                    </spec>
                    <grup.nom gen="f" num="s">
                      <s.a gen="f" num="s">
                        <grup.a gen="f" num="s">
                          <a gen="f" lem="amplio" num="s" pos="aq0fs0" postype="qualificative" wd="amplia"/>
                        </grup.a>
                      </s.a>
                      <n gen="f" lem="gama" num="s" pos="ncfs000" postype="common" sense="16:03994905" wd="gama"/>
                      <sp>
                        <prep>
                          <s lem="de" pos="sps00" postype="preposition" wd="de"/>
                        </prep>
                        <sn>
                          <grup.nom gen="m" num="p">
                            <n gen="m" lem="valor" num="p" pos="ncmp000" postype="common" sense="16:04508194" wd="valores"/>
                            <sp>
                              <prep>
                                <s lem="de" pos="sps00" postype="preposition" wd="de"/>
                              </prep>
                              <sn>
                                <spec gen="f" num="s">
                                  <d gen="f" lem="el" num="s" pos="da0fs0" postype="article" wd="la"/>
                                </spec>
                                <grup.nom gen="f" num="s">
                                  <n gen="f" lem="afinidad" num="s" pos="ncfs000" postype="common" sense="16:07773230" wd="afinidad"/>
                                  <s.a gen="f" num="s">
                                    <grup.a gen="f" num="s">
                                      <a gen="f" lem="electrónico" num="s" pos="aq0fs0" postype="qualificative" wd="electrónica"/>
                                    </grup.a>
                                  </s.a>
                                </grup.nom>
                              </sn>
                            </sp>
                          </grup.nom>
                        </sn>
                      </sp>
                    </grup.nom>
                  </sn>
                </sp>
              </grup.nom>
            </sn>
          </sp>
        </grup.nom>
      </sn>
    </S>
    <f lem="." pos="fp" punct="period" wd="."/>
  </sentence>
  <sentence>
    <sadv arg="argM" func="cc" tem="adv">
      <grup.adv>
        <r lem="en_general" pos="rg" wd="En_general"/>
      </grup.adv>
      <f lem="," pos="fc" punct="comma" wd=","/>
    </sadv>
    <sn arg="arg1" func="suj" tem="tem">
      <spec gen="f" num="s">
        <d gen="f" lem="el" num="s" pos="da0fs0" postype="article" wd="la"/>
      </spec>
      <grup.nom gen="f" num="s">
        <n gen="f" lem="sustitución" lexicalid="noun.sustitución.1.default" num="s" origin="deverbal" pos="ncfs000" postype="common" sense="16:00128951" wd="sustitución"/>
        <sp arg="arg1" func="cn" tem="pat">
          <prep>
            <s lem="en" pos="sps00" postype="preposition" wd="en"/>
          </prep>
          <sn>
            <spec gen="m" num="s">
              <d gen="m" lem="el" num="s" pos="da0ms0" postype="article" wd="el"/>
            </spec>
            <grup.nom gen="m" num="s">
              <n gen="m" lem="esqueleto" num="s" pos="ncms000" postype="common" sense="16:04327722" wd="esqueleto"/>
              <s.a gen="m" num="s">
                <grup.a gen="m" num="s">
                  <a gen="m" lem="monocíclico" num="s" pos="aq0ms0" postype="qualificative" wd="monocíclico"/>
                </grup.a>
              </s.a>
            </grup.nom>
          </sn>
        </sp>
        <sp arg="arg2" func="cn" tem="tem">
          <prep>
            <s lem="de" pos="sps00" postype="preposition" wd="de"/>
          </prep>
          <sn>
            <grup.nom>
              <n gen="c" lem="tcnq" num="c" pos="nc00000" postype="common" sense="16:cs1" wd="TCNQ"/>
            </grup.nom>
          </sn>
        </sp>
      </grup.nom>
    </sn>
    <grup.verb>
      <v lem="dar_lugar" lss="B22.unaccusative-passive-transitive" mood="indicative" num="s" person="3" pos="vmip3s0" postype="main" tense="present" wd="da_lugar"/>
    </grup.verb>
    <sp arg="arg2" func="creg" tem="tem">
      <prep>
        <s lem="a" pos="sps00" postype="preposition" wd="a"/>
      </prep>
      <sn>
        <grup.nom gen="m" num="p">
          <n gen="m" lem="complejo" num="p" pos="ncmp000" postype="common" sense="16:10630113" wd="complejos"/>
          <sp>
            <prep>
              <s lem="con" pos="sps00" postype="preposition" wd="con"/>
            </prep>
            <sn>
              <grup.nom gen="f" num="p">
                <n gen="f" lem="propiedad" num="p" pos="ncfp000" postype="common" sense="16:03848700" wd="propiedades"/>
                <s.a gen="f" num="p">
                  <grup.a gen="f" num="p">
                    <a gen="f" lem="conductor" num="p" pos="aq0fp0" postype="qualificative" wd="conductoras"/>
                  </grup.a>
                </s.a>
                <s.a gen="f" num="p">
                  <grup.a gen="c" num="p">
                    <a gen="c" lem="inferior" num="p" pos="aq0cp0" postype="qualificative" wd="inferiores"/>
                    <sp>
                      <prep>
                        <s lem="a" pos="sps00" postype="preposition" wd="a"/>
                      </prep>
                      <sn>
                        <spec gen="f" num="p">
                          <d gen="f" lem="el" num="p" pos="da0fp0" postype="article" wd="las"/>
                        </spec>
                        <grup.nom gen="f" num="p">
                          <sp>
                            <prep>
                              <s contracted="yes" gen="m" lem="del" num="s" pos="spcms" postype="preposition" wd="del"/>
                            </prep>
                            <sn>
                              <grup.nom>
                                <n gen="c" lem="tcnq" num="c" pos="nc00000" postype="common" sense="16:cs1" wd="TCNQ"/>
                              </grup.nom>
                            </sn>
                          </sp>
                        </grup.nom>
                      </sn>
                    </sp>
                    <sp>
                      <f lem="," pos="fc" punct="comma" wd=","/>
                      <prep>
                        <s lem="por" pos="sps00" postype="preposition" wd="por"/>
                      </prep>
                      <sn>
                        <spec gen="f" num="s">
                          <d gen="f" lem="el" num="s" pos="da0fs0" postype="article" wd="la"/>
                        </spec>
                        <grup.nom gen="f" num="s">
                          <s.a gen="f" num="s">
                            <grup.a gen="f" num="s">
                              <a gen="c" lem="menor" num="s" pos="aq0cs0" postype="qualificative" wd="menor"/>
                            </grup.a>
                          </s.a>
                          <n gen="f" lem="planaridad" num="s" pos="ncfs000" postype="common" sense="16:cs1" wd="planaridad"/>
                          <sp>
                            <prep>
                              <s lem="de" pos="sps00" postype="preposition" wd="de"/>
                            </prep>
                            <sn>
                              <spec gen="f" num="s">
                                <d gen="f" lem="el" num="s" pos="da0fs0" postype="article" wd="la"/>
                              </spec>
                              <grup.nom gen="f" num="s">
                                <n gen="f" lem="molécula" num="s" pos="ncfs000" postype="common" sense="16:10472898" wd="molécula"/>
                              </grup.nom>
                            </sn>
                          </sp>
                        </grup.nom>
                      </sn>
                      <f lem="," pos="fc" punct="comma" wd=","/>
                    </sp>
                  </grup.a>
                </s.a>
              </grup.nom>
            </sn>
          </sp>
        </grup.nom>
      </sn>
    </sp>
    <sn func="ao">
      <spec gen="m" num="s">
        <d gen="c" lem="el" num="s" pos="da0ns0" postype="article" wd="lo"/>
      </spec>
      <grup.nom gen="m" num="s">
        <S clausetype="relative">
          <relatiu arg="arg0" func="suj" tem="cau">
            <p gen="c" lem="que" num="c" pos="pr0cn000" postype="relative" wd="que"/>
          </relatiu>
          <grup.verb>
            <v lem="dificultar" lss="A11.transitive-causative" mood="indicative" num="s" person="3" pos="vmip3s0" postype="main" tense="present" wd="dificulta"/>
          </grup.verb>
          <sn arg="arg1" func="cd" tem="tem">
            <spec gen="m" num="s">
              <d gen="m" lem="el" num="s" pos="da0ms0" postype="article" wd="el"/>
            </spec>
            <grup.nom gen="m" num="s">
              <S clausetype="participle" func="cn" impersonal="yes">
                <participi>
                  <a gen="m" lem="apretado" num="s" pos="aq0msp" posfunction="participle" postype="qualificative" wd="apretado"/>
                </participi>
              </S>
              <n gen="m" lem="apilamiento" lexicalid="noun.apilamiento.1.default" num="s" origin="deverbal" pos="ncms000" postype="common" sense="16:cs1" wd="apilamiento"/>
              <s.a func="cn" gen="m" num="s">
                <grup.a gen="m" num="s">
                  <a gen="m" lem="necesario" num="s" pos="aq0ms0" postype="qualificative" wd="necesario"/>
                  <sp>
                    <prep>
                      <s lem="para" pos="sps00" postype="preposition" wd="para"/>
                    </prep>
                    <sn>
                      <spec gen="m" num="s">
                        <d gen="m" lem="el" num="s" pos="da0ms0" postype="article" wd="el"/>
                      </spec>
                      <grup.nom gen="m" num="s">
                        <n gen="m" lem="solapamiento" lexicalid="noun.solapamiento.1.default" num="s" origin="deverbal" pos="ncms000" postype="common" sense="16:cs1" wd="solapamiento"/>
                        <s.a arg="arg1" func="cn" gen="m" num="s" tem="tem">
                          <grup.a gen="m" num="s">
                            <n gen="c" lem="n" num="c" pos="nccn000" postype="common" sense="16:50001117" wd="n"/>
                          </grup.a>
                        </s.a>
                        <s.a func="cn" gen="f" num="s">
                          <grup.a gen="f" num="s">
                            <a gen="c" lem="responsable" num="s" pos="aq0cs0" postype="qualificative" wd="responsable"/>
                            <sp>
                              <prep>
                                <s lem="de" pos="sps00" postype="preposition" wd="de"/>
                              </prep>
                              <sn>
                                <spec gen="f" num="s">
                                  <d gen="f" lem="el" num="s" pos="da0fs0" postype="article" wd="la"/>
                                </spec>
                                <grup.nom gen="f" num="s">
                                  <n gen="f" lem="conductividad" num="s" pos="ncfs000" postype="common" sense="16:07837945" wd="conductividad"/>
                                </grup.nom>
                              </sn>
                            </sp>
                          </grup.a>
                        </s.a>
                      </grup.nom>
                    </sn>
                  </sp>
                </grup.a>
              </s.a>
            </grup.nom>
          </sn>
        </S>
      </grup.nom>
    </sn>
    <f lem="." pos="fp" punct="period" wd="."/>
  </sentence>
  <sentence>
    <S clausesubtype="concessive" clausetype="adverbial" func="ao" verbless="yes">
      <conj conjunctiontype="subordinating">
        <c lem="aunque" pos="cs" postype="subordinating" wd="Aunque"/>
      </conj>
      <S clausetype="participle" impersonal="yes">
        <sadv arg="argM" func="cc" tem="adv">
          <grup.adv>
            <r lem="menos" pos="rg" wd="menos"/>
          </grup.adv>
        </sadv>
        <participi>
          <a gen="m" lem="estudiado" lss="B22.unaccusative-passive-transitive" num="p" pos="aq0mpp" posfunction="participle" postype="qualificative" wd="estudiados"/>
        </participi>
      </S>
      <f lem="," pos="fc" punct="comma" wd=","/>
    </S>
    <sn arg="arg1" func="suj" tem="tem">
      <spec gen="m" num="p">
        <d gen="m" lem="el" num="p" pos="da0mp0" postype="article" wd="los"/>
      </spec>
      <grup.nom gen="m" num="p">
        <s.a gen="m" num="p">
          <grup.a gen="m" num="p">
            <a gen="m" lem="análogo" num="p" pos="aq0mp0" postype="qualificative" wd="análogos"/>
          </grup.a>
        </s.a>
        <sp>
          <prep>
            <s lem="de" pos="sps00" postype="preposition" wd="de"/>
          </prep>
          <sn>
            <grup.nom gen="m" num="p">
              <n gen="c" lem="tcnq" num="c" pos="nc00000" postype="common" sense="16:cs1" wd="TCNQ"/>
            </grup.nom>
          </sn>
        </sp>
        <S clausetype="participle" impersonal="yes">
          <participi>
            <a gen="m" lem="fusionado" lss="B22.unaccusative-passive-transitive" num="p" pos="aq0mpp" posfunction="participle" postype="qualificative" wd="fusionados"/>
          </participi>
          <sp arg="argM" func="cc" tem="adv">
            <prep>
              <s lem="con" pos="sps00" postype="preposition" wd="con"/>
            </prep>
            <sn>
              <grup.nom gen="m" num="p">
                <n gen="m" lem="anillo" num="p" pos="ncmp000" postype="common" sense="16:09996637" wd="anillos"/>
                <s.a gen="m" num="p">
                  <grup.a gen="m" num="p">
                    <a gen="m" lem="aromático" num="p" pos="aq0mp0" postype="qualificative" wd="aromáticos"/>
                  </grup.a>
                </s.a>
              </grup.nom>
            </sn>
          </sp>
        </S>
      </grup.nom>
    </sn>
    <grup.verb>
      <v lem="presentar" lss="C21.state-attributive" mood="indicative" num="p" person="3" pos="vmip3p0" postype="main" tense="present" wd="presentan"/>
    </grup.verb>
    <sn arg="arg2" func="cd" functype="quantitative" tem="atr">
      <spec gen="m" num="s">
        <d gen="m" lem="uno" num="s" pos="di0ms0" postype="indefinite" wd="un"/>
      </spec>
      <grup.nom gen="m" num="s">
        <n gen="m" lem="interés" num="s" pos="ncms000" postype="common" sense="16:04392426" wd="interés"/>
        <s.a gen="m" num="s">
          <grup.a gen="m" num="s">
            <a gen="c" lem="especial" num="s" pos="aq0cs0" postype="qualificative" wd="especial"/>
          </grup.a>
        </s.a>
      </grup.nom>
    </sn>
    <f lem="." pos="fp" punct="period" wd="."/>
  </sentence>
  <sentence>
    <sp arg="argM" func="cc" tem="adv">
      <prep>
        <s lem="de" pos="sps00" postype="preposition" wd="De"/>
      </prep>
      <sn>
        <grup.nom gen="m" num="p">
          <n gen="m" lem="estudio" num="p" pos="ncmp000" postype="common" sense="16:04467719" wd="estudios"/>
          <s.a gen="m" num="p">
            <grup.a gen="m" num="p">
              <a gen="m" lem="teórico" num="p" pos="aq0mp0" postype="qualificative" wd="teóricos"/>
            </grup.a>
          </s.a>
        </grup.nom>
      </sn>
    </sp>
    <grup.verb>
      <v lem="poder" mood="indicative" num="s" person="3" pos="vmis3s0" postype="main" tense="past" wd="pudo"/>
      <infinitiu>
        <v lem="concluir" lss="A21.transitive-agentive-patient" mood="infinitive" pos="vmn0000" postype="main" wd="concluirse"/>
      </infinitiu>
    </grup.verb>
    <S arg="arg0" clausetype="completive" func="suj" tem="agt">
      <conj conjunctiontype="subordinating">
        <c lem="que" pos="cs" postype="subordinating" wd="que"/>
      </conj>
      <sn arg="arg1" func="suj" tem="tem">
        <spec gen="f" num="s">
          <d gen="f" lem="el" num="s" pos="da0fs0" postype="article" wd="la"/>
        </spec>
        <grup.nom gen="f" num="s">
          <n gen="f" lem="extensión" lexicalid="noun.extensión.2.default" num="s" origin="deverbal" pos="ncfs000" postype="common" sense="16:00236696" wd="extensión"/>
          <sp arg="arg1" func="cn" tem="tem">
            <prep>
              <s contracted="yes" gen="m" lem="del" num="s" pos="spcms" postype="preposition" wd="del"/>
            </prep>
            <sn>
              <grup.nom gen="m" num="s">
                <n gen="m" lem="sistema" num="s" pos="ncms000" postype="common" sense="16:10750189" wd="sistema"/>
                <sn>
                  <grup.nom gen="m" num="s">
                    <z lem="11" ne="number" wd="11"/>
                  </grup.nom>
                </sn>
              </grup.nom>
            </sn>
          </sp>
          <sp arg="arg2" func="cn" tem="loc">
            <prep>
              <s lem="en" pos="sps00" postype="preposition" wd="en"/>
            </prep>
            <sn>
              <spec gen="m" num="p">
                <d gen="m" lem="este" num="p" pos="dd0mp0" postype="demonstrative" wd="estos"/>
              </spec>
              <grup.nom gen="m" num="p">
                <n gen="m" lem="compuesto" num="p" pos="ncmp000" postype="common" sense="16:10630741" wd="compuestos"/>
              </grup.nom>
            </sn>
          </sp>
        </grup.nom>
      </sn>
      <grup.verb>
        <v lem="conducir" lss="B21.unaccusative-state" mood="indicative" num="s" person="3" pos="vmip3s0" postype="main" tense="present" wd="conduce"/>
      </grup.verb>
      <sp arg="arg2" func="creg" tem="efi">
        <prep>
          <s lem="a" pos="sps00" postype="preposition" wd="a"/>
        </prep>
        <sn>
          <spec gen="f" num="s">
            <d gen="f" lem="uno" num="s" pos="di0fs0" postype="indefinite" wd="una"/>
          </spec>
          <grup.nom gen="f" num="s">
            <n gen="f" lem="disminución" lexicalid="noun.disminución.1.default" num="s" origin="deverbal" pos="ncfs000" postype="common" sense="16:00225760" wd="disminución"/>
            <sp arg="arg1" func="cn" tem="tem">
              <prep>
                <s lem="de" pos="sps00" postype="preposition" wd="de"/>
              </prep>
              <sn>
                <spec gen="f" num="s">
                  <d gen="f" lem="el" num="s" pos="da0fs0" postype="article" wd="la"/>
                </spec>
                <grup.nom gen="f" num="s">
                  <n gen="f" lem="repulsión" lexicalid="noun.repulsión.1.default" num="s" origin="deverbal" pos="ncfs000" postype="common" sense="16:07776750" wd="repulsión"/>
                  <s.a arg="arg0" func="cn" gen="f" num="s" tem="agt">
                    <grup.a gen="f" num="s">
                      <a gen="c" lem="intramolecular" num="s" pos="aq0cs0" postype="qualificative" wd="intramolecular"/>
                    </grup.a>
                  </s.a>
                  <sp func="cn">
                    <prep>
                      <s lem="de" pos="sps00" postype="preposition" wd="de"/>
                    </prep>
                    <sn entityref="ne" ne="other">
                      <grup.nom gen="m" num="s">
                        <n gen="m" lem="tipo" num="s" pos="ncms000" postype="common" sense="16:04497251" wd="tipo"/>
                        <s.a gen="m" num="s">
                          <grup.a gen="m" num="s">
                            <n lem="Coulomb" ne="other" pos="np0000a" postype="proper" sense="16:cs1" wd="Coulomb"/>
                          </grup.a>
                        </s.a>
                      </grup.nom>
                    </sn>
                  </sp>
                </grup.nom>
              </sn>
            </sp>
          </grup.nom>
        </sn>
      </sp>
      <sn func="ao">
        <spec gen="m" num="s">
          <d gen="c" lem="el" num="s" pos="da0ns0" postype="article" wd="lo"/>
        </spec>
        <grup.nom gen="m" num="s">
          <S clausetype="relative">
            <relatiu arg="arg0" func="suj" tem="agt">
              <p gen="c" lem="que" num="c" pos="pr0cn000" postype="relative" wd="que"/>
            </relatiu>
            <grup.verb>
              <v lem="haber" mood="indicative" num="s" person="3" pos="vaic3s0" postype="auxiliary" tense="conditional" wd="habría"/>
              <s lem="de" pos="sps00" postype="preposition" wd="de"/>
              <infinitiu>
                <v lem="favorecer" lss="A21.transitive-agentive-patient" mood="infinitive" pos="vmn0000" postype="main" wd="favorecer"/>
              </infinitiu>
            </grup.verb>
            <sn arg="arg1" func="cd" tem="pat">
              <spec gen="f" num="s">
                <d gen="f" lem="el" num="s" pos="da0fs0" postype="article" wd="la"/>
              </spec>
              <grup.nom gen="f" num="s">
                <n gen="f" lem="formación" lexicalid="noun.formación.8.default" num="s" origin="deverbal" pos="ncfs000" postype="common" sense="16:00593716" wd="formación"/>
                <sp arg="arg1" func="cn" tem="tem">
                  <prep>
                    <s lem="de" pos="sps00" postype="preposition" wd="de"/>
                  </prep>
                  <sn>
                    <grup.nom gen="m" num="p">
                      <n gen="m" lem="complejo" num="p" pos="ncmp000" postype="common" sense="16:10630113" wd="complejos"/>
                      <sp>
                        <prep>
                          <s lem="de" pos="sps00" postype="preposition" wd="de"/>
                        </prep>
                        <sn>
                          <grup.nom gen="f" num="s">
                            <n gen="f" lem="transferencia" lexicalid="noun.transferencia.1.default" num="s" origin="deverbal" pos="ncfs000" postype="common" sense="16:00204553" wd="transferencia"/>
                            <sp arg="arg1" func="cn" tem="pat">
                              <prep>
                                <s lem="de" pos="sps00" postype="preposition" wd="de"/>
                              </prep>
                              <sn>
                                <grup.nom gen="f" num="s">
                                  <n gen="f" lem="carga" lexicalid="noun.carga.2.default" num="s" origin="deverbal" pos="ncfs000" postype="common" sense="16:02934345" wd="carga"/>
                                </grup.nom>
                              </sn>
                            </sp>
                          </grup.nom>
                        </sn>
                      </sp>
                    </grup.nom>
                  </sn>
                </sp>
              </grup.nom>
            </sn>
          </S>
        </grup.nom>
      </sn>
    </S>
    <f lem="." pos="fp" punct="period" wd="."/>
  </sentence>
  <sentence>
    <sn arg="arg0" coord="yes" func="suj" tem="agt">
      <sn>
        <spec gen="m" num="p">
          <d gen="m" lem="el" num="p" pos="da0mp0" postype="article" wd="Los"/>
        </spec>
        <grup.nom gen="m" num="p">
          <n gen="m" lem="dato" num="p" pos="ncmp000" postype="common" sense="16:04480764" wd="datos"/>
          <s.a gen="m" num="p">
            <grup.a gen="m" num="p">
              <a gen="m" lem="espectroscópico" num="p" pos="aq0mp0" postype="qualificative" wd="espectroscópicos"/>
            </grup.a>
          </s.a>
        </grup.nom>
        <f lem="," pos="fc" punct="comma" wd=","/>
      </sn>
      <conj conjunctiontype="coordinating">
        <c lem="y" pos="cc" postype="coordinating" wd="y"/>
      </conj>
      <sn>
        <sp>
          <prep>
            <s lem="en" pos="sps00" postype="preposition" wd="en"/>
          </prep>
          <sn>
            <spec gen="m" num="s">
              <d gen="m" lem="alguno" num="s" pos="di0ms0" postype="indefinite" wd="algún"/>
            </spec>
            <grup.nom gen="m" num="s">
              <n gen="m" lem="caso" num="s" pos="ncms000" postype="common" sense="16:10047274" wd="caso"/>
            </grup.nom>
          </sn>
        </sp>
        <sn>
          <spec gen="m" num="s">
            <d gen="m" lem="el" num="s" pos="da0ms0" postype="article" wd="el"/>
          </spec>
          <grup.nom gen="m" num="s">
            <n gen="m" lem="difractograma" num="s" pos="ncms000" postype="common" sense="16:cs1" wd="difractograma"/>
            <sp>
              <prep>
                <s lem="de" pos="sps00" postype="preposition" wd="de"/>
              </prep>
              <sn>
                <grup.nom gen="m" num="p">
                  <n gen="m" lem="rayo_x" num="p" pos="ncmp000" postype="common" sense="16:cs1" wd="rayos_X"/>
                </grup.nom>
              </sn>
            </sp>
          </grup.nom>
        </sn>
        <f lem="," pos="fc" punct="comma" wd=","/>
      </sn>
    </sn>
    <grup.verb>
      <v lem="indicar" lss="A32.ditransitive-patient-benefactive" mood="indicative" num="p" person="3" pos="vmip3p0" postype="main" tense="present" wd="indican"/>
    </grup.verb>
    <S arg="arg1" clausetype="completive" coord="yes" func="cd" tem="pat">
      <conj conjunctiontype="subordinating">
        <c lem="que" pos="cs" postype="subordinating" wd="que"/>
      </conj>
      <S clausetype="completive">
        <sn arg="arg1" func="suj" tem="tem">
          <spec gen="f" num="p">
            <d gen="f" lem="este" num="p" pos="dd0fp0" postype="demonstrative" wd="estas"/>
          </spec>
          <grup.nom gen="f" num="p">
            <n gen="f" lem="molécula" num="p" pos="ncfp000" postype="common" sense="16:10472898" wd="moléculas"/>
          </grup.nom>
        </sn>
        <neg func="mod">
          <r lem="no" pos="rn" postype="negative" wd="no"/>
        </neg>
        <grup.verb>
          <v lem="ser" lss="C21.state-attributive" mood="indicative" num="p" person="3" pos="vsip3p0" postype="semiauxiliary" tense="present" wd="son"/>
        </grup.verb>
        <sa arg="arg2" func="atr" tem="atr">
          <spec>
            <r lem="totalmente" pos="rg" wd="totalmente"/>
          </spec>
          <grup.a>
            <a gen="f" lem="plano" num="p" pos="aq0fp0" postype="qualificative" wd="planas"/>
          </grup.a>
        </sa>
      </S>
      <conj conjunctiontype="coordinating">
        <c lem="y" pos="cc" postype="coordinating" wd="y"/>
      </conj>
      <S clausetype="completive">
        <sn arg="arg1" elliptic="yes" func="suj" tem="tem"/>
        <morfema.pronominal>
          <p gen="c" lem="él" num="c" person="3" pos="p0300000" wd="se"/>
        </morfema.pronominal>
        <grup.verb>
          <v lem="encontrar" lss="C21.state-attributive" mood="indicative" num="p" person="3" pos="vmip3p0" postype="main" tense="present" wd="encuentran"/>
        </grup.verb>
        <S arg="arg2" clausetype="participle" func="atr" impersonal="yes" tem="atr">
          <sadv arg="argM" func="cc" tem="adv">
            <grup.adv>
              <r lem="bastante" pos="rg" wd="bastante"/>
            </grup.adv>
          </sadv>
          <participi>
            <a gen="f" lem="deformado" lss="B22.unaccusative-passive-transitive" num="p" pos="aq0fpp" posfunction="participle" postype="qualificative" wd="deformadas"/>
          </participi>
        </S>
      </S>
    </S>
    <f lem="." pos="fp" punct="period" wd="."/>
  </sentence>
  <sentence>
    <sn arg="arg0" func="suj" tem="agt">
      <spec gen="f" num="s">
        <d gen="f" lem="este" num="s" pos="dd0fs0" postype="demonstrative" wd="Esta"/>
      </spec>
      <grup.nom gen="f" num="s">
        <n gen="f" lem="distorsión" lexicalid="noun.distorsión.1.default" num="s" origin="deverbal" pos="ncfs000" postype="common" sense="16:05530333" wd="distorsión"/>
        <s.a arg="arg0" func="cn" gen="f" num="s" tem="cau">
          <grup.a gen="f" num="s">
            <a gen="c" lem="molecular" num="s" pos="aq0cs0" postype="qualificative" wd="molecular"/>
          </grup.a>
        </s.a>
      </grup.nom>
    </sn>
    <grup.verb>
      <v lem="ejercer" lss="A21.transitive-agentive-patient" mood="indicative" num="s" person="3" pos="vmip3s0" postype="main" tense="present" wd="ejerce"/>
    </grup.verb>
    <sadv arg="argM" func="cc" tem="adv">
      <grup.adv>
        <r lem="probablemente" pos="rg" wd="probablemente"/>
      </grup.adv>
    </sadv>
    <sn arg="arg1" func="cd" tem="pat">
      <sn>
        <spec gen="f" num="s">
          <d gen="f" lem="uno" num="s" pos="di0fs0" postype="indefinite" wd="una"/>
        </spec>
        <grup.nom gen="f" num="s">
          <s.a func="cn" gen="f" num="s">
            <grup.a gen="f" num="s">
              <a gen="c" lem="mayor" num="s" pos="aq0cs0" postype="qualificative" wd="mayor"/>
            </grup.a>
          </s.a>
          <n gen="f" lem="influencia" lexicalid="noun.influencia.1.default" num="s" origin="deverbal" pos="ncfs000" postype="common" sense="16:07768179" wd="influencia"/>
        </grup.nom>
      </sn>
      <S adjunct="yes" clausesubtype="comparative" clausetype="adverbial" verbless="yes">
        <conj conjunctiontype="subordinating">
          <c lem="que" pos="cs" postype="subordinating" wd="que"/>
        </conj>
        <sn>
          <spec gen="m" num="p">
            <d gen="m" lem="el" num="p" pos="da0mp0" postype="article" wd="los"/>
          </spec>
          <grup.nom gen="m" num="p">
            <n gen="m" lem="efecto" lexicalid="noun.efecto.2.default" num="p" origin="deverbal" pos="ncmp000" postype="common" sense="16:07766144" wd="efectos"/>
            <s.a arg="arg0" func="cn" gen="m" num="p" tem="agt">
              <grup.a gen="m" num="p">
                <a gen="m" lem="electrónico" num="p" pos="aq0mp0" postype="qualificative" wd="electrónicos"/>
              </grup.a>
            </s.a>
            <sp arg="arg0" func="cn" tem="agt">
              <prep>
                <s lem="de" pos="sps00" postype="preposition" wd="de"/>
              </prep>
              <sn>
                <grup.nom gen="f" num="s">
                  <n gen="f" lem="extensión" lexicalid="noun.extensión.3.default" num="s" origin="deverbal" pos="ncfs000" postype="common" sense="16:00236696" wd="extensión"/>
                  <sp arg="arg1" func="cn" tem="tem">
                    <prep>
                      <s contracted="yes" gen="m" lem="del" num="s" pos="spcms" postype="preposition" wd="del"/>
                    </prep>
                    <sn>
                      <grup.nom gen="m" num="s">
                        <n gen="m" lem="sistema" num="s" pos="ncms000" postype="common" sense="16:10750189" wd="sistema"/>
                      </grup.nom>
                    </sn>
                  </sp>
                </grup.nom>
              </sn>
            </sp>
          </grup.nom>
        </sn>
      </S>
    </sn>
    <f lem="." pos="fp" punct="period" wd="."/>
  </sentence>
  <sentence verbless="yes">
    <sn>
      <grup.nom gen="f" num="s">
        <n gen="f" lem="figura" num="s" pos="ncfs000" postype="common" sense="16:05252535" wd="Figura"/>
        <sn>
          <grup.nom gen="f" num="s">
            <z lem="7" ne="number" wd="7"/>
          </grup.nom>
        </sn>
      </grup.nom>
    </sn>
    <f lem="." pos="fp" punct="period" wd="."/>
  </sentence>
</article>
