<?xml version="1.0" encoding="UTF-8" standalone="no"?>
<!-- 

  ancora-2.0
       
			Copyright (C) 2007, 2008, 2009, 2010, 2011 UB - CLiC
			Centre de Llenguatge i Computació - Universitat de Barcelona
 
  This file is part of ancora-2.0.
 
  ancora-2.0 is free software and data: you can redistribute it and/or modify
  it under the terms of the GNU General Public License as published
  by the Free Software Foundation, either version 3 of the License,
  or (at your option) any later version.

  ancora-2.0 is distributed in the hope that it will be useful,
  but WITHOUT ANY WARRANTY; without even the implied warranty of
  MERCHANTABILITY or FITNESS FOR A PARTICULAR PURPOSE.  See the
  GNU General Public License for more details.
 
  You should have received a copy of the GNU General Public License
  along with ancora-2.0.  If not, see &lt;http://www.gnu.org/licenses/&gt;.
 
  Check a text in catalan explaining the terms of the license at http://www.softcatala.cat/wiki/GPL3.
  In spanish at http://www.viti.es/gnu/licenses/gpl.html
 

  The following paper must be cited when using this corpus:

 * Taulé, M., M.A. Martí, M. Recasens (2008) 'Ancora: Multilevel Annotated Corpora for Catalan and Spanish',
   Proceedings of 6th International Conference on Language Resources and Evaluation. Marrakesh (Morocco).

  In addition, the following paper must be cited if coreference information (attributes entity, coreftype,
  corefsubtype, homophoricDD or entityref) is used:

 * Recasens, Marta, M. Antònia Martí (2010) ‘AnCora-CO: Coreferentially annotated corpora for Spanish and
   Catalan’. Language Resources and Evaluation, Springer Science.

  Additionally, the following paper must be cited when argumental attributes in "sn" or "grup.nom"
  (attributes func, arg, tem or lexicalid) are used:

 * Peris, Aina, Mariona Taulé, Horacio Rodríguez (2010) ‘Semantic Annotation of Deverbal Nominalizations in the
   Spanish AnCora corpus’. Treebanks and Linguistic Theories (TLT-2010), Estonia.
-->
<article lng="es">
  <sentence>
    <sadv arg="argM" func="cc" tem="mnr">
      <grup.adv>
        <r lem="así" pos="rg" wd="Así"/>
      </grup.adv>
      <f lem="," pos="fc" punct="comma" wd=","/>
    </sadv>
    <sn arg="arg1" func="suj" tem="tem">
      <spec gen="f" num="s">
        <d gen="f" lem="el" num="s" pos="da0fs0" postype="article" wd="la"/>
      </spec>
      <grup.nom gen="f" num="s">
        <s.a gen="f" num="s">
          <grup.a gen="f" num="s">
            <a gen="f" lem="alto" num="s" pos="aq0fs0" postype="qualificative" wd="alta"/>
          </grup.a>
        </s.a>
        <n gen="f" lem="conductividad" num="s" pos="ncfs000" postype="common" sense="16:07837945" wd="conductividad"/>
        <sp>
          <prep>
            <s lem="de" pos="sps00" postype="preposition" wd="de"/>
          </prep>
          <sn>
            <grup.nom gen="m" num="s">
              <f lem="-" pos="fg" punct="hyphen" wd="-"/>
              <n gen="m" lem="metal" num="s" pos="ncms000" postype="common" sense="16:10476248" wd="metal"/>
              <s.a gen="m" num="s">
                <grup.a gen="m" num="s">
                  <a gen="m" lem="orgánico" num="s" pos="aq0ms0" postype="qualificative" wd="orgánico"/>
                </grup.a>
              </s.a>
              <f lem="-" pos="fg" punct="hyphen" wd="-"/>
              <sp>
                <prep>
                  <s lem="en" pos="sps00" postype="preposition" wd="en"/>
                </prep>
                <sn>
                  <grup.nom>
                    <n gen="c" lem="CTC" num="c" pos="nc00000" postype="common" sense="16:cs1" wd="CTC"/>
                  </grup.nom>
                </sn>
              </sp>
            </grup.nom>
          </sn>
        </sp>
      </grup.nom>
    </sn>
    <sadv arg="argM" func="cc" tem="adv">
      <grup.adv>
        <r lem="sólo" pos="rg" wd="sólo"/>
      </grup.adv>
    </sadv>
    <morfema.pronominal>
      <p gen="c" lem="él" num="c" person="3" pos="p0300000" wd="se"/>
    </morfema.pronominal>
    <grup.verb>
      <v lem="producir" lss="B11.unaccusative-motion" mood="indicative" num="s" person="3" pos="vmip3s0" postype="main" tense="present" wd="produce"/>
    </grup.verb>
    <S arg="argM" clausetype="adverbial" func="cc" tem="tmp">
      <conj conjunctiontype="subordinating">
        <c lem="cuando" pos="cs" postype="subordinating" wd="cuando"/>
      </conj>
      <sp arg="argM" func="cc" tem="adv">
        <f lem="," pos="fc" punct="comma" wd=","/>
        <prep>
          <s lem="de" pos="sps00" postype="preposition" wd="de"/>
        </prep>
        <sn>
          <spec gen="f" num="p">
            <d gen="f" lem="el" num="p" pos="da0fp0" postype="article" wd="las"/>
            <d gen="c" lem="tres" num="p" pos="dn0cp0" postype="numeral" wd="tres"/>
          </spec>
          <grup.nom gen="f" num="p">
            <n gen="f" lem="situación" lexicalid="noun.situación.2.anticausative" num="p" origin="deverbal" pos="ncfp000" postype="common" sense="16:10035141" wd="situaciones"/>
            <s.a func="cn" gen="f" num="p">
              <grup.a gen="f" num="p">
                <a gen="c" lem="posible" num="p" pos="aq0cp0" postype="qualificative" wd="posibles"/>
              </grup.a>
            </s.a>
            <sp func="cn">
              <prep>
                <s lem="de" pos="sps00" postype="preposition" wd="de"/>
              </prep>
              <sn complex="yes">
                <grup.nom coord="yes">
                  <grup.nom gen="m" num="s">
                    <n gen="m" lem="empaquetamiento" lexicalid="noun.empaquetamiento.1.default" num="s" origin="deverbal" pos="ncms000" postype="common" sense="16:cs1" wd="empaquetamiento"/>
                  </grup.nom>
                  <conj conjunctiontype="coordinating">
                    <c lem="y" pos="cc" postype="coordinating" wd="y"/>
                  </conj>
                  <grup.nom gen="f" num="s">
                    <n gen="f" lem="transferencia" lexicalid="noun.transferencia.2.default" num="s" origin="deverbal" pos="ncfs000" postype="common" sense="16:00204553" wd="transferencia"/>
                    <sp arg="arg1" func="cn" tem="pat">
                      <prep>
                        <s lem="de" pos="sps00" postype="preposition" wd="de"/>
                      </prep>
                      <sn>
                        <grup.nom gen="f" num="s">
                          <n gen="f" lem="carga" lexicalid="noun.carga.2.default" num="s" origin="deverbal" pos="ncfs000" postype="common" sense="16:02934345" wd="carga"/>
                        </grup.nom>
                      </sn>
                    </sp>
                  </grup.nom>
                </grup.nom>
              </sn>
            </sp>
            <inc func="cn">
              <sn>
                <f lem="(" pos="fpa" punct="bracket" punctenclose="open" wd="("/>
                <grup.nom gen="f" num="s">
                  <n gen="f" lem="fig." num="s" pos="ncfs000" postype="common" sense="16:cs1" wd="fig."/>
                  <sn>
                    <grup.nom gen="f" num="s">
                      <z lem="4" ne="number" wd="4B"/>
                    </grup.nom>
                  </sn>
                </grup.nom>
                <f lem=")" pos="fpt" punct="bracket" punctenclose="close" wd=")"/>
              </sn>
            </inc>
          </grup.nom>
        </sn>
        <f lem="," pos="fc" punct="comma" wd=","/>
      </sp>
      <sn arg="arg1" func="suj" tem="tem">
        <spec gen="m" num="p">
          <d gen="m" lem="el" num="p" pos="da0mp0" postype="article" wd="los"/>
        </spec>
        <grup.nom gen="m" num="p">
          <n gen="m" lem="apilamiento" lexicalid="noun.apilamiento.1.default" num="p" origin="deverbal" pos="ncmp000" postype="common" sense="16:cs1" wd="apilamientos"/>
          <S clausetype="participle" func="cn" impersonal="yes">
            <participi>
              <a gen="m" lem="segregado" num="p" pos="aq0mpp" posfunction="participle" postype="qualificative" wd="segregados"/>
            </participi>
          </S>
        </grup.nom>
      </sn>
      <grup.verb>
        <v lem="ir" lss="C21.state-attributive" mood="indicative" num="p" person="3" pos="vmip3p0" postype="main" tense="present" wd="van"/>
      </grup.verb>
      <S arg="arg2" clausetype="participle" func="cpred" impersonal="yes" predicate="suj" tem="atr">
        <participi>
          <a gen="m" lem="acompañado" lss="B22.unaccusative-passive-transitive" num="p" pos="aq0mpp" posfunction="participle" postype="qualificative" wd="acompañados"/>
        </participi>
        <sp arg="arg0" func="cag" tem="agt">
          <prep>
            <s lem="de" pos="sps00" postype="preposition" wd="de"/>
          </prep>
          <sn>
            <grup.nom gen="f" num="s">
              <n gen="f" lem="transferencia" lexicalid="noun.transferencia.1.default" num="s" origin="deverbal" pos="ncfs000" postype="common" sense="16:00204553" wd="transferencia"/>
              <s.a func="cn" gen="f" num="s">
                <grup.a gen="f" num="s">
                  <a gen="c" lem="parcial" num="s" pos="aq0cs0" postype="qualificative" wd="parcial"/>
                </grup.a>
              </s.a>
              <sp arg="arg1" func="cn" tem="pat">
                <prep>
                  <s lem="de" pos="sps00" postype="preposition" wd="de"/>
                </prep>
                <sn>
                  <grup.nom gen="f" num="s">
                    <n gen="f" lem="carga" lexicalid="noun.carga.2.default" num="s" origin="deverbal" pos="ncfs000" postype="common" sense="16:02934345" wd="carga"/>
                  </grup.nom>
                </sn>
              </sp>
            </grup.nom>
          </sn>
        </sp>
      </S>
    </S>
    <sn func="ao">
      <f lem="," pos="fc" punct="comma" wd=","/>
      <spec gen="m" num="s">
        <d gen="c" lem="el" num="s" pos="da0ns0" postype="article" wd="lo"/>
      </spec>
      <S clausetype="relative">
        <relatiu arg="arg1" func="suj" tem="tem">
          <p gen="c" lem="que" num="c" pos="pr0cn000" postype="relative" wd="que"/>
        </relatiu>
        <grup.verb>
          <v lem="implicar" lss="C21.state-attributive" mood="indicative" num="s" person="3" pos="vmip3s0" postype="main" tense="present" wd="implica"/>
        </grup.verb>
        <sn arg="arg2" func="cd" functype="quantitative" tem="atr">
          <spec gen="f" num="s">
            <d gen="f" lem="el" num="s" pos="da0fs0" postype="article" wd="la"/>
          </spec>
          <grup.nom gen="f" num="s">
            <n gen="f" lem="existencia" lexicalid="noun.existencia.1.default" num="s" origin="deverbal" pos="ncfs000" postype="common" sense="16:10054265" wd="existencia"/>
            <sp arg="arg1" func="cn" tem="tem">
              <prep>
                <s lem="de" pos="sps00" postype="preposition" wd="de"/>
              </prep>
              <sn>
                <grup.nom gen="f" num="p">
                  <n gen="f" lem="molécula" num="p" pos="ncfp000" postype="common" sense="16:10472898" wd="moléculas"/>
                  <s.a gen="f" num="p">
                    <grup.a gen="f" num="p">
                      <a gen="f" lem="neutro" num="p" pos="aq0fp0" postype="qualificative" wd="neutras"/>
                    </grup.a>
                  </s.a>
                </grup.nom>
              </sn>
            </sp>
            <sp arg="argM" func="cn" tem="adv">
              <prep>
                <s lem="junto_con" pos="sps00" postype="preposition" wd="junto_con"/>
              </prep>
              <sn>
                <grup.nom gen="f" num="p">
                  <p gen="f" lem="otro" num="p" pos="pi0fp000" postype="indefinite" wd="otras"/>
                  <S clausetype="participle" impersonal="yes">
                    <participi>
                      <a gen="f" lem="ionizado" num="p" pos="aq0fpp" posfunction="participle" postype="qualificative" wd="ionizadas"/>
                    </participi>
                  </S>
                </grup.nom>
              </sn>
            </sp>
          </grup.nom>
        </sn>
      </S>
    </sn>
    <f lem="." pos="fp" punct="period" wd="."/>
  </sentence>
  <sentence coord="yes">
    <S clausesubtype="conditional" clausetype="adverbial" func="ao">
      <conj conjunctiontype="subordinating">
        <c lem="si" pos="cs" postype="subordinating" wd="Si"/>
      </conj>
      <sn arg="arg1" func="suj" tem="tem">
        <spec gen="f" num="s">
          <d gen="f" lem="el" num="s" pos="da0fs0" postype="article" wd="la"/>
        </spec>
        <grup.nom gen="f" num="s">
          <n gen="f" lem="transferencia" lexicalid="noun.transferencia.1.default" num="s" origin="deverbal" pos="ncfs000" postype="common" sense="16:00204553" wd="transferencia"/>
          <sp arg="arg1" func="cn" tem="pat">
            <prep>
              <s lem="de" pos="sps00" postype="preposition" wd="de"/>
            </prep>
            <sn>
              <grup.nom gen="f" num="s">
                <n gen="f" lem="carga" lexicalid="noun.carga.2.default" num="s" origin="deverbal" pos="ncfs000" postype="common" sense="16:02934345" wd="carga"/>
              </grup.nom>
            </sn>
          </sp>
        </grup.nom>
      </sn>
      <grup.verb>
        <v lem="ser" lss="C21.state-attributive" mood="indicative" num="s" person="3" pos="vsip3s0" postype="semiauxiliary" tense="present" wd="es"/>
      </grup.verb>
      <sa arg="arg2" func="atr" tem="atr">
        <grup.a>
          <a gen="c" lem="total" num="s" pos="aq0cs0" postype="qualificative" wd="total"/>
        </grup.a>
      </sa>
      <inc>
        <sn>
          <f lem="(" pos="fpa" punct="bracket" punctenclose="open" wd="("/>
          <spec gen="m" num="s">
            <z lem="1" ne="number" wd="1"/>
          </spec>
          <grup.nom gen="m" num="s">
            <n gen="m" lem="electrón" num="s" pos="ncms000" postype="common" sense="16:06678414" wd="electrón"/>
            <sp>
              <prep>
                <s lem="por" pos="sps00" postype="preposition" wd="por"/>
              </prep>
              <sn>
                <grup.nom gen="f" num="s">
                  <n gen="f" lem="pareja" num="s" pos="ncfs000" postype="common" sense="16:09895669" wd="pareja"/>
                  <s.a gen="f" num="s">
                    <grup.a gen="f" num="s">
                      <n gen="m" lem="dador-aceptor" num="s" pos="ncms000" postype="common" sense="16:cs1" wd="dador-aceptor"/>
                    </grup.a>
                  </s.a>
                </grup.nom>
              </sn>
            </sp>
          </grup.nom>
          <f lem=")" pos="fpt" punct="bracket" punctenclose="close" wd=")"/>
        </sn>
      </inc>
      <f lem="," pos="fc" punct="comma" wd=","/>
    </S>
    <S coord="yes">
      <S>
        <sn arg="arg1" func="suj" tem="tem">
          <spec gen="f" num="p">
            <d gen="f" lem="todo" num="p" pos="di0fp0" postype="indefinite" wd="todas"/>
            <d gen="f" lem="el" num="p" pos="da0fp0" postype="article" wd="las"/>
          </spec>
          <grup.nom gen="f" num="p">
            <n gen="f" lem="molécula" num="p" pos="ncfp000" postype="common" sense="16:10472898" wd="moléculas"/>
          </grup.nom>
        </sn>
        <grup.verb>
          <v lem="estar" lss="C21.state-attributive" mood="indicative" num="p" person="3" pos="vmip3p0" postype="main" tense="present" wd="están"/>
        </grup.verb>
        <S arg="arg2" clausetype="participle" func="atr" impersonal="yes" tem="atr">
          <participi>
            <a gen="f" lem="ionizado" num="p" pos="aq0fpp" posfunction="participle" postype="qualificative" wd="ionizadas"/>
          </participi>
        </S>
      </S>
      <conj conjunctiontype="coordinating">
        <c lem="y" pos="cc" postype="coordinating" wd="y"/>
      </conj>
      <S>
        <sp arg="argM" func="cc" tem="adv">
          <f lem="," pos="fc" punct="comma" wd=","/>
          <prep>
            <c lem="como" pos="cs" postype="subordinating" wd="como"/>
          </prep>
          <s.a gen="m" num="s">
            <grup.a gen="m" num="s">
              <a gen="m" lem="máximo" num="s" pos="aq0ms0" postype="qualificative" wd="máximo"/>
            </grup.a>
          </s.a>
          <f lem="," pos="fc" punct="comma" wd=","/>
        </sp>
        <grup.verb>
          <v lem="poder" mood="indicative" num="p" person="3" pos="vmip3p0" postype="main" tense="present" wd="pueden"/>
          <infinitiu>
            <v lem="lograr" lss="A21.transitive-agentive-patient" mood="infinitive" pos="vmn0000" postype="main" wd="lograrse"/>
          </infinitiu>
        </grup.verb>
        <sn arg="arg0" func="suj" tem="agt">
          <grup.nom gen="m" num="p">
            <n gen="m" lem="semiconductor" num="p" pos="ncmp000" postype="common" sense="16:10633459" wd="semiconductores"/>
          </grup.nom>
        </sn>
        <S arg="argM" clausetype="adverbial" func="cc" tem="adv">
          <f lem="," pos="fc" punct="comma" wd=","/>
          <conj conjunctiontype="subordinating">
            <c lem="ya_que" pos="cs" postype="subordinating" wd="ya_que"/>
          </conj>
          <sn arg="arg1" func="suj" tem="tem">
            <spec gen="m" num="s">
              <d gen="m" lem="el" num="s" pos="da0ms0" postype="article" wd="el"/>
            </spec>
            <grup.nom gen="m" num="s">
              <n gen="m" lem="movimiento" lexicalid="noun.movimiento.2.default" num="s" origin="deverbal" pos="ncms000" postype="common" sense="16:00180278" wd="movimiento"/>
              <s.a arg="arg1" func="cn" gen="m" num="s" tem="tem">
                <grup.a gen="m" num="s">
                  <a gen="m" lem="electrónico" num="s" pos="aq0ms0" postype="qualificative" wd="electrónico"/>
                </grup.a>
              </s.a>
              <sp arg="arg2" func="cn" tem="loc">
                <prep>
                  <s lem="entre" pos="sps00" postype="preposition" wd="entre"/>
                </prep>
                <sn>
                  <grup.nom gen="f" num="p">
                    <n gen="f" lem="molécula" num="p" pos="ncfp000" postype="common" sense="16:10472898" wd="moléculas"/>
                  </grup.nom>
                </sn>
              </sp>
              <sp arg="argM" func="cn" tem="tmp">
                <prep>
                  <s contracted="yes" gen="m" lem="a_lo_largo_del" num="s" pos="spcms" postype="preposition" wd="a_lo_largo_del"/>
                </prep>
                <sn>
                  <grup.nom gen="m" num="s">
                    <n gen="m" lem="apilamiento" lexicalid="noun.apilamiento.1.default" num="s" origin="deverbal" pos="ncms000" postype="common" sense="16:cs1" wd="apilamiento"/>
                  </grup.nom>
                </sn>
              </sp>
            </grup.nom>
          </sn>
          <grup.verb>
            <v lem="suponer" lss="C21.state-attributive" mood="indicative" num="s" person="3" pos="vmic3s0" postype="main" tense="conditional" wd="supondría"/>
          </grup.verb>
          <sn arg="arg2" func="cd" functype="quantitative" tem="atr">
            <spec gen="f" num="s">
              <d gen="f" lem="el" num="s" pos="da0fs0" postype="article" wd="la"/>
            </spec>
            <grup.nom gen="f" num="s">
              <n gen="f" lem="formación" lexicalid="noun.formación.8.default" num="s" origin="deverbal" pos="ncfs000" postype="common" sense="16:00593716" wd="formación"/>
              <sp arg="arg1" func="cn" tem="tem">
                <prep>
                  <s lem="de" pos="sps00" postype="preposition" wd="de"/>
                </prep>
                <sn>
                  <grup.nom gen="f" num="p">
                    <n gen="f" lem="especie" num="p" pos="ncfp000" postype="common" sense="16:04500860" wd="especies"/>
                    <S clausetype="participle" impersonal="yes">
                      <sadv arg="argM" func="cc" tem="mnr">
                        <grup.adv>
                          <r lem="doblemente" pos="rg" wd="doblemente"/>
                        </grup.adv>
                      </sadv>
                      <participi>
                        <a gen="f" lem="cargado" lss="B22.unaccusative-passive-transitive" num="p" pos="aq0fpp" posfunction="participle" postype="qualificative" wd="cargadas"/>
                      </participi>
                      <sp arg="argM" func="cc" tem="loc">
                        <prep>
                          <s lem="en" pos="sps00" postype="preposition" wd="en"/>
                        </prep>
                        <sn coord="yes">
                          <sn>
                            <spec gen="m" num="s">
                              <d gen="m" lem="el" num="s" pos="da0ms0" postype="article" wd="el"/>
                            </spec>
                            <grup.nom gen="m" num="s">
                              <n gen="m" lem="dador" num="s" pos="ncms000" postype="common" sense="16:07222682" wd="dador"/>
                            </grup.nom>
                          </sn>
                          <conj conjunctiontype="coordinating">
                            <c lem="o" pos="cc" postype="coordinating" wd="o"/>
                          </conj>
                          <sn>
                            <spec gen="m" num="s">
                              <d gen="m" lem="el" num="s" pos="da0ms0" postype="article" wd="el"/>
                            </spec>
                            <grup.nom gen="m" num="s">
                              <n gen="m" lem="aceptor" num="s" pos="ncms000" postype="common" sense="16:cs1" wd="aceptor"/>
                            </grup.nom>
                          </sn>
                        </sn>
                      </sp>
                    </S>
                  </grup.nom>
                </sn>
              </sp>
            </grup.nom>
          </sn>
          <sn func="ao">
            <f lem="," pos="fc" punct="comma" wd=","/>
            <spec gen="m" num="s">
              <d gen="c" lem="el" num="s" pos="da0ns0" postype="article" wd="lo"/>
            </spec>
            <S clausetype="relative">
              <relatiu arg="arg1" func="suj" tem="tem">
                <p gen="c" lem="que" num="c" pos="pr0cn000" postype="relative" wd="que"/>
              </relatiu>
              <grup.verb>
                <v lem="implicar" lss="C21.state-attributive" mood="indicative" num="s" person="3" pos="vmip3s0" postype="main" tense="present" wd="implica"/>
              </grup.verb>
              <sn arg="arg2" func="cd" functype="quantitative" tem="atr">
                <spec gen="f" num="s">
                  <d gen="f" lem="uno" num="s" pos="di0fs0" postype="indefinite" wd="una"/>
                </spec>
                <grup.nom gen="f" num="s">
                  <n gen="f" lem="barrera" num="s" pos="ncfs000" postype="common" sense="16:02254968" wd="barrera"/>
                  <s.a gen="f" num="s">
                    <grup.a gen="f" num="s">
                      <a gen="f" lem="energético" num="s" pos="aq0fs0" postype="qualificative" wd="energética"/>
                    </grup.a>
                  </s.a>
                </grup.nom>
              </sn>
              <sp arg="argM" func="cc" tem="cau">
                <prep>
                  <s lem="a_causa_de" pos="sps00" postype="preposition" wd="a_causa_de"/>
                </prep>
                <sn>
                  <grup.nom gen="f" num="s">
                    <n gen="f" lem="repulsión" lexicalid="noun.repulsión.1.default" num="s" origin="deverbal" pos="ncfs000" postype="common" sense="16:07776750" wd="repulsión"/>
                    <s.a arg="arg1" func="cn" gen="f" num="s" tem="pat">
                      <grup.a gen="f" num="s">
                        <a gen="f" lem="electrónico" num="s" pos="aq0fs0" postype="qualificative" wd="electrónica"/>
                      </grup.a>
                    </s.a>
                  </grup.nom>
                </sn>
              </sp>
            </S>
          </sn>
        </S>
      </S>
    </S>
    <f lem="." pos="fp" punct="period" wd="."/>
  </sentence>
  <sentence verbless="yes">
    <sn>
      <spec gen="f" num="s">
        <d gen="f" lem="uno" num="s" pos="di0fs0" postype="indefinite" wd="Una"/>
      </spec>
      <grup.nom gen="f" num="s">
        <n gen="f" lem="situación" lexicalid="noun.situación.2.anticausative" num="s" origin="deverbal" pos="ncfs000" postype="common" sense="16:10035141" wd="situación"/>
        <s.a func="cn" gen="f" num="s">
          <grup.a gen="f" num="s">
            <a gen="c" lem="desfavorable" num="s" pos="aq0cs0" postype="qualificative" wd="desfavorable"/>
          </grup.a>
        </s.a>
        <S clausetype="relative" func="cn">
          <relatiu arg="arg1" func="suj" tem="tem">
            <p gen="c" lem="que" num="c" pos="pr0cn000" postype="relative" wd="que"/>
          </relatiu>
          <neg func="mod">
            <r lem="no" pos="rn" postype="negative" wd="no"/>
          </neg>
          <morfema.pronominal>
            <p gen="c" lem="él" num="c" person="3" pos="p0300000" wd="se"/>
          </morfema.pronominal>
          <grup.verb>
            <v lem="producir" lss="B11.unaccusative-motion" mood="indicative" num="s" person="3" pos="vmip3s0" postype="main" tense="present" wd="produce"/>
          </grup.verb>
          <sp arg="argM" func="cc" tem="cau">
            <prep>
              <s contracted="yes" gen="m" lem="al" num="s" pos="spcms" postype="preposition" wd="al"/>
            </prep>
            <S clausetype="completive" impersonal="yes">
              <infinitiu>
                <v lem="existir" lss="C11.state-existential" mood="infinitive" pos="vmn0000" postype="main" wd="existir"/>
              </infinitiu>
              <sn arg="arg1" func="suj" tem="tem">
                <grup.nom gen="f" num="p">
                  <n gen="f" lem="molécula" num="p" pos="ncfp000" postype="common" sense="16:10472898" wd="moléculas"/>
                  <sp>
                    <prep>
                      <s lem="sin" pos="sps00" postype="preposition" wd="sin"/>
                    </prep>
                    <S clausetype="completive" impersonal="yes">
                      <infinitiu>
                        <v lem="ionizar" lss="A11.transitive-causative" mood="infinitive" pos="vmn0000" postype="main" wd="ionizar"/>
                      </infinitiu>
                    </S>
                  </sp>
                </grup.nom>
              </sn>
              <sp arg="argM" func="cc" tem="adv">
                <f lem="," pos="fc" punct="comma" wd=","/>
                <prep>
                  <s lem="en" pos="sps00" postype="preposition" wd="en"/>
                </prep>
                <sn>
                  <spec gen="m" num="s">
                    <d gen="m" lem="el" num="s" pos="da0ms0" postype="article" wd="el"/>
                  </spec>
                  <grup.nom gen="m" num="s">
                    <n gen="m" lem="caso" num="s" pos="ncms000" postype="common" sense="16:10047274" wd="caso"/>
                    <sp>
                      <prep>
                        <s lem="de" pos="sps00" postype="preposition" wd="de"/>
                      </prep>
                      <sn>
                        <spec gen="f" num="s">
                          <d gen="f" lem="el" num="s" pos="da0fs0" postype="article" wd="la"/>
                        </spec>
                        <grup.nom gen="f" num="s">
                          <n gen="f" lem="transferencia" lexicalid="noun.transferencia.1.default" num="s" origin="deverbal" pos="ncfs000" postype="common" sense="16:00204553" wd="transferencia"/>
                          <s.a func="cn" gen="f" num="s">
                            <grup.a gen="f" num="s">
                              <a gen="c" lem="parcial" num="s" pos="aq0cs0" postype="qualificative" wd="parcial"/>
                            </grup.a>
                          </s.a>
                        </grup.nom>
                      </sn>
                    </sp>
                  </grup.nom>
                </sn>
                <f lem="," pos="fc" punct="comma" wd=","/>
              </sp>
            </S>
          </sp>
          <S clausesubtype="consecutive" clausetype="adverbial" func="ao">
            <conj conjunctiontype="subordinating">
              <c lem="pues" pos="cs" postype="subordinating" wd="pues"/>
            </conj>
            <sadv arg="argM" func="cc" tem="adv">
              <grup.adv>
                <r lem="únicamente" pos="rg" wd="únicamente"/>
              </grup.adv>
            </sadv>
            <morfema.pronominal>
              <p gen="c" lem="él" num="c" person="3" pos="p0300000" wd="se"/>
            </morfema.pronominal>
            <grup.verb>
              <v lem="formar" lss="B21.unaccusative-state" mood="indicative" num="p" person="3" pos="vmip3p0" postype="main" tense="present" wd="forman"/>
            </grup.verb>
            <sn arg="arg1" func="suj" tem="tem">
              <grup.nom gen="m" num="p">
                <n gen="m" lem="ion" num="p" pos="ncmp000" postype="common" sense="16:06689819" wd="iones"/>
                <S clausetype="participle" impersonal="yes">
                  <participi>
                    <a gen="m" lem="monocargado" num="p" pos="aq0mpp" posfunction="participle" postype="qualificative" wd="monocargados"/>
                  </participi>
                </S>
                <S clausetype="relative">
                  <relatiu arg="arg1" func="suj" tem="tem">
                    <p gen="c" lem="que" num="c" pos="pr0cn000" postype="relative" wd="que"/>
                  </relatiu>
                  <grup.verb>
                    <v lem="ser" lss="C21.state-attributive" mood="indicative" num="p" person="3" pos="vsip3p0" postype="semiauxiliary" tense="present" wd="son"/>
                  </grup.verb>
                  <sadv func="mod">
                    <f lem="," pos="fc" punct="comma" wd=","/>
                    <grup.adv>
                      <r lem="además" pos="rg" wd="además"/>
                    </grup.adv>
                    <f lem="," pos="fc" punct="comma" wd=","/>
                  </sadv>
                  <sa arg="arg2" func="atr" tem="atr">
                    <spec>
                      <r lem="particularmente" pos="rg" wd="particularmente"/>
                    </spec>
                    <grup.a>
                      <a gen="c" lem="estable" num="p" pos="aq0cp0" postype="qualificative" wd="estables"/>
                    </grup.a>
                  </sa>
                  <sp arg="argM" func="cc" tem="adv">
                    <prep>
                      <c lem="como" pos="cs" postype="subordinating" wd="como"/>
                    </prep>
                    <sn>
                      <grup.nom gen="f" num="s">
                        <n gen="f" lem="consecuencia" num="s" pos="ncfs000" postype="common" sense="16:07766144" wd="consecuencia"/>
                      </grup.nom>
                    </sn>
                  </sp>
                </S>
              </grup.nom>
            </sn>
          </S>
        </S>
      </grup.nom>
    </sn>
    <f lem="." pos="fp" punct="period" wd="."/>
  </sentence>
  <sentence>
    <sn arg="arg1" func="suj" tem="tem">
      <spec gen="f" num="s">
        <d gen="f" lem="el" num="s" pos="da0fs0" postype="article" wd="La"/>
      </spec>
      <grup.nom gen="f" num="s">
        <n gen="f" lem="conductividad" num="s" pos="ncfs000" postype="common" sense="16:07837945" wd="conductividad"/>
        <s.a gen="f" num="s">
          <grup.a gen="f" num="s">
            <a gen="f" lem="eléctrico" num="s" pos="aq0fs0" postype="qualificative" wd="eléctrica"/>
          </grup.a>
        </s.a>
      </grup.nom>
    </sn>
    <grup.verb>
      <v lem="ser" lss="C21.state-attributive" mood="indicative" num="s" person="3" pos="vsip3s0" postype="semiauxiliary" tense="present" wd="es"/>
    </grup.verb>
    <sn arg="arg2" func="atr" tem="atr">
      <spec gen="f" num="s">
        <d gen="f" lem="uno" num="s" pos="di0fs0" postype="indefinite" wd="una"/>
      </spec>
      <grup.nom gen="f" num="s">
        <n gen="f" lem="propiedad" num="s" pos="ncfs000" postype="common" sense="16:03848700" wd="propiedad"/>
        <s.a gen="f" num="s">
          <spec>
            <r lem="típicamente" pos="rg" wd="típicamente"/>
          </spec>
          <grup.a gen="f" num="s">
            <a gen="f" lem="metálico" num="s" pos="aq0fs0" postype="qualificative" wd="metálica"/>
          </grup.a>
        </s.a>
      </grup.nom>
    </sn>
    <S arg="argM" clausetype="adverbial" func="cc" tem="adv">
      <f lem="," pos="fc" punct="comma" wd=","/>
      <conj conjunctiontype="subordinating">
        <c lem="mientras_que" pos="cs" postype="subordinating" wd="mientras_que"/>
      </conj>
      <sn arg="arg1" func="suj" tem="tem">
        <spec gen="f" num="p">
          <d gen="f" lem="el" num="p" pos="da0fp0" postype="article" wd="las"/>
        </spec>
        <grup.nom gen="f" num="p">
          <n gen="f" lem="sustancia" num="p" pos="ncfp000" postype="common" sense="16:00010572" wd="sustancias"/>
          <s.a gen="f" num="p">
            <grup.a gen="f" num="p">
              <a gen="f" lem="orgánico" num="p" pos="aq0fp0" postype="qualificative" wd="orgánicas"/>
            </grup.a>
          </s.a>
        </grup.nom>
      </sn>
      <grup.verb>
        <v lem="ser" lss="C21.state-attributive" mood="indicative" num="p" person="3" pos="vsip3p0" postype="semiauxiliary" tense="present" wd="son"/>
      </grup.verb>
      <sa arg="arg2" func="atr" tem="atr">
        <grup.a>
          <a gen="c" lem="aislante" num="p" pos="aq0cp0" postype="qualificative" wd="aislantes"/>
        </grup.a>
      </sa>
    </S>
    <f lem="." pos="fp" punct="period" wd="."/>
  </sentence>
  <sentence>
    <S>
      <sn arg="arg1" func="suj" tem="tem">
        <spec gen="m" num="p">
          <d gen="m" lem="el" num="p" pos="da0mp0" postype="article" wd="Los"/>
        </spec>
        <grup.nom gen="m" num="p">
          <n gen="m" lem="valor" num="p" pos="ncmp000" postype="common" sense="16:04508194" wd="valores"/>
          <sp>
            <prep>
              <s lem="de" pos="sps00" postype="preposition" wd="de"/>
            </prep>
            <sn>
              <spec gen="f" num="p">
                <d gen="f" lem="el" num="p" pos="da0fp0" postype="article" wd="las"/>
              </spec>
              <grup.nom gen="f" num="p">
                <n gen="f" lem="conductividad" num="p" pos="ncfp000" postype="common" sense="16:07837945" wd="conductividades"/>
                <s.a gen="f" num="p">
                  <grup.a gen="f" num="p">
                    <a gen="f" lem="eléctrico" num="p" pos="aq0fp0" postype="qualificative" wd="eléctricas"/>
                  </grup.a>
                </s.a>
              </grup.nom>
            </sn>
          </sp>
        </grup.nom>
      </sn>
      <inc>
        <S>
          <f lem="(" pos="fpa" punct="bracket" punctenclose="open" wd="("/>
          <grup.verb>
            <v lem="ver" lss="A21.transitive-agentive-patient" mood="imperative" num="s" person="3" pos="vmm03s0" postype="main" wd="véase"/>
          </grup.verb>
          <sn arg="arg0" func="suj" tem="agt">
            <spec gen="f" num="s">
              <d gen="f" lem="el" num="s" pos="da0fs0" postype="article" wd="la"/>
            </spec>
            <grup.nom gen="f" num="s">
              <n gen="f" lem="tabla" num="s" pos="ncfs000" postype="common" sense="16:05252690" wd="tabla"/>
              <sn>
                <grup.nom gen="f" num="s">
                  <z lem="1" ne="number" wd="1"/>
                </grup.nom>
              </sn>
            </grup.nom>
          </sn>
          <f lem=")" pos="fpt" punct="bracket" punctenclose="close" wd=")"/>
        </S>
      </inc>
      <grup.verb>
        <v lem="mostrar" lss="C21.state-attributive" mood="indicative" num="p" person="3" pos="vmip3p0" postype="main" tense="present" wd="muestran"/>
      </grup.verb>
      <S arg="arg2" clausetype="completive" func="cd" functype="quantitative" tem="atr">
        <conj conjunctiontype="subordinating">
          <c lem="que" pos="cs" postype="subordinating" wd="que"/>
        </conj>
        <sn arg="arg1" func="suj" tem="tem">
          <spec gen="f" num="p">
            <d gen="f" lem="el" num="p" pos="da0fp0" postype="article" wd="las"/>
          </spec>
          <grup.nom gen="f" num="p">
            <n gen="f" lem="sustancia" num="p" pos="ncfp000" postype="common" sense="16:00010572" wd="sustancias"/>
            <s.a gen="f" num="p">
              <spec>
                <r lem="típicamente" pos="rg" wd="típicamente"/>
              </spec>
              <grup.a gen="f" num="p">
                <a gen="f" lem="orgánico" num="p" pos="aq0fp0" postype="qualificative" wd="orgánicas"/>
              </grup.a>
            </s.a>
            <sp>
              <prep>
                <c lem="como" pos="cs" postype="subordinating" wd="como"/>
              </prep>
              <sn>
                <spec gen="m" num="s">
                  <d gen="m" lem="el" num="s" pos="da0ms0" postype="article" wd="el"/>
                </spec>
                <grup.nom gen="m" num="s">
                  <n gen="m" lem="antraceno" num="s" pos="ncms000" postype="common" sense="16:cs1" wd="antraceno"/>
                </grup.nom>
              </sn>
            </sp>
          </grup.nom>
        </sn>
        <grup.verb>
          <v lem="presentar" lss="C21.state-attributive" mood="indicative" num="p" person="3" pos="vmip3p0" postype="main" tense="present" wd="presentan"/>
        </grup.verb>
        <sn arg="arg2" func="cd" functype="quantitative" tem="atr">
          <grup.nom gen="m" num="p">
            <n gen="m" lem="valor" num="p" pos="ncmp000" postype="common" sense="16:04508194" wd="valores"/>
            <sp>
              <prep>
                <s lem="de" pos="sps00" postype="preposition" wd="de"/>
              </prep>
              <sn>
                <spec gen="f" num="s">
                  <d gen="f" lem="el" num="s" pos="da0fs0" postype="article" wd="la"/>
                </spec>
                <grup.nom gen="f" num="s">
                  <n gen="f" lem="conductividad" num="s" pos="ncfs000" postype="common" sense="16:07837945" wd="conductividad"/>
                </grup.nom>
              </sn>
            </sp>
            <s.a gen="m" num="p">
              <spec>
                <r lem="mucho" pos="rg" wd="muy"/>
              </spec>
              <grup.a gen="m" num="p">
                <a gen="m" lem="bajo" num="p" pos="aq0mp0" postype="qualificative" wd="bajos"/>
              </grup.a>
            </s.a>
            <sn>
              <f lem="(" pos="fpa" punct="bracket" punctenclose="open" wd="("/>
              <grup.nom gen="f" num="s">
                <n gen="c" lem="a=1016Scm" num="s" pos="nccs000" postype="common" sense="16:cs1" wd="a=1016Scm"/>
              </grup.nom>
              <f lem=")" pos="fpt" punct="bracket" punctenclose="close" wd=")"/>
            </sn>
          </grup.nom>
        </sn>
      </S>
    </S>
    <S clausetype="relative">
      <f lem="," pos="fc" punct="comma" wd=","/>
      <sp arg="argM" func="cc" tem="cau">
        <prep>
          <s lem="por" pos="sps00" postype="preposition" wd="por"/>
        </prep>
        <sn>
          <spec gen="m" num="s">
            <d gen="c" lem="el" num="s" pos="da0ns0" postype="article" wd="lo"/>
          </spec>
          <relatiu>
            <p gen="c" lem="que" num="c" pos="pr0cn000" postype="relative" wd="que"/>
          </relatiu>
        </sn>
      </sp>
      <sn arg="arg1" elliptic="yes" func="suj" tem="pat"/>
      <morfema.verbal func="pass">
        <p gen="c" lem="se" num="c" pos="p0000000" wd="se"/>
      </morfema.verbal>
      <grup.verb>
        <v lem="incluir" lss="B22.unaccusative-passive-transitive" mood="indicative" num="p" person="3" pos="vmip3p0" postype="main" tense="present" wd="incluyen"/>
      </grup.verb>
      <sadv arg="arg2" func="cc" tem="loc">
        <grup.adv>
          <r lem="dentro" pos="rg" wd="dentro"/>
          <sp>
            <prep>
              <s contracted="yes" gen="m" lem="del" num="s" pos="spcms" postype="preposition" wd="del"/>
            </prep>
            <sn>
              <grup.nom gen="m" num="s">
                <n gen="m" lem="grupo" num="s" pos="ncms000" postype="common" sense="16:00017954" wd="grupo"/>
                <sp>
                  <prep>
                    <s lem="de" pos="sps00" postype="preposition" wd="de"/>
                  </prep>
                  <sn>
                    <grup.nom gen="f" num="p">
                      <n gen="f" lem="sustancia" num="p" pos="ncfp000" postype="common" sense="16:00010572" wd="sustancias"/>
                      <s.a gen="f" num="p">
                        <grup.a gen="f" num="p">
                          <a gen="c" lem="aislante" num="p" pos="aq0cp0" postype="qualificative" wd="aislantes"/>
                        </grup.a>
                      </s.a>
                    </grup.nom>
                  </sn>
                </sp>
              </grup.nom>
            </sn>
          </sp>
        </grup.adv>
      </sadv>
    </S>
    <f lem="." pos="fp" punct="period" wd="."/>
  </sentence>
  <sentence coord="yes">
    <S>
      <sn arg="arg1" func="suj" tem="tem">
        <spec gen="m" num="p">
          <d gen="m" lem="otro" num="p" pos="di0mp0" postype="indefinite" wd="Otros"/>
        </spec>
        <grup.nom gen="m" num="p">
          <n gen="m" lem="compuesto" num="p" pos="ncmp000" postype="common" sense="16:10630741" wd="compuestos"/>
          <s.a gen="m" num="p">
            <grup.a gen="m" num="p">
              <a gen="m" lem="orgánico" num="p" pos="aq0mp0" postype="qualificative" wd="orgánicos"/>
            </grup.a>
          </s.a>
          <sp>
            <f lem="," pos="fc" punct="comma" wd=","/>
            <prep>
              <c lem="como" pos="cs" postype="subordinating" wd="como"/>
            </prep>
            <sn>
              <spec gen="m" num="s">
                <d gen="m" lem="el" num="s" pos="da0ms0" postype="article" wd="el"/>
              </spec>
              <grup.nom gen="m" num="s">
                <n gen="m" lem="cis" num="c" pos="ncmn000" postype="common" sense="16:cs1" wd="cis"/>
                <s.a gen="m" num="s">
                  <grup.a gen="m" num="s">
                    <a gen="m" lem="poliacetileno" num="s" pos="aq0ms0" postype="qualificative" wd="poliacetileno"/>
                  </grup.a>
                </s.a>
              </grup.nom>
            </sn>
            <f lem="," pos="fc" punct="comma" wd=","/>
          </sp>
        </grup.nom>
      </sn>
      <grup.verb>
        <v lem="mostrar" lss="C21.state-attributive" mood="indicative" num="p" person="3" pos="vmip3p0" postype="main" tense="present" wd="muestran"/>
      </grup.verb>
      <sn arg="arg2" func="cd" functype="quantitative" tem="atr">
        <grup.nom gen="m" num="p">
          <n gen="m" lem="valor" num="p" pos="ncmp000" postype="common" sense="16:04508194" wd="valores"/>
          <sp>
            <prep>
              <s lem="de" pos="sps00" postype="preposition" wd="de"/>
            </prep>
            <sn>
              <grup.nom gen="f" num="s">
                <n gen="f" lem="conductividad" num="s" pos="ncfs000" postype="common" sense="16:07837945" wd="conductividad"/>
              </grup.nom>
            </sn>
          </sp>
          <s.a gen="f" num="p">
            <grup.a gen="f" num="p">
              <a gen="c" lem="superior" num="p" pos="aq0cp0" postype="qualificative" wd="superiores"/>
            </grup.a>
          </s.a>
          <sn>
            <f lem="(" pos="fpa" punct="bracket" punctenclose="open" wd="("/>
            <grup.nom num="s">
              <n gen="c" lem="a=109Scml" num="s" pos="nccs000" postype="common" sense="16:cs1" wd="a=109Scml"/>
            </grup.nom>
            <f lem=")" pos="fpt" punct="bracket" punctenclose="close" wd=")"/>
          </sn>
        </grup.nom>
      </sn>
    </S>
    <conj conjunctiontype="coordinating">
      <c lem="y" pos="cc" postype="coordinating" wd="y"/>
    </conj>
    <S>
      <sn arg="arg1" elliptic="yes" func="suj" tem="tem"/>
      <grup.verb>
        <v lem="mostrar" lss="C21.state-attributive" mood="indicative" num="p" person="3" pos="vmip3p0" postype="main" tense="present" wd="muestran"/>
      </grup.verb>
      <sn arg="arg2" func="cd" functype="quantitative" tem="atr">
        <grup.nom gen="f" num="p">
          <n gen="f" lem="propiedad" num="p" pos="ncfp000" postype="common" sense="16:03848700" wd="propiedades"/>
          <sp>
            <prep>
              <s lem="de" pos="sps00" postype="preposition" wd="de"/>
            </prep>
            <sn>
              <grup.nom gen="m" num="p">
                <n gen="m" lem="semiconductor" num="p" pos="ncmp000" postype="common" sense="16:10633459" wd="semiconductores"/>
              </grup.nom>
            </sn>
          </sp>
        </grup.nom>
      </sn>
    </S>
    <f lem="." pos="fp" punct="period" wd="."/>
  </sentence>
  <sentence>
    <sn arg="arg2" func="suj" tem="loc">
      <spec gen="f" num="s">
        <d gen="f" lem="el" num="s" pos="da0fs0" postype="article" wd="La"/>
      </spec>
      <grup.nom gen="f" num="s">
        <n gen="f" lem="tabla" num="s" pos="ncfs000" postype="common" sense="16:05252690" wd="tabla"/>
      </grup.nom>
    </sn>
    <sadv func="mod">
      <grup.adv>
        <r lem="también" pos="rg" wd="también"/>
      </grup.adv>
    </sadv>
    <grup.verb>
      <v lem="recoger" lss="A31.ditransitive-patient-locative" mood="indicative" num="s" person="3" pos="vmip3s0" postype="main" tense="present" wd="recoge"/>
    </grup.verb>
    <sn arg="arg1" func="cd" tem="pat">
      <spec gen="m" num="p">
        <d gen="m" lem="otro" num="p" pos="di0mp0" postype="indefinite" wd="otros"/>
      </spec>
      <grup.nom gen="m" num="p">
        <n gen="m" lem="compuesto" num="p" pos="ncmp000" postype="common" sense="16:10630741" wd="compuestos"/>
        <s.a gen="m" num="p">
          <grup.a gen="m" num="p">
            <a gen="m" lem="pommérico" num="p" pos="aq0mp0" postype="qualificative" wd="pomméricos"/>
          </grup.a>
        </s.a>
        <sp>
          <prep>
            <c lem="como" pos="cs" postype="subordinating" wd="como"/>
          </prep>
          <sn complex="yes">
            <spec gen="m" num="s">
              <d gen="m" lem="el" num="s" pos="da0ms0" postype="article" wd="el"/>
            </spec>
            <grup.nom coord="yes">
              <grup.nom coord="yes">
                <grup.nom gen="m" num="s">
                  <n gen="m" lem="transpobacetileno" num="s" pos="ncms000" postype="common" sense="16:cs1" wd="transpobacetileno"/>
                </grup.nom>
                <f lem="," pos="fc" punct="comma" wd=","/>
                <grup.nom gen="m" num="s">
                  <n gen="m" lem="pobfenileno" num="s" pos="ncms000" postype="common" sense="16:cs1" wd="pobfenileno"/>
                </grup.nom>
                <conj conjunctiontype="coordinating">
                  <c lem="o" pos="cc" postype="coordinating" wd="o"/>
                </conj>
                <grup.nom gen="m" num="s">
                  <n gen="m" lem="polipirrol" num="s" pos="ncms000" postype="common" sense="16:cs1" wd="polipirrol"/>
                </grup.nom>
              </grup.nom>
              <S adjunct="yes" clausetype="relative">
                <relatiu arg="arg1" func="suj" tem="tem">
                  <p gen="c" lem="que" num="c" pos="pr0cn000" postype="relative" wd="que"/>
                </relatiu>
                <S arg="argM" clausetype="participle" func="cc" impersonal="yes" tem="adv">
                  <f lem="," pos="fc" punct="comma" wd=","/>
                  <participi>
                    <a gen="m" lem="sometido" lss="B22.unaccusative-passive-transitive" num="p" pos="aq0mpp" posfunction="participle" postype="qualificative" wd="sometidos"/>
                  </participi>
                  <sp arg="arg2" func="creg" tem="tem">
                    <prep>
                      <s contracted="yes" gen="m" lem="al" num="s" pos="spcms" postype="preposition" wd="al"/>
                    </prep>
                    <sn>
                      <grup.nom gen="m" num="s">
                        <n gen="m" lem="proceso" lexicalid="noun.proceso.1.default" num="s" origin="deverbal" pos="ncms000" postype="common" sense="16:09669871" wd="proceso"/>
                        <sp arg="arg1" func="cn" tem="pat">
                          <prep>
                            <s lem="de" pos="sps00" postype="preposition" wd="de"/>
                          </prep>
                          <sn>
                            <grup.nom gen="m" num="s">
                              <f lem="-" pos="fg" punct="hyphen" wd="-"/>
                              <n gen="m" lem="dopado" lexicalid="noun.dopado.2.default" num="s" origin="deverbal" pos="ncms000" postype="common" sense="16:cs1" wd="dopado"/>
                              <f lem="-" pos="fg" punct="hyphen" wd="-"/>
                            </grup.nom>
                          </sn>
                        </sp>
                      </grup.nom>
                    </sn>
                  </sp>
                  <f lem="," pos="fc" punct="comma" wd=","/>
                </S>
                <grup.verb>
                  <v lem="mostrar" lss="C21.state-attributive" mood="indicative" num="p" person="3" pos="vmip3p0" postype="main" tense="present" wd="muestran"/>
                </grup.verb>
                <sn arg="arg2" func="cd" functype="quantitative" tem="atr">
                  <spec gen="m" num="p">
                    <d gen="m" lem="uno" num="p" pos="di0mp0" postype="indefinite" wd="unos"/>
                  </spec>
                  <grup.nom gen="m" num="p">
                    <n gen="m" lem="valor" num="p" pos="ncmp000" postype="common" sense="16:04508194" wd="valores"/>
                    <sp>
                      <prep>
                        <s lem="de" pos="sps00" postype="preposition" wd="de"/>
                      </prep>
                      <sn>
                        <grup.nom gen="m" num="p">
                          <n gen="c" lem="a" num="c" pos="nc00000" postype="common" sense="16:50001100" wd="a"/>
                        </grup.nom>
                      </sn>
                    </sp>
                  </grup.nom>
                </sn>
                <sa arg="argM" func="cpred" predicate="cd" tem="atr">
                  <grup.a>
                    <a gen="m" lem="próximo" num="p" pos="aq0mp0" postype="qualificative" wd="próximos"/>
                    <sp>
                      <prep>
                        <s contracted="yes" gen="m" lem="al" num="s" pos="spcms" postype="preposition" wd="al"/>
                      </prep>
                      <sn>
                        <sp>
                          <prep>
                            <s lem="de" pos="sps00" postype="preposition" wd="de"/>
                          </prep>
                          <sn>
                            <spec gen="m" num="p">
                              <d gen="m" lem="el" num="p" pos="da0mp0" postype="article" wd="los"/>
                            </spec>
                            <grup.nom gen="m" num="p">
                              <n gen="m" lem="metal" num="p" pos="ncmp000" postype="common" sense="16:10476248" wd="metales"/>
                            </grup.nom>
                          </sn>
                        </sp>
                      </sn>
                    </sp>
                  </grup.a>
                </sa>
              </S>
            </grup.nom>
          </sn>
        </sp>
      </grup.nom>
    </sn>
    <f lem="." pos="fp" punct="period" wd="."/>
  </sentence>
  <sentence>
    <sadv arg="argM" func="cc" tem="adv">
      <grup.adv>
        <r lem="por_último" pos="rg" wd="Por_último"/>
      </grup.adv>
      <f lem="," pos="fc" punct="comma" wd=","/>
    </sadv>
    <sn arg="arg1" func="suj" tem="tem">
      <spec gen="m" num="s">
        <d gen="m" lem="uno" num="s" pos="di0ms0" postype="indefinite" wd="un"/>
      </spec>
      <grup.nom gen="m" num="s">
        <s.a gen="m" num="s">
          <grup.a gen="m" num="s">
            <a gen="m" lem="pequeño" num="s" pos="aq0ms0" postype="qualificative" wd="pequeño"/>
          </grup.a>
        </s.a>
        <n gen="m" lem="grupo" num="s" pos="ncms000" postype="common" sense="16:00017954" wd="grupo"/>
        <sp>
          <prep>
            <s lem="de" pos="sps00" postype="preposition" wd="de"/>
          </prep>
          <sn>
            <grup.nom gen="f" num="p">
              <n gen="f" lem="sustancia" num="p" pos="ncfp000" postype="common" sense="16:00010572" wd="sustancias"/>
            </grup.nom>
          </sn>
        </sp>
        <sp>
          <f lem="," pos="fc" punct="comma" wd=","/>
          <prep>
            <c lem="como" pos="cs" postype="subordinating" wd="como"/>
          </prep>
          <sn>
            <spec gen="m" num="s">
              <d gen="m" lem="el" num="s" pos="da0ms0" postype="article" wd="el"/>
            </spec>
            <grup.nom gen="m" num="s">
              <n gen="m" lem="complejo" num="s" pos="ncms000" postype="common" sense="16:10630113" wd="complejo"/>
              <sn>
                <grup.nom gen="m" num="s">
                  <n gen="c" lem="CNQ-ITF" num="c" pos="nc00000" postype="common" sense="16:cs1" wd="CNQ-ITF"/>
                </grup.nom>
              </sn>
            </grup.nom>
          </sn>
          <f lem="," pos="fc" punct="comma" wd=","/>
        </sp>
      </grup.nom>
    </sn>
    <grup.verb>
      <v lem="presentar" lss="C21.state-attributive" mood="indicative" num="p" person="3" pos="vmip3p0" postype="main" tense="present" wd="presentan"/>
    </grup.verb>
    <sn arg="arg2" func="cd" functype="quantitative" tem="atr">
      <spec gen="f" num="s">
        <d gen="f" lem="uno" num="s" pos="di0fs0" postype="indefinite" wd="una"/>
      </spec>
      <grup.nom gen="f" num="s">
        <n gen="f" lem="conductividad" num="s" pos="ncfs000" postype="common" sense="16:07837945" wd="conductividad"/>
        <s.a gen="f" num="s">
          <grup.a gen="f" num="s">
            <a gen="f" lem="eléctrico" num="s" pos="aq0fs0" postype="qualificative" wd="eléctrica"/>
          </grup.a>
        </s.a>
        <s.a gen="f" num="s">
          <grup.a gen="f" num="s">
            <a gen="c" lem="comparable" num="s" pos="aq0cs0" postype="qualificative" wd="comparable"/>
            <sp>
              <prep>
                <s lem="a" pos="sps00" postype="preposition" wd="a"/>
              </prep>
              <sn>
                <spec gen="f" num="s">
                  <d gen="f" lem="el" num="s" pos="da0fs0" postype="article" wd="la"/>
                </spec>
                <grup.nom gen="f" num="s">
                  <sp>
                    <prep>
                      <s lem="de" pos="sps00" postype="preposition" wd="de"/>
                    </prep>
                    <sn>
                      <spec gen="m" num="p">
                        <d gen="m" lem="el" num="p" pos="da0mp0" postype="article" wd="los"/>
                      </spec>
                      <grup.nom gen="m" num="p">
                        <n gen="m" lem="metal" num="p" pos="ncmp000" postype="common" sense="16:10476248" wd="metales"/>
                      </grup.nom>
                    </sn>
                  </sp>
                </grup.nom>
              </sn>
            </sp>
          </grup.a>
        </s.a>
      </grup.nom>
    </sn>
    <sp arg="argM" func="cc" tem="adv">
      <f lem="," pos="fc" punct="comma" wd=","/>
      <prep>
        <s lem="de" pos="sps00" postype="preposition" wd="de"/>
      </prep>
      <sn>
        <spec gen="f" num="s">
          <d gen="f" lem="el" num="s" pos="da0fs0" postype="article" wd="la"/>
        </spec>
        <grup.nom gen="f" num="s">
          <n gen="f" lem="deslocalización" lexicalid="noun.deslocalización.2.default" num="s" origin="deverbal" pos="ncfs000" postype="common" sense="16:cs1" wd="deslocalización"/>
          <sp arg="arg1" func="cn" tem="pat">
            <prep>
              <s lem="de" pos="sps00" postype="preposition" wd="de"/>
            </prep>
            <sn>
              <grup.nom gen="f" num="s">
                <n gen="f" lem="carga" lexicalid="noun.carga.2.default" num="s" origin="deverbal" pos="ncfs000" postype="common" sense="16:02934345" wd="carga"/>
              </grup.nom>
            </sn>
          </sp>
        </grup.nom>
      </sn>
    </sp>
    <sp arg="argM" func="cc" tem="adv">
      <prep>
        <s lem="a" pos="sps00" postype="preposition" wd="a"/>
      </prep>
      <sn>
        <spec gen="f" num="s">
          <d gen="f" lem="uno" num="s" pos="di0fs0" postype="indefinite" wd="una"/>
        </spec>
        <grup.nom gen="f" num="s">
          <n gen="f" lem="norma" num="s" pos="ncfs000" postype="common" sense="16:09980992" wd="norma"/>
          <s.a gen="f" num="s">
            <grup.a gen="f" num="s">
              <a gen="f" lem="canónico" num="s" pos="aq0fs0" postype="qualificative" wd="canónica"/>
            </grup.a>
          </s.a>
          <s.a gen="f" num="s">
            <grup.a gen="f" num="s">
              <a gen="f" lem="aromático" num="s" pos="aq0fs0" postype="qualificative" wd="aromática"/>
              <sp>
                <prep>
                  <s lem="por" pos="sps00" postype="preposition" wd="por"/>
                </prep>
                <sn>
                  <grup.nom gen="f" num="s">
                    <n gen="f" lem="resonancia" lexicalid="noun.resonancia.1.default" num="s" origin="deverbal" pos="ncfs000" postype="common" sense="16:07814762" wd="resonancia"/>
                    <sp arg="argM" coord="yes" func="cn" tem="loc">
                      <sp>
                        <prep>
                          <s lem="en" pos="sps00" postype="preposition" wd="en"/>
                        </prep>
                        <sn>
                          <spec gen="m" num="s">
                            <d gen="m" lem="el" num="s" pos="da0ms0" postype="article" wd="el"/>
                          </spec>
                          <grup.nom gen="m" num="s">
                            <n gen="m" lem="anión-radical" num="s" pos="ncms000" postype="common" sense="16:cs1" wd="anión-radical"/>
                            <sp>
                              <prep>
                                <s contracted="yes" gen="m" lem="del" num="s" pos="spcms" postype="preposition" wd="del"/>
                              </prep>
                              <sn>
                                <grup.nom gen="m" num="s">
                                  <n gen="c" lem="tcnq" num="c" pos="nc00000" postype="common" sense="16:cs1" wd="TCNQ"/>
                                </grup.nom>
                              </sn>
                            </sp>
                          </grup.nom>
                        </sn>
                      </sp>
                      <conj conjunctiontype="coordinating">
                        <c lem="y" pos="cc" postype="coordinating" wd="y"/>
                      </conj>
                      <sp>
                        <prep>
                          <s contracted="yes" gen="m" lem="del" num="s" pos="spcms" postype="preposition" wd="del"/>
                        </prep>
                        <sn>
                          <grup.nom gen="m" num="s">
                            <n gen="m" lem="catión-radical" num="s" pos="ncms000" postype="common" sense="16:cs1" wd="catión-radical"/>
                            <sp>
                              <prep>
                                <s contracted="yes" gen="m" lem="del" num="s" pos="spcms" postype="preposition" wd="del"/>
                              </prep>
                              <sn>
                                <grup.nom gen="m" num="s">
                                  <n gen="m" lem="TTF" num="s" pos="ncms000" postype="common" sense="16:cs1" wd="TTF"/>
                                </grup.nom>
                              </sn>
                            </sp>
                          </grup.nom>
                        </sn>
                      </sp>
                    </sp>
                  </grup.nom>
                </sn>
              </sp>
            </grup.a>
          </s.a>
        </grup.nom>
      </sn>
    </sp>
    <f lem="." pos="fp" punct="period" wd="."/>
  </sentence>
  <sentence>
    <grup.verb>
      <v lem="ser" lss="C21.state-attributive" mood="indicative" num="s" person="3" pos="vsip3s0" postype="semiauxiliary" tense="present" wd="Es"/>
    </grup.verb>
    <sadv arg="argM" func="cc" tem="adv">
      <grup.adv>
        <r lem="justamente" pos="rg" wd="justamente"/>
      </grup.adv>
    </sadv>
    <sn arg="arg1" func="suj" tem="tem">
      <spec gen="m" num="s">
        <d gen="m" lem="el" num="s" pos="da0ms0" postype="article" wd="el"/>
      </spec>
      <grup.nom gen="m" num="s">
        <n gen="m" lem="valor" num="s" pos="ncms000" postype="common" sense="16:04508194" wd="valor"/>
        <s.a gen="m" num="s">
          <grup.a gen="m" num="s">
            <a gen="m" lem="relativo" num="s" pos="aq0ms0" postype="qualificative" wd="relativo"/>
          </grup.a>
        </s.a>
        <sp coord="yes">
          <sp>
            <prep>
              <s contracted="yes" gen="m" lem="del" num="s" pos="spcms" postype="preposition" wd="del"/>
            </prep>
            <sn>
              <grup.nom gen="m" num="s">
                <n gen="m" lem="potencial" num="s" pos="ncms000" postype="common" sense="16:10389291" wd="potencial"/>
                <sp>
                  <prep>
                    <s lem="de" pos="sps00" postype="preposition" wd="de"/>
                  </prep>
                  <sn>
                    <grup.nom gen="f" num="s">
                      <n gen="f" lem="oxidación" lexicalid="noun.oxidación.2.default" num="s" origin="deverbal" pos="ncfs000" postype="common" sense="16:09684568" wd="oxidación"/>
                      <sp arg="arg1" func="cn" tem="tem">
                        <prep>
                          <s contracted="yes" gen="m" lem="del" num="s" pos="spcms" postype="preposition" wd="del"/>
                        </prep>
                        <sn>
                          <grup.nom gen="m" num="s">
                            <n gen="m" lem="dador" num="s" pos="ncms000" postype="common" sense="16:07222682" wd="dador"/>
                          </grup.nom>
                        </sn>
                      </sp>
                    </grup.nom>
                  </sn>
                </sp>
              </grup.nom>
            </sn>
          </sp>
          <conj conjunctiontype="coordinating">
            <c lem="y" pos="cc" postype="coordinating" wd="y"/>
          </conj>
          <sp>
            <prep>
              <s contracted="yes" gen="m" lem="del" num="s" pos="spcms" postype="preposition" wd="del"/>
            </prep>
            <sn>
              <grup.nom gen="m" num="s">
                <n gen="m" lem="potencial" num="s" pos="ncms000" postype="common" sense="16:10389291" wd="potencial"/>
                <sp>
                  <prep>
                    <s lem="de" pos="sps00" postype="preposition" wd="de"/>
                  </prep>
                  <sn>
                    <grup.nom gen="f" num="s">
                      <n gen="f" lem="reducción" lexicalid="noun.reducción.3.default" num="s" origin="deverbal" pos="ncfs000" postype="common" sense="16:09685147" wd="reducción"/>
                      <sp arg="arg1" func="cn" tem="tem">
                        <prep>
                          <s contracted="yes" gen="m" lem="del" num="s" pos="spcms" postype="preposition" wd="del"/>
                        </prep>
                        <sn>
                          <grup.nom gen="m" num="s">
                            <n gen="m" lem="aceptor" num="s" pos="ncms000" postype="common" sense="16:cs1" wd="aceptor"/>
                          </grup.nom>
                        </sn>
                      </sp>
                    </grup.nom>
                  </sn>
                </sp>
              </grup.nom>
            </sn>
          </sp>
        </sp>
      </grup.nom>
    </sn>
    <sn arg="arg2" func="atr" tem="atr">
      <spec gen="m" num="s">
        <d gen="c" lem="el" num="s" pos="da0ns0" postype="article" wd="lo"/>
      </spec>
      <grup.nom gen="m" num="s">
        <S clausetype="relative">
          <relatiu arg="arg0" func="suj" tem="agt">
            <p gen="c" lem="que" num="c" pos="pr0cn000" postype="relative" wd="que"/>
          </relatiu>
          <grup.verb>
            <v lem="garantizar" lss="A21.transitive-agentive-patient" mood="indicative" num="s" person="3" pos="vmip3s0" postype="main" tense="present" wd="garantiza"/>
          </grup.verb>
          <S arg="arg1" clausetype="completive" func="cd" tem="pat">
            <conj conjunctiontype="subordinating">
              <c lem="que" pos="cs" postype="subordinating" wd="que"/>
            </conj>
            <sn arg="arg1" func="suj" tem="tem">
              <spec gen="f" num="s">
                <d gen="f" lem="el" num="s" pos="da0fs0" postype="article" wd="la"/>
              </spec>
              <grup.nom gen="f" num="s">
                <n gen="f" lem="transferencia" lexicalid="noun.transferencia.1.default" num="s" origin="deverbal" pos="ncfs000" postype="common" sense="16:00204553" wd="transferencia"/>
                <sp arg="arg1" func="cn" tem="pat">
                  <prep>
                    <s lem="de" pos="sps00" postype="preposition" wd="de"/>
                  </prep>
                  <sn>
                    <grup.nom gen="f" num="s">
                      <n gen="f" lem="carga" lexicalid="noun.carga.2.default" num="s" origin="deverbal" pos="ncfs000" postype="common" sense="16:02934345" wd="carga"/>
                    </grup.nom>
                  </sn>
                </sp>
              </grup.nom>
            </sn>
            <neg func="mod">
              <r lem="no" pos="rn" postype="negative" wd="no"/>
            </neg>
            <grup.verb>
              <v lem="ser" lss="C21.state-attributive" mood="subjunctive" num="s" person="3" pos="vssp3s0" postype="semiauxiliary" tense="present" wd="sea"/>
            </grup.verb>
            <sa arg="arg2" func="atr" tem="atr">
              <grup.a>
                <a gen="c" lem="total" num="s" pos="aq0cs0" postype="qualificative" wd="total"/>
              </grup.a>
            </sa>
          </S>
        </S>
      </grup.nom>
    </sn>
    <f lem="." pos="fp" punct="period" wd="."/>
  </sentence>
  <sentence>
    <morfema.pronominal>
      <p gen="c" lem="él" num="c" person="3" pos="p0300000" wd="Se"/>
    </morfema.pronominal>
    <grup.verb>
      <v lem="cumplir" lss="A21.transitive-agentive-patient" mood="indicative" num="s" person="3" pos="vmip3s0" postype="main" tense="present" wd="cumple"/>
    </grup.verb>
    <sp arg="argM" func="cc" tem="adv">
      <prep>
        <s lem="con" pos="sps00" postype="preposition" wd="con"/>
      </prep>
      <sn>
        <grup.nom gen="m" num="s">
          <p gen="c" lem="él" num="s" person="3" pos="pp3ns000" postype="personal" wd="ello"/>
        </grup.nom>
      </sn>
    </sp>
    <sn arg="arg0" func="suj" tem="agt">
      <spec gen="m" num="s">
        <d gen="m" lem="el" num="s" pos="da0ms0" postype="article" wd="el"/>
      </spec>
      <grup.nom gen="m" num="s">
        <n gen="m" lem="requisito" num="s" pos="ncms000" postype="common" sense="16:06846327" wd="requisito"/>
        <sp>
          <prep>
            <s lem="de" pos="sps00" postype="preposition" wd="de"/>
          </prep>
          <sn>
            <grup.nom gen="f" num="s">
              <n gen="f" lem="conductividad" num="s" pos="ncfs000" postype="common" sense="16:07837945" wd="conductividad"/>
              <sp>
                <prep>
                  <s lem="por" pos="sps00" postype="preposition" wd="por"/>
                </prep>
                <sn>
                  <grup.nom gen="m" num="s">
                    <n gen="m" lem="movimiento" lexicalid="noun.movimiento.3.default" num="s" origin="deverbal" pos="ncms000" postype="common" sense="16:00180278" wd="movimiento"/>
                    <sp arg="arg1" func="cn" tem="tem">
                      <prep>
                        <s lem="de" pos="sps00" postype="preposition" wd="de"/>
                      </prep>
                      <sn>
                        <grup.nom gen="f" num="s">
                          <n gen="f" lem="carga" lexicalid="noun.carga.2.default" num="s" origin="deverbal" pos="ncfs000" postype="common" sense="16:02934345" wd="carga"/>
                        </grup.nom>
                      </sn>
                    </sp>
                  </grup.nom>
                </sn>
              </sp>
              <sp>
                <prep>
                  <s lem="de" pos="sps00" postype="preposition" wd="de"/>
                </prep>
                <sn>
                  <grup.nom gen="f" num="s">
                    <n gen="f" lem="molécula" num="s" pos="ncfs000" postype="common" sense="16:10472898" wd="molécula"/>
                    <S clausetype="participle" impersonal="yes">
                      <participi>
                        <a gen="f" lem="cargado" num="s" pos="aq0fsp" posfunction="participle" postype="qualificative" wd="cargada"/>
                      </participi>
                    </S>
                  </grup.nom>
                </sn>
              </sp>
              <sp>
                <prep>
                  <s lem="a" pos="sps00" postype="preposition" wd="a"/>
                </prep>
                <sn>
                  <grup.nom gen="f" num="s">
                    <n gen="f" lem="molécula" num="s" pos="ncfs000" postype="common" sense="16:10472898" wd="molécula"/>
                    <s.a gen="f" num="s">
                      <grup.a gen="f" num="s">
                        <a gen="f" lem="neutro" num="s" pos="aq0fs0" postype="qualificative" wd="neutra"/>
                      </grup.a>
                    </s.a>
                  </grup.nom>
                </sn>
              </sp>
              <sp>
                <prep>
                  <s contracted="yes" gen="m" lem="a_lo_largo_del" num="s" pos="spcms" postype="preposition" wd="a_lo_largo_del"/>
                </prep>
                <sn>
                  <grup.nom gen="m" num="s">
                    <n gen="m" lem="apilamiento" lexicalid="noun.apilamiento.1.default" num="s" origin="deverbal" pos="ncms000" postype="common" sense="16:cs1" wd="apilamiento"/>
                  </grup.nom>
                </sn>
              </sp>
            </grup.nom>
          </sn>
        </sp>
      </grup.nom>
    </sn>
    <f lem="." pos="fp" punct="period" wd="."/>
  </sentence>
  <sentence>
    <grup.verb>
      <v lem="ser" lss="C21.state-attributive" mood="indicative" num="s" person="3" pos="vsip3s0" postype="semiauxiliary" tense="present" wd="Es"/>
    </grup.verb>
    <sa arg="arg2" func="atr" tem="atr">
      <grup.a>
        <a gen="m" lem="obvio" num="s" pos="aq0ms0" postype="qualificative" wd="obvio"/>
      </grup.a>
    </sa>
    <sadv arg="argM" func="cc" tem="adv">
      <f lem="," pos="fc" punct="comma" wd=","/>
      <grup.adv>
        <r lem="por_tanto" pos="rg" wd="por_tanto"/>
      </grup.adv>
      <f lem="," pos="fc" punct="comma" wd=","/>
    </sadv>
    <S arg="arg1" clausetype="completive" func="suj" tem="tem">
      <conj conjunctiontype="subordinating">
        <c lem="que" pos="cs" postype="subordinating" wd="que"/>
      </conj>
      <sn arg="arg1" func="suj" tem="tem">
        <spec gen="m" num="s">
          <d gen="m" lem="uno" num="s" pos="di0ms0" postype="indefinite" wd="un"/>
        </spec>
        <grup.nom gen="m" num="s">
          <n gen="m" lem="camino" lexicalid="noun.camino.1.default" num="s" origin="deverbal" pos="ncms000" postype="common" sense="16:03600463" wd="camino"/>
          <S clausetype="participle" func="cn" impersonal="yes">
            <participi>
              <a gen="m" lem="apropiado" lss="B22.unaccusative-passive-transitive" num="s" pos="aq0msp" posfunction="participle" postype="qualificative" wd="apropiado"/>
            </participi>
            <sp arg="argM" func="cc" tem="fin">
              <prep>
                <s lem="para" pos="sps00" postype="preposition" wd="para"/>
              </prep>
              <S clausetype="completive" impersonal="yes">
                <infinitiu>
                  <v lem="mejorar" lss="A11.transitive-causative" mood="infinitive" pos="vmn0000" postype="main" wd="mejorar"/>
                </infinitiu>
                <sn arg="arg1" func="cd" tem="tem">
                  <spec gen="f" num="s">
                    <d gen="f" lem="el" num="s" pos="da0fs0" postype="article" wd="la"/>
                  </spec>
                  <grup.nom gen="f" num="s">
                    <n gen="f" lem="conductividad" num="s" pos="ncfs000" postype="common" sense="16:07837945" wd="conductividad"/>
                  </grup.nom>
                </sn>
              </S>
            </sp>
          </S>
        </grup.nom>
      </sn>
      <grup.verb>
        <v lem="ser" lss="C21.state-attributive" mood="indicative" num="s" person="3" pos="vsic3s0" postype="semiauxiliary" tense="conditional" wd="sería"/>
      </grup.verb>
      <sn arg="arg2" func="atr" tem="atr">
        <spec gen="m" num="s">
          <d gen="m" lem="el" num="s" pos="da0ms0" postype="article" wd="el"/>
        </spec>
        <grup.nom gen="m" num="s">
          <n gen="m" lem="empleo" lexicalid="noun.empleo.1.default" num="s" origin="deverbal" pos="ncms000" postype="common" sense="16:00605730" wd="empleo"/>
          <sp arg="arg1" func="cn" tem="pat">
            <prep>
              <s lem="de" pos="sps00" postype="preposition" wd="de"/>
            </prep>
            <sn>
              <grup.nom gen="f" num="p">
                <n gen="f" lem="molécula" num="p" pos="ncfp000" postype="common" sense="16:10472898" wd="moléculas"/>
                <s.a complex="yes" gen="f" num="p">
                  <grup.a coord="yes" gen="f" num="p">
                    <grup.a gen="f" num="p">
                      <n gen="m" lem="dador" num="s" pos="ncms000" postype="common" sense="16:07222682" wd="dador"/>
                    </grup.a>
                    <conj conjunctiontype="coordinating">
                      <c lem="y" pos="cc" postype="coordinating" wd="y"/>
                    </conj>
                    <grup.a gen="f" num="p">
                      <n gen="m" lem="aceptor" num="s" pos="ncms000" postype="common" sense="16:cs1" wd="aceptor"/>
                    </grup.a>
                  </grup.a>
                </s.a>
                <S clausetype="relative">
                  <relatiu arg="arg1" func="suj" tem="tem">
                    <p gen="c" lem="que" num="c" pos="pr0cn000" postype="relative" wd="que"/>
                  </relatiu>
                  <grup.verb>
                    <v lem="tener" lss="C21.state-attributive" mood="subjunctive" num="p" person="3" pos="vmsi3p0" postype="main" tense="imperfect" wd="tuviesen"/>
                  </grup.verb>
                  <sn arg="arg2" func="cd" functype="quantitative" tem="atr">
                    <grup.nom gen="m" num="p">
                      <n gen="m" lem="valor" num="p" pos="ncmp000" postype="common" sense="16:04508194" wd="valores"/>
                      <sp>
                        <prep>
                          <s lem="de" pos="sps00" postype="preposition" wd="de"/>
                        </prep>
                        <sn>
                          <grup.nom gen="m" num="p">
                            <n gen="m" lem="potencial" num="p" pos="ncmp000" postype="common" sense="16:10389291" wd="potenciales"/>
                          </grup.nom>
                        </sn>
                      </sp>
                      <sn>
                        <spec gen="m" num="s">
                          <d gen="c" lem="el" num="s" pos="da0ns0" postype="article" wd="lo"/>
                        </spec>
                        <grup.nom gen="m" num="p">
                          <S clausetype="participle" impersonal="yes">
                            <sadv arg="argM" func="cc" tem="adv">
                              <grup.adv>
                                <r lem="más" pos="rg" wd="más"/>
                              </grup.adv>
                            </sadv>
                            <participi>
                              <a gen="m" lem="apropiado" lss="B22.unaccusative-passive-transitive" num="p" pos="aq0mpp" posfunction="participle" postype="qualificative" wd="apropiados"/>
                            </participi>
                            <sp arg="argM" func="cc" tem="fin">
                              <prep>
                                <s lem="para" pos="sps00" postype="preposition" wd="para"/>
                              </prep>
                              <S clausetype="completive" impersonal="yes">
                                <infinitiu>
                                  <v lem="lograr" lss="A21.transitive-agentive-patient" mood="infinitive" pos="vmn0000" postype="main" wd="lograr"/>
                                </infinitiu>
                                <sn arg="arg1" func="cd" tem="pat">
                                  <spec gen="f" num="s">
                                    <d gen="f" lem="el" num="s" pos="da0fs0" postype="article" wd="la"/>
                                  </spec>
                                  <grup.nom gen="f" num="s">
                                    <n gen="f" lem="transferencia" lexicalid="noun.transferencia.1.default" num="s" origin="deverbal" pos="ncfs000" postype="common" sense="16:00204553" wd="transferencia"/>
                                    <s.a func="cn" gen="f" num="s">
                                      <grup.a gen="f" num="s">
                                        <a gen="c" lem="parcial" num="s" pos="aq0cs0" postype="qualificative" wd="parcial"/>
                                      </grup.a>
                                    </s.a>
                                    <sp arg="arg1" func="cn" tem="pat">
                                      <prep>
                                        <s lem="de" pos="sps00" postype="preposition" wd="de"/>
                                      </prep>
                                      <sn>
                                        <grup.nom gen="f" num="s">
                                          <n gen="f" lem="carga" lexicalid="noun.carga.2.default" num="s" origin="deverbal" pos="ncfs000" postype="common" sense="16:02934345" wd="carga"/>
                                        </grup.nom>
                                      </sn>
                                    </sp>
                                  </grup.nom>
                                </sn>
                                <sp arg="argM" func="cc" tem="adv">
                                  <prep>
                                    <s lem="en" pos="sps00" postype="preposition" wd="en"/>
                                  </prep>
                                  <sn>
                                    <spec gen="m" num="s">
                                      <d gen="m" lem="el" num="s" pos="da0ms0" postype="article" wd="el"/>
                                    </spec>
                                    <grup.nom gen="m" num="s">
                                      <n gen="m" lem="grado" num="s" pos="ncms000" postype="common" sense="16:03973686" wd="grado"/>
                                      <s.a gen="m" num="s">
                                        <grup.a gen="m" num="s">
                                          <a gen="m" lem="óptimo" num="s" pos="aq0ms0" postype="qualificative" wd="óptimo"/>
                                        </grup.a>
                                      </s.a>
                                    </grup.nom>
                                  </sn>
                                </sp>
                              </S>
                            </sp>
                          </S>
                        </grup.nom>
                      </sn>
                    </grup.nom>
                  </sn>
                </S>
              </grup.nom>
            </sn>
          </sp>
        </grup.nom>
      </sn>
    </S>
    <f lem="." pos="fp" punct="period" wd="."/>
  </sentence>
</article>
