<?xml version="1.0" encoding="UTF-8"?>
<!-- 

  ancora-2.0
       
			Copyright (C) 2007, 2008, 2009, 2010, 2011 UB - CLiC
			Centre de Llenguatge i Computació - Universitat de Barcelona
 
  This file is part of ancora-2.0.
 
  ancora-2.0 is free software and data: you can redistribute it and/or modify
  it under the terms of the GNU General Public License as published
  by the Free Software Foundation, either version 3 of the License,
  or (at your option) any later version.

  ancora-2.0 is distributed in the hope that it will be useful,
  but WITHOUT ANY WARRANTY; without even the implied warranty of
  MERCHANTABILITY or FITNESS FOR A PARTICULAR PURPOSE.  See the
  GNU General Public License for more details.
 
  You should have received a copy of the GNU General Public License
  along with ancora-2.0.  If not, see &lt;http://www.gnu.org/licenses/&gt;.
 
  Check a text in catalan explaining the terms of the license at http://www.softcatala.cat/wiki/GPL3.
  In spanish at http://www.viti.es/gnu/licenses/gpl.html
 

  The following paper must be cited when using this corpus:

 * Taulé, M., M.A. Martí, M. Recasens (2008) 'Ancora: Multilevel Annotated Corpora for Catalan and Spanish',
   Proceedings of 6th International Conference on Language Resources and Evaluation. Marrakesh (Morocco).

  In addition, the following paper must be cited if coreference information (attributes entity, coreftype,
  corefsubtype, homophoricDD or entityref) is used:

 * Recasens, Marta, M. Antònia Martí (2010) ‘AnCora-CO: Coreferentially annotated corpora for Spanish and
   Catalan’. Language Resources and Evaluation, Springer Science.

  Additionally, the following paper must be cited when argumental attributes in "sn" or "grup.nom"
  (attributes func, arg, tem or lexicalid) are used:

 * Peris, Aina, Mariona Taulé, Horacio Rodríguez (2010) ‘Semantic Annotation of Deverbal Nominalizations in the
   Spanish AnCora corpus’. Treebanks and Linguistic Theories (TLT-2010), Estonia.
-->
<article lng="es">
  <sentence>
    <sn arg="arg0" entity="entity4" entityref="ne" func="suj" ne="organization" tem="agt">
      <grup.nom gen="m" num="s">
        <n lem="Brasil" ne="organization" pos="np0000o" postype="proper" sense="16:06493148" wd="Brasil"/>
      </grup.nom>
    </sn>
    <grup.verb>
      <v lem="buscar" lss="A21.transitive-agentive-patient" mood="indicative" num="s" person="3" pos="vmif3s0" postype="main" tense="future" wd="buscará"/>
    </grup.verb>
    <sp arg="argM" func="cc" tem="tmp">
      <prep>
        <s lem="a_partir_de" pos="sps00" postype="preposition" wd="a_partir_de"/>
      </prep>
      <sn entityref="nne">
        <grup.nom gen="f" num="s">
          <n gen="f" lem="mañana" num="s" pos="ncfs000" postype="common" sense="16:10877003" wd="mañana"/>
          <sn entityref="ne" ne="date">
            <f lem="," pos="fc" punct="comma" wd=","/>
            <grup.nom gen="m" num="s">
              <w lem="[viernes:??/??/??:??.??]" ne="date" wd="viernes"/>
            </grup.nom>
            <f lem="," pos="fc" punct="comma" wd=","/>
          </sn>
        </grup.nom>
      </sn>
    </sp>
    <sn arg="arg1" entityref="nne" func="cd" homophoricDD="yes" tem="pat">
      <spec gen="m" num="s">
        <d gen="m" lem="el" num="s" pos="da0ms0" postype="article" wd="el"/>
      </spec>
      <grup.nom gen="m" num="s">
        <n gen="m" lem="pase" lexicalid="noun.pase.2.default" num="s" origin="deverbal" pos="ncms000" postype="common" sense="16:cs1" wd="pase"/>
        <sp arg="arg4" func="cn" tem="efi">
          <prep>
            <s lem="a" pos="sps00" postype="preposition" wd="a"/>
          </prep>
          <sn entityref="nne">
            <spec gen="f" num="s">
              <d coreftype="ident" entity="entity4" entityref="spec" gen="c" lem="su" num="s" person="3" pos="dp3cs0" postype="possessive" wd="su"/>
            </spec>
            <grup.nom gen="f" num="s">
              <s.a gen="f" num="s">
                <grup.a gen="f" num="s">
                  <a gen="f" lem="primero" num="s" pos="ao0fs0" postype="ordinal" wd="primera"/>
                </grup.a>
              </s.a>
              <n gen="f" lem="final" num="s" pos="ncfs000" postype="common" sense="16:05550251" wd="final"/>
              <sp>
                <prep>
                  <s lem="de" pos="sps00" postype="preposition" wd="de"/>
                </prep>
                <sn entity="entity2" entityref="ne" ne="other">
                  <spec gen="f" num="s">
                    <d gen="f" lem="el" num="s" pos="da0fs0" postype="article" wd="la"/>
                  </spec>
                  <grup.nom gen="f" num="s">
                    <n lem="Copa_Davis" ne="other" pos="np0000a" postype="proper" sense="16:cs1" wd="Copa_Davis"/>
                  </grup.nom>
                </sn>
              </sp>
            </grup.nom>
          </sn>
        </sp>
      </grup.nom>
    </sn>
    <sp arg="argM" coord="yes" func="cc" tem="adv">
      <sp>
        <prep>
          <s lem="ante" pos="sps00" postype="preposition" wd="ante"/>
        </prep>
        <sn entity="entity1" entityref="spec" homophoricDD="yes">
          <spec gen="m" num="p">
            <d gen="m" lem="el" num="p" pos="da0mp0" postype="article" wd="los"/>
          </spec>
          <grup.nom gen="m" num="p">
            <s.a gen="m" num="p">
              <grup.a gen="m" num="p">
                <a gen="c" lem="vigente" num="p" pos="aq0cp0" postype="qualificative" wd="vigentes"/>
              </grup.a>
            </s.a>
            <n gen="m" lem="campeón" num="p" pos="ncmp000" postype="common" sense="16:07147536" wd="campeones"/>
            <sn corefsubtype="definit" coreftype="pred" entity="entity1">
              <f lem="," pos="fc" punct="comma" wd=","/>
              <spec gen="m" num="p">
                <d gen="m" lem="el" num="p" pos="da0mp0" postype="article" wd="los"/>
              </spec>
              <grup.nom gen="m" num="p">
                <s.a gen="m" num="p">
                  <a gen="m" lem="australiano" num="p" pos="aq0mp0" postype="qualificative" wd="australianos"/>
                </s.a>
              </grup.nom>
              <f lem="," pos="fc" punct="comma" wd=","/>
            </sn>
          </grup.nom>
        </sn>
      </sp>
      <conj conjunctiontype="coordinating">
        <c lem="y" pos="cc" postype="coordinating" wd="y"/>
      </conj>
      <sp>
        <prep>
          <s lem="sobre" pos="sps00" postype="preposition" wd="sobre"/>
        </prep>
        <sn entity="entity3" entityref="spec" homophoricDD="yes">
          <spec gen="f" num="s">
            <d gen="f" lem="el" num="s" pos="da0fs0" postype="article" wd="la"/>
          </spec>
          <grup.nom gen="f" num="s">
            <s.a gen="f" num="s">
              <grup.a gen="f" num="s">
                <a gen="f" lem="incómodo" num="s" pos="aq0fs0" postype="qualificative" wd="incómoda"/>
              </grup.a>
            </s.a>
            <n gen="f" lem="hierba" num="s" pos="ncfs000" postype="common" sense="16:08409338" wd="hierba"/>
            <sp>
              <prep>
                <s contracted="yes" gen="m" lem="del" num="s" pos="spcms" postype="preposition" wd="del"/>
              </prep>
              <sn entityref="ne" ne="location">
                <grup.nom gen="m" num="s">
                  <n lem="ANZ_Stadium_de_Brisbane" ne="location" pos="np0000l" postype="proper" sense="16:cs1" wd="ANZ_Stadium_de_Brisbane"/>
                </grup.nom>
              </sn>
            </sp>
          </grup.nom>
        </sn>
      </sp>
    </sp>
    <f lem="." pos="fp" punct="period" wd="."/>
  </sentence>
  <sentence>
    <sn arg="arg0" coreftype="ident" entity="entity1" entityref="ne" func="suj" ne="organization" tem="agt">
      <grup.nom gen="f" num="s">
        <n lem="Australia" ne="organization" pos="np0000o" postype="proper" wd="Australia"/>
        <sn corefsubtype="definit" coreftype="pred" entity="entity1">
          <f lem="," pos="fc" punct="comma" wd=","/>
          <grup.nom gen="f" num="s">
            <s.a gen="f" num="s">
              <grup.a gen="f" num="s">
                <a gen="c" lem="actual" num="s" pos="aq0cs0" postype="qualificative" wd="actual"/>
              </grup.a>
            </s.a>
            <n gen="f" lem="campeona" num="s" pos="ncfs000" postype="common" sense="16:cs1" wd="campeona"/>
            <sp>
              <prep>
                <s contracted="yes" gen="m" lem="del" num="s" pos="spcms" postype="preposition" wd="del"/>
              </prep>
              <sn coreftype="ident" entity="entity2" entityref="spec">
                <grup.nom gen="m" num="s">
                  <n gen="m" lem="torneo" num="s" pos="ncms000" postype="common" sense="16:05549454" wd="torneo"/>
                </grup.nom>
              </sn>
            </sp>
          </grup.nom>
          <f lem="," pos="fc" punct="comma" wd=","/>
        </sn>
      </grup.nom>
    </sn>
    <grup.verb>
      <v lem="intentar" lss="A21.transitive-agentive-patient" mood="indicative" num="s" person="3" pos="vmif3s0" postype="main" tense="future" wd="intentará"/>
    </grup.verb>
    <S arg="arg1" clausetype="completive" func="cd" impersonal="yes" tem="pat">
      <infinitiu>
        <v lem="aprovechar" lss="A21.transitive-agentive-patient" mood="infinitive" pos="vmn0000" postype="main" wd="aprovechar"/>
      </infinitiu>
      <sn arg="arg1" entityref="nne" func="cd" tem="pat">
        <spec arg="arg1" gen="f" num="s" tem="tem">
          <d coreftype="ident" entity="entity1" entityref="spec" gen="c" lem="su" num="s" person="3" pos="dp3cs0" postype="possessive" wd="su"/>
        </spec>
        <grup.nom gen="f" num="s">
          <s.a func="cn" gen="f" num="s">
            <grup.a gen="f" num="s">
              <a gen="f" lem="teórico" num="s" pos="aq0fs0" postype="qualificative" wd="teórica"/>
            </grup.a>
          </s.a>
          <n gen="f" lem="ventaja" lexicalid="noun.ventaja.2.default" num="s" origin="deverbal" pos="ncfs000" postype="common" sense="16:04016440" wd="ventaja"/>
        </grup.nom>
      </sn>
      <sp arg="argM" func="cc" tem="loc">
        <prep>
          <s lem="en" pos="sps00" postype="preposition" wd="en"/>
        </prep>
        <sn coreftype="ident" entity="entity3" entityref="spec">
          <spec gen="f" num="s">
            <d gen="f" lem="el" num="s" pos="da0fs0" postype="article" wd="la"/>
          </spec>
          <grup.nom gen="f" num="s">
            <n gen="f" lem="hierba" num="s" pos="ncfs000" postype="common" sense="16:08409338" wd="hierba"/>
            <S clausetype="relative">
              <f lem="," pos="fc" punct="comma" wd=","/>
              <sp arg="argM" func="cc" tem="loc">
                <prep>
                  <s lem="en" pos="sps00" postype="preposition" wd="en"/>
                </prep>
                <relatiu coreftype="ident" entity="entity3" entityref="spec">
                  <d gen="f" lem="el" num="s" pos="da0fs0" postype="article" wd="la"/>
                  <p gen="c" lem="que" num="c" pos="pr0cn000" postype="relative" wd="que"/>
                </relatiu>
              </sp>
              <sn arg="arg1" func="suj" tem="tem">
                <sn coreftype="ident" entity="entity4" entityref="spec">
                  <spec gen="m" num="p">
                    <d gen="m" lem="el" num="p" pos="da0mp0" postype="article" wd="los"/>
                  </spec>
                  <grup.nom gen="m" num="p">
                    <s.a gen="m" num="p">
                      <grup.a gen="m" num="p">
                        <a gen="m" lem="luchador" num="p" pos="aq0mp0" postype="qualificative" wd="luchadores"/>
                      </grup.a>
                    </s.a>
                    <n gen="m" lem="jugador" num="p" pos="ncmp000" postype="common" sense="16:07480903" wd="jugadores"/>
                    <s.a gen="m" num="p">
                      <grup.nom gen="m" num="p">
                        <a gen="m" lem="brasileño" num="p" pos="aq0mp0" postype="qualificative" wd="brasileños"/>
                      </grup.nom>
                    </s.a>
                  </grup.nom>
                </sn>
                <sp adjunct="yes">
                  <f lem="," pos="fc" punct="comma" wd=","/>
                  <prep>
                    <s lem="salvo" pos="sps00" postype="preposition" wd="salvo"/>
                  </prep>
                  <sn entityref="ne" ne="person">
                    <spec gen="m" num="s">
                      <d gen="m" lem="el" num="s" pos="da0ms0" postype="article" wd="el"/>
                    </spec>
                    <grup.nom gen="m" num="s">
                      <s.a gen="m" num="s">
                        <f lem="&quot;" pos="fe" punct="quotation" wd="&quot;"/>
                        <grup.a gen="m" num="s">
                          <a gen="m" lem="todoterreno" num="s" pos="aq0ms0" postype="qualificative" wd="todoterreno"/>
                        </grup.a>
                        <f lem="&quot;" pos="fe" punct="quotation" wd="&quot;"/>
                      </s.a>
                      <n lem="Gustavo_Kuerten" ne="person" pos="np0000p" postype="proper" sense="16:cs1" wd="Gustavo_Kuerten"/>
                    </grup.nom>
                  </sn>
                  <f lem="," pos="fc" punct="comma" wd=","/>
                </sp>
              </sn>
              <neg func="mod">
                <r lem="no" pos="rn" postype="negative" wd="no"/>
              </neg>
              <morfema.pronominal>
                <p gen="c" lem="él" num="c" person="3" pos="p0300000" wd="se"/>
              </morfema.pronominal>
              <grup.verb>
                <v lem="adaptar" lss="C11.state-existential" mood="indicative" num="p" person="3" pos="vmip3p0" postype="main" tense="present" wd="adaptan"/>
              </grup.verb>
              <sadv arg="argM" func="cc" tem="adv">
                <grup.adv>
                  <r lem="bien" pos="rg" wd="bien"/>
                </grup.adv>
              </sadv>
            </S>
          </grup.nom>
        </sn>
      </sp>
    </S>
    <f lem="." pos="fp" punct="period" wd="."/>
  </sentence>
  <sentence coord="yes">
    <S>
      <sn arg="arg1" entity="entity14" entityref="ne" func="suj" ne="person" tem="tem">
        <spec gen="m" num="s">
          <d gen="m" lem="el" num="s" pos="da0ms0" postype="article" wd="El"/>
        </spec>
        <grup.nom gen="m" num="s">
          <n gen="m" lem="capitán" num="s" pos="ncms000" postype="common" sense="16:cs1" wd="capitán"/>
          <s.a gen="m" num="s">
            <grup.a gen="m" num="s">
              <a gen="m" lem="australiano" num="s" pos="aq0ms0" postype="qualificative" wd="australiano"/>
            </grup.a>
          </s.a>
          <sn entityref="ne" ne="person">
            <grup.nom gen="m" num="s">
              <n lem="John_Newcombe" ne="person" pos="np0000p" postype="proper" sense="16:cs1" wd="John_Newcombe"/>
            </grup.nom>
          </sn>
        </grup.nom>
      </sn>
      <neg func="mod">
        <r lem="no" pos="rn" postype="negative" wd="no"/>
      </neg>
      <grup.verb>
        <v lem="poder" mood="indicative" num="s" person="3" pos="vmif3s0" postype="main" tense="future" wd="podrá"/>
        <infinitiu>
          <v lem="contar" lss="C11.state-existential" mood="infinitive" pos="vmn0000" postype="main" wd="contar"/>
        </infinitiu>
      </grup.verb>
      <sp arg="arg2" func="creg" tem="tem">
        <prep>
          <s lem="con" pos="sps00" postype="preposition" wd="con"/>
        </prep>
        <sn entityref="ne" ne="person">
          <grup.nom gen="m" num="s">
            <p gen="m" lem="uno" num="s" pos="pi0ms000" postype="indefinite" wd="uno"/>
            <sp>
              <prep>
                <s lem="de" pos="sps00" postype="preposition" wd="de"/>
              </prep>
              <sn entityref="nne">
                <spec gen="m" num="p">
                  <d coreftype="ident" entity="entity14" entityref="spec" gen="c" lem="su" num="p" person="3" pos="dp3cp0" postype="possessive" wd="sus"/>
                </spec>
                <grup.nom gen="m" num="p">
                  <s.a gen="m" num="p">
                    <grup.a gen="m" num="p">
                      <a gen="c" lem="mejor" num="p" pos="aq0cp0" postype="qualificative" wd="mejores"/>
                    </grup.a>
                  </s.a>
                  <n gen="m" lem="hombre" num="p" pos="ncmp000" postype="common" sense="16:07391044" wd="hombres"/>
                </grup.nom>
              </sn>
            </sp>
            <sn entityref="ne" ne="person">
              <f lem="," pos="fc" punct="comma" wd=","/>
              <grup.nom gen="m" num="s">
                <n lem="Mark_Philippoussis" ne="person" pos="np0000p" postype="proper" sense="16:cs1" wd="Mark_Philippoussis"/>
              </grup.nom>
              <f lem="," pos="fc" punct="comma" wd=","/>
            </sn>
          </grup.nom>
        </sn>
      </sp>
    </S>
    <conj conjunctiontype="coordinating">
      <c lem="pero" pos="cc" postype="coordinating" wd="pero"/>
    </conj>
    <S>
      <sn arg="arg0" coord="yes" func="suj" tem="agt">
        <sn entity="entity10" entityref="ne" ne="person">
          <grup.nom gen="m" num="s">
            <n lem="Lleyton_Hewitt" ne="person" pos="np0000p" postype="proper" sense="16:cs1" wd="Lleyton_Hewitt"/>
          </grup.nom>
        </sn>
        <conj conjunctiontype="coordinating">
          <c lem="y" pos="cc" postype="coordinating" wd="y"/>
        </conj>
        <sn entity="entity5" entityref="ne" ne="person">
          <spec gen="m" num="s">
            <d gen="m" lem="uno" num="s" pos="di0ms0" postype="indefinite" wd="un"/>
          </spec>
          <grup.nom gen="m" num="s">
            <s.a gen="m" num="s">
              <grup.a gen="m" num="s">
                <a gen="m" lem="pletórico" num="s" pos="aq0ms0" postype="qualificative" wd="pletórico"/>
              </grup.a>
            </s.a>
            <n lem="Patrick_Rafter" ne="person" pos="np0000p" postype="proper" sense="16:cs1" wd="Patrick_Rafter"/>
            <S clausetype="relative">
              <f lem="," pos="fc" punct="comma" wd=","/>
              <relatiu arg="arg1" corefsubtype="definit" coreftype="pred" entity="entity5" entityref="spec" func="suj" tem="tem">
                <p gen="c" lem="que" num="c" pos="pr0cn000" postype="relative" wd="que"/>
              </relatiu>
              <grup.verb>
                <v lem="venir" lss="B11.unaccusative-motion" mood="indicative" num="s" person="3" pos="vmip3s0" postype="main" tense="present" wd="viene"/>
              </grup.verb>
              <sp arg="arg3" func="cc" tem="ori">
                <prep>
                  <s lem="de" pos="sps00" postype="preposition" wd="de"/>
                </prep>
                <S clausetype="completive" coord="yes" impersonal="yes">
                  <S clausetype="completive" impersonal="yes">
                    <infinitiu>
                      <v lem="ganar" lss="A21.transitive-agentive-patient" mood="infinitive" pos="vmn0000" postype="main" wd="ganar"/>
                    </infinitiu>
                    <sp arg="argM" func="cc" tem="loc">
                      <prep>
                        <s lem="en" pos="sps00" postype="preposition" wd="en"/>
                      </prep>
                      <sn entityref="ne" ne="other">
                        <grup.nom>
                          <n lem="Den_Bosch" ne="other" pos="np0000a" postype="proper" sense="16:cs1" wd="Den_Bosch"/>
                        </grup.nom>
                      </sn>
                    </sp>
                  </S>
                  <conj conjunctiontype="coordinating">
                    <c lem="y" pos="cc" postype="coordinating" wd="y"/>
                  </conj>
                  <S clausetype="completive" impersonal="yes">
                    <infinitiu>
                      <v lem="ser" lss="C21.state-attributive" mood="infinitive" pos="vsn0000" postype="semiauxiliary" wd="ser"/>
                    </infinitiu>
                    <sa arg="arg2" func="atr" tem="atr">
                      <grup.a>
                        <a gen="c" lem="finalista" num="s" pos="aq0cs0" postype="qualificative" wd="finalista"/>
                      </grup.a>
                    </sa>
                    <sp arg="argM" func="cc" tem="loc">
                      <prep>
                        <s lem="en" pos="sps00" postype="preposition" wd="en"/>
                      </prep>
                      <sn entity="entity12" entityref="ne" ne="other">
                        <grup.nom>
                          <n lem="Wimbledon" ne="other" pos="np0000a" postype="proper" sense="16:cs1" wd="Wimbledon"/>
                        </grup.nom>
                      </sn>
                    </sp>
                  </S>
                </S>
              </sp>
              <f lem="," pos="fc" punct="comma" wd=","/>
            </S>
          </grup.nom>
        </sn>
      </sn>
      <grup.verb>
        <v lem="asegurar" lss="A21.transitive-agentive-patient" mood="indicative" num="p" person="3" pos="vmip3p0" postype="main" tense="present" wd="aseguran"/>
      </grup.verb>
      <sn arg="arg1" entityref="nne" func="cd" tem="pat">
        <spec gen="m" num="s">
          <d gen="m" lem="uno" num="s" pos="di0ms0" postype="indefinite" wd="un"/>
        </spec>
        <grup.nom gen="m" num="s">
          <s.a gen="m" num="s">
            <grup.a gen="m" num="s">
              <a gen="c" lem="gran" num="s" pos="aq0cs0" postype="qualificative" wd="gran"/>
            </grup.a>
          </s.a>
          <n gen="m" lem="rendimiento" num="s" pos="ncms000" postype="common" sense="16:cs1" wd="rendimiento"/>
        </grup.nom>
      </sn>
      <sp arg="argM" func="cc" tem="fin">
        <prep>
          <s lem="para" pos="sps00" postype="preposition" wd="para"/>
        </prep>
        <sn coreftype="ident" entity="entity1" entityref="spec">
          <spec gen="m" num="s">
            <d gen="m" lem="el" num="s" pos="da0ms0" postype="article" wd="el"/>
          </spec>
          <grup.nom gen="m" num="s">
            <n gen="m" lem="equipo" num="s" origin="deverbal" pos="ncms000" postype="common" sense="16:06093198" wd="equipo"/>
            <s.a gen="m" num="s">
              <grup.a gen="m" num="s">
                <a gen="m" lem="australiano" num="s" pos="aq0ms0" postype="qualificative" wd="australiano"/>
              </grup.a>
            </s.a>
          </grup.nom>
        </sn>
      </sp>
    </S>
    <f lem="." pos="fp" punct="period" wd="."/>
  </sentence>
  <sentence>
    <sp func="ao">
      <prep>
        <s lem="por" pos="sps00" postype="preposition" wd="Por"/>
      </prep>
      <sn entityref="lex">
        <spec gen="f" num="s">
          <d entityref="lex" gen="c" lem="su" num="s" person="3" pos="dp3cs0" postype="possessive" wd="su"/>
        </spec>
        <grup.nom gen="f" num="s">
          <n gen="f" lem="parte" num="s" pos="ncfs000" postype="common" sense="16:cs1" wd="parte"/>
        </grup.nom>
      </sn>
      <f lem="," pos="fc" punct="comma" wd=","/>
    </sp>
    <sn arg="arg0" entity="entity6" entityref="ne" func="suj" ne="person" tem="agt">
      <spec gen="m" num="s">
        <d gen="m" lem="el" num="s" pos="da0ms0" postype="article" wd="el"/>
      </spec>
      <grup.nom gen="m" num="s">
        <n gen="m" lem="capitán" num="s" pos="ncms000" postype="common" sense="16:cs1" wd="capitán"/>
        <s.a gen="m" num="s">
          <grup.a gen="m" num="s">
            <a gen="m" lem="brasileño" num="s" pos="aq0ms0" postype="qualificative" wd="brasileño"/>
          </grup.a>
        </s.a>
        <sn corefsubtype="definit" coreftype="pred" entity="entity6" entityref="ne" ne="person">
          <f lem="," pos="fc" punct="comma" wd=","/>
          <grup.nom gen="m" num="s">
            <n lem="Ricardo_Acioly" ne="person" pos="np0000p" postype="proper" sense="16:cs1" wd="Ricardo_Acioly"/>
          </grup.nom>
          <f lem="," pos="fc" punct="comma" wd=","/>
        </sn>
      </grup.nom>
    </sn>
    <grup.verb>
      <v lem="haber" mood="indicative" num="s" person="3" pos="vaip3s0" postype="auxiliary" tense="present" wd="ha"/>
      <v gen="m" lem="volver" mood="participle" num="s" pos="vmp00sm" postype="main" wd="vuelto"/>
      <s lem="a" pos="sps00" postype="preposition" wd="a"/>
      <infinitiu>
        <v lem="confiar" lss="A22.transitive-agentive-theme" mood="infinitive" pos="vmn0000" postype="main" wd="confiar"/>
      </infinitiu>
    </grup.verb>
    <sp arg="arg1" func="creg" tem="tem">
      <prep>
        <s lem="en" pos="sps00" postype="preposition" wd="en"/>
      </prep>
      <sn complex="yes">
        <grup.nom coord="yes">
          <grup.nom entity="entity8" gen="m" num="s">
            <n lem="Kuerten" ne="person" pos="np0000p" postype="proper" sense="16:cs1" wd="Kuerten"/>
          </grup.nom>
          <conj conjunctiontype="coordinating">
            <c lem="y" pos="cc" postype="coordinating" wd="y"/>
          </conj>
          <grup.nom entity="entity11" gen="m" num="s">
            <n lem="Fernando_Meligeni" ne="person" pos="np0000p" postype="proper" sense="16:cs1" wd="Fernando_Meligeni"/>
          </grup.nom>
        </grup.nom>
      </sn>
    </sp>
    <sp arg="argM" func="cc" tem="fin">
      <prep>
        <s lem="para" pos="sps00" postype="preposition" wd="para"/>
      </prep>
      <S clausetype="completive" impersonal="yes">
        <infinitiu>
          <v lem="enfrentar" lss="A22.transitive-agentive-theme" mood="infinitive" pos="vmn0000" postype="main" wd="enfrentarse"/>
        </infinitiu>
        <sp arg="arg1" func="creg" tem="tem">
          <prep>
            <s contracted="yes" gen="m" lem="al" num="s" pos="spcms" postype="preposition" wd="al"/>
          </prep>
          <sn coreftype="ident" entity="entity1" entityref="spec">
            <grup.nom gen="m" num="s">
              <n gen="m" lem="equipo" num="s" origin="deverbal" pos="ncms000" postype="common" sense="16:06093198" wd="equipo"/>
              <s.a gen="m" num="s">
                <grup.a gen="m" num="s">
                  <f lem="&quot;" pos="fe" punct="quotation" wd="&quot;"/>
                  <n gen="c" lem="aussie" num="c" pos="nc00000" postype="common" sense="16:cs1" wd="aussie"/>
                  <f lem="&quot;" pos="fe" punct="quotation" wd="&quot;"/>
                </grup.a>
              </s.a>
            </grup.nom>
          </sn>
        </sp>
      </S>
    </sp>
    <f lem="." pos="fp" punct="period" wd="."/>
  </sentence>
  <sentence>
    <sn arg="arg1" entity="entity7" entityref="nne" func="suj" homophoricDD="yes" tem="tem">
      <spec gen="m" num="s">
        <d gen="m" lem="el" num="s" pos="da0ms0" postype="article" wd="El"/>
      </spec>
      <grup.nom gen="m" num="s">
        <n gen="c" lem="doble" num="s" pos="nccs000" postype="common" sense="16:cs1" wd="doble"/>
        <S clausetype="relative">
          <relatiu arg="arg0" coreftype="ident" entity="entity7" entityref="nne" func="suj" tem="agt">
            <p gen="c" lem="que" num="c" pos="pr0cn000" postype="relative" wd="que"/>
          </relatiu>
          <morfema.pronominal>
            <p gen="c" lem="él" num="c" person="3" pos="p0300000" wd="se"/>
          </morfema.pronominal>
          <grup.verb>
            <v lem="enfrentar" lss="A22.transitive-agentive-theme" mood="indicative" num="s" person="3" pos="vmif3s0" postype="main" tense="future" wd="enfrentará"/>
          </grup.verb>
          <sp arg="arg1" func="creg" tem="tem">
            <prep>
              <s lem="a" pos="sps00" postype="preposition" wd="a"/>
            </prep>
            <sn entityref="ne" ne="person">
              <spec gen="f" num="s">
                <d gen="f" lem="el" num="s" pos="da0fs0" postype="article" wd="la"/>
              </spec>
              <grup.nom gen="f" num="s">
                <n gen="f" lem="pareja" num="s" pos="ncfs000" postype="common" sense="16:05980665" wd="pareja"/>
                <sn entityref="ne" ne="person">
                  <grup.nom>
                    <n lem="Sandon_Stolle-Mark_Woodforde" ne="person" pos="np0000p" postype="proper" sense="16:cs1" wd="Sandon_Stolle-Mark_Woodforde"/>
                  </grup.nom>
                </sn>
              </grup.nom>
            </sn>
          </sp>
        </S>
      </grup.nom>
    </sn>
    <grup.verb>
      <v lem="ser" lss="C21.state-attributive" mood="indicative" num="s" person="3" pos="vsif3s0" postype="semiauxiliary" tense="future" wd="será"/>
    </grup.verb>
    <sn arg="arg2" corefsubtype="definit" coreftype="pred" entity="entity7" entityref="nne" func="atr" tem="atr">
      <spec gen="m" num="s">
        <d gen="m" lem="el" num="s" pos="da0ms0" postype="article" wd="el"/>
      </spec>
      <grup.nom gen="m" num="s">
        <S clausetype="participle" impersonal="yes">
          <participi>
            <a gen="m" lem="formado" lss="B22.unaccusative-passive-transitive" num="s" pos="aq0msp" posfunction="participle" postype="qualificative" wd="formado"/>
          </participi>
          <sp arg="arg0" func="cag" tem="agt">
            <prep>
              <s lem="por" pos="sps00" postype="preposition" wd="por"/>
            </prep>
            <sn complex="yes">
              <grup.nom coord="yes">
                <grup.nom coreftype="ident" entity="entity8" gen="m" num="s">
                  <f lem="&quot;" pos="fe" punct="quotation" wd="&quot;"/>
                  <n lem="Guga" ne="person" pos="np0000p" postype="proper" sense="16:cs1" wd="Guga"/>
                  <f lem="&quot;" pos="fe" punct="quotation" wd="&quot;"/>
                </grup.nom>
                <conj conjunctiontype="coordinating">
                  <c lem="y" pos="cc" postype="coordinating" wd="y"/>
                </conj>
                <grup.nom gen="m" num="s">
                  <n lem="Jaime_Oncins" ne="person" pos="np0000p" postype="proper" sense="16:cs1" wd="Jaime_Oncins"/>
                </grup.nom>
              </grup.nom>
            </sn>
          </sp>
        </S>
      </grup.nom>
    </sn>
    <f lem="." pos="fp" punct="period" wd="."/>
  </sentence>
  <sentence coord="yes">
    <S>
      <sn arg="arg0" entityref="nne" func="suj" homophoricDD="yes" tem="agt">
        <spec gen="m" num="s">
          <d gen="m" lem="el" num="s" pos="da0ms0" postype="article" wd="El"/>
        </spec>
        <grup.nom gen="m" num="s">
          <n gen="m" lem="sorteo" lexicalid="noun.sorteo.1.default" num="s" origin="deverbal" pos="ncms000" postype="common" sense="16:00133654" wd="sorteo"/>
        </grup.nom>
      </sn>
      <grup.verb>
        <v lem="haber" mood="indicative" num="s" person="3" pos="vaip3s0" postype="auxiliary" tense="present" wd="ha"/>
        <v gen="m" lem="deparar" lss="A21.transitive-agentive-patient" mood="participle" num="s" pos="vmp00sm" postype="main" wd="deparado"/>
      </grup.verb>
      <S arg="arg1" clausetype="completive" func="cd" tem="pat">
        <conj conjunctiontype="subordinating">
          <c lem="que" pos="cs" postype="subordinating" wd="que"/>
        </conj>
        <sn arg="arg0" entity="entity9" entityref="spec" func="suj" homophoricDD="yes" tem="agt">
          <spec gen="m" num="p">
            <d gen="m" lem="el" num="p" pos="da0mp0" postype="article" wd="los"/>
          </spec>
          <grup.nom gen="m" num="p">
            <n gen="m" lem="número" num="p" pos="ncmp000" postype="common" sense="16:09765658" wd="números"/>
            <s.a gen="m" num="s">
              <grup.a gen="m" num="s">
                <p gen="m" lem="uno" num="s" pos="pi0ms000" postype="indefinite" wd="uno"/>
              </grup.a>
            </s.a>
            <sp>
              <prep>
                <s lem="de" pos="sps00" postype="preposition" wd="de"/>
              </prep>
              <sn coreftype="ident" entity="entity1+entity4" entityref="spec">
                <spec gen="m" num="s">
                  <d gen="c" lem="cada" num="s" pos="di0cs0" postype="indefinite" wd="cada"/>
                </spec>
                <grup.nom gen="m" num="s">
                  <n gen="m" lem="equipo" num="s" origin="deverbal" pos="ncms000" postype="common" sense="16:06093198" wd="equipo"/>
                </grup.nom>
              </sn>
            </sp>
            <sn complex="yes" corefsubtype="definit" coreftype="pred" entity="entity9">
              <f lem="," pos="fc" punct="comma" wd=","/>
              <grup.nom coord="yes">
                <grup.nom coreftype="ident" entity="entity5" gen="m" num="s">
                  <n lem="Rafter" ne="person" pos="np0000p" postype="proper" sense="16:cs1" wd="Rafter"/>
                </grup.nom>
                <conj conjunctiontype="coordinating">
                  <c lem="y" pos="cc" postype="coordinating" wd="y"/>
                </conj>
                <grup.nom coreftype="ident" entity="entity8" gen="m" num="s">
                  <n lem="Kuerten" ne="person" pos="np0000p" postype="proper" sense="16:cs1" wd="Kuerten"/>
                </grup.nom>
              </grup.nom>
              <f lem="," pos="fc" punct="comma" wd=","/>
            </sn>
          </grup.nom>
        </sn>
        <grup.verb>
          <v lem="abrir" lss="D11.inergative-agentive" mood="imperative" num="p" person="3" pos="vmm03p0" postype="main" wd="abran"/>
        </grup.verb>
        <sn arg="argL" entityref="lex" func="cd">
          <spec gen="m" num="s">
            <d gen="m" lem="el" num="s" pos="da0ms0" postype="article" wd="el"/>
          </spec>
          <grup.nom gen="m" num="s">
            <n gen="m" lem="fuego" num="s" pos="ncms000" postype="common" sense="16:00635718" wd="fuego"/>
          </grup.nom>
        </sn>
        <sp arg="argM" func="cc" tem="tmp">
          <prep>
            <s lem="en" pos="sps00" postype="preposition" wd="en"/>
          </prep>
          <sn entityref="nne" homophoricDD="yes">
            <spec gen="f" num="s">
              <d gen="f" lem="el" num="s" pos="da0fs0" postype="article" wd="la"/>
            </spec>
            <grup.nom gen="f" num="s">
              <s.a gen="f" num="s">
                <grup.a gen="f" num="s">
                  <a gen="f" lem="primero" num="s" pos="ao0fs0" postype="ordinal" wd="primera"/>
                </grup.a>
              </s.a>
              <n gen="f" lem="jornada" num="s" pos="ncfs000" postype="common" sense="16:cs1" wd="jornada"/>
            </grup.nom>
          </sn>
        </sp>
      </S>
      <f lem="," pos="fc" punct="comma" wd=","/>
    </S>
    <conj conjunctiontype="coordinating">
      <c lem="mientras_que" pos="cc" postype="coordinating" wd="mientras_que"/>
    </conj>
    <S>
      <sn arg="arg0" coreftype="ident" entity="entity10" entityref="ne" func="suj" ne="person" tem="agt">
        <grup.nom gen="m" num="s">
          <n lem="Hewitt" ne="person" pos="np0000p" postype="proper" sense="16:cs1" wd="Hewitt"/>
        </grup.nom>
      </sn>
      <morfema.pronominal>
        <p gen="c" lem="él" num="c" person="3" pos="p0300000" wd="se"/>
      </morfema.pronominal>
      <grup.verb>
        <v lem="medir" lss="B23.unaccusative-theme-cotheme" mood="indicative" num="s" person="3" pos="vmif3s0" postype="main" tense="future" wd="medirá"/>
      </grup.verb>
      <sp arg="arg1" func="creg" tem="cot">
        <prep>
          <s lem="a" pos="sps00" postype="preposition" wd="a"/>
        </prep>
        <sn coreftype="ident" entity="entity11" entityref="ne" ne="person">
          <grup.nom gen="m" num="s">
            <n lem="Meligeni" ne="person" pos="np0000p" postype="proper" sense="16:cs1" wd="Meligeni"/>
          </grup.nom>
        </sn>
      </sp>
    </S>
    <f lem="." pos="fp" punct="period" wd="."/>
  </sentence>
  <sentence coord="yes">
    <S>
      <sn arg="arg0" entityref="nne" func="suj" homophoricDD="yes" tem="agt">
        <spec gen="f" num="s">
          <d gen="f" lem="el" num="s" pos="da0fs0" postype="article" wd="La"/>
          <d gen="f" lem="otro" num="s" pos="di0fs0" postype="indefinite" wd="otra"/>
        </spec>
        <grup.nom gen="f" num="s">
          <n gen="f" lem="semifinal" num="s" pos="ncfs000" postype="common" sense="16:05550595" wd="semifinal"/>
        </grup.nom>
      </sn>
      <grup.verb>
        <v lem="enfrentar" lss="A34.ditransitive-patient-theme" mood="indicative" num="s" person="3" pos="vmif3s0" postype="main" tense="future" wd="enfrentará"/>
      </grup.verb>
      <sp arg="arg1" func="cd" tem="pat">
        <prep>
          <s lem="a" pos="sps00" postype="preposition" wd="a"/>
        </prep>
        <sn entityref="ne" ne="organization">
          <grup.nom>
            <n lem="España" ne="organization" pos="np0000o" postype="proper" sense="16:06581760" wd="España"/>
          </grup.nom>
        </sn>
      </sp>
      <sp arg="arg2" func="creg" tem="tem">
        <prep>
          <s lem="con" pos="sps00" postype="preposition" wd="con"/>
        </prep>
        <sn entityref="ne" ne="organization">
          <grup.nom>
            <n lem="Estados_Unidos" ne="organization" pos="np0000o" postype="proper" wd="Estados_Unidos"/>
          </grup.nom>
        </sn>
      </sp>
      <sp arg="argM" func="cc" tem="loc">
        <prep>
          <s lem="en" pos="sps00" postype="preposition" wd="en"/>
        </prep>
        <sn entityref="ne" ne="location">
          <grup.nom>
            <n lem="Santander" ne="location" pos="np0000l" postype="proper" wd="Santander"/>
          </grup.nom>
        </sn>
      </sp>
      <sp arg="argM" func="cc" tem="loc">
        <prep>
          <s lem="sobre" pos="sps00" postype="preposition" wd="sobre"/>
        </prep>
        <sn entityref="nne">
          <grup.nom gen="f" num="s">
            <n gen="f" lem="tierra" num="s" pos="ncfs000" postype="common" sense="16:10647622" wd="tierra"/>
            <S clausetype="participle" impersonal="yes">
              <participi>
                <a gen="f" lem="batido" num="s" pos="aq0fsp" posfunction="participle" postype="qualificative" wd="batida"/>
              </participi>
            </S>
          </grup.nom>
        </sn>
      </sp>
      <sp arg="argM" func="cc" tem="tmp">
        <prep>
          <s contracted="yes" gen="m" lem="del" num="s" pos="spcms" postype="preposition" wd="del"/>
        </prep>
        <sn entityref="ne" ne="number">
          <grup.nom gen="m" num="s">
            <z lem="21" ne="number" wd="21"/>
            <sp>
              <prep>
                <s contracted="yes" gen="m" lem="al" num="s" pos="spcms" postype="preposition" wd="al"/>
              </prep>
              <sn entityref="ne" ne="date">
                <grup.nom gen="m" num="s">
                  <w lem="[??:23/7/??:??.??]" ne="date" wd="23_de_julio"/>
                </grup.nom>
              </sn>
            </sp>
          </grup.nom>
        </sn>
      </sp>
      <f lem="," pos="fc" punct="comma" wd=","/>
    </S>
    <conj conjunctiontype="coordinating">
      <c lem="pero" pos="cc" postype="coordinating" wd="pero"/>
    </conj>
    <S>
      <sn arg="argM" entityref="nne" func="cc" tem="tmp">
        <spec gen="m" num="s">
          <d gen="m" lem="este" num="s" pos="dd0ms0" postype="demonstrative" wd="este"/>
        </spec>
        <grup.nom gen="m" num="s">
          <n gen="m" lem="fin" num="s" pos="ncms000" postype="common" sense="16:cs1" wd="fin"/>
          <sp>
            <prep>
              <s lem="de" pos="sps00" postype="preposition" wd="de"/>
            </prep>
            <sn>
              <grup.nom gen="f" num="s">
                <n gen="f" lem="semana" num="s" pos="ncfs000" postype="common" sense="16:cs1" wd="semana"/>
              </grup.nom>
            </sn>
          </sp>
        </grup.nom>
      </sn>
      <sadv func="mod">
        <grup.adv>
          <r lem="también" pos="rg" wd="también"/>
        </grup.adv>
      </sadv>
      <morfema.verbal func="pass">
        <p gen="c" lem="se" num="c" pos="p0000000" wd="se"/>
      </morfema.verbal>
      <grup.verb>
        <v lem="disputar" lss="A21.transitive-agentive-patient" mood="indicative" num="p" person="3" pos="vmif3p0" postype="main" tense="future" wd="disputarán"/>
      </grup.verb>
      <sn arg="arg1" entityref="nne" func="suj" tem="pat">
        <spec gen="f" num="p">
          <d gen="c" lem="tres" num="p" pos="dn0cp0" postype="numeral" wd="tres"/>
        </spec>
        <grup.nom gen="f" num="p">
          <n gen="f" lem="eliminatoria" num="p" pos="ncfp000" postype="common" sense="16:cs1" wd="eliminatorias"/>
          <sp>
            <prep>
              <s lem="para" pos="sps00" postype="preposition" wd="para"/>
            </prep>
            <sn entityref="nne" homophoricDD="yes">
              <spec gen="f" num="s">
                <d gen="f" lem="el" num="s" pos="da0fs0" postype="article" wd="la"/>
              </spec>
              <grup.nom gen="f" num="s">
                <n gen="f" lem="permanencia" lexicalid="noun.permanencia.1.default" num="s" origin="deverbal" pos="ncfs000" postype="common" sense="16:00682063" wd="permanencia"/>
                <sp arg="arg2" func="cn" tem="loc">
                  <prep>
                    <s lem="en" pos="sps00" postype="preposition" wd="en"/>
                  </prep>
                  <sn entity="entity13" entityref="ne" ne="organization">
                    <spec gen="m" num="s">
                      <d gen="m" lem="el" num="s" pos="da0ms0" postype="article" wd="el"/>
                    </spec>
                    <grup.nom gen="m" num="s">
                      <n lem="Grupo_Mundial" ne="organization" pos="np0000o" postype="proper" sense="16:cs1" wd="Grupo_Mundial"/>
                    </grup.nom>
                  </sn>
                </sp>
              </grup.nom>
            </sn>
          </sp>
        </grup.nom>
      </sn>
    </S>
    <f lem="." pos="fp" punct="period" wd="."/>
  </sentence>
  <sentence>
    <sp arg="argM" func="cc" tem="loc">
      <prep>
        <s lem="en" pos="sps00" postype="preposition" wd="En"/>
      </prep>
      <sn entityref="ne" ne="location">
        <spec gen="f" num="s">
          <d gen="f" lem="el" num="s" pos="da0fs0" postype="article" wd="la"/>
        </spec>
        <grup.nom gen="f" num="s">
          <n gen="f" lem="hierba" num="s" pos="ncfs000" postype="common" sense="16:08409338" wd="hierba"/>
          <sp>
            <prep>
              <s lem="de" pos="sps00" postype="preposition" wd="de"/>
            </prep>
            <sn coreftype="ident" entity="entity12" entityref="ne" ne="other">
              <grup.nom>
                <n lem="Wimbledon" ne="other" pos="np0000a" postype="proper" sense="16:cs1" wd="Wimbledon"/>
              </grup.nom>
            </sn>
          </sp>
        </grup.nom>
      </sn>
    </sp>
    <sn arg="arg0" entityref="ne" func="suj" ne="organization" tem="agt">
      <f lem="," pos="fc" punct="comma" wd=","/>
      <grup.nom>
        <n lem="Gran_Bretaña" ne="location" pos="np0000l" postype="proper" wd="Gran_Bretaña"/>
        <sp>
          <f lem="," pos="fc" punct="comma" wd=","/>
          <prep>
            <s lem="con" pos="sps00" postype="preposition" wd="con"/>
          </prep>
          <sn coord="yes">
            <sn entityref="ne" ne="person">
              <grup.nom gen="m" num="s">
                <n lem="Tim_Henman" ne="person" pos="np0000p" postype="proper" sense="16:cs1" wd="Tim_Henman"/>
              </grup.nom>
            </sn>
            <f lem="," pos="fc" punct="comma" wd=","/>
            <sn entityref="ne" ne="person">
              <grup.nom gen="m" num="s">
                <n lem="Greg_Rusedski" ne="person" pos="np0000p" postype="proper" sense="16:cs1" wd="Greg_Rusedski"/>
              </grup.nom>
            </sn>
            <conj conjunctiontype="coordinating">
              <c lem="y" pos="cc" postype="coordinating" wd="y"/>
            </conj>
            <sn entityref="nne" homophoricDD="yes">
              <spec gen="m" num="p">
                <d gen="m" lem="el" num="p" pos="da0mp0" postype="article" wd="los"/>
              </spec>
              <grup.nom gen="m" num="p">
                <n gen="c" lem="joven" num="p" pos="nccp000" postype="common" sense="16:07692038" wd="jóvenes"/>
                <sn complex="yes">
                  <grup.nom coord="yes">
                    <grup.nom gen="m" num="s">
                      <n lem="Arvind_Parmar" ne="person" pos="np0000p" postype="proper" sense="16:cs1" wd="Arvind_Parmar"/>
                    </grup.nom>
                    <conj conjunctiontype="coordinating">
                      <c lem="y" pos="cc" postype="coordinating" wd="y"/>
                    </conj>
                    <grup.nom gen="m" num="s">
                      <n lem="Barry_Cowan" ne="person" pos="np0000p" postype="proper" sense="16:cs1" wd="Barry_Cowan"/>
                    </grup.nom>
                  </grup.nom>
                </sn>
              </grup.nom>
            </sn>
          </sn>
        </sp>
      </grup.nom>
      <f lem="," pos="fc" punct="comma" wd=","/>
    </sn>
    <grup.verb>
      <v lem="buscar" lss="A21.transitive-agentive-patient" mood="indicative" num="s" person="3" pos="vmif3s0" postype="main" tense="future" wd="buscará"/>
    </grup.verb>
    <S arg="arg1" clausetype="completive" func="cd" impersonal="yes" tem="pat">
      <infinitiu>
        <v lem="seguir" lss="C21.state-attributive" mood="infinitive" pos="vmn0000" postype="main" wd="seguir"/>
      </infinitiu>
      <sn arg="argM" entityref="nne" func="cc" tem="tmp">
        <spec gen="f" num="s">
          <d gen="f" lem="uno" num="s" pos="di0fs0" postype="indefinite" wd="una"/>
        </spec>
        <grup.nom gen="f" num="s">
          <n gen="f" lem="temporada" num="s" pos="ncfs000" postype="common" sense="16:10947841" wd="temporada"/>
          <sadv>
            <grup.adv>
              <r lem="más" pos="rg" wd="más"/>
            </grup.adv>
          </sadv>
        </grup.nom>
      </sn>
      <sp arg="argM" func="cc" tem="loc">
        <prep>
          <s lem="en" pos="sps00" postype="preposition" wd="en"/>
        </prep>
        <sn coreftype="ident" entity="entity13" entityref="spec" homophoricDD="yes">
          <spec gen="f" num="s">
            <d gen="f" lem="el" num="s" pos="da0fs0" postype="article" wd="la"/>
          </spec>
          <grup.nom gen="f" num="s">
            <n gen="f" lem="elite" num="s" pos="ncfs000" postype="common" sense="16:06205356" wd="elite"/>
            <sp>
              <prep>
                <s contracted="yes" gen="m" lem="del" num="s" pos="spcms" postype="preposition" wd="del"/>
              </prep>
              <sn entityref="nne" homophoricDD="yes">
                <grup.nom gen="m" num="s">
                  <n gen="m" lem="tenis" num="c" pos="ncmn000" postype="common" sense="16:00307617" wd="tenis"/>
                  <s.a gen="m" num="s">
                    <grup.a gen="m" num="s">
                      <a gen="c" lem="mundial" num="s" pos="aq0cs0" postype="qualificative" wd="mundial"/>
                    </grup.a>
                  </s.a>
                </grup.nom>
              </sn>
            </sp>
            <sadv>
              <grup.adv>
                <r lem="frente" pos="rg" wd="frente"/>
                <sp>
                  <prep>
                    <s lem="a" pos="sps00" postype="preposition" wd="a"/>
                  </prep>
                  <sn entityref="ne" ne="organization">
                    <grup.nom>
                      <n lem="Ecuador" ne="organization" pos="np0000o" postype="proper" sense="16:06447085" wd="Ecuador"/>
                    </grup.nom>
                  </sn>
                </sp>
              </grup.adv>
            </sadv>
            <S clausetype="participle" impersonal="yes">
              <f lem="," pos="fc" punct="comma" wd=","/>
              <participi>
                <a gen="f" lem="encabezado" lss="B22.unaccusative-passive-transitive" num="s" pos="aq0fsp" posfunction="participle" postype="qualificative" wd="encabezada"/>
              </participi>
              <sp arg="arg0" func="cag" tem="agt">
                <prep>
                  <s lem="por" pos="sps00" postype="preposition" wd="por"/>
                </prep>
                <sn entityref="ne" ne="person">
                  <grup.nom gen="m" num="s">
                    <n lem="Nicolás_Lapentti" ne="person" pos="np0000p" postype="proper" sense="16:cs1" wd="Nicolás_Lapentti"/>
                  </grup.nom>
                </sn>
              </sp>
            </S>
          </grup.nom>
        </sn>
      </sp>
    </S>
    <f lem="." pos="fp" punct="period" wd="."/>
  </sentence>
  <sentence coord="yes">
    <S coord="yes">
      <S>
        <sn arg="arg0" entityref="nne" func="suj" homophoricDD="yes" tem="agt">
          <spec gen="f" num="p">
            <d gen="f" lem="el" num="p" pos="da0fp0" postype="article" wd="Las"/>
            <d gen="f" lem="otro" num="p" pos="di0fp0" postype="indefinite" wd="otras"/>
            <d gen="c" lem="dos" num="p" pos="dn0cp0" postype="numeral" wd="dos"/>
          </spec>
          <grup.nom gen="f" num="p">
            <n gen="f" lem="eliminatoria" num="p" pos="ncfp000" postype="common" sense="16:cs1" wd="eliminatorias"/>
          </grup.nom>
        </sn>
        <grup.verb>
          <v lem="enfrentar" lss="A34.ditransitive-patient-theme" mood="indicative" num="p" person="3" pos="vmif3p0" postype="main" tense="future" wd="enfrentarán"/>
        </grup.verb>
        <sp arg="arg1" func="cd" tem="pat">
          <prep>
            <s lem="a" pos="sps00" postype="preposition" wd="a"/>
          </prep>
          <sn entityref="ne" ne="organization">
            <grup.nom>
              <n lem="Zimbabue" ne="organization" pos="np0000o" postype="proper" sense="16:cs1" wd="Zimbabue"/>
            </grup.nom>
          </sn>
        </sp>
        <sp arg="arg2" func="creg" tem="tem">
          <prep>
            <s lem="con" pos="sps00" postype="preposition" wd="con"/>
          </prep>
          <sn entityref="ne" ne="organization">
            <grup.nom>
              <n lem="Rumanía" ne="organization" pos="np0000o" postype="proper" sense="16:06468082" wd="Rumanía"/>
            </grup.nom>
          </sn>
        </sp>
      </S>
      <conj conjunctiontype="coordinating">
        <c lem="y" pos="cc" postype="coordinating" wd="y"/>
      </conj>
      <S verbless="yes">
        <sp>
          <prep>
            <s lem="a" pos="sps00" postype="preposition" wd="a"/>
          </prep>
          <sn entityref="ne" ne="organization">
            <grup.nom>
              <n lem="Uzbekistán" ne="organization" pos="np0000o" postype="proper" sense="16:06580849" wd="Uzbekistán"/>
            </grup.nom>
          </sn>
        </sp>
        <sp>
          <prep>
            <s lem="con" pos="sps00" postype="preposition" wd="con"/>
          </prep>
          <sn entityref="ne" ne="organization">
            <grup.nom>
              <n lem="Holanda" ne="organization" pos="np0000o" postype="proper" sense="16:06536741" wd="Holanda"/>
            </grup.nom>
          </sn>
        </sp>
      </S>
    </S>
    <sp adjunct="yes" arg="argM" func="cc" tem="loc">
      <prep>
        <s lem="en" pos="sps00" postype="preposition" wd="en"/>
      </prep>
      <sn entityref="ne" ne="location">
        <grup.nom>
          <n lem="Taskent" ne="location" pos="np0000l" postype="proper" sense="16:cs1" wd="Taskent"/>
        </grup.nom>
      </sn>
    </sp>
    <f lem="." pos="fp" punct="period" wd="."/>
  </sentence>
</article>
