<?xml version="1.0" encoding="UTF-8"?>
<!-- 

  ancora-2.0
       
			Copyright (C) 2007, 2008, 2009, 2010, 2011 UB - CLiC
			Centre de Llenguatge i Computació - Universitat de Barcelona
 
  This file is part of ancora-2.0.
 
  ancora-2.0 is free software and data: you can redistribute it and/or modify
  it under the terms of the GNU General Public License as published
  by the Free Software Foundation, either version 3 of the License,
  or (at your option) any later version.

  ancora-2.0 is distributed in the hope that it will be useful,
  but WITHOUT ANY WARRANTY; without even the implied warranty of
  MERCHANTABILITY or FITNESS FOR A PARTICULAR PURPOSE.  See the
  GNU General Public License for more details.
 
  You should have received a copy of the GNU General Public License
  along with ancora-2.0.  If not, see &lt;http://www.gnu.org/licenses/&gt;.
 
  Check a text in catalan explaining the terms of the license at http://www.softcatala.cat/wiki/GPL3.
  In spanish at http://www.viti.es/gnu/licenses/gpl.html
 

  The following paper must be cited when using this corpus:

 * Taulé, M., M.A. Martí, M. Recasens (2008) 'Ancora: Multilevel Annotated Corpora for Catalan and Spanish',
   Proceedings of 6th International Conference on Language Resources and Evaluation. Marrakesh (Morocco).

  In addition, the following paper must be cited if coreference information (attributes entity, coreftype,
  corefsubtype, homophoricDD or entityref) is used:

 * Recasens, Marta, M. Antònia Martí (2010) ‘AnCora-CO: Coreferentially annotated corpora for Spanish and
   Catalan’. Language Resources and Evaluation, Springer Science.

  Additionally, the following paper must be cited when argumental attributes in "sn" or "grup.nom"
  (attributes func, arg, tem or lexicalid) are used:

 * Peris, Aina, Mariona Taulé, Horacio Rodríguez (2010) ‘Semantic Annotation of Deverbal Nominalizations in the
   Spanish AnCora corpus’. Treebanks and Linguistic Theories (TLT-2010), Estonia.
-->
<article lng="es">
  <sentence>
    <sn arg="arg1" entity="entity9" entityref="nne" func="suj" homophoricDD="yes" tem="tem">
      <spec gen="m" num="s">
        <d gen="m" lem="el" num="s" pos="da0ms0" postype="article" wd="El"/>
      </spec>
      <grup.nom gen="m" num="s">
        <n gen="m" lem="encuentro" lexicalid="noun.encuentro.3.default" num="s" origin="deverbal" pos="ncms000" postype="common" sense="16:05518643" wd="encuentro"/>
        <sp arg="arg0" func="cn" tem="agt">
          <prep>
            <s lem="de" pos="sps00" postype="preposition" wd="de"/>
          </prep>
          <sn entity="entity2" entityref="ne" ne="person">
            <grup.nom gen="f" num="s">
              <n lem="Maria_del_Mar_Bonet" ne="person" pos="np00000" postype="proper" wd="Maria_del_Mar_Bonet"/>
            </grup.nom>
          </sn>
        </sp>
        <sp arg="arg1" func="cn" tem="tem">
          <prep>
            <s lem="con" pos="sps00" postype="preposition" wd="con"/>
          </prep>
          <sn entity="entity6" entityref="ne" ne="person">
            <grup.nom gen="m" num="s">
              <n lem="Amancio_Prada" ne="person" pos="np00000" postype="proper" wd="Amancio_Prada"/>
            </grup.nom>
          </sn>
        </sp>
        <sp arg="argM" func="cn" tem="tmp">
          <prep>
            <s lem="bajo" pos="sps00" postype="preposition" wd="bajo"/>
          </prep>
          <sn entityref="nne" homophoricDD="yes">
            <spec gen="m" num="s">
              <d gen="m" lem="el" num="s" pos="da0ms0" postype="article" wd="el"/>
            </spec>
            <grup.nom gen="m" num="s">
              <n gen="m" lem="manto" num="s" pos="ncms000" postype="common" sense="16:06671614" wd="manto"/>
              <sp>
                <prep>
                  <s contracted="yes" gen="m" lem="del" num="s" pos="spcms" postype="preposition" wd="del"/>
                </prep>
                <sn entity="entity11" entityref="ne" ne="other">
                  <grup.nom gen="m" num="s">
                    <n lem="Festival_Millenni" ne="other" pos="np00000" postype="proper" wd="Festival_Millenni"/>
                  </grup.nom>
                </sn>
              </sp>
            </grup.nom>
          </sn>
          <f lem="." pos="fp" punct="period" wd="."/>
        </sp>
      </grup.nom>
    </sn>
    <grup.verb>
      <v lem="servir" lss="C41.state-benefactive" mood="indicative" num="s" person="3" pos="vmis3s0" postype="main" tense="past" wd="sirvió"/>
    </grup.verb>
    <sp arg="arg3" func="creg" tem="fin">
      <prep>
        <s lem="para" pos="sps00" postype="preposition" wd="para"/>
      </prep>
      <S clausetype="completive">
        <conj conjunctiontype="subordinating">
          <c lem="que" pos="cs" postype="subordinating" wd="que"/>
        </conj>
        <sn arg="arg0" coreftype="ident" entity="entity2+entity6" entityref="spec" func="suj" tem="agt">
          <spec gen="m" num="p">
            <d gen="m" lem="ambos" num="p" pos="dn0mp0" postype="numeral" wd="ambos"/>
          </spec>
          <grup.nom gen="m" num="p">
            <n gen="c" lem="artista" num="p" pos="nccp000" postype="common" sense="16:06946373" wd="artistas"/>
          </grup.nom>
        </sn>
        <grup.verb>
          <v lem="reafirmar" lss="A21.transitive-agentive-patient" mood="subjunctive" num="p" person="3" pos="vmsi3p0" postype="main" tense="imperfect" wd="reafirmaran"/>
        </grup.verb>
        <sn arg="arg1" entityref="nne" func="cd" homophoricDD="yes" tem="pat">
          <spec gen="f" num="s">
            <d gen="f" lem="el" num="s" pos="da0fs0" postype="article" wd="la"/>
          </spec>
          <grup.nom gen="f" num="s">
            <n gen="f" lem="línea" num="s" pos="ncfs000" postype="common" sense="16:05261047" wd="línea"/>
            <s.a gen="f" num="s">
              <grup.a gen="f" num="s">
                <a gen="c" lem="argumental" num="s" pos="aq0cs0" postype="qualificative" wd="argumental"/>
              </grup.a>
            </s.a>
            <sp>
              <prep>
                <s lem="de" pos="sps00" postype="preposition" wd="de"/>
              </prep>
              <sn entityref="nne">
                <spec arg="arg0" gen="m" num="p" tem="agt">
                  <d coreftype="ident" entity="entity2+entity6" entityref="spec" gen="c" lem="su" num="p" person="3" pos="dp3cp0" postype="possessive" wd="sus"/>
                </spec>
                <grup.nom gen="m" num="p">
                  <s.a func="cn" gen="m" num="p">
                    <grup.a gen="m" num="p">
                      <a gen="m" lem="último" num="p" pos="ao0mp0" postype="ordinal" wd="últimos"/>
                    </grup.a>
                  </s.a>
                  <n gen="m" lem="trabajo" lexicalid="noun.trabajo.1.default" num="p" origin="deverbal" pos="ncmp000" postype="common" sense="16:00461778" wd="trabajos"/>
                </grup.nom>
              </sn>
            </sp>
          </grup.nom>
        </sn>
        <sp arg="argM" func="cc" tem="adv">
          <prep>
            <s lem="sin" pos="sps00" postype="preposition" wd="sin"/>
          </prep>
          <sn>
            <grup.nom gen="f" num="p">
              <s.a gen="f" num="p">
                <grup.a gen="f" num="p">
                  <a gen="c" lem="mayor" num="p" pos="aq0cp0" postype="qualificative" wd="mayores"/>
                </grup.a>
              </s.a>
              <n gen="f" lem="novedad" num="p" pos="ncfp000" postype="common" sense="16:04358717" wd="novedades"/>
            </grup.nom>
          </sn>
        </sp>
      </S>
    </sp>
    <f lem="." pos="fp" punct="period" wd="."/>
  </sentence>
  <sentence>
    <S impersonal="yes">
      <sp arg="argM" func="cc" tem="adv">
        <prep>
          <c lem="como" pos="cs" postype="subordinating" wd="Como"/>
        </prep>
        <sp>
          <prep>
            <s lem="en" pos="sps00" postype="preposition" wd="en"/>
          </prep>
          <sn entityref="nne">
            <spec gen="m" num="p">
              <d gen="m" lem="otro" num="p" pos="di0mp0" postype="indefinite" wd="otros"/>
            </spec>
            <grup.nom gen="m" num="p">
              <n gen="m" lem="concierto" num="p" pos="ncmp000" postype="common" sense="16:05157329" wd="conciertos"/>
              <sp>
                <prep>
                  <s contracted="yes" gen="m" lem="del" num="s" pos="spcms" postype="preposition" wd="del"/>
                </prep>
                <sn coreftype="ident" entity="entity11" entityref="spec">
                  <grup.nom gen="m" num="s">
                    <n gen="m" lem="ciclo" num="s" pos="ncms000" postype="common" sense="16:10981743" wd="ciclo"/>
                  </grup.nom>
                </sn>
              </sp>
            </grup.nom>
          </sn>
        </sp>
        <f lem="," pos="fc" punct="comma" wd=","/>
      </sp>
      <neg func="mod">
        <r lem="no" pos="rn" postype="negative" wd="no"/>
      </neg>
      <grup.verb>
        <v lem="haber" lss="C11.state-existential" mood="indicative" num="s" person="3" pos="vais3s0" postype="auxiliary" tense="past" wd="hubo"/>
      </grup.verb>
      <sadv func="mod">
        <f lem="," pos="fc" punct="comma" wd=","/>
        <grup.adv>
          <r lem="efectivamente" pos="rg" wd="efectivamente"/>
        </grup.adv>
        <f lem="," pos="fc" punct="comma" wd=","/>
      </sadv>
      <sn arg="arg1" func="cd" functype="quantitative" tem="tem">
        <grup.nom gen="m" num="p">
          <n gen="m" lem="puente" num="p" pos="ncmp000" postype="common" sense="16:02336596" wd="puentes"/>
          <s.a gen="m" num="p">
            <grup.a gen="m" num="p">
              <a gen="m" lem="comunicativo" num="p" pos="aq0mp0" postype="qualificative" wd="comunicativos"/>
            </grup.a>
          </s.a>
          <s.a gen="m" num="p">
            <grup.a gen="m" num="p">
              <a gen="m" lem="explícito" num="p" pos="aq0mp0" postype="qualificative" wd="explícitos"/>
            </grup.a>
          </s.a>
          <sp>
            <prep>
              <s lem="entre" pos="sps00" postype="preposition" wd="entre"/>
            </prep>
            <sn complex="yes" coreftype="ident" entity="entity2+entity6">
              <grup.nom coord="yes">
                <grup.nom coreftype="ident" entity="entity2" gen="f" num="s">
                  <n lem="Bonet" ne="person" pos="np00000" postype="proper" wd="Bonet"/>
                </grup.nom>
                <conj conjunctiontype="coordinating">
                  <c lem="y" pos="cc" postype="coordinating" wd="y"/>
                </conj>
                <grup.nom coreftype="ident" entity="entity6" gen="m" num="s">
                  <n lem="Prada" ne="person" pos="np00000" postype="proper" wd="Prada"/>
                </grup.nom>
              </grup.nom>
            </sn>
          </sp>
        </grup.nom>
      </sn>
      <f lem="," pos="fc" punct="comma" wd=","/>
    </S>
    <conj conjunctiontype="coordinating">
      <c lem="sino" pos="cc" postype="coordinating" wd="sino"/>
    </conj>
    <S verbless="yes">
      <sn entityref="nne">
        <spec gen="m" num="p">
          <d gen="m" lem="sendos" num="p" pos="di0mp0" postype="indefinite" wd="sendos"/>
        </spec>
        <grup.nom gen="m" num="p">
          <n gen="m" lem="monólogo" num="p" pos="ncmp000" postype="common" sense="16:05354479" wd="monólogos"/>
          <S clausetype="participle" impersonal="yes">
            <participi>
              <a gen="m" lem="coronado" lss="B22.unaccusative-passive-transitive" num="p" pos="aq0mpp" posfunction="participle" postype="qualificative" wd="coronados"/>
            </participi>
            <sp arg="arg0" func="cag" tem="agt">
              <prep>
                <s lem="por" pos="sps00" postype="preposition" wd="por"/>
              </prep>
              <sn entityref="nne">
                <spec gen="m" num="p">
                  <d gen="m" lem="uno" num="p" pos="di0mp0" postype="indefinite" wd="unos"/>
                </spec>
                <grup.nom gen="m" num="p">
                  <n gen="m" lem="dueto" num="p" pos="ncmp000" postype="common" sense="16:cs2" wd="duetos"/>
                  <s.a gen="m" num="p">
                    <s.a gen="m" num="p">
                      <spec>
                        <r lem="más" pos="rg" wd="más"/>
                      </spec>
                      <grup.a gen="m" num="p">
                        <a gen="c" lem="testimonial" num="p" pos="aq0cp0" postype="qualificative" wd="testimoniales"/>
                      </grup.a>
                    </s.a>
                    <S adjunct="yes" clausesubtype="comparative" clausetype="adverbial" verbless="yes">
                      <conj conjunctiontype="subordinating">
                        <c lem="que" pos="cs" postype="subordinating" wd="que"/>
                      </conj>
                      <sa>
                        <grup.a gen="m" num="p">
                          <a gen="m" lem="efectivo" num="p" pos="aq0mp0" postype="qualificative" wd="efectivos"/>
                        </grup.a>
                      </sa>
                    </S>
                  </s.a>
                </grup.nom>
              </sn>
            </sp>
          </S>
        </grup.nom>
      </sn>
    </S>
    <f lem="." pos="fp" punct="period" wd="."/>
  </sentence>
  <sentence>
    <sn arg="arg0" coreftype="ident" entity="entity2" entityref="ne" func="suj" ne="person" tem="agt">
      <grup.nom gen="f" num="s">
        <n lem="Bonet" ne="person" pos="np00000" postype="proper" wd="Bonet"/>
      </grup.nom>
    </sn>
    <neg func="mod">
      <r lem="no" pos="rn" postype="negative" wd="no"/>
    </neg>
    <grup.verb>
      <v lem="desviar" lss="A21.transitive-agentive-patient" mood="indicative" num="s" person="3" pos="vmis3s0" postype="main" tense="past" wd="desvió"/>
    </grup.verb>
    <sn arg="arg1" entityref="nne" func="cd" tem="pat">
      <spec arg="arg0" gen="f" num="s" tem="agt">
        <d coreftype="ident" entity="entity2" entityref="spec" gen="c" lem="su" num="s" person="3" pos="dp3cs0" postype="possessive" wd="su"/>
      </spec>
      <grup.nom gen="f" num="s">
        <n gen="f" lem="actuación" lexicalid="noun.actuación.1.default" num="s" origin="deverbal" pos="ncfs000" postype="common" sense="16:00359430" wd="actuación"/>
      </grup.nom>
    </sn>
    <sp arg="argM" func="cc" tem="loc">
      <prep>
        <s contracted="yes" gen="m" lem="del" num="s" pos="spcms" postype="preposition" wd="del"/>
      </prep>
      <sn entityref="nne" homophoricDD="yes">
        <grup.nom gen="m" num="s">
          <n gen="m" lem="trayecto" num="s" pos="ncms000" postype="common" sense="16:00200009" wd="trayecto"/>
          <S clausetype="participle" impersonal="yes">
            <sadv arg="argM" func="cc" tem="tmp">
              <grup.adv>
                <r lem="ya" pos="rg" wd="ya"/>
              </grup.adv>
            </sadv>
            <participi>
              <a gen="m" lem="descrito" lss="B22.unaccusative-passive-transitive" num="s" pos="aq0msp" posfunction="participle" postype="qualificative" wd="descrito"/>
            </participi>
            <sp arg="argM" func="cc" tem="tmp">
              <prep>
                <s lem="en" pos="sps00" postype="preposition" wd="en"/>
              </prep>
              <sn entityref="nne">
                <spec arg="arg0" gen="f" num="p" tem="agt">
                  <d coreftype="ident" entity="entity2" entityref="spec" gen="c" lem="su" num="p" person="3" pos="dp3cp0" postype="possessive" wd="sus"/>
                  <d gen="f" lem="otro" num="p" pos="di0fp0" postype="indefinite" wd="otras"/>
                </spec>
                <grup.nom gen="f" num="p">
                  <n gen="f" lem="cita" lexicalid="noun.cita.3.default" num="p" origin="deverbal" pos="ncfp000" postype="common" sense="16:00799534" wd="citas"/>
                  <s.a func="cn" gen="f" num="p">
                    <grup.a gen="f" num="p">
                      <a gen="f" lem="barcelonés" num="p" pos="aq0fp0" postype="qualificative" wd="barcelonesas"/>
                    </grup.a>
                  </s.a>
                  <sp arg="argM" func="cn" tem="tmp">
                    <prep>
                      <s lem="de" pos="sps00" postype="preposition" wd="de"/>
                    </prep>
                    <sn entity="entity8" entityref="nne">
                      <spec gen="m" num="s">
                        <d gen="m" lem="este" num="s" pos="dd0ms0" postype="demonstrative" wd="este"/>
                      </spec>
                      <grup.nom gen="m" num="s">
                        <n gen="m" lem="año" num="s" pos="ncms000" postype="common" sense="16:10917509" wd="año"/>
                      </grup.nom>
                    </sn>
                  </sp>
                  <sn complex="yes" func="cn">
                    <grup.nom coord="yes">
                      <f lem="(" pos="fpa" punct="bracket" punctenclose="open" wd="("/>
                      <grup.nom gen="m" num="s">
                        <n lem="Auditori" ne="location" pos="np00000" postype="proper" wd="Auditori"/>
                      </grup.nom>
                      <conj conjunctiontype="coordinating">
                        <c lem="y" pos="cc" postype="coordinating" wd="y"/>
                      </conj>
                      <grup.nom gen="f" num="s">
                        <n lem="Plaza_del_Rei" ne="location" pos="np00000" postype="proper" wd="Plaza_del_Rei"/>
                      </grup.nom>
                      <f lem=")" pos="fpt" punct="bracket" punctenclose="close" wd=")"/>
                    </grup.nom>
                  </sn>
                </grup.nom>
              </sn>
            </sp>
          </S>
          <sn entity="entity3">
            <f lem=":" pos="fd" punct="colon" wd=":"/>
            <spec gen="f" num="s">
              <d gen="f" lem="uno" num="s" pos="di0fs0" postype="indefinite" wd="una"/>
            </spec>
            <grup.nom gen="f" num="s">
              <n gen="f" lem="mirada" lexicalid="noun.mirada.1.default" num="s" origin="deverbal" pos="ncfs000" postype="common" sense="16:00564273" wd="mirada"/>
              <sp arg="arg1" func="cn" tem="pat">
                <prep>
                  <s contracted="yes" gen="m" lem="al" num="s" pos="spcms" postype="preposition" wd="al"/>
                </prep>
                <sn entityref="nne" homophoricDD="yes">
                  <grup.nom gen="m" num="s">
                    <n gen="m" lem="este" num="s" pos="ncms000" postype="common" sense="16:09964070" wd="este"/>
                  </grup.nom>
                </sn>
              </sp>
              <S clausetype="relative" coord="yes" func="cn">
                <relatiu arg="arg0" coreftype="ident" entity="entity3" entityref="nne" func="suj" tem="agt">
                  <p gen="c" lem="que" num="c" pos="pr0cn000" postype="relative" wd="que"/>
                </relatiu>
                <S clausetype="relative">
                  <grup.verb>
                    <v lem="sobrevolar" lss="A21.transitive-agentive-patient" mood="indicative" num="s" person="3" pos="vmip3s0" postype="main" tense="present" wd="sobrevuela"/>
                  </grup.verb>
                  <sn arg="arg1" func="cd" tem="pat">
                    <sn entityref="ne" ne="location">
                      <spec gen="m" num="s">
                        <d gen="m" lem="el" num="s" pos="da0ms0" postype="article" wd="el"/>
                      </spec>
                      <grup.nom gen="m" num="s">
                        <n lem="Mediterráneo" ne="location" pos="np00000" postype="proper" wd="Mediterráneo"/>
                      </grup.nom>
                    </sn>
                    <sn adjunct="yes" complex="yes">
                      <grup.nom coord="yes">
                        <f lem="(" pos="fpa" punct="bracket" punctenclose="open" wd="("/>
                        <grup.nom>
                          <n lem="Mallorca" ne="location" pos="np00000" postype="proper" wd="Mallorca"/>
                        </grup.nom>
                        <f lem="," pos="fc" punct="comma" wd=","/>
                        <grup.nom>
                          <n lem="Italia" ne="location" pos="np00000" postype="proper" wd="Italia"/>
                        </grup.nom>
                        <f lem="," pos="fc" punct="comma" wd=","/>
                        <grup.nom>
                          <n lem="Túnez" ne="location" pos="np00000" postype="proper" wd="Túnez"/>
                        </grup.nom>
                        <f lem="," pos="fc" punct="comma" wd=","/>
                        <grup.nom>
                          <n lem="Grecia" ne="location" pos="np00000" postype="proper" wd="Grecia"/>
                        </grup.nom>
                        <f lem=")" pos="fpt" punct="bracket" punctenclose="close" wd=")"/>
                      </grup.nom>
                    </sn>
                  </sn>
                </S>
                <conj conjunctiontype="coordinating">
                  <c lem="y" pos="cc" postype="coordinating" wd="y"/>
                </conj>
                <S clausetype="relative">
                  <grup.verb>
                    <v lem="avistar" lss="A21.transitive-agentive-patient" mood="indicative" num="s" person="3" pos="vmip3s0" postype="main" tense="present" wd="avista"/>
                  </grup.verb>
                  <sn arg="arg1" entityref="nne" func="cd" tem="pat">
                    <grup.nom gen="f" num="p">
                      <n gen="f" lem="costa" num="p" pos="ncfp000" postype="common" sense="16:06801422" wd="costas"/>
                      <s.a gen="f" num="p">
                        <grup.a gen="f" num="p">
                          <a gen="f" lem="indio" num="p" pos="aq0fp0" postype="qualificative" wd="indias"/>
                        </grup.a>
                      </s.a>
                    </grup.nom>
                  </sn>
                  <sp arg="argM" func="cc" tem="adv">
                    <prep>
                      <s lem="de" pos="sps00" postype="preposition" wd="de"/>
                    </prep>
                    <sn entityref="lex">
                      <spec gen="f" num="s">
                        <d gen="f" lem="el" num="s" pos="da0fs0" postype="article" wd="la"/>
                      </spec>
                      <grup.nom gen="f" num="s">
                        <n gen="f" lem="mano" num="s" pos="ncfs000" postype="common" sense="16:cs3" wd="mano"/>
                        <sp>
                          <prep>
                            <s lem="de" pos="sps00" postype="preposition" wd="de"/>
                          </prep>
                          <sn entityref="ne" ne="person">
                            <grup.nom gen="m" num="s">
                              <n lem="Shyam_Sunder" ne="person" pos="np00000" postype="proper" wd="Shyam_Sunder"/>
                            </grup.nom>
                          </sn>
                        </sp>
                      </grup.nom>
                    </sn>
                  </sp>
                </S>
              </S>
            </grup.nom>
          </sn>
        </grup.nom>
      </sn>
    </sp>
    <f lem="." pos="fp" punct="period" wd="."/>
  </sentence>
  <sentence>
    <sn arg="arg1" entityref="nne" func="suj" tem="tem">
      <spec gen="m" num="p">
        <d gen="c" lem="tres" num="p" pos="dn0cp0" postype="numeral" wd="Tres"/>
      </spec>
      <grup.nom gen="m" num="p">
        <n gen="m" lem="concierto" num="p" pos="ncmp000" postype="common" sense="16:05157329" wd="conciertos"/>
        <s.a gen="m" num="p">
          <grup.a gen="m" num="p">
            <a gen="c" lem="singular" num="p" pos="aq0cp0" postype="qualificative" wd="singulares"/>
          </grup.a>
        </s.a>
        <sp>
          <prep>
            <s lem="en" pos="sps00" postype="preposition" wd="en"/>
          </prep>
          <sn coreftype="ident" entity="entity8" entityref="nne">
            <spec gen="m" num="s">
              <d gen="m" lem="uno" num="s" pos="di0ms0" postype="indefinite" wd="un"/>
              <d gen="m" lem="mismo" num="s" pos="di0ms0" postype="indefinite" wd="mismo"/>
            </spec>
            <grup.nom gen="m" num="s">
              <n gen="m" lem="año" num="s" pos="ncms000" postype="common" sense="16:10917509" wd="año"/>
            </grup.nom>
          </sn>
        </sp>
      </grup.nom>
    </sn>
    <grup.verb>
      <v lem="haber" mood="indicative" num="p" person="3" pos="vaip3p0" postype="auxiliary" tense="present" wd="han"/>
      <v gen="m" lem="suponer" lss="C21.state-attributive" mood="participle" num="s" pos="vmp00sm" postype="main" wd="supuesto"/>
    </grup.verb>
    <sn arg="arg2" entity="entity4" entityref="nne" func="cd" functype="quantitative" tem="atr">
      <spec gen="m" num="s">
        <d gen="m" lem="uno" num="s" pos="di0ms0" postype="indefinite" wd="un"/>
      </spec>
      <grup.nom gen="m" num="s">
        <n gen="m" lem="reto" lexicalid="noun.reto.1.default" num="s" origin="deverbal" pos="ncms000" postype="common" sense="16:10039715" wd="reto"/>
        <sp arg="arg1" func="cn" tem="pat">
          <prep>
            <s lem="a" pos="sps00" postype="preposition" wd="a"/>
          </prep>
          <sn entityref="nne" homophoricDD="yes">
            <spec gen="f" num="s">
              <d gen="f" lem="el" num="s" pos="da0fs0" postype="article" wd="la"/>
            </spec>
            <grup.nom gen="f" num="s">
              <n gen="f" lem="imaginación" lexicalid="noun.imaginación.1.default" num="s" origin="deverbal" pos="ncfs000" postype="common" sense="16:04356524" wd="imaginación"/>
            </grup.nom>
          </sn>
        </sp>
        <S clausetype="relative" func="cn">
          <relatiu arg="arg1" coreftype="ident" entity="entity4" entityref="nne" func="cd" tem="pat">
            <p gen="c" lem="que" num="c" pos="pr0cn000" postype="relative" wd="que"/>
          </relatiu>
          <sn arg="arg0" coreftype="ident" entity="entity2" entityref="ne" func="suj" ne="person" tem="agt">
            <grup.nom gen="f" num="s">
              <n lem="Bonet" ne="person" pos="np00000" postype="proper" wd="Bonet"/>
            </grup.nom>
          </sn>
          <grup.verb>
            <v lem="resolver" lss="A21.transitive-agentive-patient" mood="indicative" num="s" person="3" pos="vmis3s0" postype="main" tense="past" wd="resolvió"/>
          </grup.verb>
          <S arg="argM" clausetype="adverbial" func="cc" impersonal="yes" tem="mnr">
            <gerundi>
              <v lem="apelar" lss="A22.transitive-agentive-theme" mood="gerund" pos="vmg0000" postype="main" wd="apelando"/>
            </gerundi>
            <sp arg="arg1" coord="yes" func="creg" tem="tem">
              <sp>
                <prep>
                  <s contracted="yes" gen="m" lem="al" num="s" pos="spcms" postype="preposition" wd="al"/>
                </prep>
                <sn entityref="nne" homophoricDD="yes">
                  <grup.nom gen="m" num="s">
                    <n gen="m" lem="oficio" num="s" pos="ncms000" postype="common" sense="16:00399744" wd="oficio"/>
                  </grup.nom>
                </sn>
              </sp>
              <f lem="," pos="fc" punct="comma" wd=","/>
              <sp>
                <prep>
                  <s lem="a" pos="sps00" postype="preposition" wd="a"/>
                </prep>
                <sn entityref="nne">
                  <spec gen="f" num="s">
                    <d coreftype="ident" entity="entity2" entityref="spec" gen="c" lem="su" num="s" person="3" pos="dp3cs0" postype="possessive" wd="su"/>
                  </spec>
                  <grup.nom gen="f" num="s">
                    <n gen="f" lem="exuberancia" num="s" pos="ncfs000" postype="common" sense="16:03987715" wd="exuberancia"/>
                    <s.a gen="f" num="s">
                      <grup.a gen="f" num="s">
                        <a gen="c" lem="vocal" num="s" pos="aq0cs0" postype="qualificative" wd="vocal"/>
                      </grup.a>
                    </s.a>
                  </grup.nom>
                </sn>
              </sp>
              <conj conjunctiontype="coordinating">
                <c lem="y" pos="cc" postype="coordinating" wd="y"/>
              </conj>
              <sp>
                <prep>
                  <s lem="a" pos="sps00" postype="preposition" wd="a"/>
                </prep>
                <sn entityref="nne">
                  <spec gen="f" num="s">
                    <d coreftype="ident" entity="entity2" entityref="spec" gen="c" lem="su" num="s" person="3" pos="dp3cs0" postype="possessive" wd="su"/>
                  </spec>
                  <grup.nom gen="f" num="s">
                    <s.a gen="f" num="s">
                      <grup.a gen="f" num="s">
                        <a gen="c" lem="proverbial" num="s" pos="aq0cs0" postype="qualificative" wd="proverbial"/>
                      </grup.a>
                    </s.a>
                    <n gen="f" lem="sensibilidad" num="s" pos="ncfs000" postype="common" sense="16:04389192" wd="sensibilidad"/>
                    <s.a gen="f" num="s">
                      <grup.a gen="f" num="s">
                        <a gen="c" lem="transcultural" num="s" pos="aq0cs0" postype="qualificative" wd="transcultural"/>
                      </grup.a>
                    </s.a>
                  </grup.nom>
                </sn>
              </sp>
            </sp>
          </S>
        </S>
      </grup.nom>
    </sn>
    <f lem="." pos="fp" punct="period" wd="."/>
  </sentence>
  <sentence>
    <sn arg="arg0" coord="yes" func="suj" tem="cau">
      <sn entityref="nne" homophoricDD="yes">
        <spec gen="f" num="s">
          <d gen="f" lem="el" num="s" pos="da0fs0" postype="article" wd="La"/>
        </spec>
        <grup.nom gen="f" num="s">
          <n gen="f" lem="cercanía" num="s" pos="ncfs000" postype="common" sense="16:05598089" wd="cercanía"/>
          <s.a gen="f" num="s">
            <grup.a gen="f" num="s">
              <a gen="c" lem="popular" num="s" pos="aq0cs0" postype="qualificative" wd="popular"/>
            </grup.a>
          </s.a>
          <sp>
            <prep>
              <s lem="de" pos="sps00" postype="preposition" wd="de"/>
            </prep>
            <sn entityref="ne" ne="other">
              <grup.nom>
                <n lem="Cavall_de_foc" ne="other" pos="np00000" postype="proper" wd="Cavall_de_foc"/>
              </grup.nom>
            </sn>
          </sp>
          <sp>
            <f lem="-" pos="fg" punct="hyphen" wd="-"/>
            <f lem="-" pos="fg" punct="hyphen" wd="-"/>
            <prep>
              <s lem="con" pos="sps00" postype="preposition" wd="con"/>
            </prep>
            <sn entityref="nne">
              <grup.nom gen="f" num="p">
                <n gen="f" lem="mención" lexicalid="noun.mención.1.default" num="p" origin="deverbal" pos="ncfp000" postype="common" sense="16:05069358" wd="menciones"/>
                <sp arg="arg1" func="cn" tem="pat">
                  <prep>
                    <s lem="a" pos="sps00" postype="preposition" wd="a"/>
                  </prep>
                  <sn complex="yes">
                    <grup.nom coord="yes">
                      <grup.nom>
                        <n lem="La_dama_d'Aragó" ne="other" pos="np00000" postype="proper" wd="La_dama_d'Aragó"/>
                      </grup.nom>
                      <conj conjunctiontype="coordinating">
                        <c lem="y" pos="cc" postype="coordinating" wd="y"/>
                      </conj>
                      <grup.nom>
                        <n lem="Com_un_mirall" ne="other" pos="np00000" postype="proper" wd="Com_un_mirall"/>
                      </grup.nom>
                    </grup.nom>
                  </sn>
                </sp>
              </grup.nom>
            </sn>
            <f lem="-" pos="fg" punct="hyphen" wd="-"/>
            <f lem="-" pos="fg" punct="hyphen" wd="-"/>
          </sp>
        </grup.nom>
      </sn>
      <conj conjunctiontype="coordinating">
        <c lem="y" pos="cc" postype="coordinating" wd="y"/>
      </conj>
      <sn entityref="nne" homophoricDD="yes">
        <spec gen="m" num="s">
          <d gen="m" lem="el" num="s" pos="da0ms0" postype="article" wd="el"/>
        </spec>
        <grup.nom gen="m" num="s">
          <n gen="m" lem="rescate" lexicalid="noun.rescate.2.default" num="s" origin="deverbal" pos="ncms000" postype="common" sense="16:00060540" wd="rescate"/>
          <sp arg="arg1" func="cn" tem="pat">
            <prep>
              <s lem="de" pos="sps00" postype="preposition" wd="de"/>
            </prep>
            <sn entityref="nne" homophoricDD="yes">
              <spec gen="f" num="s">
                <d gen="f" lem="el" num="s" pos="da0fs0" postype="article" wd="la"/>
              </spec>
              <grup.nom gen="f" num="s">
                <n gen="f" lem="cosecha" lexicalid="noun.cosecha.1.default" num="s" origin="deverbal" pos="ncfs000" postype="common" sense="16:00655017" wd="cosecha"/>
                <sp arg="arg1" func="cn" tem="pat">
                  <prep>
                    <s contracted="yes" gen="m" lem="del" num="s" pos="spcms" postype="preposition" wd="del"/>
                  </prep>
                  <sn entityref="ne" ne="other">
                    <grup.nom gen="m" num="s">
                      <s.a gen="m" num="s">
                        <grup.a gen="m" num="s">
                          <a gen="c" lem="memorable" num="s" pos="aq0cs0" postype="qualificative" wd="memorable"/>
                        </grup.a>
                      </s.a>
                      <n lem="Anells_d'aigua" ne="other" pos="np00000" postype="proper" wd="Anells_d'aigua"/>
                    </grup.nom>
                  </sn>
                </sp>
                <sn complex="yes" func="cn">
                  <grup.nom coord="yes">
                    <f lem="-" pos="fg" punct="hyphen" wd="-"/>
                    <f lem="-" pos="fg" punct="hyphen" wd="-"/>
                    <grup.nom>
                      <n lem="Dansa_de_la_primavera" ne="other" pos="np00000" postype="proper" wd="Dansa_de_la_primavera"/>
                    </grup.nom>
                    <conj conjunctiontype="coordinating">
                      <c lem="y" pos="cc" postype="coordinating" wd="y"/>
                    </conj>
                    <grup.nom>
                      <n lem="Bir_demet_yasemen" ne="other" pos="np00000" postype="proper" wd="Bir_demet_yasemen"/>
                    </grup.nom>
                    <f lem="-" pos="fg" punct="hyphen" wd="-"/>
                    <f lem="-" pos="fg" punct="hyphen" wd="-"/>
                  </grup.nom>
                </sn>
              </grup.nom>
            </sn>
          </sp>
        </grup.nom>
      </sn>
    </sn>
    <grup.verb>
      <v lem="abrillantar" lss="A11.transitive-causative" mood="indicative" num="p" person="3" pos="vmis3p0" postype="main" tense="past" wd="abrillantaron"/>
    </grup.verb>
    <sn arg="arg1" entity="entity5" entityref="nne" func="cd" tem="tem">
      <spec gen="m" num="s">
        <d gen="m" lem="uno" num="s" pos="di0ms0" postype="indefinite" wd="un"/>
      </spec>
      <grup.nom gen="m" num="s">
        <n gen="m" lem="repertorio" num="s" pos="ncms000" postype="common" sense="16:04866394" wd="repertorio"/>
        <S clausetype="participle" impersonal="yes">
          <sadv func="mod">
            <grup.adv>
              <r lem="quizá" pos="rg" wd="quizá"/>
            </grup.adv>
          </sadv>
          <sadv arg="argM" func="cc" tem="adv">
            <grup.adv>
              <r lem="algo" pos="rg" wd="algo"/>
            </grup.adv>
          </sadv>
          <participi>
            <a gen="m" lem="afectado" lss="B22.unaccusative-passive-transitive" num="s" pos="aq0msp" posfunction="participle" postype="qualificative" wd="afectado"/>
          </participi>
          <sp arg="arg0" func="cag" tem="agt">
            <prep>
              <s lem="por" pos="sps00" postype="preposition" wd="por"/>
            </prep>
            <sn entityref="nne">
              <spec gen="m" num="s">
                <d gen="m" lem="uno" num="s" pos="di0ms0" postype="indefinite" wd="un"/>
              </spec>
              <grup.nom gen="m" num="s">
                <n gen="m" lem="superávit" num="s" pos="ncms000" postype="common" sense="16:03989688" wd="superávit"/>
                <sp>
                  <prep>
                    <s lem="de" pos="sps00" postype="preposition" wd="de"/>
                  </prep>
                  <sn complex="yes">
                    <grup.nom coord="yes">
                      <grup.nom gen="f" num="s">
                        <n gen="f" lem="mística" num="s" pos="ncfs000" postype="common" sense="16:cs2" wd="mística"/>
                      </grup.nom>
                      <conj conjunctiontype="coordinating">
                        <c lem="y" pos="cc" postype="coordinating" wd="y"/>
                      </conj>
                      <grup.nom gen="f" num="s">
                        <n gen="f" lem="autocomplacencia" num="s" pos="ncfs000" postype="common" sense="16:05599367" wd="autocomplacencia"/>
                        <s.a gen="f" num="s">
                          <grup.a gen="f" num="s">
                            <a gen="c" lem="espiritual" num="s" pos="aq0cs0" postype="qualificative" wd="espiritual"/>
                          </grup.a>
                        </s.a>
                      </grup.nom>
                    </grup.nom>
                  </sn>
                </sp>
              </grup.nom>
            </sn>
          </sp>
        </S>
      </grup.nom>
    </sn>
    <f lem="." pos="fp" punct="period" wd="."/>
  </sentence>
  <sentence>
    <sn arg="arg1" coreftype="ident" entity="entity5" entityref="nne" func="suj" tem="tem">
      <grup.nom gen="m" num="s">
        <p gen="m" lem="este" num="s" pos="pd0ms000" postype="demonstrative" wd="Este"/>
      </grup.nom>
    </sn>
    <grup.verb>
      <v lem="ser" lss="C21.state-attributive" mood="indicative" num="s" person="3" pos="vsis3s0" postype="semiauxiliary" tense="past" wd="fue"/>
    </grup.verb>
    <sadv func="ao">
      <f lem="," pos="fc" punct="comma" wd=","/>
      <grup.adv>
        <r lem="no_obstante" pos="rg" wd="no_obstante"/>
      </grup.adv>
      <f lem="," pos="fc" punct="comma" wd=","/>
    </sadv>
    <sn arg="arg2" corefsubtype="definit" coreftype="pred" entity="entity5" func="atr" tem="atr">
      <spec gen="m" num="s">
        <d gen="m" lem="el" num="s" pos="da0ms0" postype="article" wd="el"/>
      </spec>
      <grup.nom gen="m" num="s">
        <n gen="m" lem="guión" num="s" pos="ncms000" postype="common" sense="16:05258732" wd="guión"/>
        <sp>
          <prep>
            <s lem="de" pos="sps00" postype="preposition" wd="de"/>
          </prep>
          <sn coreftype="ident" entity="entity2" entityref="ne" ne="person">
            <grup.nom gen="f" num="s">
              <n lem="Bonet" ne="person" pos="np00000" postype="proper" wd="Bonet"/>
            </grup.nom>
          </sn>
        </sp>
      </grup.nom>
    </sn>
    <sp arg="argM" func="cc" tem="tmp">
      <prep>
        <s lem="en" pos="sps00" postype="preposition" wd="en"/>
      </prep>
      <sn entityref="nne">
        <spec gen="m" num="p">
          <d coreftype="ident" entity="entity2" entityref="spec" gen="c" lem="su" num="p" person="3" pos="dp3cp0" postype="possessive" wd="sus"/>
        </spec>
        <grup.nom gen="m" num="p">
          <s.a gen="m" num="p">
            <grup.a gen="m" num="p">
              <a gen="c" lem="orientalista" num="p" pos="aq0cp0" postype="qualificative" wd="orientalistas"/>
            </grup.a>
          </s.a>
          <n gen="m" lem="concierto" num="p" pos="ncmp000" postype="common" sense="16:05157329" wd="conciertos"/>
          <sp>
            <prep>
              <s lem="de" pos="sps00" postype="preposition" wd="de"/>
            </prep>
            <sn entityref="ne" ne="date">
              <grup.nom gen="m" num="s">
                <w lem="[??:??/??/1999:??.??]" ne="date" wd="1999"/>
              </grup.nom>
            </sn>
          </sp>
        </grup.nom>
      </sn>
    </sp>
    <f lem="." pos="fp" punct="period" wd="."/>
  </sentence>
  <sentence verbless="yes">
    <conj conjunctiontype="subordinating">
      <c lem="aunque" pos="cs" postype="subordinating" wd="Aunque"/>
    </conj>
    <sp>
      <f lem="," pos="fc" punct="comma" wd=","/>
      <prep>
        <s lem="para" pos="sps00" postype="preposition" wd="para"/>
      </prep>
      <sn>
        <grup.nom gen="m" num="s">
          <n gen="m" lem="místico" num="s" pos="ncms000" postype="common" sense="16:07426324" wd="místico"/>
        </grup.nom>
      </sn>
      <f lem="," pos="fc" punct="comma" wd=","/>
    </sp>
    <sn coreftype="ident" entity="entity6" entityref="ne" ne="person">
      <grup.nom gen="m" num="s">
        <n lem="Amancio_Prada" ne="person" pos="np00000" postype="proper" wd="Amancio_Prada"/>
      </grup.nom>
    </sn>
    <f lem="." pos="fp" punct="period" wd="."/>
  </sentence>
  <sentence>
    <sn arg="arg1" entityref="nne" func="suj" tem="tem">
      <spec arg="arg0" gen="m" num="p" tem="agt">
        <d coreftype="ident" entity="entity6" entityref="spec" gen="c" lem="su" num="p" person="3" pos="dp3cp0" postype="possessive" wd="Sus"/>
      </spec>
      <grup.nom gen="m" num="p">
        <n gen="m" lem="guiño" lexicalid="noun.guiño.1.default" num="p" origin="deverbal" pos="ncmp000" postype="common" sense="16:50001080" wd="guiños"/>
        <sp arg="arg2" func="cn" tem="ben">
          <prep>
            <s lem="a" pos="sps00" postype="preposition" wd="a"/>
          </prep>
          <sn complex="yes">
            <grup.nom coord="yes">
              <grup.nom entity="entity12" gen="f" num="s">
                <n lem="Rosalía_de_Castro" ne="person" pos="np00000" postype="proper" wd="Rosalía_de_Castro"/>
              </grup.nom>
              <f lem="," pos="fc" punct="comma" wd=","/>
              <grup.nom gen="m" num="s">
                <n lem="Alvaro_Cunqueiro" ne="person" pos="np00000" postype="proper" wd="Alvaro_Cunqueiro"/>
              </grup.nom>
              <conj conjunctiontype="coordinating">
                <c lem="y" pos="cc" postype="coordinating" wd="y"/>
              </conj>
              <grup.nom gen="m" num="s">
                <n lem="Federico_García_Lorca" ne="person" pos="np00000" postype="proper" wd="Federico_García_Lorca"/>
              </grup.nom>
            </grup.nom>
          </sn>
        </sp>
      </grup.nom>
    </sn>
    <grup.verb>
      <v lem="pasar" lss="B21.unaccusative-state" mood="indicative" num="p" person="3" pos="vmip3p0" postype="main" tense="present" wd="pasan"/>
    </grup.verb>
    <sp arg="arg2" func="creg" tem="loc">
      <prep>
        <s lem="por" pos="sps00" postype="preposition" wd="por"/>
      </prep>
      <sn entityref="nne" homophoricDD="yes">
        <spec gen="m" num="s">
          <d gen="m" lem="el" num="s" pos="da0ms0" postype="article" wd="el"/>
        </spec>
        <grup.nom gen="m" num="s">
          <n gen="m" lem="filtro" num="s" pos="ncms000" postype="common" sense="16:02679962" wd="filtro"/>
          <sp>
            <prep>
              <s lem="de" pos="sps00" postype="preposition" wd="de"/>
            </prep>
            <sn entityref="nne">
              <spec gen="f" num="s">
                <d gen="f" lem="uno" num="s" pos="di0fs0" postype="indefinite" wd="una"/>
              </spec>
              <grup.nom gen="f" num="s">
                <n gen="f" lem="austeridad" num="s" pos="ncfs000" postype="common" sense="16:03699086" wd="austeridad"/>
                <s.a gen="f" num="s">
                  <grup.a gen="f" num="s">
                    <a gen="f" lem="expresivo" num="s" pos="aq0fs0" postype="qualificative" wd="expresiva"/>
                  </grup.a>
                </s.a>
              </grup.nom>
            </sn>
          </sp>
          <sp>
            <prep>
              <s lem="de" pos="sps00" postype="preposition" wd="de"/>
            </prep>
            <sn>
              <grup.nom gen="m" num="s">
                <s.a func="cn" gen="m" num="s">
                  <grup.a gen="m" num="s">
                    <a gen="m" lem="riguroso" num="s" pos="aq0ms0" postype="qualificative" wd="riguroso"/>
                  </grup.a>
                </s.a>
                <n gen="m" lem="acabado" lexicalid="noun.acabado.1.default" num="s" origin="deverbal" pos="ncms000" postype="common" sense="16:03699934" wd="acabado"/>
                <s.a func="cn" gen="m" num="s">
                  <grup.a gen="m" num="s">
                    <a gen="m" lem="técnico" num="s" pos="aq0ms0" postype="qualificative" wd="técnico"/>
                  </grup.a>
                </s.a>
              </grup.nom>
            </sn>
          </sp>
        </grup.nom>
      </sn>
    </sp>
    <f lem="." pos="fp" punct="period" wd="."/>
  </sentence>
  <sentence coord="yes">
    <S>
      <sn arg="arg1" entityref="nne" func="suj" homophoricDD="yes" tem="tem">
        <spec gen="f" num="s">
          <d gen="f" lem="el" num="s" pos="da0fs0" postype="article" wd="La"/>
        </spec>
        <grup.nom gen="f" num="s">
          <n gen="f" lem="ironía" num="s" pos="ncfs000" postype="common" sense="16:05317444" wd="ironía"/>
        </grup.nom>
      </sn>
      <grup.verb>
        <v lem="seguir" lss="C11.state-existential" mood="indicative" num="s" person="3" pos="vmip3s0" postype="main" tense="present" wd="sigue"/>
      </grup.verb>
      <sp arg="argM" func="cc" tem="adv">
        <prep>
          <s lem="sin" pos="sps00" postype="preposition" wd="sin"/>
        </prep>
        <S clausetype="completive" impersonal="yes">
          <infinitiu>
            <v lem="ser" lss="C21.state-attributive" mood="infinitive" pos="vsn0000" postype="semiauxiliary" wd="ser"/>
          </infinitiu>
          <sn arg="arg2" entityref="lex" func="atr" tem="atr">
            <spec gen="m" num="s">
              <d coreftype="ident" entity="entity6" entityref="spec" gen="c" lem="su" num="s" person="3" pos="dp3cs0" postype="possessive" wd="su"/>
            </spec>
            <grup.nom gen="m" num="s">
              <n gen="m" lem="fuerte" num="s" pos="ncms000" postype="common" sense="16:cs1" wd="fuerte"/>
            </grup.nom>
          </sn>
        </S>
      </sp>
      <f lem="," pos="fc" punct="comma" wd=","/>
    </S>
    <conj conjunctiontype="coordinating">
      <c lem="pero" pos="cc" postype="coordinating" wd="pero"/>
    </conj>
    <S>
      <sn arg="arg0" coreftype="ident" entity="entity6" entityref="ne" func="suj" ne="person" tem="agt">
        <grup.nom gen="m" num="s">
          <n lem="Prada" ne="person" pos="np00000" postype="proper" wd="Prada"/>
        </grup.nom>
      </sn>
      <grup.verb>
        <v lem="conservar" lss="A21.transitive-agentive-patient" mood="indicative" num="s" person="3" pos="vmip3s0" postype="main" tense="present" wd="conserva"/>
      </grup.verb>
      <sn arg="arg1" entityref="nne" func="cd" homophoricDD="yes" tem="pat">
        <spec gen="m" num="s">
          <d gen="m" lem="el" num="s" pos="da0ms0" postype="article" wd="el"/>
        </spec>
        <grup.nom gen="m" num="s">
          <n gen="m" lem="atractivo" num="s" pos="ncms000" postype="common" sense="16:04504974" wd="atractivo"/>
          <sp>
            <prep>
              <s lem="de" pos="sps00" postype="preposition" wd="de"/>
            </prep>
            <sn entity="entity7" entityref="nne">
              <spec gen="m" num="s">
                <d gen="m" lem="uno" num="s" pos="di0ms0" postype="indefinite" wd="un"/>
              </spec>
              <grup.nom gen="m" num="s">
                <n gen="m" lem="personaje" num="s" pos="ncms000" postype="common" sense="16:03685960" wd="personaje"/>
                <sadv>
                  <grup.adv>
                    <r lem="fuera" pos="rg" wd="fuera"/>
                    <sp>
                      <prep>
                        <s lem="de" pos="sps00" postype="preposition" wd="de"/>
                      </prep>
                      <sn>
                        <grup.nom gen="m" num="s">
                          <n gen="m" lem="tiempo" num="s" pos="ncms000" postype="common" sense="16:00015594" wd="tiempo"/>
                        </grup.nom>
                      </sn>
                    </sp>
                  </grup.adv>
                </sadv>
                <S clausetype="relative">
                  <relatiu arg="arg0" coreftype="ident" entity="entity7" entityref="nne" func="suj" tem="agt">
                    <p gen="c" lem="que" num="c" pos="pr0cn000" postype="relative" wd="que"/>
                  </relatiu>
                  <sp arg="argM" coord="yes" func="cc" tem="adv">
                    <f lem="," pos="fc" punct="comma" wd=","/>
                    <sp>
                      <prep>
                        <s lem="en" pos="sps00" postype="preposition" wd="en"/>
                      </prep>
                      <sn entityref="nne">
                        <grup.nom gen="m" num="s">
                          <n gen="m" lem="castellano" num="s" pos="ncms000" postype="common" sense="16:05224721" wd="castellano"/>
                        </grup.nom>
                      </sn>
                    </sp>
                    <conj conjunctiontype="coordinating">
                      <c lem="o" pos="cc" postype="coordinating" wd="o"/>
                    </conj>
                    <sp>
                      <prep>
                        <s lem="en" pos="sps00" postype="preposition" wd="en"/>
                      </prep>
                      <sn entity="entity10" entityref="nne">
                        <grup.nom gen="m" num="s">
                          <n gen="m" lem="gallego" num="s" pos="ncms000" postype="common" sense="16:05224439" wd="gallego"/>
                        </grup.nom>
                      </sn>
                    </sp>
                    <f lem="," pos="fc" punct="comma" wd=","/>
                  </sp>
                  <grup.verb>
                    <v lem="conseguir" lss="A21.transitive-agentive-patient" mood="indicative" num="s" person="3" pos="vmip3s0" postype="main" tense="present" wd="consigue"/>
                  </grup.verb>
                  <S arg="arg1" clausetype="completive" func="cd" impersonal="yes" tem="pat">
                    <infinitiu>
                      <v lem="seducir" lss="A21.transitive-agentive-patient" mood="infinitive" pos="vmn0000" postype="main" wd="seducir"/>
                    </infinitiu>
                    <sp arg="argM" func="cc" tem="adv">
                      <prep>
                        <s lem="con" pos="sps00" postype="preposition" wd="con"/>
                      </prep>
                      <sn entityref="nne">
                        <grup.nom gen="m" num="p">
                          <n gen="m" lem="temario" num="p" pos="ncmp000" postype="common" sense="16:cs2" wd="temarios"/>
                          <s.a gen="f" num="p">
                            <s.a gen="f" num="p">
                              <spec>
                                <r lem="tanto" pos="rg" wd="tan"/>
                                <r lem="estéticamente" pos="rg" wd="estéticamente"/>
                              </spec>
                              <grup.a gen="f" num="p">
                                <a gen="c" lem="inflexible" num="p" pos="aq0cp0" postype="qualificative" wd="inflexibles"/>
                              </grup.a>
                            </s.a>
                            <S adjunct="yes" clausetype="adverbial" verbless="yes">
                              <conj conjunctiontype="subordinating">
                                <c lem="como" pos="cs" postype="subordinating" wd="como"/>
                              </conj>
                              <sn entityref="nne">
                                <grup.nom gen="m" num="p">
                                  <d gen="m" lem="el" num="p" pos="da0mp0" postype="article" wd="los"/>
                                  <sp>
                                    <prep>
                                      <s lem="de" pos="sps00" postype="preposition" wd="de"/>
                                    </prep>
                                    <sn complex="yes">
                                      <grup.nom coord="yes">
                                        <grup.nom>
                                          <n lem="Ciudad_encantada" ne="other" pos="np00000" postype="proper" wd="Ciudad_encantada"/>
                                        </grup.nom>
                                        <f lem="," pos="fc" punct="comma" wd=","/>
                                        <grup.nom>
                                          <n lem="La_guitarra" ne="other" pos="np00000" postype="proper" wd="La_guitarra"/>
                                        </grup.nom>
                                        <conj conjunctiontype="coordinating">
                                          <c lem="y" pos="cc" postype="coordinating" wd="y"/>
                                        </conj>
                                        <grup.nom>
                                          <n lem="Libre_te_quiero" ne="other" pos="np00000" postype="proper" wd="Libre_te_quiero"/>
                                        </grup.nom>
                                      </grup.nom>
                                    </sn>
                                  </sp>
                                </grup.nom>
                              </sn>
                            </S>
                          </s.a>
                        </grup.nom>
                      </sn>
                    </sp>
                  </S>
                </S>
              </grup.nom>
            </sn>
          </sp>
        </grup.nom>
      </sn>
    </S>
    <f lem="." pos="fp" punct="period" wd="."/>
  </sentence>
  <sentence verbless="yes">
    <sa>
      <spec>
        <r lem="poéticamente" pos="rg" wd="Poéticamente"/>
      </spec>
      <grup.a>
        <a gen="c" lem="intachable" num="s" pos="aq0cs0" postype="qualificative" wd="intachable"/>
      </grup.a>
    </sa>
    <f lem="." pos="fp" punct="period" wd="."/>
  </sentence>
  <sentence>
    <sn arg="arg1" entityref="nne" func="suj" homophoricDD="yes" tem="tem">
      <spec gen="m" num="s">
        <d gen="m" lem="el" num="s" pos="da0ms0" postype="article" wd="El"/>
      </spec>
      <grup.nom gen="m" num="s">
        <n gen="m" lem="capítulo" num="s" pos="ncms000" postype="common" sense="16:05447477" wd="capítulo"/>
        <s.a gen="m" num="s">
          <spec>
            <r lem="más" pos="rg" wd="más"/>
          </spec>
          <grup.a gen="m" num="s">
            <a gen="c" lem="frágil" num="s" pos="aq0cs0" postype="qualificative" wd="frágil"/>
          </grup.a>
        </s.a>
        <sp>
          <prep>
            <s contracted="yes" gen="m" lem="del" num="s" pos="spcms" postype="preposition" wd="del"/>
          </prep>
          <sn coreftype="ident" entity="entity9" entityref="nne">
            <spec gen="m" num="s">
              <d gen="c" lem="doble" num="s" pos="dn0cs0" postype="numeral" wd="doble"/>
            </spec>
            <grup.nom gen="m" num="s">
              <n gen="m" lem="concierto" num="s" pos="ncms000" postype="common" sense="16:05157329" wd="concierto"/>
            </grup.nom>
          </sn>
        </sp>
      </grup.nom>
    </sn>
    <grup.verb>
      <v lem="recaer" lss="C11.state-existential" mood="indicative" num="s" person="3" pos="vmis3s0" postype="main" tense="past" wd="recayó"/>
    </grup.verb>
    <sadv func="ao">
      <f lem="," pos="fc" punct="comma" wd=","/>
      <grup.adv>
        <s lem="en_fin" pos="sps00" postype="preposition" wd="en_fin"/>
      </grup.adv>
      <f lem="," pos="fc" punct="comma" wd=","/>
    </sadv>
    <sp arg="arg2" func="cc" tem="loc">
      <prep>
        <s lem="en" pos="sps00" postype="preposition" wd="en"/>
      </prep>
      <sn entityref="nne">
        <spec gen="f" num="p">
          <d gen="f" lem="uno" num="p" pos="di0fp0" postype="indefinite" wd="unas"/>
        </spec>
        <grup.nom gen="f" num="p">
          <n gen="f" lem="colaboración" lexicalid="noun.colaboración.1.default" num="p" origin="deverbal" pos="ncfp000" postype="common" sense="16:00780822" wd="colaboraciones"/>
          <S clausetype="participle" func="cn" impersonal="yes">
            <sadv func="ao">
              <grup.adv>
                <r lem="probablemente" pos="rg" wd="probablemente"/>
              </grup.adv>
            </sadv>
            <participi>
              <a gen="f" lem="resentido" lss="C11.state-existential" num="p" pos="aq0fpp" posfunction="participle" postype="qualificative" wd="resentidas"/>
            </participi>
            <sp arg="argM" func="cc" tem="cau">
              <prep>
                <s lem="por" pos="sps00" postype="preposition" wd="por"/>
              </prep>
              <sn entityref="nne" homophoricDD="yes">
                <spec gen="f" num="s">
                  <d gen="f" lem="el" num="s" pos="da0fs0" postype="article" wd="la"/>
                </spec>
                <grup.nom gen="f" num="s">
                  <n gen="f" lem="falta" lexicalid="noun.falta.1.default" num="s" origin="deverbal" pos="ncfs000" postype="common" sense="16:00042411" wd="falta"/>
                  <sp arg="arg1" func="cn" tem="tem">
                    <prep>
                      <s lem="de" pos="sps00" postype="preposition" wd="de"/>
                    </prep>
                    <sn>
                      <grup.nom gen="m" num="s">
                        <n gen="m" lem="rodaje" lexicalid="noun.rodaje.1.default" num="s" origin="deverbal" pos="ncms000" postype="common" sense="16:cs1" wd="rodaje"/>
                      </grup.nom>
                    </sn>
                  </sp>
                </grup.nom>
              </sn>
            </sp>
          </S>
        </grup.nom>
      </sn>
    </sp>
    <f lem="." pos="fp" punct="period" wd="."/>
  </sentence>
  <sentence coord="yes">
    <S>
      <sn arg="arg0" coreftype="ident" entity="entity2" entityref="ne" func="suj" ne="person" tem="agt">
        <grup.nom gen="m" num="s">
          <n lem="Bonet" ne="person" pos="np00000" postype="proper" wd="Bonet"/>
        </grup.nom>
      </sn>
      <grup.verb>
        <v lem="abordar" lss="A21.transitive-agentive-patient" mood="indicative" num="s" person="3" pos="vmis3s0" postype="main" tense="past" wd="abordó"/>
      </grup.verb>
      <sp arg="argM" func="cc" tem="adv">
        <prep>
          <s lem="en" pos="sps00" postype="preposition" wd="en"/>
        </prep>
        <sn coreftype="ident" entity="entity10" entityref="nne">
          <grup.nom gen="m" num="s">
            <n gen="m" lem="gallego" num="s" pos="ncms000" postype="common" sense="16:05224439" wd="gallego"/>
          </grup.nom>
        </sn>
      </sp>
      <sn arg="arg1" entityref="ne" func="cd" ne="other" tem="pat">
        <spec gen="f" num="s">
          <d coreftype="ident" entity="entity2" entityref="spec" gen="c" lem="su" num="s" person="3" pos="dp3cs0" postype="possessive" wd="su"/>
        </spec>
        <grup.nom gen="f" num="s">
          <S clausetype="participle" impersonal="yes">
            <sadv func="mod">
              <grup.adv>
                <r lem="ya" pos="rg" wd="ya"/>
              </grup.adv>
            </sadv>
            <participi>
              <a gen="f" lem="conocido" lss="B22.unaccusative-passive-transitive" num="s" pos="aq0fsp" posfunction="participle" postype="qualificative" wd="conocida"/>
            </participi>
          </S>
          <n lem="Campanas_de_Bastabales" ne="other" pos="np00000" postype="proper" wd="Campanas_de_Bastabales"/>
          <sp>
            <f lem="(" pos="fpa" punct="bracket" punctenclose="open" wd="("/>
            <prep>
              <s lem="de" pos="sps00" postype="preposition" wd="de"/>
            </prep>
            <sn coreftype="ident" entity="entity12" entityref="ne" ne="person">
              <grup.nom gen="f" num="s">
                <n lem="Rosalía_de_Castro" ne="person" pos="np00000" postype="proper" wd="Rosalía_de_Castro"/>
              </grup.nom>
            </sn>
            <f lem=")" pos="fpt" punct="bracket" punctenclose="close" wd=")"/>
          </sp>
        </grup.nom>
      </sn>
      <sp arg="argM" func="cc" tem="adv">
        <prep>
          <s lem="con" pos="sps00" postype="preposition" wd="con"/>
        </prep>
        <sn>
          <grup.nom gen="f" num="s">
            <n gen="f" lem="integridad" num="s" pos="ncfs000" postype="common" sense="16:03815181" wd="integridad"/>
          </grup.nom>
        </sn>
      </sp>
      <f lem="," pos="fc" punct="comma" wd=","/>
    </S>
    <conj conjunctiontype="coordinating">
      <c lem="pero" pos="cc" postype="coordinating" wd="pero"/>
    </conj>
    <S>
      <sn arg="arg1" coreftype="ident" entity="entity6" entityref="ne" func="suj" ne="person" tem="tem">
        <grup.nom gen="m" num="s">
          <n lem="Prada" ne="person" pos="np00000" postype="proper" wd="Prada"/>
        </grup.nom>
      </sn>
      <morfema.pronominal>
        <p gen="c" lem="él" num="c" person="3" pos="p0300000" wd="se"/>
      </morfema.pronominal>
      <grup.verb>
        <v lem="quedar" lss="C21.state-attributive" mood="indicative" num="s" person="3" pos="vmis3s0" postype="main" tense="past" wd="quedó"/>
      </grup.verb>
      <sp arg="arg2" func="cc" tem="atr">
        <prep>
          <s lem="en" pos="sps00" postype="preposition" wd="en"/>
        </prep>
        <sn entityref="nne">
          <spec gen="f" num="s">
            <d gen="f" lem="uno" num="s" pos="di0fs0" postype="indefinite" wd="una"/>
          </spec>
          <grup.nom gen="f" num="s">
            <s.a func="cn" gen="f" num="s">
              <grup.a gen="f" num="s">
                <a gen="f" lem="discreto" num="s" pos="aq0fs0" postype="qualificative" wd="discreta"/>
              </grup.a>
            </s.a>
            <n gen="f" lem="intervención" lexicalid="noun.intervención.1.default" num="s" origin="deverbal" pos="ncfs000" postype="common" sense="16:00691229" wd="intervención"/>
            <sp arg="argM" func="cn" tem="mnr">
              <prep>
                <s lem="en" pos="sps00" postype="preposition" wd="en"/>
              </prep>
              <sn entityref="nne">
                <grup.nom gen="m" num="s">
                  <n gen="m" lem="catalán" num="s" pos="ncms000" postype="common" sense="16:05224856" wd="catalán"/>
                </grup.nom>
              </sn>
            </sp>
            <sp arg="arg1" func="cn" tem="tem">
              <prep>
                <s lem="en" pos="sps00" postype="preposition" wd="en"/>
              </prep>
              <sn complex="yes">
                <grup.nom coord="yes">
                  <grup.nom>
                    <n lem="Què_volen_aquesta_gent" ne="other" pos="np00000" postype="proper" wd="Què_volen_aquesta_gent"/>
                  </grup.nom>
                  <conj conjunctiontype="coordinating">
                    <c lem="y" pos="cc" postype="coordinating" wd="y"/>
                  </conj>
                  <grup.nom>
                    <n lem="Per_Hipòcrates" ne="other" pos="np00000" postype="proper" wd="Per_Hipòcrates"/>
                  </grup.nom>
                </grup.nom>
              </sn>
            </sp>
          </grup.nom>
        </sn>
      </sp>
    </S>
    <f lem="." pos="fp" punct="period" wd="."/>
  </sentence>
  <sentence>
    <grup.verb>
      <v lem="caber" lss="C11.state-existential" mood="indicative" num="s" person="3" pos="vmii3s0" postype="main" tense="imperfect" wd="Cabía"/>
    </grup.verb>
    <S arg="arg1" clausetype="completive" func="suj" impersonal="yes" tem="tem">
      <infinitiu>
        <v lem="esperar" lss="A21.transitive-agentive-patient" mood="infinitive" pos="vmn0000" postype="main" wd="esperar"/>
      </infinitiu>
      <sn arg="arg1" entityref="nne" func="cd" tem="pat">
        <grup.nom gen="m" num="s">
          <p gen="c" lem="algo" num="s" pos="pi0cs000" postype="indefinite" wd="algo"/>
          <sadv>
            <grup.adv>
              <r lem="más" pos="rg" wd="más"/>
            </grup.adv>
          </sadv>
        </grup.nom>
      </sn>
    </S>
    <f lem="." pos="fp" punct="period" wd="."/>
  </sentence>
</article>
