<?xml version="1.0" encoding="UTF-8"?>
<!-- 

  ancora-2.0
       
			Copyright (C) 2007, 2008, 2009, 2010, 2011 UB - CLiC
			Centre de Llenguatge i Computació - Universitat de Barcelona
 
  This file is part of ancora-2.0.
 
  ancora-2.0 is free software and data: you can redistribute it and/or modify
  it under the terms of the GNU General Public License as published
  by the Free Software Foundation, either version 3 of the License,
  or (at your option) any later version.

  ancora-2.0 is distributed in the hope that it will be useful,
  but WITHOUT ANY WARRANTY; without even the implied warranty of
  MERCHANTABILITY or FITNESS FOR A PARTICULAR PURPOSE.  See the
  GNU General Public License for more details.
 
  You should have received a copy of the GNU General Public License
  along with ancora-2.0.  If not, see &lt;http://www.gnu.org/licenses/&gt;.
 
  Check a text in catalan explaining the terms of the license at http://www.softcatala.cat/wiki/GPL3.
  In spanish at http://www.viti.es/gnu/licenses/gpl.html
 

  The following paper must be cited when using this corpus:

 * Taulé, M., M.A. Martí, M. Recasens (2008) 'Ancora: Multilevel Annotated Corpora for Catalan and Spanish',
   Proceedings of 6th International Conference on Language Resources and Evaluation. Marrakesh (Morocco).

  In addition, the following paper must be cited if coreference information (attributes entity, coreftype,
  corefsubtype, homophoricDD or entityref) is used:

 * Recasens, Marta, M. Antònia Martí (2010) ‘AnCora-CO: Coreferentially annotated corpora for Spanish and
   Catalan’. Language Resources and Evaluation, Springer Science.

  Additionally, the following paper must be cited when argumental attributes in "sn" or "grup.nom"
  (attributes func, arg, tem or lexicalid) are used:

 * Peris, Aina, Mariona Taulé, Horacio Rodríguez (2010) ‘Semantic Annotation of Deverbal Nominalizations in the
   Spanish AnCora corpus’. Treebanks and Linguistic Theories (TLT-2010), Estonia.
-->
<article lng="es">
  <sentence>
    <sp arg="argM" func="cc" tem="tmp">
      <prep>
        <s lem="con" pos="sps00" postype="preposition" wd="Con"/>
      </prep>
      <sn entityref="nne" homophoricDD="yes">
        <spec gen="f" num="s">
          <d gen="f" lem="el" num="s" pos="da0fs0" postype="article" wd="la"/>
        </spec>
        <grup.nom gen="f" num="s">
          <n gen="f" lem="conformidad" num="s" pos="ncfs000" postype="common" sense="16:00756155" wd="conformidad"/>
          <sp>
            <prep>
              <s lem="de" pos="sps00" postype="preposition" wd="de"/>
            </prep>
            <sn complex="yes" entity="entity1">
              <grup.nom coord="yes">
                <grup.nom>
                  <n lem="Catalunya" ne="organization" pos="np00000" postype="proper" wd="Catalunya"/>
                </grup.nom>
                <f lem="," pos="fc" punct="comma" wd=","/>
                <grup.nom>
                  <n lem="Valencia" ne="organization" pos="np00000" postype="proper" wd="Valencia"/>
                </grup.nom>
                <f lem="," pos="fc" punct="comma" wd=","/>
                <grup.nom>
                  <n lem="Murcia" ne="organization" pos="np00000" postype="proper" wd="Murcia"/>
                </grup.nom>
                <conj conjunctiontype="coordinating">
                  <c lem="y" pos="cc" postype="coordinating" wd="y"/>
                </conj>
                <grup.nom entity="entity9">
                  <n lem="Andalucía" ne="organization" pos="np00000" postype="proper" wd="Andalucía"/>
                </grup.nom>
              </grup.nom>
            </sn>
          </sp>
          <sp>
            <prep>
              <s lem="a" pos="sps00" postype="preposition" wd="a"/>
            </prep>
            <sn entityref="nne" homophoricDD="yes">
              <spec gen="m" num="p">
                <d gen="m" lem="el" num="p" pos="da0mp0" postype="article" wd="los"/>
              </spec>
              <grup.nom gen="m" num="p">
                <n gen="m" lem="trasvase" lexicalid="noun.trasvase.1.default" num="p" origin="deverbal" pos="ncmp000" postype="common" sense="16:50000186" wd="trasvases"/>
                <sp arg="arg1" func="cn" tem="pat">
                  <prep>
                    <s lem="de" pos="sps00" postype="preposition" wd="de"/>
                  </prep>
                  <sn>
                    <grup.nom gen="f" num="s">
                      <n gen="f" lem="agua" num="s" pos="ncfs000" postype="common" sense="16:10650211" wd="agua"/>
                      <sp>
                        <prep>
                          <s contracted="yes" gen="m" lem="del" num="s" pos="spcms" postype="preposition" wd="del"/>
                        </prep>
                        <sn entityref="ne" ne="location">
                          <grup.nom gen="m" num="s">
                            <n lem="Ebro" ne="location" pos="np00000" postype="proper" wd="Ebro"/>
                          </grup.nom>
                        </sn>
                      </sp>
                    </grup.nom>
                  </sn>
                </sp>
              </grup.nom>
            </sn>
          </sp>
        </grup.nom>
      </sn>
      <f lem="," pos="fc" punct="comma" wd=","/>
    </sp>
    <sn arg="arg0" entity="entity6" entityref="ne" func="suj" ne="other" tem="agt">
      <spec gen="m" num="s">
        <d gen="m" lem="el" num="s" pos="da0ms0" postype="article" wd="el"/>
      </spec>
      <grup.nom gen="m" num="s">
        <n lem="Plan_Hidrológico_Nacional" ne="other" pos="np00000" postype="proper" wd="Plan_Hidrológico_Nacional"/>
      </grup.nom>
    </sn>
    <grup.verb>
      <v lem="empezar" mood="indicative" num="s" person="3" pos="vmip3s0" postype="main" tense="present" wd="empieza"/>
      <s lem="a" pos="sps00" postype="preposition" wd="a"/>
      <infinitiu>
        <v lem="dar" lss="A21.transitive-agentive-patient" mood="infinitive" pos="vmn0000" postype="main" wd="dar"/>
      </infinitiu>
    </grup.verb>
    <sn arg="arg1" entityref="nne" func="cd" tem="pat">
      <spec arg="arg0" gen="m" num="p" tem="agt">
        <d coreftype="ident" entity="entity6" entityref="spec" gen="c" lem="su" num="p" person="3" pos="dp3cp0" postype="possessive" wd="sus"/>
      </spec>
      <grup.nom gen="m" num="p">
        <s.a func="cn" gen="m" num="p">
          <grup.a gen="m" num="p">
            <a gen="m" lem="primero" num="p" pos="ao0mp0" postype="ordinal" wd="primeros"/>
          </grup.a>
        </s.a>
        <n gen="m" lem="paso" lexicalid="noun.paso.2.default" num="p" origin="deverbal" pos="ncmp000" postype="common" sense="16:00107819" wd="pasos"/>
      </grup.nom>
    </sn>
    <f lem="." pos="fp" punct="period" wd="."/>
  </sentence>
  <sentence>
    <sn arg="arg1" coreftype="ident" elliptic="yes" entity="entity1" entityref="spec" func="suj" tem="tem"/>
    <grup.verb>
      <v lem="ser" lss="C21.state-attributive" mood="indicative" num="p" person="3" pos="vsip3p0" postype="semiauxiliary" tense="present" wd="Son"/>
    </grup.verb>
    <sn arg="arg2" corefsubtype="indefinit" coreftype="pred" entity="entity1" func="atr" tem="atr">
      <grup.nom gen="f" num="p">
        <n gen="f" lem="región" num="p" pos="ncfp000" postype="common" sense="16:06358701" wd="regiones"/>
        <s.a gen="f" num="p">
          <grup.a gen="f" num="p">
            <a gen="f" lem="deficitario" num="p" pos="aq0fp0" postype="qualificative" wd="deficitarias"/>
            <sp>
              <prep>
                <s lem="en" pos="sps00" postype="preposition" wd="en"/>
              </prep>
              <sn entityref="nne">
                <grup.nom gen="m" num="p">
                  <n gen="m" lem="recurso" lexicalid="noun.recurso.1.default" num="p" origin="deverbal" pos="ncmp000" postype="common" sense="16:09598145" wd="recursos"/>
                  <s.a arg="arg1" func="cn" gen="m" num="p" tem="tem">
                    <grup.a gen="m" num="p">
                      <a gen="m" lem="hídrico" num="p" pos="aq0mp0" postype="qualificative" wd="hídricos"/>
                    </grup.a>
                  </s.a>
                </grup.nom>
              </sn>
            </sp>
          </grup.a>
        </s.a>
        <S clausetype="relative">
          <relatiu arg="arg0" coreftype="ident" entity="entity1" entityref="spec" func="suj" tem="agt">
            <p gen="c" lem="que" num="c" pos="pr0cn000" postype="relative" wd="que"/>
          </relatiu>
          <sadv arg="argM" func="cc" tem="adv">
            <grup.adv>
              <r lem="curiosamente" pos="rg" wd="curiosamente"/>
            </grup.adv>
          </sadv>
          <grup.verb>
            <v lem="alcanzar" lss="A21.transitive-agentive-patient" mood="indicative" num="p" person="3" pos="vmip3p0" postype="main" tense="present" wd="alcanzan"/>
          </grup.verb>
          <sn arg="arg1" entityref="nne" func="cd" tem="pat">
            <spec gen="m" num="s">
              <d gen="m" lem="uno" num="s" pos="di0ms0" postype="indefinite" wd="un"/>
            </spec>
            <grup.nom gen="m" num="s">
              <s.a gen="m" num="s">
                <grup.a gen="m" num="s">
                  <a gen="m" lem="alto" num="s" pos="aq0ms0" postype="qualificative" wd="alto"/>
                </grup.a>
              </s.a>
              <n gen="m" lem="volumen" num="s" pos="ncms000" postype="common" sense="16:03977751" wd="volumen"/>
              <sp>
                <prep>
                  <s lem="de" pos="sps00" postype="preposition" wd="de"/>
                </prep>
                <sn>
                  <grup.nom gen="f" num="s">
                    <n gen="f" lem="exportación" lexicalid="noun.exportación.1.default" num="s" origin="deverbal" pos="ncfs000" postype="common" sense="16:02653164" wd="exportación"/>
                    <sp arg="arg1" func="cn" tem="pat">
                      <prep>
                        <s lem="de" pos="sps00" postype="preposition" wd="de"/>
                      </prep>
                      <sn entityref="nne">
                        <grup.nom gen="m" num="p">
                          <n gen="m" lem="producto" num="p" pos="ncmp000" postype="common" sense="16:03175725" wd="productos"/>
                          <s.a gen="m" num="p">
                            <grup.a gen="m" num="p">
                              <a gen="m" lem="agrario" num="p" pos="aq0mp0" postype="qualificative" wd="agrarios"/>
                            </grup.a>
                          </s.a>
                        </grup.nom>
                      </sn>
                    </sp>
                  </grup.nom>
                </sn>
              </sp>
            </grup.nom>
          </sn>
        </S>
      </grup.nom>
    </sn>
    <f lem="." pos="fp" punct="period" wd="."/>
  </sentence>
  <sentence>
    <conj conjunctiontype="coordinating" func="et">
      <c lem="pero" pos="cc" postype="coordinating" wd="Pero"/>
    </conj>
    <sn arg="arg1" entityref="nne" func="suj" tem="tem">
      <spec gen="f" num="p">
        <d gen="f" lem="el" num="p" pos="da0fp0" postype="article" wd="las"/>
      </spec>
      <grup.nom gen="f" num="p">
        <n gen="f" lem="reacción" lexicalid="noun.reacción.1.default" num="p" origin="deverbal" pos="ncfp000" postype="common" sense="16:04544561" wd="reacciones"/>
      </grup.nom>
    </sn>
    <neg func="mod">
      <r lem="no" pos="rn" postype="negative" wd="no"/>
    </neg>
    <grup.verb>
      <v lem="haber" mood="indicative" num="p" person="3" pos="vaip3p0" postype="auxiliary" tense="present" wd="han"/>
      <v gen="m" lem="ser" lss="C21.state-attributive" mood="participle" num="s" pos="vsp00sm" postype="semiauxiliary" wd="sido"/>
    </grup.verb>
    <sa arg="arg2" func="atr" tem="atr">
      <sn adjunct="yes">
        <grup.nom gen="f" num="p">
          <p gen="f" lem="todo" num="p" pos="pi0fp000" postype="indefinite" wd="todas"/>
        </grup.nom>
      </sn>
      <sa>
        <grup.a>
          <a gen="c" lem="favorable" num="p" pos="aq0cp0" postype="qualificative" wd="favorables"/>
        </grup.a>
      </sa>
    </sa>
    <f lem="." pos="fp" punct="period" wd="."/>
  </sentence>
  <sentence>
    <sn arg="arg0" entity="entity2" entityref="ne" func="suj" ne="organization" tem="agt">
      <grup.nom>
        <n lem="Aragón" ne="organization" pos="np00000" postype="proper" wd="Aragón"/>
      </grup.nom>
    </sn>
    <grup.verb>
      <v lem="decir" lss="A32.ditransitive-patient-benefactive" mood="indicative" num="s" person="3" pos="vmip3s0" postype="main" tense="present" wd="dice"/>
    </grup.verb>
    <S arg="arg1" clausetype="completive" func="cd" tem="pat" verbless="yes">
      <conj conjunctiontype="subordinating">
        <c lem="que" pos="cs" postype="subordinating" wd="que"/>
      </conj>
      <neg>
        <r lem="no" pos="rn" postype="negative" wd="no"/>
      </neg>
    </S>
    <f lem="." pos="fp" punct="period" wd="."/>
  </sentence>
  <sentence entity="entity4">
    <sn arg="arg0" coreftype="ident" elliptic="yes" entity="entity2" entityref="spec" func="suj" tem="agt"/>
    <morfema.pronominal>
      <p gen="c" lem="él" num="c" person="3" pos="p0300000" wd="Se"/>
    </morfema.pronominal>
    <grup.verb>
      <v lem="oponer" lss="A34.ditransitive-patient-theme" mood="indicative" num="s" person="3" pos="vmip3s0" postype="main" tense="present" wd="opone"/>
    </grup.verb>
    <sp arg="arg2" func="creg" tem="tem">
      <prep>
        <s lem="a" pos="sps00" postype="preposition" wd="a"/>
      </prep>
      <S clausetype="completive">
        <conj conjunctiontype="subordinating">
          <c lem="que" pos="cs" postype="subordinating" wd="que"/>
        </conj>
        <morfema.verbal func="pass">
          <p gen="c" lem="se" num="c" pos="p0000000" wd="se"/>
        </morfema.verbal>
        <grup.verb>
          <v lem="aprovechar" lss="B22.unaccusative-passive-transitive" mood="imperative" num="s" person="3" pos="vmm03s0" postype="main" wd="aproveche"/>
        </grup.verb>
        <sn arg="arg1" entity="entity3" entityref="nne" func="suj" homophoricDD="yes" tem="pat">
          <spec gen="m" num="s">
            <d gen="m" lem="el" num="s" pos="da0ms0" postype="article" wd="el"/>
          </spec>
          <grup.nom gen="f" num="s">
            <n gen="f" lem="agua" num="s" pos="ncfs000" postype="common" sense="16:10650211" wd="agua"/>
            <S clausetype="relative">
              <relatiu arg="arg1" coreftype="ident" entity="entity3" entityref="nne" func="suj" tem="tem">
                <p gen="c" lem="que" num="c" pos="pr0cn000" postype="relative" wd="que"/>
              </relatiu>
              <grup.verb>
                <v lem="salir" lss="B11.unaccusative-motion" mood="indicative" num="s" person="3" pos="vmip3s0" postype="main" tense="present" wd="sale"/>
              </grup.verb>
              <sp arg="arg3" func="cc" tem="ori">
                <prep>
                  <s lem="de" pos="sps00" postype="preposition" wd="de"/>
                </prep>
                <sn entityref="nne">
                  <spec gen="f" num="s">
                    <d coreftype="ident" entity="entity2" entityref="spec" gen="c" lem="su" num="s" person="3" pos="dp3cs0" postype="possessive" wd="su"/>
                  </spec>
                  <grup.nom gen="f" num="s">
                    <n gen="f" lem="región" num="s" pos="ncfs000" postype="common" sense="16:50004689" wd="región"/>
                  </grup.nom>
                </sn>
              </sp>
            </S>
          </grup.nom>
        </sn>
      </S>
    </sp>
    <f lem="." pos="fp" punct="period" wd="."/>
  </sentence>
  <sentence>
    <sn arg="arg1" corefsubtype="token" coreftype="dx" elliptic="yes" entity="entity4" entityref="nne" func="suj" tem="tem"/>
    <grup.verb>
      <v lem="ser" lss="C21.state-attributive" mood="indicative" num="s" person="3" pos="vsip3s0" postype="semiauxiliary" tense="present" wd="Es"/>
    </grup.verb>
    <sn arg="arg2" corefsubtype="indefinit" coreftype="pred" entity="entity4" func="atr" tem="atr">
      <spec gen="m" num="s">
        <d gen="m" lem="uno" num="s" pos="di0ms0" postype="indefinite" wd="un"/>
      </spec>
      <grup.nom gen="f" num="s">
        <n gen="f" lem="arma" num="s" pos="ncfs000" postype="common" sense="16:05408794" wd="arma"/>
        <sp>
          <prep>
            <s lem="de" pos="sps00" postype="preposition" wd="de"/>
          </prep>
          <sn>
            <grup.nom gen="f" num="s">
              <n gen="f" lem="presión" lexicalid="noun.presión.1.default" num="s" origin="deverbal" pos="ncfs000" postype="common" sense="16:00072419" wd="presión"/>
              <s.a func="cn" gen="f" num="s">
                <grup.a gen="f" num="s">
                  <a gen="f" lem="político" num="s" pos="aq0fs0" postype="qualificative" wd="política"/>
                </grup.a>
              </s.a>
            </grup.nom>
          </sn>
        </sp>
        <sp>
          <prep>
            <s lem="para" pos="sps00" postype="preposition" wd="para"/>
          </prep>
          <S clausetype="completive" impersonal="yes">
            <neg func="mod">
              <r lem="no" pos="rn" postype="negative" wd="no"/>
            </neg>
            <infinitiu>
              <v lem="quedar" lss="C21.state-attributive" mood="infinitive" pos="vmn0000" postype="main" wd="quedar"/>
            </infinitiu>
            <S arg="arg2" clausetype="participle" func="cpred" impersonal="yes" tem="atr">
              <participi>
                <a gen="f" lem="marginado" num="s" pos="aq0fsp" posfunction="participle" postype="qualificative" wd="marginada"/>
              </participi>
            </S>
            <sp arg="argM" func="cc" tem="fin">
              <prep>
                <s lem="cara_a" pos="sps00" postype="preposition" wd="cara_a"/>
              </prep>
              <sn entity="entity5" entityref="nne" homophoricDD="yes">
                <spec gen="f" num="p">
                  <d gen="f" lem="el" num="p" pos="da0fp0" postype="article" wd="las"/>
                </spec>
                <grup.nom gen="f" num="p">
                  <n gen="f" lem="inversión" lexicalid="noun.inversión.2.default" num="p" origin="deverbal" pos="ncfp000" postype="common" sense="16:00712429" wd="inversiones"/>
                  <s.a arg="arg0" func="cn" gen="f" num="p" tem="agt">
                    <grup.a gen="f" num="p">
                      <a gen="f" lem="público" num="p" pos="aq0fp0" postype="qualificative" wd="públicas"/>
                    </grup.a>
                  </s.a>
                  <S clausetype="relative" func="cn">
                    <sp arg="arg1" func="creg" tem="tem">
                      <prep>
                        <s lem="a" pos="sps00" postype="preposition" wd="a"/>
                      </prep>
                      <sn coreftype="ident" entity="entity5" entityref="nne">
                        <spec gen="f" num="p">
                          <d gen="f" lem="el" num="p" pos="da0fp0" postype="article" wd="las"/>
                        </spec>
                        <grup.nom gen="f" num="p">
                          <relatiu>
                            <p gen="c" lem="que" num="c" pos="pr0cn000" postype="relative" wd="que"/>
                          </relatiu>
                        </grup.nom>
                      </sn>
                    </sp>
                    <sn arg="arg0" coreftype="ident" elliptic="yes" entity="entity2" entityref="spec" func="suj" tem="agt"/>
                    <sadv arg="argM" func="cc" tem="adv">
                      <grup.adv>
                        <r lem="justamente" pos="rg" wd="justamente"/>
                      </grup.adv>
                    </sadv>
                    <grup.verb>
                      <v lem="aspirar" lss="A22.transitive-agentive-theme" mood="indicative" num="s" person="3" pos="vmip3s0" postype="main" tense="present" wd="aspira"/>
                    </grup.verb>
                    <sp arg="argM" func="cc" tem="fin">
                      <prep>
                        <s lem="para" pos="sps00" postype="preposition" wd="para"/>
                      </prep>
                      <sn entityref="nne">
                        <spec arg="arg0" gen="m" num="s" tem="agt">
                          <d coreftype="ident" entity="entity2" entityref="spec" gen="c" lem="su" num="s" person="3" pos="dp3cs0" postype="possessive" wd="su"/>
                        </spec>
                        <grup.nom gen="m" num="s">
                          <n gen="m" lem="desarrollo" lexicalid="noun.desarrollo.4.default" num="s" origin="deverbal" pos="ncms000" postype="common" sense="16:00160202" wd="desarrollo"/>
                        </grup.nom>
                      </sn>
                    </sp>
                  </S>
                </grup.nom>
              </sn>
            </sp>
          </S>
        </sp>
      </grup.nom>
    </sn>
    <f lem="." pos="fp" punct="period" wd="."/>
  </sentence>
  <sentence>
    <conj conjunctiontype="coordinating" func="et">
      <c lem="y" pos="cc" postype="coordinating" wd="Y"/>
    </conj>
    <sn arg="arg0" coreftype="ident" elliptic="yes" entity="entity2" entityref="spec" func="suj" tem="agt"/>
    <grup.verb>
      <v lem="deber" mood="indicative" num="s" person="3" pos="vmip3s0" postype="main" tense="present" wd="debe"/>
      <infinitiu>
        <v coreftype="ident" entity="entity5" lem="recibir" lss="A21.transitive-agentive-patient" mood="infinitive" pos="vmn0000" postype="main" wd="recibirlas"/>
      </infinitiu>
    </grup.verb>
    <f lem="." pos="fp" punct="period" wd="."/>
  </sentence>
  <sentence>
    <sadv func="et">
      <grup.adv>
        <r lem="de_hecho" pos="rg" wd="De_hecho"/>
      </grup.adv>
      <f lem="," pos="fc" punct="comma" wd=","/>
    </sadv>
    <sadv arg="argM" func="cc" tem="tmp">
      <grup.adv>
        <r lem="ya" pos="rg" wd="ya"/>
      </grup.adv>
    </sadv>
    <sn arg="arg1" coreftype="ident" elliptic="yes" entity="entity2" entityref="spec" func="suj" tem="tem"/>
    <grup.verb>
      <v lem="figurar" lss="C11.state-existential" mood="indicative" num="s" person="3" pos="vmip3s0" postype="main" tense="present" wd="figura"/>
    </grup.verb>
    <sp arg="arg2" func="cc" tem="loc">
      <prep>
        <s lem="en" pos="sps00" postype="preposition" wd="en"/>
      </prep>
      <sn entityref="nne">
        <grup.nom gen="m" num="s">
          <s.a gen="m" num="s">
            <grup.a gen="m" num="s">
              <a gen="m" lem="segundo" num="s" pos="ao0ms0" postype="ordinal" wd="segundo"/>
            </grup.a>
          </s.a>
          <n gen="m" lem="lugar" num="s" pos="ncms000" postype="common" sense="16:06352837" wd="lugar"/>
          <sp>
            <prep>
              <s lem="en" pos="sps00" postype="preposition" wd="en"/>
            </prep>
            <sn entityref="nne" homophoricDD="yes">
              <spec gen="f" num="p">
                <d gen="f" lem="el" num="p" pos="da0fp0" postype="article" wd="las"/>
              </spec>
              <grup.nom gen="f" num="p">
                <n gen="f" lem="previsión" lexicalid="noun.previsión.1.default" num="p" origin="deverbal" pos="ncfp000" postype="common" sense="16:04453620" wd="previsiones"/>
                <sp arg="arg1" func="cn" tem="pat">
                  <prep>
                    <s lem="de" pos="sps00" postype="preposition" wd="de"/>
                  </prep>
                  <sn>
                    <grup.nom gen="m" num="p">
                      <n gen="m" lem="gasto" lexicalid="noun.gasto.1.default" num="p" origin="deverbal" pos="ncmp000" postype="common" sense="16:00726534" wd="gastos"/>
                      <sp arg="arg0" func="cn" tem="agt">
                        <prep>
                          <s lem="por" pos="sps00" postype="preposition" wd="por"/>
                        </prep>
                        <sn>
                          <grup.nom gen="f" num="p">
                            <n gen="f" lem="comunidad" num="p" pos="ncfp000" postype="common" sense="16:06104982" wd="comunidades"/>
                          </grup.nom>
                        </sn>
                      </sp>
                    </grup.nom>
                  </sn>
                </sp>
                <S clausetype="participle" func="cn" impersonal="yes">
                  <participi>
                    <a gen="f" lem="fijado" lss="B22.unaccusative-passive-transitive" num="p" pos="aq0fpp" posfunction="participle" postype="qualificative" wd="fijadas"/>
                  </participi>
                  <sp arg="argM" func="cc" tem="loc">
                    <prep>
                      <s lem="en" pos="sps00" postype="preposition" wd="en"/>
                    </prep>
                    <sn coreftype="ident" entity="entity6" entityref="spec">
                      <spec gen="m" num="s">
                        <d gen="m" lem="el" num="s" pos="da0ms0" postype="article" wd="el"/>
                      </spec>
                      <grup.nom gen="m" num="s">
                        <n gen="m" lem="plan" num="s" pos="ncms000" postype="common" sense="16:04494752" wd="plan"/>
                      </grup.nom>
                    </sn>
                  </sp>
                </S>
              </grup.nom>
            </sn>
          </sp>
        </grup.nom>
      </sn>
    </sp>
    <sadv arg="argM" func="cc" tem="loc">
      <f lem="," pos="fc" punct="comma" wd=","/>
      <grup.adv>
        <r lem="detrás" pos="rg" wd="detrás"/>
        <sp>
          <prep>
            <s lem="de" pos="sps00" postype="preposition" wd="de"/>
          </prep>
          <sn entityref="nne">
            <spec gen="f" num="p">
              <d gen="f" lem="el" num="p" pos="da0fp0" postype="article" wd="las"/>
            </spec>
            <grup.nom gen="f" num="p">
              <sp>
                <prep>
                  <s lem="de" pos="sps00" postype="preposition" wd="de"/>
                </prep>
                <sn coreftype="ident" entity="entity9" entityref="ne" ne="organization">
                  <grup.nom>
                    <n lem="Andalucía" ne="organization" pos="np00000" postype="proper" wd="Andalucía"/>
                  </grup.nom>
                </sn>
              </sp>
            </grup.nom>
          </sn>
        </sp>
      </grup.adv>
    </sadv>
    <f lem="." pos="fp" punct="period" wd="."/>
  </sentence>
  <sentence coord="yes" entity="entity10" verbless="yes">
    <S verbless="yes">
      <sn entityref="nne">
        <grup.nom gen="f" num="s">
          <n gen="f" lem="agua" num="s" pos="ncfs000" postype="common" sense="16:10650211" wd="Agua"/>
        </grup.nom>
      </sn>
      <sp>
        <prep>
          <s lem="para" pos="sps00" postype="preposition" wd="para"/>
        </prep>
        <sn entityref="nne" homophoricDD="yes">
          <spec gen="f" num="p">
            <d gen="f" lem="el" num="p" pos="da0fp0" postype="article" wd="las"/>
          </spec>
          <grup.nom gen="f" num="p">
            <n gen="f" lem="zona" num="p" pos="ncfp000" postype="common" sense="16:06395720" wd="zonas"/>
            <s.a gen="f" num="p">
              <grup.a gen="f" num="p">
                <a gen="f" lem="sediento" num="p" pos="aq0fp0" postype="qualificative" wd="sedientas"/>
              </grup.a>
            </s.a>
          </grup.nom>
        </sn>
      </sp>
    </S>
    <conj conjunctiontype="coordinating">
      <c lem="e" pos="cc" postype="coordinating" wd="e"/>
    </conj>
    <S verbless="yes">
      <sn entityref="nne">
        <grup.nom gen="f" num="p">
          <n gen="f" lem="inversión" lexicalid="noun.inversión.2.default" num="p" origin="deverbal" pos="ncfp000" postype="common" sense="16:09599330" wd="inversiones"/>
        </grup.nom>
      </sn>
      <sp>
        <prep>
          <s lem="para" pos="sps00" postype="preposition" wd="para"/>
        </prep>
        <sn coreftype="ident" entity="entity2" entityref="spec">
          <spec gen="f" num="s">
            <d gen="f" lem="uno" num="s" pos="di0fs0" postype="indefinite" wd="una"/>
          </spec>
          <grup.nom gen="f" num="s">
            <n gen="f" lem="región" num="s" pos="ncfs000" postype="common" sense="16:06358701" wd="región"/>
            <S clausetype="relative">
              <relatiu arg="arg0" coreftype="ident" entity="entity2" entityref="spec" func="suj" tem="agt">
                <p gen="c" lem="que" num="c" pos="pr0cn000" postype="relative" wd="que"/>
              </relatiu>
              <neg func="mod">
                <r lem="no" pos="rn" postype="negative" wd="no"/>
              </neg>
              <grup.verb>
                <v lem="querer" lss="A21.transitive-agentive-patient" mood="indicative" num="s" person="3" pos="vmip3s0" postype="main" tense="present" wd="quiere"/>
              </grup.verb>
              <S arg="arg1" clausetype="completive" func="cd" impersonal="yes" tem="pat">
                <infinitiu>
                  <v lem="quedar" lss="C21.state-attributive" mood="infinitive" pos="vmn0000" postype="main" wd="quedar"/>
                </infinitiu>
                <S arg="arg2" clausetype="participle" func="cpred" impersonal="yes" tem="atr">
                  <participi>
                    <a gen="f" lem="marginado" num="s" pos="aq0fsp" posfunction="participle" postype="qualificative" wd="marginada"/>
                  </participi>
                </S>
              </S>
            </S>
          </grup.nom>
        </sn>
      </sp>
    </S>
    <f lem="." pos="fp" punct="period" wd="."/>
  </sentence>
  <sentence>
    <sn arg="arg1" corefsubtype="token" coreftype="dx" elliptic="yes" entity="entity10" entityref="nne" func="suj" tem="tem"/>
    <grup.verb>
      <v lem="ser" lss="C21.state-attributive" mood="indicative" num="s" person="3" pos="vsip3s0" postype="semiauxiliary" tense="present" wd="Es"/>
    </grup.verb>
    <sa arg="arg2" func="atr" tem="atr">
      <grup.a>
        <a gen="m" lem="justo" num="s" pos="aq0ms0" postype="qualificative" wd="justo"/>
      </grup.a>
    </sa>
    <f lem="." pos="fp" punct="period" wd="."/>
  </sentence>
  <sentence verbless="yes">
    <sp>
      <prep>
        <s lem="a" pos="sps00" postype="preposition" wd="A"/>
      </prep>
      <S clausetype="completive" impersonal="yes">
        <infinitiu>
          <v lem="ver" lss="A21.transitive-agentive-patient" mood="infinitive" pos="vmn0000" postype="main" wd="ver"/>
        </infinitiu>
        <S arg="arg1" clausetype="completive" func="cd" tem="pat">
          <conj conjunctiontype="subordinating">
            <c lem="si" pos="cs" postype="subordinating" wd="si"/>
          </conj>
          <sn arg="arg0" elliptic="yes" entityref="nne" func="suj" tem="agt"/>
          <grup.verb>
            <v lem="conseguir" lss="A21.transitive-agentive-patient" mood="indicative" num="p" person="1" pos="vmip1p0" postype="main" tense="present" wd="conseguimos"/>
          </grup.verb>
          <S arg="arg1" clausetype="completive" func="cd" impersonal="yes" tem="pat">
            <infinitiu>
              <v lem="avanzar" lss="B22.unaccusative-passive-transitive" mood="infinitive" pos="vmn0000" postype="main" wd="avanzar"/>
            </infinitiu>
            <sp arg="arg2" func="cc" tem="loc">
              <prep>
                <s lem="en" pos="sps00" postype="preposition" wd="en"/>
              </prep>
              <sn coreftype="ident" entity="entity6" entityref="spec">
                <spec gen="m" num="s">
                  <d gen="m" lem="este" num="s" pos="dd0ms0" postype="demonstrative" wd="este"/>
                </spec>
                <grup.nom gen="m" num="s">
                  <n gen="m" lem="tema" num="s" pos="ncms000" postype="common" sense="16:04950638" wd="tema"/>
                </grup.nom>
              </sn>
            </sp>
            <sp arg="argM" func="cc" tem="adv">
              <prep>
                <s lem="sin" pos="sps00" postype="preposition" wd="sin"/>
              </prep>
              <sn complex="yes">
                <grup.nom coord="yes">
                  <grup.nom gen="f" num="p">
                    <n gen="f" lem="disputa" lexicalid="noun.disputa.1.default" num="p" origin="deverbal" pos="ncfp000" postype="common" sense="16:05369177" wd="disputas"/>
                  </grup.nom>
                  <conj conjunctiontype="coordinating">
                    <c lem="ni" pos="cc" postype="coordinating" wd="ni"/>
                  </conj>
                  <grup.nom gen="f" num="p">
                    <n gen="f" lem="demagogia" num="p" pos="ncfp000" postype="common" sense="16:05371608" wd="demagogias"/>
                  </grup.nom>
                </grup.nom>
              </sn>
            </sp>
          </S>
        </S>
      </S>
    </sp>
    <f lem="." pos="fp" punct="period" wd="."/>
  </sentence>
</article>
