<?xml version="1.0" encoding="UTF-8"?>
<!-- 

  ancora-2.0
       
			Copyright (C) 2007, 2008, 2009, 2010, 2011 UB - CLiC
			Centre de Llenguatge i Computació - Universitat de Barcelona
 
  This file is part of ancora-2.0.
 
  ancora-2.0 is free software and data: you can redistribute it and/or modify
  it under the terms of the GNU General Public License as published
  by the Free Software Foundation, either version 3 of the License,
  or (at your option) any later version.

  ancora-2.0 is distributed in the hope that it will be useful,
  but WITHOUT ANY WARRANTY; without even the implied warranty of
  MERCHANTABILITY or FITNESS FOR A PARTICULAR PURPOSE.  See the
  GNU General Public License for more details.
 
  You should have received a copy of the GNU General Public License
  along with ancora-2.0.  If not, see &lt;http://www.gnu.org/licenses/&gt;.
 
  Check a text in catalan explaining the terms of the license at http://www.softcatala.cat/wiki/GPL3.
  In spanish at http://www.viti.es/gnu/licenses/gpl.html
 

  The following paper must be cited when using this corpus:

 * Taulé, M., M.A. Martí, M. Recasens (2008) 'Ancora: Multilevel Annotated Corpora for Catalan and Spanish',
   Proceedings of 6th International Conference on Language Resources and Evaluation. Marrakesh (Morocco).

  In addition, the following paper must be cited if coreference information (attributes entity, coreftype,
  corefsubtype, homophoricDD or entityref) is used:

 * Recasens, Marta, M. Antònia Martí (2010) ‘AnCora-CO: Coreferentially annotated corpora for Spanish and
   Catalan’. Language Resources and Evaluation, Springer Science.

  Additionally, the following paper must be cited when argumental attributes in "sn" or "grup.nom"
  (attributes func, arg, tem or lexicalid) are used:

 * Peris, Aina, Mariona Taulé, Horacio Rodríguez (2010) ‘Semantic Annotation of Deverbal Nominalizations in the
   Spanish AnCora corpus’. Treebanks and Linguistic Theories (TLT-2010), Estonia.
-->
<article lng="es">
  <sentence>
    <s.a discid="1c" gen="m" num="s">
      <S clausetype="participle" impersonal="yes">
        <participi>
          <a gen="m" lem="cansado" num="s" pos="aq0msp" posfunction="participle" postype="qualificative" wd="Cansado"/>
        </participi>
      </S>
      <conj conjunctiontype="coordinating">
        <c lem="pero" pos="cc" postype="coordinating" wd="pero"/>
      </conj>
      <s.a gen="m" num="s">
        <grup.a gen="m" num="s">
          <a gen="m" lem="contento" num="s" pos="aq0ms0" postype="qualificative" wd="contento"/>
        </grup.a>
      </s.a>
      <f lem="," pos="fc" punct="comma" wd=","/>
    </s.a>
    <sn arg="arg0" entity="entity1" entityref="ne" func="suj" ne="person" tem="agt">
      <spec gen="m" num="s">
        <d gen="m" lem="el" num="s" pos="da0ms0" postype="article" wd="el"/>
      </spec>
      <grup.nom discid="1n" gen="m" num="s">
        <n gen="c" lem="percusionista" num="s" pos="nccs000" postype="common" sense="16:07467986" wd="percusionista"/>
        <s.a gen="m" num="s">
          <grup.a gen="m" num="s">
            <a gen="m" lem="español" num="s" pos="aq0ms0" postype="qualificative" wd="español"/>
          </grup.a>
        </s.a>
        <sn entityref="ne" ne="person">
          <grup.nom gen="m" num="s">
            <n lem="Salvador_Niebla" ne="person" pos="np00000" postype="proper" wd="Salvador_Niebla"/>
          </grup.nom>
        </sn>
      </grup.nom>
    </sn>
    <grup.verb>
      <v lem="establecer" lss="A21.transitive-agentive-patient" mood="indicative" num="s" person="3" pos="vmis3s0" postype="main" tense="past" wd="estableció"/>
    </grup.verb>
    <sadv arg="argM" func="cc" tem="tmp">
      <grup.adv>
        <r lem="ayer" pos="rg" wd="ayer"/>
      </grup.adv>
    </sadv>
    <sn arg="arg1" entity="entity2" entityref="spec" func="cd" tem="pat">
      <spec gen="m" num="s">
        <d gen="m" lem="uno" num="s" pos="di0ms0" postype="indefinite" wd="un"/>
      </spec>
      <grup.nom gen="m" num="s">
        <s.a gen="m" num="s">
          <grup.a gen="m" num="s">
            <a gen="m" lem="nuevo" num="s" pos="aq0ms0" postype="qualificative" wd="nuevo"/>
          </grup.a>
        </s.a>
        <n gen="m" lem="récord" num="s" pos="ncms000" postype="common" sense="16:00036443" wd="récord"/>
        <s.a gen="m" num="s">
          <grup.a gen="m" num="s">
            <n lem="Guinness" ne="other" pos="np00000" postype="proper" wd="Guinness"/>
          </grup.a>
        </s.a>
      </grup.nom>
    </sn>
    <f lem="." pos="fp" punct="period" wd="."/>
  </sentence>
  <sentence>
    <sn arg="arg1" coreftype="ident" elliptic="yes" entity="entity1" entityref="spec" func="suj" tem="tem"/>
    <grup.verb>
      <v lem="haber" mood="indicative" num="s" person="3" pos="vaip3s0" postype="auxiliary" tense="present" wd="Ha"/>
      <v gen="m" lem="estar" mood="participle" num="s" pos="vmp00sm" postype="main" wd="estado"/>
      <sn arg="argM" entityref="ne" func="cc" ne="number" tem="tmp">
        <spec gen="f" num="p">
          <z lem="27" ne="number" wd="27"/>
        </spec>
        <grup.nom gen="f" num="p">
          <n gen="f" lem="hora" num="p" pos="ncfp000" postype="common" sense="16:10938063" wd="horas"/>
        </grup.nom>
      </sn>
      <gerundi>
        <v lem="tocar" lss="A22.transitive-agentive-theme" mood="gerund" pos="vmg0000" postype="main" wd="tocando"/>
      </gerundi>
    </grup.verb>
    <sadv arg="argM" func="cc" tem="mnr">
      <grup.adv>
        <r lem="ininterrumpidamente" pos="rg" wd="ininterrumpidamente"/>
      </grup.adv>
    </sadv>
    <sn arg="arg1" entity="entity3" entityref="nne" func="cd" homophoricDD="yes" tem="pat">
      <spec gen="f" num="s">
        <d gen="f" lem="el" num="s" pos="da0fs0" postype="article" wd="la"/>
      </spec>
      <grup.nom gen="f" num="s">
        <n gen="f" lem="batería" num="s" pos="ncfs000" postype="common" sense="16:50000043" wd="batería"/>
      </grup.nom>
    </sn>
    <sp arg="argM" func="cc" tem="loc">
      <prep>
        <s lem="en" pos="sps00" postype="preposition" wd="en"/>
      </prep>
      <sn entity="entity5" entityref="ne" ne="location">
        <spec gen="f" num="s">
          <d gen="f" lem="el" num="s" pos="da0fs0" postype="article" wd="la"/>
        </spec>
        <grup.nom gen="f" num="s">
          <n lem="FNAC" ne="location" pos="np00000" postype="proper" wd="FNAC"/>
        </grup.nom>
      </sn>
    </sp>
    <f lem="." pos="fp" punct="period" wd="."/>
  </sentence>
  <sentence coord="yes">
    <S>
      <sn arg="arg0" coreftype="ident" elliptic="yes" entity="entity1" entityref="spec" func="suj" tem="agt"/>
      <grup.verb>
        <v lem="empezar" lss="A21.transitive-agentive-patient" mood="indicative" num="s" person="3" pos="vmis3s0" postype="main" tense="past" wd="Empezó"/>
      </grup.verb>
      <sn arg="argM" entityref="ne" func="cc" ne="date" tem="tmp">
        <spec gen="m" num="s">
          <d gen="m" lem="el" num="s" pos="da0ms0" postype="article" wd="el"/>
        </spec>
        <grup.nom gen="m" num="s">
          <w lem="[viernes:??/??/??:??.??]" ne="date" wd="viernes"/>
          <sp>
            <prep>
              <s lem="a" pos="sps00" postype="preposition" wd="a"/>
            </prep>
            <sn entityref="nne" homophoricDD="yes">
              <spec gen="f" num="p">
                <d gen="f" lem="el" num="p" pos="da0fp0" postype="article" wd="las"/>
              </spec>
              <grup.nom gen="f" num="p">
                <p gen="c" lem="cinco" num="p" pos="pn0cp000" postype="numeral" wd="cinco"/>
                <sp>
                  <prep>
                    <s lem="de" pos="sps00" postype="preposition" wd="de"/>
                  </prep>
                  <sn entityref="nne">
                    <spec gen="f" num="s">
                      <d gen="f" lem="el" num="s" pos="da0fs0" postype="article" wd="la"/>
                    </spec>
                    <grup.nom gen="f" num="s">
                      <n gen="f" lem="tarde" num="s" pos="ncfs000" postype="common" sense="16:10885066" wd="tarde"/>
                    </grup.nom>
                  </sn>
                </sp>
              </grup.nom>
            </sn>
          </sp>
        </grup.nom>
      </sn>
    </S>
    <conj conjunctiontype="coordinating">
      <c lem="y" pos="cc" postype="coordinating" wd="y"/>
    </conj>
    <S>
      <sn arg="arg0" coreftype="ident" elliptic="yes" entity="entity1" entityref="spec" func="suj" tem="agt"/>
      <grup.verb>
        <v lem="terminar" lss="A21.transitive-agentive-patient" mood="indicative" num="s" person="3" pos="vmis3s0" postype="main" tense="past" wd="terminó"/>
      </grup.verb>
      <sadv arg="argM" func="cc" tem="tmp">
        <grup.adv>
          <r lem="anoche" pos="rg" wd="anoche"/>
          <S clausesubtype="suj" clausetype="participle">
            <f lem="," pos="fc" punct="comma" wd=","/>
            <grup.verb>
              <v gen="f" lem="pasar" lss="B22.unaccusative-passive-transitive" mood="participle" num="p" pos="vmp00pf" postype="main" wd="pasadas"/>
            </grup.verb>
            <sn arg="arg1" entityref="nne" func="suj" homophoricDD="yes" tem="pat">
              <spec gen="f" num="p">
                <d gen="f" lem="el" num="p" pos="da0fp0" postype="article" wd="las"/>
              </spec>
              <grup.nom gen="f" num="p">
                <n gen="f" lem="ocho" num="p" pos="ncfp000" postype="common" sense="16:cs4" wd="ocho"/>
              </grup.nom>
            </sn>
          </S>
        </grup.adv>
      </sadv>
    </S>
    <f lem="." pos="fp" punct="period" wd="."/>
  </sentence>
  <sentence>
    <sn arg="arg0" coreftype="ident" entity="entity1" entityref="spec" func="suj" tem="agt">
      <spec gen="m" num="s">
        <d gen="m" lem="el" num="s" pos="da0ms0" postype="article" wd="El"/>
      </spec>
      <grup.nom gen="m" num="s">
        <n gen="c" lem="percusionista" num="s" pos="nccs000" postype="common" sense="16:07467986" wd="percusionista"/>
      </grup.nom>
    </sn>
    <grup.verb>
      <v lem="lograr" lss="A21.transitive-agentive-patient" mood="indicative" num="s" person="3" pos="vmip3s0" postype="main" tense="present" wd="logra"/>
    </grup.verb>
    <sn arg="arg1" coreftype="ident" entity="entity2" entityref="ne" func="cd" ne="other" tem="pat">
      <spec gen="m" num="s">
        <d gen="m" lem="el" num="s" pos="da0ms0" postype="article" wd="el"/>
      </spec>
      <grup.nom gen="m" num="s">
        <n gen="m" lem="récord" num="s" pos="ncms000" postype="common" sense="16:00036443" wd="récord"/>
        <s.a gen="m" num="s">
          <grup.a gen="m" num="s">
            <n lem="Guinness" ne="other" pos="np00000" postype="proper" wd="Guinness"/>
          </grup.a>
        </s.a>
      </grup.nom>
    </sn>
    <sp arg="argM" func="cc" tem="adv">
      <prep>
        <s contracted="yes" gen="m" lem="al" num="s" pos="spcms" postype="preposition" wd="al"/>
      </prep>
      <S clausetype="completive" impersonal="yes">
        <infinitiu>
          <v lem="estar" mood="infinitive" pos="vmn0000" postype="main" wd="estar"/>
          <sn arg="argM" entityref="ne" func="cc" ne="number" tem="tmp">
            <spec gen="f" num="p">
              <z lem="27" ne="number" wd="27"/>
            </spec>
            <grup.nom gen="f" num="p">
              <n gen="f" lem="hora" num="p" pos="ncfp000" postype="common" sense="16:10938063" wd="horas"/>
            </grup.nom>
          </sn>
          <gerundi>
            <v lem="tocar" lss="A21.transitive-agentive-patient" mood="gerund" pos="vmg0000" postype="main" wd="tocando"/>
          </gerundi>
        </infinitiu>
        <sn arg="arg1" coreftype="ident" entity="entity3" entityref="nne" func="cd" homophoricDD="yes" tem="pat">
          <spec gen="f" num="s">
            <d gen="f" lem="el" num="s" pos="da0fs0" postype="article" wd="la"/>
          </spec>
          <grup.nom gen="f" num="s">
            <n gen="f" lem="batería" num="s" pos="ncfs000" postype="common" sense="16:50000043" wd="batería"/>
          </grup.nom>
        </sn>
      </S>
    </sp>
    <f lem="." pos="fp" punct="period" wd="."/>
  </sentence>
  <sentence>
    <sn arg="arg1" entity="entity4" entityref="nne" func="suj" homophoricDD="yes" tem="tem">
      <spec gen="f" num="s">
        <d gen="f" lem="el" num="s" pos="da0fs0" postype="article" wd="La"/>
      </spec>
      <grup.nom gen="f" num="s">
        <n gen="f" lem="pregunta" lexicalid="noun.pregunta.1.default" num="s" origin="deverbal" pos="ncfs000" postype="common" sense="16:05378080" wd="pregunta"/>
        <S clausetype="relative" func="cn">
          <relatiu arg="arg1" coreftype="ident" entity="entity4" entityref="nne" func="suj" num="p" tem="pat">
            <p gen="c" lem="que" num="c" pos="pr0cn000" postype="relative" wd="que"/>
          </relatiu>
          <sadv arg="argM" func="cc" tem="adv">
            <grup.adv>
              <r lem="más" pos="rg" wd="más"/>
            </grup.adv>
          </sadv>
          <morfema.verbal func="pass">
            <p gen="c" lem="se" num="c" pos="p0000000" wd="se"/>
          </morfema.verbal>
          <grup.verb>
            <v lem="escuchar" lss="B22.unaccusative-passive-transitive" mood="indicative" num="s" person="3" pos="vmis3s0" postype="main" tense="past" wd="escuchó"/>
          </grup.verb>
          <sp arg="argM" func="cc" tem="loc">
            <prep>
              <s lem="en" pos="sps00" postype="preposition" wd="en"/>
            </prep>
            <sn coreftype="ident" entity="entity5" entityref="ne" ne="location">
              <spec gen="f" num="s">
                <d gen="f" lem="el" num="s" pos="da0fs0" postype="article" wd="la"/>
              </spec>
              <grup.nom gen="f" num="s">
                <n lem="FNAC" ne="location" pos="np00000" postype="proper" wd="FNAC"/>
              </grup.nom>
            </sn>
          </sp>
          <sadv arg="argM" complex="yes" func="cc" tem="tmp">
            <grup.adv coord="yes">
              <grup.adv>
                <r lem="ayer" pos="rg" wd="ayer"/>
              </grup.adv>
              <conj conjunctiontype="coordinating">
                <c lem="y" pos="cc" postype="coordinating" wd="y"/>
              </conj>
              <grup.adv>
                <r lem="anteayer" pos="rg" wd="anteayer"/>
              </grup.adv>
            </grup.adv>
          </sadv>
        </S>
      </grup.nom>
    </sn>
    <grup.verb>
      <v lem="ser" lss="C21.state-attributive" mood="indicative" num="s" person="3" pos="vsis3s0" postype="semiauxiliary" tense="past" wd="fue"/>
    </grup.verb>
    <S arg="arg2" clausetype="completive" func="atr" tem="atr">
      <f lem="&quot;" pos="fe" punct="quotation" wd="&quot;"/>
      <f lem="¿" pos="fia" punct="questionmark" punctenclose="open" wd="¿"/>
      <grup.verb>
        <v lem="aguantar" lss="A21.transitive-agentive-patient" mood="indicative" num="s" person="3" pos="vmif3s0" postype="main" tense="future" wd="Aguantará"/>
      </grup.verb>
      <sn arg="arg0" coreftype="ident" elliptic="yes" entity="entity1" entityref="spec" func="suj" tem="agt"/>
      <f lem="?" pos="fit" punct="questionmark" punctenclose="close" wd="?"/>
      <f lem="&quot;" pos="fe" punct="quotation" wd="&quot;"/>
    </S>
    <f lem="." pos="fp" punct="period" wd="."/>
  </sentence>
  <sentence>
    <sn arg="arg0" entityref="nne" func="suj" tem="agt">
      <grup.nom gen="m" num="p">
        <p gen="m" lem="mucho" num="p" pos="pi0mp000" postype="indefinite" wd="Muchos"/>
      </grup.nom>
    </sn>
    <grup.verb>
      <v lem="dudar" lss="A22.transitive-agentive-theme" mood="indicative" num="p" person="3" pos="vmii3p0" postype="main" tense="imperfect" wd="dudaban"/>
    </grup.verb>
    <S arg="arg1" clausetype="completive" func="cd" tem="pat">
      <conj conjunctiontype="subordinating">
        <c lem="que" pos="cs" postype="subordinating" wd="que"/>
      </conj>
      <sn arg="arg0" coreftype="ident" entity="entity1" entityref="ne" func="suj" ne="person" tem="agt">
        <spec gen="m" num="s">
          <d gen="m" lem="el" num="s" pos="da0ms0" postype="article" wd="el"/>
        </spec>
        <grup.nom gen="m" num="s">
          <S clausetype="participle" impersonal="yes">
            <participi>
              <a gen="m" lem="destacado" num="s" pos="aq0msp" posfunction="participle" postype="qualificative" wd="destacado"/>
            </participi>
          </S>
          <n gen="c" lem="percusionista" num="s" pos="nccs000" postype="common" sense="16:07467986" wd="percusionista"/>
          <sn entityref="ne" ne="person">
            <grup.nom gen="m" num="s">
              <n lem="Salvador_Niebla" ne="person" pos="np00000" postype="proper" wd="Salvador_Niebla"/>
            </grup.nom>
          </sn>
        </grup.nom>
      </sn>
      <grup.verb>
        <v lem="poder" mood="subjunctive" num="s" person="3" pos="vmsi3s0" postype="main" tense="imperfect" wd="pudiera"/>
        <infinitiu>
          <v lem="establecer" lss="A21.transitive-agentive-patient" mood="infinitive" pos="vmn0000" postype="main" wd="establecer"/>
        </infinitiu>
      </grup.verb>
      <sn arg="arg1" coreftype="ident" entity="entity2" entityref="spec" func="cd" tem="pat">
        <spec gen="m" num="s">
          <d gen="m" lem="uno" num="s" pos="di0ms0" postype="indefinite" wd="un"/>
        </spec>
        <grup.nom gen="m" num="s">
          <s.a gen="m" num="s">
            <grup.a gen="m" num="s">
              <a gen="m" lem="nuevo" num="s" pos="aq0ms0" postype="qualificative" wd="nuevo"/>
            </grup.a>
          </s.a>
          <n gen="m" lem="récord" num="s" pos="ncms000" postype="common" sense="16:00036443" wd="récord"/>
          <s.a gen="m" num="s">
            <grup.a gen="m" num="s">
              <n lem="Guinness" ne="other" pos="np00000" postype="proper" wd="Guinness"/>
            </grup.a>
          </s.a>
        </grup.nom>
      </sn>
      <sp arg="argM" func="cc" tem="adv">
        <prep>
          <s contracted="yes" gen="m" lem="al" num="s" pos="spcms" postype="preposition" wd="al"/>
        </prep>
        <S clausetype="completive" impersonal="yes">
          <infinitiu>
            <v lem="estar" mood="infinitive" pos="vmn0000" postype="main" wd="estar"/>
            <sn arg="argM" entityref="ne" func="cc" ne="number" tem="tmp">
              <spec gen="f" num="p">
                <z lem="27" ne="number" wd="27"/>
              </spec>
              <grup.nom gen="f" num="p">
                <n gen="f" lem="hora" num="p" pos="ncfp000" postype="common" sense="16:10938063" wd="horas"/>
              </grup.nom>
            </sn>
            <gerundi>
              <v coreftype="ident" entity="entity3" lem="dar" lss="A32.ditransitive-patient-benefactive" mood="gerund" pos="vmg0000" postype="main" wd="dándole"/>
            </gerundi>
          </infinitiu>
          <sp arg="arg2" func="ci" tem="ben">
            <prep>
              <s lem="a" pos="sps00" postype="preposition" wd="a"/>
            </prep>
            <sn coreftype="ident" entity="entity3" entityref="nne" homophoricDD="yes">
              <spec gen="f" num="s">
                <d gen="f" lem="el" num="s" pos="da0fs0" postype="article" wd="la"/>
              </spec>
              <grup.nom gen="f" num="s">
                <n gen="f" lem="batería" num="s" pos="ncfs000" postype="common" sense="16:50000043" wd="batería"/>
              </grup.nom>
            </sn>
          </sp>
        </S>
      </sp>
    </S>
    <f lem="." pos="fp" punct="period" wd="."/>
  </sentence>
  <sentence>
    <sp arg="argM" func="cc" tem="fin">
      <prep>
        <s lem="para" pos="sps00" postype="preposition" wd="Para"/>
      </prep>
      <S clausetype="completive">
        <conj conjunctiontype="subordinating">
          <c lem="que" pos="cs" postype="subordinating" wd="que"/>
        </conj>
        <sn arg="arg1" coreftype="ident" entity="entity2" entityref="spec" func="suj" tem="tem">
          <spec gen="m" num="s">
            <d gen="m" lem="el" num="s" pos="da0ms0" postype="article" wd="el"/>
          </spec>
          <grup.nom gen="m" num="s">
            <n gen="m" lem="récord" num="s" pos="ncms000" postype="common" sense="16:00036443" wd="récord"/>
          </grup.nom>
        </sn>
        <grup.verb>
          <v lem="ser" lss="C21.state-attributive" mood="subjunctive" num="s" person="3" pos="vssi3s0" postype="semiauxiliary" tense="imperfect" wd="fuera"/>
        </grup.verb>
        <sa arg="arg2" func="atr" tem="atr">
          <grup.a>
            <a gen="m" lem="válido" num="s" pos="aq0ms0" postype="qualificative" wd="válido"/>
          </grup.a>
        </sa>
      </S>
    </sp>
    <sn arg="arg0" coreftype="ident" elliptic="yes" entity="entity1" entityref="spec" func="suj" tem="agt"/>
    <grup.verb>
      <v lem="tener" mood="indicative" num="s" person="3" pos="vmis3s0" postype="main" tense="past" wd="tuvo"/>
      <c lem="que" pos="cs" postype="subordinating" wd="que"/>
      <infinitiu>
        <v lem="atenerse" lss="A22.transitive-agentive-theme" mood="infinitive" pos="vmn0000" postype="main" wd="atenerse"/>
      </infinitiu>
    </grup.verb>
    <sp arg="arg1" func="creg" tem="tem">
      <prep>
        <s lem="a" pos="sps00" postype="preposition" wd="a"/>
      </prep>
      <sn entityref="nne">
        <spec gen="f" num="p">
          <d gen="f" lem="uno" num="p" pos="di0fp0" postype="indefinite" wd="unas"/>
        </spec>
        <grup.nom gen="f" num="p">
          <n gen="f" lem="norma" num="p" pos="ncfp000" postype="common" sense="16:04501800" wd="normas"/>
          <s.a gen="f" num="p">
            <grup.a gen="f" num="p">
              <a gen="f" lem="estricto" num="p" pos="aq0fp0" postype="qualificative" wd="estrictas"/>
            </grup.a>
          </s.a>
          <S coord="yes">
            <f lem=":" pos="fd" punct="colon" wd=":"/>
            <S>
              <sadv arg="argM" func="cc" tem="tmp">
                <grup.adv>
                  <r lem="nunca" pos="rg" wd="nunca"/>
                </grup.adv>
              </sadv>
              <grup.verb>
                <v lem="poder" mood="indicative" num="s" person="3" pos="vmii3s0" postype="main" tense="imperfect" wd="podía"/>
                <infinitiu>
                  <v lem="haber" lss="C11.state-existential" mood="infinitive" pos="van0000" postype="auxiliary" wd="haber"/>
                </infinitiu>
              </grup.verb>
              <sn arg="arg1" entityref="nne" func="cd" functype="quantitative" tem="tem">
                <spec gen="m" num="s">
                  <d gen="m" lem="uno" num="s" pos="di0ms0" postype="indefinite" wd="un"/>
                </spec>
                <grup.nom gen="m" num="s">
                  <n gen="m" lem="silencio" num="s" pos="ncms000" postype="common" sense="16:05137171" wd="silencio"/>
                  <sp>
                    <prep>
                      <s lem="de" pos="sps00" postype="preposition" wd="de"/>
                    </prep>
                    <sn entityref="ne" ne="number">
                      <spec gen="m" num="p">
                        <r lem="más" pos="rg" wd="más"/>
                        <s lem="de" pos="sps00" postype="preposition" wd="de"/>
                        <z lem="30" ne="number" wd="30"/>
                      </spec>
                      <grup.nom gen="m" num="p">
                        <n gen="m" lem="segundo" num="p" pos="ncmp000" postype="common" sense="16:10944012" wd="segundos"/>
                      </grup.nom>
                    </sn>
                  </sp>
                </grup.nom>
              </sn>
              <S arg="argM" clausetype="adverbial" func="cc" tem="tmp">
                <conj conjunctiontype="subordinating">
                  <c lem="mientras" pos="cs" postype="subordinating" wd="mientras"/>
                </conj>
                <sn arg="arg0" coreftype="ident" elliptic="yes" entity="entity1" entityref="spec" func="suj" tem="agt"/>
                <grup.verb>
                  <v lem="tocar" lss="A21.transitive-agentive-patient" mood="subjunctive" num="s" person="3" pos="vmsi3s0" postype="main" tense="imperfect" wd="tocara"/>
                </grup.verb>
              </S>
            </S>
            <conj conjunctiontype="coordinating">
              <c lem="y" pos="cc" postype="coordinating" wd="y"/>
            </conj>
            <S coord="yes">
              <S>
                <sn arg="argM" func="cc" tem="tmp">
                  <spec gen="f" num="p">
                    <d gen="c" lem="cada" num="s" pos="di0cs0" postype="indefinite" wd="cada"/>
                    <d gen="c" lem="cuatro" num="p" pos="dn0cp0" postype="numeral" wd="cuatro"/>
                  </spec>
                  <grup.nom gen="f" num="p">
                    <n gen="f" lem="hora" num="p" pos="ncfp000" postype="common" sense="16:10938063" wd="horas"/>
                  </grup.nom>
                </sn>
                <sn arg="arg1" coreftype="ident" elliptic="yes" entity="entity1" entityref="spec" func="suj" tem="tem"/>
                <grup.verb>
                  <v lem="tener" lss="C21.state-attributive" mood="indicative" num="s" person="3" pos="vmic3s0" postype="main" tense="conditional" wd="tendría"/>
                </grup.verb>
                <sn arg="arg2" entityref="nne" func="cd" functype="quantitative" tem="atr">
                  <spec gen="m" num="s">
                    <d gen="m" lem="uno" num="s" pos="di0ms0" postype="indefinite" wd="un"/>
                  </spec>
                  <grup.nom gen="m" num="s">
                    <n gen="m" lem="descanso" lexicalid="noun.descanso.1.default" num="s" origin="deverbal" pos="ncms000" postype="common" sense="16:00687814" wd="descanso"/>
                    <sp arg="argM" func="cn" tem="ext">
                      <prep>
                        <s lem="de" pos="sps00" postype="preposition" wd="de"/>
                      </prep>
                      <sn>
                        <spec gen="m" num="p">
                          <d gen="c" lem="cinco" num="p" pos="dn0cp0" postype="numeral" wd="cinco"/>
                        </spec>
                        <grup.nom gen="m" num="p">
                          <n gen="m" lem="minuto" num="p" pos="ncmp000" postype="common" sense="16:10943650" wd="minutos"/>
                        </grup.nom>
                      </sn>
                    </sp>
                  </grup.nom>
                </sn>
              </S>
              <f lem=";" pos="fx" punct="semicolon" wd=";"/>
              <S verbless="yes">
                <sn entityref="nne">
                  <spec gen="f" num="p">
                    <d gen="c" lem="cada" num="s" pos="di0cs0" postype="indefinite" wd="cada"/>
                  </spec>
                  <grup.nom gen="f" num="p">
                    <n gen="f" lem="ocho" num="p" pos="ncfp000" postype="common" sense="16:09896866" wd="ocho"/>
                  </grup.nom>
                </sn>
                <sn entityref="nne">
                  <f lem="," pos="fc" punct="comma" wd=","/>
                  <grup.nom gen="m" num="s">
                    <p gen="m" lem="uno" num="s" pos="pi0ms000" postype="indefinite" wd="uno"/>
                    <sp>
                      <prep>
                        <s lem="de" pos="sps00" postype="preposition" wd="de"/>
                      </prep>
                      <sn>
                        <grup.nom gen="m" num="p">
                          <p gen="c" lem="diez" num="p" pos="pn0cp000" postype="numeral" wd="diez"/>
                        </grup.nom>
                      </sn>
                    </sp>
                  </grup.nom>
                </sn>
              </S>
            </S>
          </S>
        </grup.nom>
      </sn>
    </sp>
    <f lem="." pos="fp" punct="period" wd="."/>
  </sentence>
  <sentence verbless="yes">
    <sn entityref="ne" ne="date">
      <grup.nom>
        <w lem="[??:??/??/??:17.08]" ne="date" wd="17.08"/>
      </grup.nom>
    </sn>
    <f lem="." pos="fp" punct="period" wd="."/>
  </sentence>
  <sentence verbless="yes">
    <sn entityref="nne" homophoricDD="yes">
      <spec gen="m" num="s">
        <d gen="m" lem="el" num="s" pos="da0ms0" postype="article" wd="El"/>
      </spec>
      <grup.nom gen="m" num="s">
        <n gen="m" lem="inicio" lexicalid="noun.inicio.3.default" num="s" origin="deverbal" pos="ncms000" postype="common" sense="16:05459242" wd="inicio"/>
      </grup.nom>
    </sn>
    <f lem="." pos="fp" punct="period" wd="."/>
  </sentence>
  <sentence>
    <sn arg="argM" entityref="ne" func="cc" ne="date" tem="tmp">
      <spec gen="m" num="s">
        <d gen="m" lem="el" num="s" pos="da0ms0" postype="article" wd="El"/>
      </spec>
      <grup.nom gen="m" num="s">
        <w lem="[viernes:??/??/??:??.??]" ne="date" wd="viernes"/>
      </grup.nom>
    </sn>
    <sn arg="arg0" coreftype="ident" entity="entity1" entityref="ne" func="suj" ne="person" tem="agt">
      <grup.nom gen="m" num="s">
        <n lem="Niebla" ne="person" pos="np00000" postype="proper" wd="Niebla"/>
      </grup.nom>
    </sn>
    <grup.verb>
      <v lem="empezar" lss="A21.transitive-agentive-patient" mood="indicative" num="s" person="3" pos="vmip3s0" postype="main" tense="present" wd="empieza"/>
    </grup.verb>
    <sn arg="arg1" entityref="nne" func="cd" tem="pat">
      <spec gen="m" num="s">
        <d coreftype="ident" entity="entity1" entityref="spec" gen="c" lem="su" num="s" person="3" pos="dp3cs0" postype="possessive" wd="su"/>
      </spec>
      <grup.nom gen="m" num="s">
        <n gen="m" lem="bolo" num="s" pos="ncms000" postype="common" sense="16:cs1" wd="bolo"/>
        <s.a gen="m" num="s">
          <spec>
            <r lem="más" pos="rg" wd="más"/>
          </spec>
          <grup.a gen="m" num="s">
            <a gen="m" lem="largo" num="s" pos="aq0ms0" postype="qualificative" wd="largo"/>
          </grup.a>
        </s.a>
      </grup.nom>
    </sn>
    <sp arg="argM" func="cc" tem="adv">
      <f lem="," pos="fc" punct="comma" wd=","/>
      <prep>
        <s lem="entre" pos="sps00" postype="preposition" wd="entre"/>
      </prep>
      <sn entityref="nne" homophoricDD="yes">
        <spec gen="m" num="p">
          <d gen="m" lem="el" num="p" pos="da0mp0" postype="article" wd="los"/>
        </spec>
        <grup.nom gen="m" num="p">
          <n gen="m" lem="aplauso" lexicalid="noun.aplauso.1.default" num="p" origin="deverbal" pos="ncmp000" postype="common" sense="16:05017234" wd="aplausos"/>
          <sp arg="arg0" func="cn" tem="agt">
            <prep>
              <s lem="de" pos="sps00" postype="preposition" wd="de"/>
            </prep>
            <sn entity="entity12" entityref="nne">
              <spec gen="f" num="s">
                <d gen="f" lem="uno" num="s" pos="di0fs0" postype="indefinite" wd="una"/>
              </spec>
              <grup.nom gen="f" num="s">
                <n gen="f" lem="sala" num="s" pos="ncfs000" postype="common" sense="16:cs1" wd="sala"/>
                <s.a gen="f" num="s">
                  <spec>
                    <r lem="bastante" pos="rg" wd="bastante"/>
                  </spec>
                  <grup.a gen="f" num="s">
                    <a gen="f" lem="lleno" num="s" pos="aq0fs0" postype="qualificative" wd="llena"/>
                  </grup.a>
                </s.a>
              </grup.nom>
            </sn>
          </sp>
        </grup.nom>
      </sn>
    </sp>
    <f lem="." pos="fp" punct="period" wd="."/>
  </sentence>
  <sentence>
    <sn arg="arg0" complex="yes" entity="entity7" entityref="nne" func="suj" tem="exp">
      <grup.nom coord="yes">
        <grup.nom entity="entity6" gen="m" num="s">
          <n lem="Toni_Portillo" ne="person" pos="np00000" postype="proper" wd="Toni_Portillo"/>
          <sn corefsubtype="definit" coreftype="pred" entity="entity6">
            <f lem="," pos="fc" punct="comma" wd=","/>
            <spec gen="m" num="s">
              <d coreftype="ident" entity="entity1" entityref="spec" gen="c" lem="su" num="s" person="3" pos="dp3cs0" postype="possessive" wd="su"/>
            </spec>
            <grup.nom gen="m" num="s">
              <n gen="m" lem="preparador" num="s" pos="ncms000" postype="common" sense="16:07648253" wd="preparador"/>
              <s.a gen="m" num="s">
                <grup.a gen="m" num="s">
                  <a gen="m" lem="físico" num="s" pos="aq0ms0" postype="qualificative" wd="físico"/>
                </grup.a>
              </s.a>
            </grup.nom>
            <f lem="," pos="fc" punct="comma" wd=","/>
          </sn>
        </grup.nom>
        <grup.nom entity="entity18" gen="m" num="s">
          <n lem="Pep_Font" ne="person" pos="np00000" postype="proper" wd="Pep_Font"/>
          <sn corefsubtype="definit" coreftype="pred" entity="entity18">
            <f lem="," pos="fc" punct="comma" wd=","/>
            <spec gen="m" num="s">
              <d coreftype="ident" entity="entity1" entityref="spec" gen="c" lem="su" num="s" person="3" pos="dp3cs0" postype="possessive" wd="su"/>
            </spec>
            <grup.nom gen="m" num="s">
              <n gen="m" lem="psicólogo" num="s" pos="ncms000" postype="common" sense="16:07510129" wd="psicólogo"/>
            </grup.nom>
            <f lem="," pos="fc" punct="comma" wd=","/>
          </sn>
        </grup.nom>
        <grup.nom entity="entity19" gen="f" num="s">
          <n lem="Esperanza_Gutiérrez" ne="person" pos="np00000" postype="proper" wd="Esperanza_Gutiérrez"/>
          <sn corefsubtype="indefinit" coreftype="pred" entity="entity19">
            <f lem="," pos="fc" punct="comma" wd=","/>
            <grup.nom gen="f" num="s">
              <n gen="c" lem="ayudante" num="s" pos="nccs000" postype="common" sense="16:07087094" wd="ayudante"/>
              <sp>
                <prep>
                  <s lem="de" pos="sps00" postype="preposition" wd="de"/>
                </prep>
                <sn>
                  <grup.nom gen="f" num="s">
                    <n gen="f" lem="prensa" num="s" pos="ncfs000" postype="common" sense="16:04736003" wd="prensa"/>
                  </grup.nom>
                </sn>
              </sp>
            </grup.nom>
            <f lem="," pos="fc" punct="comma" wd=","/>
          </sn>
        </grup.nom>
      </grup.nom>
    </sn>
    <grup.verb>
      <v lem="respirar" lss="D21.inergative-experiencer" mood="indicative" num="p" person="3" pos="vmip3p0" postype="main" tense="present" wd="respiran"/>
    </grup.verb>
    <sa arg="argM" func="cc" tem="mnr">
      <grup.a>
        <a gen="m" lem="hondo" num="s" pos="aq0ms0" postype="qualificative" wd="hondo"/>
      </grup.a>
    </sa>
    <f lem="." pos="fp" punct="period" wd="."/>
  </sentence>
  <sentence>
    <sn arg="arg1" coreftype="ident" entity="entity7" entityref="spec" func="suj" tem="tem">
      <grup.nom gen="m" num="p">
        <p gen="m" lem="él" num="p" person="3" pos="pp3mp000" postype="personal" wd="Ellos"/>
      </grup.nom>
    </sn>
    <sadv func="mod">
      <grup.adv>
        <r lem="también" pos="rg" wd="también"/>
      </grup.adv>
    </sadv>
    <morfema.pronominal>
      <p gen="c" lem="él" num="c" person="3" pos="p0300000" wd="se"/>
    </morfema.pronominal>
    <grup.verb>
      <v lem="mantener" lss="B21.unaccusative-state" mood="indicative" num="p" person="3" pos="vmif3p0" postype="main" tense="future" wd="mantendrán"/>
    </grup.verb>
    <sadv arg="argM" func="cpred" predicate="suj" tem="atr">
      <grup.adv>
        <r lem="alerta" pos="rg" wd="alerta"/>
      </grup.adv>
    </sadv>
    <sp arg="argM" func="cc" tem="tmp">
      <prep>
        <s lem="hasta" pos="sps00" postype="preposition" wd="hasta"/>
      </prep>
      <sn entityref="nne" homophoricDD="yes">
        <spec gen="m" num="s">
          <d gen="m" lem="el" num="s" pos="da0ms0" postype="article" wd="el"/>
        </spec>
        <grup.nom gen="m" num="s">
          <n gen="m" lem="final" num="s" pos="ncms000" postype="common" sense="16:04515461" wd="final"/>
        </grup.nom>
      </sn>
    </sp>
    <sa arg="argM" func="cpred" predicate="suj" tem="atr">
      <f lem="," pos="fc" punct="comma" wd=","/>
      <grup.a>
        <a gen="m" lem="atento" num="p" pos="aq0mp0" postype="qualificative" wd="atentos"/>
      </grup.a>
      <sp>
        <prep>
          <s lem="a" pos="sps00" postype="preposition" wd="a"/>
        </prep>
        <sn entityref="nne" homophoricDD="yes">
          <spec gen="f" num="s">
            <d gen="f" lem="el" num="s" pos="da0fs0" postype="article" wd="la"/>
          </spec>
          <grup.nom gen="f" num="s">
            <n gen="f" lem="evolución" lexicalid="noun.evolución.3.default" num="s" origin="deverbal" pos="ncfs000" postype="common" sense="16:00182418" wd="evolución"/>
            <sp arg="arg1" func="cn" tem="tem">
              <prep>
                <s contracted="yes" gen="m" lem="del" num="s" pos="spcms" postype="preposition" wd="del"/>
              </prep>
              <sn coreftype="ident" entity="entity1" entityref="spec">
                <grup.nom gen="m" num="s">
                  <n gen="m" lem="músico" num="s" pos="ncms000" postype="common" sense="16:07424573" wd="músico"/>
                  <S clausetype="participle" impersonal="yes">
                    <f lem="," pos="fc" punct="comma" wd=","/>
                    <participi>
                      <a gen="m" lem="preparado" lss="B22.unaccusative-passive-transitive" num="s" pos="aq0msp" posfunction="participle" postype="qualificative" wd="preparado"/>
                    </participi>
                    <sn arg="argM" entityref="nne" func="cc" tem="adv">
                      <spec gen="m" num="s">
                        <p gen="c" lem="cual" num="s" pos="pr0cs000" postype="relative" wd="cual"/>
                      </spec>
                      <grup.nom gen="m" num="s">
                        <n gen="m" lem="corredor" num="s" pos="ncms000" postype="common" sense="16:07541088" wd="corredor"/>
                        <sp>
                          <prep>
                            <s lem="de" pos="sps00" postype="preposition" wd="de"/>
                          </prep>
                          <sn>
                            <grup.nom gen="m" num="s">
                              <n gen="m" lem="fondo" num="s" pos="ncms000" postype="common" sense="16:cs1" wd="fondo"/>
                            </grup.nom>
                          </sn>
                        </sp>
                      </grup.nom>
                    </sn>
                  </S>
                </grup.nom>
              </sn>
            </sp>
          </grup.nom>
        </sn>
      </sp>
    </sa>
    <f lem="." pos="fp" punct="period" wd="."/>
  </sentence>
  <sentence verbless="yes">
    <sn entityref="ne" ne="date">
      <grup.nom>
        <w lem="[??:??/??/??:19.10]" ne="date" wd="19.10"/>
      </grup.nom>
    </sn>
    <sn entityref="nne">
      <grup.nom gen="m" num="s">
        <s.a gen="m" num="s">
          <grup.a gen="m" num="s">
            <a gen="m" lem="primero" num="s" pos="ao0ms0" postype="ordinal" wd="primer"/>
          </grup.a>
        </s.a>
        <n gen="m" lem="percance" num="s" pos="ncms000" postype="common" sense="16:05452288" wd="percance"/>
      </grup.nom>
    </sn>
    <f lem="." pos="fp" punct="period" wd="."/>
  </sentence>
  <sentence coord="yes" entity="entity8">
    <S>
      <sn arg="arg1" entityref="nne" func="suj" tem="tem">
        <grup.nom gen="f" num="s">
          <p gen="f" lem="uno" num="s" pos="pi0fs000" postype="indefinite" wd="Una"/>
          <sp>
            <prep>
              <s lem="de" pos="sps00" postype="preposition" wd="de"/>
            </prep>
            <sn entityref="nne" homophoricDD="yes">
              <spec gen="f" num="p">
                <d gen="f" lem="el" num="p" pos="da0fp0" postype="article" wd="las"/>
              </spec>
              <grup.nom gen="f" num="p">
                <n gen="f" lem="baqueta" num="p" pos="ncfp000" postype="common" sense="16:02611360" wd="baquetas"/>
              </grup.nom>
            </sn>
          </sp>
        </grup.nom>
      </sn>
      <morfema.pronominal>
        <p gen="c" lem="él" num="c" person="3" pos="p0300000" wd="se"/>
      </morfema.pronominal>
      <grup.verb>
        <v lem="partir" lss="B11.unaccusative-motion" mood="indicative" num="s" person="3" pos="vmip3s0" postype="main" tense="present" wd="parte"/>
      </grup.verb>
    </S>
    <conj conjunctiontype="coordinating">
      <c lem="y" pos="cc" postype="coordinating" wd="y"/>
    </conj>
    <S>
      <sn arg="arg1" entityref="nne" func="suj" tem="tem">
        <spec gen="f" num="s">
          <d gen="f" lem="uno" num="s" pos="di0fs0" postype="indefinite" wd="una"/>
        </spec>
        <grup.nom gen="f" num="s">
          <n gen="f" lem="astilla" num="s" pos="ncfs000" postype="common" sense="16:10726798" wd="astilla"/>
        </grup.nom>
      </sn>
      <morfema.pronominal>
        <p gen="c" lem="él" num="c" person="3" pos="p0300000" wd="se"/>
      </morfema.pronominal>
      <sn arg="arg2" coreftype="ident" entity="entity1" entityref="spec" func="ci" tem="ben">
        <grup.nom num="s">
          <p case="dative" gen="c" lem="él" num="s" person="3" pos="pp3csd00" postype="personal" wd="le"/>
        </grup.nom>
      </sn>
      <grup.verb>
        <v lem="clavar" lss="B22.unaccusative-passive-transitive" mood="indicative" num="s" person="3" pos="vmip3s0" postype="main" tense="present" wd="clava"/>
      </grup.verb>
      <sp arg="argM" func="cc" tem="loc">
        <prep>
          <s lem="en" pos="sps00" postype="preposition" wd="en"/>
        </prep>
        <sn entityref="nne">
          <spec gen="f" num="s">
            <d gen="f" lem="el" num="s" pos="da0fs0" postype="article" wd="la"/>
          </spec>
          <grup.nom gen="f" num="s">
            <n gen="f" lem="mano" num="s" pos="ncfs000" postype="common" sense="16:04311223" wd="mano"/>
            <s.a gen="f" num="s">
              <grup.a gen="f" num="s">
                <a gen="f" lem="izquierdo" num="s" pos="aq0fs0" postype="qualificative" wd="izquierda"/>
              </grup.a>
            </s.a>
          </grup.nom>
        </sn>
      </sp>
    </S>
    <f lem="." pos="fp" punct="period" wd="."/>
  </sentence>
  <sentence coord="yes">
    <S>
      <sn arg="arg1" corefsubtype="token" coreftype="dx" elliptic="yes" entity="entity8" entityref="nne" func="suj" tem="tem"/>
      <neg func="mod">
        <r lem="no" pos="rn" postype="negative" wd="No"/>
      </neg>
      <grup.verb>
        <v lem="ser" lss="C21.state-attributive" mood="indicative" num="s" person="3" pos="vsip3s0" postype="semiauxiliary" tense="present" wd="es"/>
      </grup.verb>
      <sa arg="arg2" func="atr" tem="atr">
        <grup.a>
          <a gen="c" lem="grave" num="s" pos="aq0cs0" postype="qualificative" wd="grave"/>
        </grup.a>
      </sa>
    </S>
    <conj conjunctiontype="coordinating">
      <c lem="pero" pos="cc" postype="coordinating" wd="pero"/>
    </conj>
    <S>
      <sn arg="arg0" elliptic="yes" entityref="nne" func="suj" tem="agt"/>
      <sn arg="arg2" coreftype="ident" entity="entity1" entityref="spec" func="ci" tem="ben">
        <grup.nom num="s">
          <p case="dative" gen="c" lem="él" num="s" person="3" pos="pp3csd00" postype="personal" wd="le"/>
        </grup.nom>
      </sn>
      <grup.verb>
        <v lem="hacer" lss="A21.transitive-agentive-patient" mood="indicative" num="p" person="3" pos="vmip3p0" postype="main" tense="present" wd="hacen"/>
      </grup.verb>
      <sn arg="arg1" entityref="nne" func="cd" tem="pat">
        <spec gen="m" num="s">
          <d gen="m" lem="uno" num="s" pos="di0ms0" postype="indefinite" wd="un"/>
        </spec>
        <grup.nom gen="m" num="s">
          <n gen="m" lem="vendaje" lexicalid="noun.vendaje.1.default" num="s" origin="deverbal" pos="ncms000" postype="common" sense="16:02246011" wd="vendaje"/>
        </grup.nom>
      </sn>
      <sp arg="argM" func="cc" tem="adv">
        <prep>
          <s lem="sobre" pos="sps00" postype="preposition" wd="sobre"/>
        </prep>
        <sn entityref="lex">
          <spec gen="f" num="s">
            <d gen="f" lem="el" num="s" pos="da0fs0" postype="article" wd="la"/>
          </spec>
          <grup.nom gen="f" num="s">
            <n gen="f" lem="marcha" lexicalid="noun.marcha.1.default" num="s" origin="deverbal" pos="ncfs000" postype="common" sense="16:00182992" wd="marcha"/>
          </grup.nom>
        </sn>
      </sp>
      <sp arg="argM" func="cc" tem="fin">
        <prep>
          <s lem="para" pos="sps00" postype="preposition" wd="para"/>
        </prep>
        <S clausetype="completive" impersonal="yes">
          <infinitiu>
            <v lem="evitar" lss="A21.transitive-agentive-patient" mood="infinitive" pos="vmn0000" postype="main" wd="evitar"/>
          </infinitiu>
          <sn arg="arg1" entityref="nne" func="cd" tem="pat">
            <grup.nom gen="f" num="p">
              <n gen="f" lem="complicación" lexicalid="noun.complicación.1.default" num="p" origin="deverbal" pos="ncfp000" postype="common" sense="16:04394770" wd="complicaciones"/>
              <s.a func="cn" gen="f" num="p">
                <grup.a gen="f" num="p">
                  <a gen="f" lem="futuro" num="p" pos="aq0fp0" postype="qualificative" wd="futuras"/>
                </grup.a>
              </s.a>
            </grup.nom>
          </sn>
        </S>
      </sp>
    </S>
    <f lem="." pos="fp" punct="period" wd="."/>
  </sentence>
  <sentence impersonal="yes">
    <sadv func="mod">
      <grup.adv>
        <r lem="también" pos="rg" wd="También"/>
      </grup.adv>
    </sadv>
    <grup.verb>
      <v lem="haber" mood="indicative" num="s" person="3" pos="vaip3s0" postype="auxiliary" tense="present" wd="hay"/>
      <c lem="que" pos="cs" postype="subordinating" wd="que"/>
      <infinitiu>
        <v lem="cambiar" lss="A21.transitive-agentive-patient" mood="infinitive" pos="vmn0000" postype="main" wd="cambiar"/>
      </infinitiu>
    </grup.verb>
    <sn arg="arg1" coord="yes" func="cd" tem="pat">
      <sn coord="yes">
        <sn entityref="nne">
          <spec gen="m" num="s">
            <d gen="m" lem="uno" num="s" pos="di0ms0" postype="indefinite" wd="un"/>
          </spec>
          <grup.nom gen="m" num="s">
            <n gen="m" lem="bombo" num="s" pos="ncms000" postype="common" sense="16:02261193" wd="bombo"/>
          </grup.nom>
        </sn>
        <conj conjunctiontype="coordinating">
          <c lem="y" pos="cc" postype="coordinating" wd="y"/>
        </conj>
        <sn entityref="nne">
          <spec gen="m" num="s">
            <d gen="m" lem="uno" num="s" pos="di0ms0" postype="indefinite" wd="un"/>
          </spec>
          <grup.nom gen="m" num="s">
            <n gen="m" lem="parche" num="s" pos="ncms000" postype="common" sense="16:02610843" wd="parche"/>
          </grup.nom>
        </sn>
      </sn>
      <S adjunct="yes" clausetype="participle" impersonal="yes">
        <participi>
          <a gen="m" lem="roto" num="p" pos="aq0mpp" posfunction="participle" postype="qualificative" wd="rotos"/>
        </participi>
      </S>
    </sn>
    <f lem="." pos="fp" punct="period" wd="."/>
  </sentence>
  <sentence verbless="yes">
    <sn>
      <grup.nom>
        <w lem="[??:??/??/??:02.15]" ne="date" wd="2.15"/>
      </grup.nom>
    </sn>
    <f lem="." pos="fp" punct="period" wd="."/>
  </sentence>
  <sentence verbless="yes">
    <sn entityref="nne">
      <grup.nom gen="m" num="s">
        <n gen="m" lem="sueño" num="s" pos="ncms000" postype="common" sense="16:10102311" wd="Sueño"/>
      </grup.nom>
    </sn>
    <f lem="." pos="fp" punct="period" wd="."/>
  </sentence>
  <sentence>
    <sn arg="arg2" coreftype="ident" entity="entity1" entityref="spec" func="ci" tem="exp">
      <grup.nom num="s">
        <p case="dative" gen="c" lem="él" num="s" person="3" pos="pp3csd00" postype="personal" wd="Le"/>
      </grup.nom>
    </sn>
    <grup.verb>
      <v lem="picar" lss="C42.state-experiencer" mood="indicative" num="p" person="3" pos="vmip3p0" postype="main" tense="present" wd="pican"/>
    </grup.verb>
    <sn arg="arg1" entityref="nne" func="suj" tem="tem">
      <spec gen="m" num="p">
        <d gen="m" lem="el" num="p" pos="da0mp0" postype="article" wd="los"/>
      </spec>
      <grup.nom gen="m" num="p">
        <n gen="m" lem="ojo" num="p" pos="ncmp000" postype="common" sense="16:04122028" wd="ojos"/>
      </grup.nom>
    </sn>
    <f lem="." pos="fp" punct="period" wd="."/>
  </sentence>
  <sentence entity="entity9">
    <sp arg="argM" func="cc" tem="fin">
      <prep>
        <s lem="para" pos="sps00" postype="preposition" wd="Para"/>
      </prep>
      <S clausetype="completive" impersonal="yes">
        <neg func="mod">
          <r lem="no" pos="rn" postype="negative" wd="no"/>
        </neg>
        <infinitiu>
          <v lem="dormir" lss="D21.inergative-experiencer" mood="infinitive" pos="vmn0000" postype="main" wd="dormirse"/>
        </infinitiu>
      </S>
    </sp>
    <sn arg="arg0" coreftype="ident" elliptic="yes" entity="entity1" entityref="spec" func="suj" tem="agt"/>
    <grup.verb>
      <v lem="empezar" mood="indicative" num="s" person="3" pos="vmip3s0" postype="main" tense="present" wd="empieza"/>
      <s lem="a" pos="sps00" postype="preposition" wd="a"/>
      <infinitiu>
        <v lem="tocar" lss="A21.transitive-agentive-patient" mood="infinitive" pos="vmn0000" postype="main" wd="tocar"/>
      </infinitiu>
    </grup.verb>
    <sadv arg="argM" func="cc" tem="mnr">
      <grup.adv>
        <r lem="de_pie" pos="rg" wd="de_pie"/>
      </grup.adv>
    </sadv>
    <f lem="." pos="fp" punct="period" wd="."/>
  </sentence>
  <sentence>
    <sn arg="arg0" corefsubtype="token" coreftype="dx" entity="entity9" entityref="nne" func="suj" tem="agt">
      <grup.nom gen="m" num="s">
        <p gen="c" lem="ese" num="s" pos="pd0ns000" postype="demonstrative" wd="Eso"/>
      </grup.nom>
    </sn>
    <sn arg="arg1" coreftype="ident" entity="entity1" entityref="spec" func="cd" tem="pat">
      <grup.nom num="s">
        <p case="dative" gen="c" lem="él" num="s" person="3" pos="pp3csd00" postype="personal" wd="le"/>
      </grup.nom>
    </sn>
    <grup.verb>
      <v lem="ayudar" lss="A34.ditransitive-patient-theme" mood="indicative" num="s" person="3" pos="vmip3s0" postype="main" tense="present" wd="ayuda"/>
    </grup.verb>
    <sadv func="mod">
      <grup.adv>
        <r lem="también" pos="rg" wd="también"/>
      </grup.adv>
    </sadv>
    <sp arg="arg2" func="creg" tem="tem">
      <prep>
        <s lem="a" pos="sps00" postype="preposition" wd="a"/>
      </prep>
      <S clausetype="completive" impersonal="yes">
        <infinitiu>
          <v lem="distender" lss="A11.transitive-causative" mood="infinitive" pos="vmn0000" postype="main" wd="distender"/>
        </infinitiu>
        <sn arg="arg1" entity="entity16" entityref="nne" func="cd" tem="tem">
          <spec gen="m" num="p">
            <d gen="m" lem="el" num="p" pos="da0mp0" postype="article" wd="los"/>
          </spec>
          <grup.nom gen="m" num="p">
            <n gen="m" lem="músculo" num="p" pos="ncmp000" postype="common" sense="16:04105203" wd="músculos"/>
          </grup.nom>
        </sn>
      </S>
    </sp>
    <f lem="." pos="fp" punct="period" wd="."/>
  </sentence>
  <sentence>
    <sn arg="arg0" entityref="nne" func="suj" tem="agt">
      <spec gen="f" num="p">
        <d gen="f" lem="varios" num="p" pos="di0fp0" postype="indefinite" wd="Varias"/>
      </spec>
      <grup.nom gen="f" num="p">
        <n gen="f" lem="emisora" num="p" pos="ncfp000" postype="common" sense="16:03205120" wd="emisoras"/>
      </grup.nom>
    </sn>
    <grup.verb>
      <v lem="conectar" lss="A22.transitive-agentive-theme" mood="indicative" num="p" person="3" pos="vmip3p0" postype="main" tense="present" wd="conectan"/>
    </grup.verb>
    <sadv arg="argM" func="cc" tem="mnr">
      <grup.adv>
        <r lem="en_directo" pos="rg" wd="en_directo"/>
      </grup.adv>
    </sadv>
    <f lem="." pos="fp" punct="period" wd="."/>
  </sentence>
  <sentence coord="yes">
    <S>
      <sn arg="arg1" coreftype="ident" entity="entity12" entityref="nne" func="suj" tem="tem">
        <spec gen="f" num="s">
          <d gen="f" lem="el" num="s" pos="da0fs0" postype="article" wd="La"/>
        </spec>
        <grup.nom gen="f" num="s">
          <n gen="f" lem="sala" num="s" pos="ncfs000" postype="common" sense="16:cs1" wd="sala"/>
        </grup.nom>
      </sn>
      <grup.verb>
        <v lem="estar" lss="C21.state-attributive" mood="indicative" num="s" person="3" pos="vmip3s0" postype="main" tense="present" wd="está"/>
      </grup.verb>
      <sa arg="arg2" func="atr" tem="atr">
        <grup.a>
          <a gen="f" lem="lleno" num="s" pos="aq0fs0" postype="qualificative" wd="llena"/>
        </grup.a>
      </sa>
    </S>
    <conj conjunctiontype="coordinating">
      <c lem="y" pos="cc" postype="coordinating" wd="y"/>
    </conj>
    <S>
      <sn arg="arg0" entity="entity10" entityref="nne" func="suj" tem="agt">
        <spec gen="m" num="p">
          <d gen="m" lem="mucho" num="p" pos="di0mp0" postype="indefinite" wd="muchos"/>
        </spec>
        <grup.nom gen="m" num="p">
          <n gen="m" lem="músico" num="p" pos="ncmp000" postype="common" sense="16:07424573" wd="músicos"/>
          <sn complex="yes">
            <grup.nom coord="yes">
              <f lem="(" pos="fpa" punct="bracket" punctenclose="open" wd="("/>
              <grup.nom coord="yes">
                <grup.nom gen="m" num="s">
                  <n lem="Max_Sunyer" ne="person" pos="np00000" postype="proper" wd="Max_Sunyer"/>
                </grup.nom>
                <f lem="," pos="fc" punct="comma" wd=","/>
                <grup.nom gen="m" num="s">
                  <n lem="Joan_Santmartí" ne="person" pos="np00000" postype="proper" wd="Joan_Santmartí"/>
                </grup.nom>
                <conj conjunctiontype="coordinating">
                  <c lem="y" pos="cc" postype="coordinating" wd="y"/>
                </conj>
                <grup.nom gen="m" num="s">
                  <n lem="Jordi_Gaspart" ne="person" pos="np00000" postype="proper" wd="Jordi_Gaspart"/>
                </grup.nom>
              </grup.nom>
              <sp adjunct="yes">
                <f lem="," pos="fc" punct="comma" wd=","/>
                <prep>
                  <s lem="entre" pos="sps00" postype="preposition" wd="entre"/>
                </prep>
                <sn entityref="lex">
                  <grup.nom gen="m" num="p">
                    <p gen="m" lem="otro" num="p" pos="pi0mp000" postype="indefinite" wd="otros"/>
                  </grup.nom>
                </sn>
              </sp>
              <f lem=")" pos="fpt" punct="bracket" punctenclose="close" wd=")"/>
            </grup.nom>
          </sn>
        </grup.nom>
      </sn>
      <grup.verb>
        <v lem="ir" lss="D11.inergative-agentive" mood="indicative" num="p" person="3" pos="vmip3p0" postype="main" tense="present" wd="van"/>
      </grup.verb>
      <sp arg="argM" func="cc" tem="adv">
        <prep>
          <s lem="a" pos="sps00" postype="preposition" wd="a"/>
        </prep>
        <S clausetype="completive" impersonal="yes">
          <infinitiu>
            <v coreftype="ident" entity="entity1" lem="dar" lss="A32.ditransitive-patient-benefactive" mood="infinitive" pos="vmn0000" postype="main" wd="darle"/>
          </infinitiu>
          <sn arg="arg1" entityref="lex" func="cd" tem="pat">
            <grup.nom gen="m" num="p">
              <n gen="m" lem="ánimo" lexicalid="noun.ánimo.1.default" num="p" origin="deverbal" pos="ncmp000" postype="common" sense="16:05016741" wd="ánimos"/>
            </grup.nom>
          </sn>
        </S>
      </sp>
    </S>
    <f lem="." pos="fp" punct="period" wd="."/>
  </sentence>
  <sentence>
    <sn arg="arg1" coreftype="ident" elliptic="yes" entity="entity10" entityref="nne" func="suj" tem="tem"/>
    <grup.verb>
      <v lem="estar" lss="C11.state-existential" mood="indicative" num="p" person="3" pos="vmif3p0" postype="main" tense="future" wd="Estarán"/>
    </grup.verb>
    <sp arg="argM" func="cc" tem="tmp">
      <prep>
        <s lem="hasta" pos="sps00" postype="preposition" wd="hasta"/>
      </prep>
      <sn entityref="nne" homophoricDD="yes">
        <spec gen="f" num="p">
          <d gen="f" lem="el" num="p" pos="da0fp0" postype="article" wd="las"/>
        </spec>
        <grup.nom gen="f" num="p">
          <p gen="c" lem="cuatro" num="p" pos="pn0cp000" postype="numeral" wd="cuatro"/>
          <sp>
            <prep>
              <s lem="de" pos="sps00" postype="preposition" wd="de"/>
            </prep>
            <sn entityref="nne">
              <spec gen="f" num="s">
                <d gen="f" lem="el" num="s" pos="da0fs0" postype="article" wd="la"/>
              </spec>
              <grup.nom gen="f" num="s">
                <n gen="f" lem="madrugada" num="s" pos="ncfs000" postype="common" sense="16:cs2" wd="madrugada"/>
              </grup.nom>
            </sn>
          </sp>
        </grup.nom>
      </sn>
    </sp>
    <f lem="." pos="fp" punct="period" wd="."/>
  </sentence>
  <sentence verbless="yes">
    <sn entityref="ne" ne="date">
      <grup.nom>
        <w lem="[??:??/??/??:06.00]" ne="date" wd="6.00"/>
      </grup.nom>
    </sn>
    <f lem="." pos="fp" punct="period" wd="."/>
  </sentence>
  <sentence verbless="yes">
    <sn complex="yes">
      <grup.nom coord="yes">
        <grup.nom gen="m" num="s">
          <n gen="m" lem="aburrimiento" lexicalid="noun.aburrimiento.1.default" num="s" origin="deverbal" pos="ncms000" postype="common" sense="16:05605136" wd="Aburrimiento"/>
        </grup.nom>
        <conj conjunctiontype="coordinating">
          <c lem="y" pos="cc" postype="coordinating" wd="y"/>
        </conj>
        <grup.nom gen="m" num="s">
          <s.a gen="m" num="s">
            <grup.a gen="m" num="s">
              <a gen="m" lem="primero" num="s" pos="ao0ms0" postype="ordinal" wd="primer"/>
            </grup.a>
          </s.a>
          <n gen="m" lem="bajón" num="s" pos="ncms000" postype="common" sense="16:09731934" wd="bajón"/>
        </grup.nom>
      </grup.nom>
    </sn>
    <f lem="." pos="fp" punct="period" wd="."/>
  </sentence>
  <sentence>
    <sn arg="arg0" entityref="nne" func="suj" homophoricDD="yes" tem="agt">
      <spec gen="m" num="s">
        <d gen="m" lem="el" num="s" pos="da0ms0" postype="article" wd="El"/>
      </spec>
      <grup.nom gen="m" num="s">
        <n gen="m" lem="sentido" num="s" pos="ncms000" postype="common" sense="16:04348442" wd="sentido"/>
        <sp>
          <prep>
            <s contracted="yes" gen="m" lem="del" num="s" pos="spcms" postype="preposition" wd="del"/>
          </prep>
          <sn entityref="nne" homophoricDD="yes">
            <grup.nom gen="m" num="s">
              <n gen="m" lem="humor" num="s" pos="ncms000" postype="common" sense="16:03665927" wd="humor"/>
            </grup.nom>
          </sn>
        </sp>
      </grup.nom>
    </sn>
    <neg func="mod">
      <r lem="no" pos="rn" postype="negative" wd="no"/>
    </neg>
    <sn arg="arg1" coreftype="ident" entity="entity1" entityref="spec" func="cd" tem="pat">
      <grup.nom num="s">
        <p case="dative" gen="c" lem="él" num="s" person="3" pos="pp3csd00" postype="personal" wd="le"/>
      </grup.nom>
    </sn>
    <grup.verb>
      <v lem="abandonar" lss="A21.transitive-agentive-patient" mood="indicative" num="s" person="3" pos="vmip3s0" postype="main" tense="present" wd="abandona"/>
    </grup.verb>
    <f lem="." pos="fp" punct="period" wd="."/>
  </sentence>
  <sentence>
    <sn arg="arg0" coreftype="ident" elliptic="yes" entity="entity1" entityref="spec" func="suj" tem="agt"/>
    <grup.verb>
      <v lem="pedir" lss="A32.ditransitive-patient-benefactive" mood="indicative" num="s" person="3" pos="vmip3s0" postype="main" tense="present" wd="Pide"/>
    </grup.verb>
    <S arg="arg1" clausetype="completive" func="cd" tem="pat">
      <conj conjunctiontype="subordinating">
        <c lem="que" pos="cs" postype="subordinating" wd="que"/>
      </conj>
      <sn arg="arg0" entityref="nne" func="suj" tem="agt">
        <spec gen="f" num="s">
          <d gen="f" lem="uno" num="s" pos="di0fs0" postype="indefinite" wd="una"/>
        </spec>
        <grup.nom gen="f" num="s">
          <s.a gen="f" num="s">
            <grup.a gen="f" num="s">
              <a gen="f" lem="rubio" num="s" pos="aq0fs0" postype="qualificative" wd="rubia"/>
            </grup.a>
          </s.a>
        </grup.nom>
      </sn>
      <sn arg="arg2" coreftype="ident" entity="entity1" entityref="spec" func="ci" tem="ben">
        <grup.nom num="s">
          <p case="dative" gen="c" lem="él" num="s" person="3" pos="pp3csd00" postype="personal" wd="le"/>
        </grup.nom>
      </sn>
      <grup.verb>
        <v lem="poner" lss="A32.ditransitive-patient-benefactive" mood="subjunctive" num="s" person="3" pos="vmsp3s0" postype="main" tense="present" wd="ponga"/>
      </grup.verb>
      <sn arg="arg1" entityref="nne" func="cd" tem="pat">
        <grup.nom gen="m" num="s">
          <n gen="m" lem="hielo" num="s" pos="ncms000" postype="common" sense="16:10703104" wd="hielo"/>
        </grup.nom>
      </sn>
      <sp arg="argM" func="cc" tem="loc">
        <prep>
          <s lem="en" pos="sps00" postype="preposition" wd="en"/>
        </prep>
        <sn entityref="nne">
          <spec gen="f" num="s">
            <d gen="f" lem="el" num="s" pos="da0fs0" postype="article" wd="la"/>
          </spec>
          <grup.nom gen="f" num="s">
            <n gen="f" lem="nuca" num="s" pos="ncfs000" postype="common" sense="16:04296848" wd="nuca"/>
          </grup.nom>
        </sn>
      </sp>
    </S>
    <f lem="." pos="fp" punct="period" wd="."/>
  </sentence>
  <sentence>
    <sn arg="argM" entityref="nne" func="cc" tem="tmp">
      <v lem="hacer" mood="indicative" num="s" person="3" pos="vmip3s0" postype="main" tense="present" wd="Hace"/>
      <d gen="f" lem="uno" num="s" pos="di0fs0" postype="indefinite" wd="una"/>
      <n gen="f" lem="hora" num="s" pos="ncfs000" postype="common" sense="16:10938063" wd="hora"/>
    </sn>
    <sn arg="arg0" coreftype="ident" elliptic="yes" entity="entity1" entityref="spec" func="suj" tem="agt"/>
    <grup.verb>
      <v lem="haber" mood="indicative" num="s" person="3" pos="vaip3s0" postype="auxiliary" tense="present" wd="ha"/>
      <v gen="m" lem="comer" lss="A21.transitive-agentive-patient" mood="participle" num="s" pos="vmp00sm" postype="main" wd="comido"/>
    </grup.verb>
    <sn arg="arg1" entityref="nne" func="cd" tem="pat">
      <spec gen="m" num="s">
        <d gen="m" lem="uno" num="s" pos="di0ms0" postype="indefinite" wd="un"/>
      </spec>
      <grup.nom gen="m" num="s">
        <n gen="m" lem="bocadillo" num="s" pos="ncms000" postype="common" sense="16:05737298" wd="bocadillo"/>
      </grup.nom>
    </sn>
    <f lem="." pos="fp" punct="period" wd="."/>
  </sentence>
  <sentence>
    <S arg="arg1" clausetype="completive" coord="yes" func="cd" tem="pat">
      <S clausetype="completive" entity="entity11">
        <sn arg="arg1" coreftype="ident" elliptic="yes" entity="entity1" entityref="spec" func="suj" tem="tem"/>
        <grup.verb>
          <v lem="estar" lss="C21.state-attributive" mood="indicative" num="s" person="3" pos="vmip3s0" postype="main" tense="present" wd="Está"/>
        </grup.verb>
        <S arg="arg2" clausetype="participle" func="atr" impersonal="yes" tem="atr">
          <participi>
            <a gen="m" lem="cansado" num="s" pos="aq0msp" posfunction="participle" postype="qualificative" wd="cansado"/>
          </participi>
        </S>
      </S>
      <f lem="," pos="fc" punct="comma" wd=","/>
      <S clausetype="completive">
        <sn arg="arg1" corefsubtype="token" coreftype="dx" elliptic="yes" entity="entity11" entityref="nne" func="suj" tem="tem"/>
        <grup.verb>
          <v lem="ser" lss="C21.state-attributive" mood="indicative" num="s" person="3" pos="vsip3s0" postype="semiauxiliary" tense="present" wd="es"/>
        </grup.verb>
        <sa arg="arg2" func="atr" tem="atr">
          <grup.a>
            <a gen="c" lem="normal" num="s" pos="aq0cs0" postype="qualificative" wd="normal"/>
          </grup.a>
        </sa>
      </S>
      <f lem="," pos="fc" punct="comma" wd=","/>
    </S>
    <grup.verb>
      <v lem="decir" lss="A32.ditransitive-patient-benefactive" mood="indicative" num="p" person="3" pos="vmip3p0" postype="main" tense="present" wd="dicen"/>
    </grup.verb>
    <sn arg="arg0" entity="entity13" entityref="nne" func="suj" homophoricDD="yes" tem="agt">
      <spec gen="m" num="p">
        <d gen="m" lem="el" num="p" pos="da0mp0" postype="article" wd="los"/>
      </spec>
      <grup.nom gen="m" num="p">
        <n gen="m" lem="médico" num="p" pos="ncmp000" postype="common" sense="16:07220340" wd="médicos"/>
      </grup.nom>
    </sn>
    <f lem="." pos="fp" punct="period" wd="."/>
  </sentence>
  <sentence>
    <sn arg="arg1" entityref="nne" func="suj" tem="tem">
      <grup.nom gen="m" num="s">
        <p gen="m" lem="todo" num="s" pos="pi0ms000" postype="indefinite" wd="Todo"/>
      </grup.nom>
    </sn>
    <grup.verb>
      <v lem="ir" lss="C41.state-benefactive" mood="indicative" num="s" person="3" pos="vmip3s0" postype="main" tense="present" wd="va"/>
    </grup.verb>
    <sp arg="argM" func="cc" tem="mnr">
      <prep>
        <s lem="según" pos="sps00" postype="preposition" wd="según"/>
      </prep>
      <sn entity="entity20" entityref="nne" homophoricDD="yes">
        <spec gen="m" num="s">
          <d gen="c" lem="el" num="s" pos="da0ns0" postype="article" wd="lo"/>
        </spec>
        <grup.nom gen="m" num="s">
          <S clausetype="participle" impersonal="yes">
            <participi>
              <a gen="m" lem="previsto" num="s" pos="aq0msp" posfunction="participle" postype="qualificative" wd="previsto"/>
            </participi>
          </S>
        </grup.nom>
      </sn>
    </sp>
    <f lem="." pos="fp" punct="period" wd="."/>
  </sentence>
  <sentence>
    <sn arg="arg1" entityref="nne" func="suj" homophoricDD="yes" tem="tem">
      <spec gen="m" num="s">
        <d gen="m" lem="el" num="s" pos="da0ms0" postype="article" wd="El"/>
      </spec>
      <grup.nom gen="m" num="s">
        <n gen="m" lem="público" num="s" pos="ncms000" postype="common" sense="16:06103316" wd="público"/>
      </grup.nom>
    </sn>
    <grup.verb>
      <v lem="escasear" lss="C11.state-existential" mood="indicative" num="s" person="3" pos="vmip3s0" postype="main" tense="present" wd="escasea"/>
    </grup.verb>
    <f lem="." pos="fp" punct="period" wd="."/>
  </sentence>
  <sentence verbless="yes">
    <sn entityref="ne" ne="date">
      <grup.nom>
        <w lem=" [??:??/??/??:13.00]" ne="date" wd="13.00"/>
      </grup.nom>
    </sn>
    <f lem="." pos="fp" punct="period" wd="."/>
  </sentence>
  <sentence verbless="yes">
    <sn entityref="nne">
      <grup.nom gen="m" num="p">
        <n gen="m" lem="ánimo" lexicalid="noun.ánimo.1.default" num="p" origin="deverbal" pos="ncmp000" postype="common" sense="16:05016741" wd="Animos"/>
      </grup.nom>
    </sn>
    <f lem="." pos="fp" punct="period" wd="."/>
  </sentence>
  <sentence coord="yes">
    <S>
      <grup.verb>
        <v lem="ser" lss="C11.state-existential" mood="indicative" num="s" person="3" pos="vsip3s0" postype="semiauxiliary" tense="present" wd="Es"/>
      </grup.verb>
      <sn arg="arg1" entityref="ne" func="suj" ne="date" tem="tem">
        <grup.nom gen="m" num="s">
          <w lem="[S:??/??/??:??.??]" ne="date" wd="sábado"/>
        </grup.nom>
      </sn>
    </S>
    <conj conjunctiontype="coordinating">
      <c lem="y" pos="cc" postype="coordinating" wd="y"/>
    </conj>
    <S>
      <sn arg="arg1" entityref="nne" func="suj" tem="tem">
        <spec gen="f" num="p">
          <d gen="f" lem="mucho" num="p" pos="di0fp0" postype="indefinite" wd="muchas"/>
        </spec>
        <grup.nom gen="f" num="p">
          <n gen="f" lem="familia" num="p" pos="ncfp000" postype="common" sense="16:05975517" wd="familias"/>
          <sp>
            <prep>
              <s lem="con" pos="sps00" postype="preposition" wd="con"/>
            </prep>
            <sn entityref="nne">
              <grup.nom gen="m" num="p">
                <n gen="m" lem="niño" num="p" pos="ncmp000" postype="common" sense="16:07153837" wd="niños"/>
              </grup.nom>
            </sn>
          </sp>
        </grup.nom>
      </sn>
      <grup.verb>
        <v lem="aparecer" lss="B22.unaccusative-passive-transitive" mood="indicative" num="p" person="3" pos="vmip3p0" postype="main" tense="present" wd="aparecen"/>
      </grup.verb>
      <sp arg="arg2" func="cc" tem="loc">
        <prep>
          <s lem="por" pos="sps00" postype="preposition" wd="por"/>
        </prep>
        <sn coreftype="ident" entity="entity12" entityref="nne">
          <spec gen="f" num="s">
            <d gen="f" lem="el" num="s" pos="da0fs0" postype="article" wd="la"/>
          </spec>
          <grup.nom gen="f" num="s">
            <n gen="f" lem="sala" num="s" pos="ncfs000" postype="common" sense="16:cs1" wd="sala"/>
          </grup.nom>
        </sn>
      </sp>
      <sp arg="argM" func="cc" tem="fin">
        <prep>
          <s lem="para" pos="sps00" postype="preposition" wd="para"/>
        </prep>
        <S clausetype="completive" impersonal="yes">
          <infinitiu>
            <v lem="comprobar" lss="A21.transitive-agentive-patient" mood="infinitive" pos="vmn0000" postype="main" wd="comprobar"/>
          </infinitiu>
          <sadv arg="argM" func="cc" tem="adv">
            <grup.adv>
              <r lem="de_cerca" pos="rg" wd="de_cerca"/>
            </grup.adv>
          </sadv>
          <sn arg="arg1" entityref="nne" func="cd" tem="pat">
            <spec arg="arg1" gen="m" num="s" tem="tem">
              <d coreftype="ident" entity="entity1" entityref="spec" gen="c" lem="su" num="s" person="3" pos="dp3cs0" postype="possessive" wd="su"/>
            </spec>
            <grup.nom gen="m" num="s">
              <n gen="m" lem="estado" lexicalid="noun.estado.2.default" num="s" origin="deverbal" pos="ncms000" postype="common" sense="16:00016185" wd="estado"/>
            </grup.nom>
          </sn>
        </S>
      </sp>
    </S>
    <f lem="." pos="fp" punct="period" wd="."/>
  </sentence>
  <sentence>
    <S arg="arg1" clausetype="completive" coord="yes" func="cd" tem="pat">
      <S clausetype="completive">
        <f lem="&quot;" pos="fe" punct="quotation" wd="&quot;"/>
        <sn arg="arg1" coreftype="ident" entity="entity1" entityref="spec" func="suj" tem="tem">
          <spec gen="m" num="s">
            <d gen="m" lem="este" num="s" pos="dd0ms0" postype="demonstrative" wd="Este"/>
          </spec>
          <grup.nom gen="m" num="s">
            <n gen="m" lem="tío" num="s" pos="ncms000" postype="common" sense="16:07306044" wd="tío"/>
          </grup.nom>
        </sn>
        <grup.verb>
          <v lem="ser" lss="C21.state-attributive" mood="indicative" num="s" person="3" pos="vsip3s0" postype="semiauxiliary" tense="present" wd="es"/>
        </grup.verb>
        <sn arg="arg2" corefsubtype="indefinit" coreftype="pred" entity="entity1" func="atr" tem="atr">
          <spec gen="m" num="s">
            <d gen="m" lem="uno" num="s" pos="di0ms0" postype="indefinite" wd="un"/>
          </spec>
          <grup.nom gen="m" num="s">
            <n gen="c" lem="crack" num="s" pos="nccs000" postype="common" sense="16:07059467" wd="crack"/>
          </grup.nom>
        </sn>
      </S>
      <f lem="," pos="fc" punct="comma" wd=","/>
      <S clausetype="completive">
        <sn arg="arg0" coreftype="ident" elliptic="yes" entity="entity1" entityref="spec" func="suj" tem="agt"/>
        <grup.verb>
          <v lem="llevar" mood="indicative" num="s" person="3" pos="vmip3s0" postype="main" tense="present" wd="lleva"/>
          <sn arg="argM" entityref="ne" func="cc" ne="number" tem="tmp">
            <spec gen="f" num="p">
              <z lem="20" ne="number" wd="20"/>
            </spec>
            <grup.nom gen="f" num="p">
              <n gen="f" lem="hora" num="p" pos="ncfp000" postype="common" sense="16:10938063" wd="horas"/>
            </grup.nom>
          </sn>
          <gerundi>
            <v lem="tocar" lss="A21.transitive-agentive-patient" mood="gerund" pos="vmg0000" postype="main" wd="tocando"/>
          </gerundi>
        </grup.verb>
      </S>
      <conj conjunctiontype="coordinating">
        <c lem="y" pos="cc" postype="coordinating" wd="y"/>
      </conj>
      <S clausetype="completive">
        <sadv arg="argM" func="cc" tem="mnr">
          <grup.adv>
            <p lem="cómo" pos="pt000000" postype="interrogative" wd="cómo"/>
          </grup.adv>
        </sadv>
        <sn arg="arg0" coreftype="ident" elliptic="yes" entity="entity1" entityref="spec" func="suj" tem="agt"/>
        <grup.verb>
          <v lem="seguir" lss="A21.transitive-agentive-patient" mood="indicative" num="s" person="3" pos="vmip3s0" postype="main" tense="present" wd="sigue"/>
        </grup.verb>
        <sn arg="arg1" entityref="nne" func="cd" homophoricDD="yes" tem="pat">
          <spec gen="m" num="s">
            <d gen="m" lem="el" num="s" pos="da0ms0" postype="article" wd="el"/>
          </spec>
          <grup.nom gen="m" num="s">
            <n gen="m" lem="ritmo" num="s" pos="ncms000" postype="common" sense="16:05302217" wd="ritmo"/>
          </grup.nom>
        </sn>
      </S>
      <f lem="&quot;" pos="fe" punct="quotation" wd="&quot;"/>
      <f lem="," pos="fc" punct="comma" wd=","/>
    </S>
    <grup.verb>
      <v lem="decir" lss="A32.ditransitive-patient-benefactive" mood="indicative" num="s" person="3" pos="vmip3s0" postype="main" tense="present" wd="dice"/>
    </grup.verb>
    <sn arg="arg0" entityref="nne" func="suj" tem="agt">
      <spec gen="m" num="s">
        <d gen="m" lem="uno" num="s" pos="di0ms0" postype="indefinite" wd="un"/>
      </spec>
      <grup.nom gen="m" num="s">
        <n gen="m" lem="espectador" num="s" pos="ncms000" postype="common" sense="16:07598298" wd="espectador"/>
      </grup.nom>
    </sn>
    <f lem="." pos="fp" punct="period" wd="."/>
  </sentence>
  <sentence>
    <sn arg="arg0" coord="yes" func="suj" tem="agt">
      <sn entityref="ne" ne="person">
        <grup.nom gen="m" num="s">
          <n lem="Frank_Mercader" ne="person" pos="np00000" postype="proper" wd="Frank_Mercader"/>
        </grup.nom>
      </sn>
      <conj conjunctiontype="coordinating">
        <c lem="y" pos="cc" postype="coordinating" wd="y"/>
      </conj>
      <sn entityref="nne">
        <spec gen="m" num="p">
          <d gen="m" lem="otro" num="p" pos="di0mp0" postype="indefinite" wd="otros"/>
        </spec>
        <grup.nom gen="m" num="p">
          <n gen="m" lem="músico" num="p" pos="ncmp000" postype="common" sense="16:07424573" wd="músicos"/>
        </grup.nom>
      </sn>
    </sn>
    <sn arg="arg1" coreftype="ident" entity="entity1" entityref="spec" func="cd" tem="pat">
      <grup.nom num="s">
        <p case="dative" gen="c" lem="él" num="s" person="3" pos="pp3csd00" postype="personal" wd="le"/>
      </grup.nom>
    </sn>
    <grup.verb>
      <v lem="acompañar" lss="A21.transitive-agentive-patient" mood="indicative" num="p" person="3" pos="vmip3p0" postype="main" tense="present" wd="acompañan"/>
    </grup.verb>
    <sp arg="argM" func="cc" tem="loc">
      <prep>
        <s lem="en" pos="sps00" postype="preposition" wd="en"/>
      </prep>
      <sn coreftype="ident" entity="entity2" entityref="spec">
        <spec gen="f" num="s">
          <d gen="f" lem="este" num="s" pos="dd0fs0" postype="demonstrative" wd="esta"/>
        </spec>
        <grup.nom gen="f" num="s">
          <s.a gen="f" num="s">
            <grup.a gen="f" num="s">
              <a gen="f" lem="curioso" num="s" pos="aq0fs0" postype="qualificative" wd="curiosa"/>
            </grup.a>
          </s.a>
          <n gen="f" lem="maratón" num="s" pos="ncfs000" postype="common" sense="16:00509451" wd="maratón"/>
        </grup.nom>
      </sn>
    </sp>
    <f lem="." pos="fp" punct="period" wd="."/>
  </sentence>
  <sentence>
    <sn arg="arg0" entityref="nne" func="suj" homophoricDD="yes" tem="agt">
      <spec gen="m" num="s">
        <d gen="m" lem="el" num="s" pos="da0ms0" postype="article" wd="El"/>
      </spec>
      <grup.nom gen="m" num="s">
        <s.a gen="m" num="s">
          <grup.a gen="m" num="s">
            <a gen="m" lem="último" num="s" pos="ao0ms0" postype="ordinal" wd="último"/>
          </grup.a>
        </s.a>
        <n gen="m" lem="control" num="s" pos="ncms000" postype="common" sense="16:00513665" wd="control"/>
      </grup.nom>
    </sn>
    <grup.verb>
      <v lem="señalar" lss="A31.ditransitive-patient-locative" mood="indicative" num="s" person="3" pos="vmip3s0" postype="main" tense="present" wd="señala"/>
    </grup.verb>
    <S arg="arg1" clausetype="completive" func="cd" tem="pat">
      <conj conjunctiontype="subordinating">
        <c lem="que" pos="cs" postype="subordinating" wd="que"/>
      </conj>
      <sn arg="arg1" coreftype="ident" elliptic="yes" entity="entity1" entityref="spec" func="suj" tem="tem"/>
      <grup.verb>
        <v lem="estar" lss="C21.state-attributive" mood="indicative" num="s" person="3" pos="vmip3s0" postype="main" tense="present" wd="está"/>
      </grup.verb>
      <S arg="arg2" clausetype="participle" func="atr" impersonal="yes" tem="atr">
        <sadv arg="argM" func="cc" tem="mnr">
          <grup.adv>
            <r lem="bien" pos="rg" wd="bien"/>
          </grup.adv>
        </sadv>
        <participi>
          <a gen="m" lem="hidratado" lss="B22.unaccusative-passive-transitive" num="s" pos="aq0msp" posfunction="participle" postype="qualificative" wd="hidratado"/>
        </participi>
        <sp arg="argM" func="cc" tem="cau">
          <prep>
            <s lem="con" pos="sps00" postype="preposition" wd="con"/>
          </prep>
          <sn coord="yes">
            <sn entityref="nne" homophoricDD="yes">
              <spec gen="m" num="p">
                <d gen="m" lem="el" num="p" pos="da0mp0" postype="article" wd="los"/>
              </spec>
              <grup.nom gen="m" num="p">
                <n gen="m" lem="zumo" num="p" pos="ncmp000" postype="common" sense="16:05943522" wd="zumos"/>
              </grup.nom>
            </sn>
            <conj conjunctiontype="coordinating">
              <c lem="y" pos="cc" postype="coordinating" wd="y"/>
            </conj>
            <sn entityref="nne" homophoricDD="yes">
              <spec gen="f" num="p">
                <d gen="f" lem="el" num="p" pos="da0fp0" postype="article" wd="las"/>
              </spec>
              <grup.nom gen="f" num="p">
                <n gen="f" lem="bebida" num="p" pos="ncfp000" postype="common" sense="16:05908749" wd="bebidas"/>
                <s.a gen="f" num="p">
                  <grup.a gen="f" num="p">
                    <a gen="f" lem="isotónico" num="p" pos="aq0fp0" postype="qualificative" wd="isotónicas"/>
                  </grup.a>
                </s.a>
              </grup.nom>
            </sn>
          </sn>
        </sp>
      </S>
    </S>
    <f lem="." pos="fp" punct="period" wd="."/>
  </sentence>
  <sentence coord="yes">
    <S>
      <sn arg="arg0" coreftype="ident" elliptic="yes" entity="entity1" entityref="spec" func="suj" tem="agt"/>
      <grup.verb>
        <v lem="querer" lss="A21.transitive-agentive-patient" mood="indicative" num="s" person="3" pos="vmip3s0" postype="main" tense="present" wd="Quiere"/>
      </grup.verb>
      <S arg="arg1" clausetype="completive" corefsubtype="prop" coreftype="dx" entity="entity14" entityref="nne" func="cd" impersonal="yes" tem="pat">
        <infinitiu>
          <v lem="tocar" lss="A21.transitive-agentive-patient" mood="infinitive" pos="vmn0000" postype="main" wd="tocar"/>
        </infinitiu>
        <sadv arg="argM" func="cc" tem="adv">
          <grup.adv>
            <r lem="más" pos="rg" wd="más"/>
            <sp>
              <prep>
                <s lem="de" pos="sps00" postype="preposition" wd="de"/>
              </prep>
              <sn coreftype="ident" entity="entity20" entityref="nne" homophoricDD="yes">
                <spec gen="m" num="s">
                  <d gen="c" lem="el" num="s" pos="da0ns0" postype="article" wd="lo"/>
                </spec>
                <grup.nom gen="m" num="s">
                  <S clausetype="participle" impersonal="yes">
                    <participi>
                      <a gen="m" lem="previsto" num="s" pos="aq0msp" posfunction="participle" postype="qualificative" wd="previsto"/>
                    </participi>
                  </S>
                </grup.nom>
              </sn>
            </sp>
          </grup.adv>
        </sadv>
      </S>
    </S>
    <conj conjunctiontype="coordinating">
      <c lem="pero" pos="cc" postype="coordinating" wd="pero"/>
    </conj>
    <S>
      <sn arg="arg0" coreftype="ident" entity="entity13" entityref="nne" func="suj" homophoricDD="yes" tem="agt">
        <spec gen="m" num="p">
          <d gen="m" lem="el" num="p" pos="da0mp0" postype="article" wd="los"/>
        </spec>
        <grup.nom gen="m" num="p">
          <n gen="m" lem="médico" num="p" pos="ncmp000" postype="common" sense="16:07220340" wd="médicos"/>
        </grup.nom>
      </sn>
      <sn arg="arg1" corefsubtype="token" coreftype="dx" entity="entity14" entityref="nne" func="cd" tem="pat">
        <grup.nom gen="m" num="s">
          <p case="accusative" gen="m" lem="él" num="s" person="3" pos="pp3msa00" postype="personal" wd="lo"/>
        </grup.nom>
      </sn>
      <grup.verb>
        <v lem="desaconsejar" lss="A32.ditransitive-patient-benefactive" mood="indicative" num="p" person="3" pos="vmip3p0" postype="main" tense="present" wd="desaconsejan"/>
      </grup.verb>
    </S>
    <f lem="." pos="fp" punct="period" wd="."/>
  </sentence>
  <sentence verbless="yes">
    <sn entityref="ne" ne="date">
      <grup.nom>
        <w lem="[??:??/??/??:17.08]" ne="date" wd="17.08"/>
      </grup.nom>
    </sn>
    <f lem="." pos="fp" punct="period" wd="."/>
  </sentence>
  <sentence verbless="yes">
    <sn entityref="nne">
      <grup.nom gen="f" num="s">
        <n gen="f" lem="recta" num="s" pos="ncfs000" postype="common" sense="16:03423493" wd="Recta"/>
        <s.a gen="f" num="s">
          <grup.a gen="f" num="s">
            <a gen="c" lem="final" num="s" pos="aq0cs0" postype="qualificative" wd="final"/>
          </grup.a>
        </s.a>
      </grup.nom>
    </sn>
    <f lem="." pos="fp" punct="period" wd="."/>
  </sentence>
  <sentence>
    <morfema.pronominal func="pass">
      <p gen="c" lem="él" num="c" person="3" pos="p0300000" wd="Se"/>
    </morfema.pronominal>
    <grup.verb>
      <v lem="acumular" lss="B22.unaccusative-passive-transitive" mood="indicative" num="p" person="3" pos="vmip3p0" postype="main" tense="present" wd="acumulan"/>
    </grup.verb>
    <sn arg="arg1" entity="entity15" entityref="nne" func="suj" homophoricDD="yes" tem="pat">
      <spec gen="m" num="p">
        <d gen="m" lem="el" num="p" pos="da0mp0" postype="article" wd="los"/>
      </spec>
      <grup.nom gen="m" num="p">
        <n gen="m" lem="masaje" num="p" pos="ncmp000" postype="common" sense="16:00430910" wd="masajes"/>
      </grup.nom>
    </sn>
    <f lem="." pos="fp" punct="period" wd="."/>
  </sentence>
  <sentence>
    <sn arg="arg0" elliptic="yes" entityref="nne" func="suj" tem="agt"/>
    <sn arg="arg2" coreftype="ident" entity="entity1" entityref="spec" func="ci" tem="ben">
      <grup.nom>
        <p gen="c" lem="él" num="c" person="3" pos="pp300000" postype="personal" wd="Se"/>
      </grup.nom>
    </sn>
    <sn arg="arg1" coreftype="ident" entity="entity15" entityref="nne" func="cd" tem="pat">
      <grup.nom gen="m" num="p">
        <p case="accusative" gen="m" lem="él" num="p" person="3" pos="pp3mpa00" postype="personal" wd="los"/>
      </grup.nom>
    </sn>
    <grup.verb>
      <v lem="dar" lss="A32.ditransitive-patient-benefactive" mood="indicative" num="p" person="3" pos="vmip3p0" postype="main" tense="present" wd="dan"/>
    </grup.verb>
    <S arg="argM" clausetype="adverbial" func="cc" tem="tmp">
      <sadv func="mod">
        <grup.adv>
          <r lem="incluso" pos="rg" wd="incluso"/>
        </grup.adv>
      </sadv>
      <conj conjunctiontype="subordinating">
        <c lem="mientras" pos="cs" postype="subordinating" wd="mientras"/>
      </conj>
      <sn arg="arg0" coreftype="ident" elliptic="yes" entity="entity1" entityref="spec" func="suj" tem="agt"/>
      <grup.verb>
        <v lem="tocar" lss="A21.transitive-agentive-patient" mood="indicative" num="s" person="3" pos="vmip3s0" postype="main" tense="present" wd="toca"/>
      </grup.verb>
    </S>
    <f lem="." pos="fp" punct="period" wd="."/>
  </sentence>
  <sentence>
    <sn arg="arg1" coreftype="ident" entity="entity16" entityref="nne" func="suj" tem="tem">
      <spec gen="m" num="p">
        <d gen="m" lem="el" num="p" pos="da0mp0" postype="article" wd="Los"/>
      </spec>
      <grup.nom gen="m" num="p">
        <n gen="m" lem="músculo" num="p" pos="ncmp000" postype="common" sense="16:04105203" wd="músculos"/>
      </grup.nom>
    </sn>
    <morfema.pronominal>
      <p gen="c" lem="él" num="c" person="3" pos="p0300000" wd="se"/>
    </morfema.pronominal>
    <grup.verb>
      <v lem="resentirse" lss="C11.state-existential" mood="indicative" num="p" person="3" pos="vmip3p0" postype="main" tense="present" wd="resienten"/>
    </grup.verb>
    <sadv arg="argM" func="cc" tem="tmp">
      <grup.adv>
        <r lem="después" pos="rg" wd="después"/>
        <sp>
          <prep>
            <s lem="de" pos="sps00" postype="preposition" wd="de"/>
          </prep>
          <sn>
            <spec gen="m" num="s">
              <d gen="m" lem="uno" num="s" pos="di0ms0" postype="indefinite" wd="un"/>
            </spec>
            <grup.nom gen="m" num="s">
              <n gen="m" lem="día" num="s" pos="ncms000" postype="common" sense="16:10878116" wd="día"/>
              <sp>
                <prep>
                  <s lem="sin" pos="sps00" postype="preposition" wd="sin"/>
                </prep>
                <S clausetype="completive" impersonal="yes">
                  <infinitiu>
                    <v lem="parar" mood="infinitive" pos="vmn0000" postype="main" wd="parar"/>
                    <s lem="de" pos="sps00" postype="preposition" wd="de"/>
                    <infinitiu>
                      <v lem="tocar" lss="A21.transitive-agentive-patient" mood="infinitive" pos="vmn0000" postype="main" wd="tocar"/>
                    </infinitiu>
                  </infinitiu>
                </S>
              </sp>
            </grup.nom>
          </sn>
        </sp>
      </grup.adv>
    </sadv>
    <f lem="." pos="fp" punct="period" wd="."/>
  </sentence>
  <sentence>
    <sn arg="arg1" coreftype="ident" elliptic="yes" entity="entity1" entityref="spec" func="suj" tem="tem"/>
    <grup.verb>
      <v lem="estar" lss="C21.state-attributive" mood="indicative" num="s" person="3" pos="vmip3s0" postype="main" tense="present" wd="Está"/>
    </grup.verb>
    <sadv arg="arg2" func="atr" tem="atr">
      <spec>
        <r lem="mucho" pos="rg" wd="muy"/>
      </spec>
      <grup.adv>
        <r lem="cerca" pos="rg" wd="cerca"/>
        <sp>
          <prep>
            <s lem="de" pos="sps00" postype="preposition" wd="de"/>
          </prep>
          <sn coreftype="ident" entity="entity2" entityref="spec">
            <spec gen="f" num="s">
              <d coreftype="ident" entity="entity1" entityref="spec" gen="c" lem="su" num="s" person="3" pos="dp3cs0" postype="possessive" wd="su"/>
            </spec>
            <grup.nom gen="f" num="s">
              <n gen="f" lem="meta" num="s" pos="ncfs000" postype="common" sense="16:04587307" wd="meta"/>
            </grup.nom>
          </sn>
        </sp>
      </grup.adv>
    </sadv>
    <f lem="." pos="fp" punct="period" wd="."/>
  </sentence>
  <sentence verbless="yes">
    <sn entityref="ne" ne="date">
      <grup.nom>
        <w lem="[??:??/??/??:20.08]" ne="date" wd="20.08"/>
      </grup.nom>
    </sn>
    <f lem="." pos="fp" punct="period" wd="."/>
  </sentence>
  <sentence>
    <sn arg="arg0" coreftype="ident" elliptic="yes" entity="entity1" entityref="spec" func="suj" tem="agt"/>
    <sn arg="arg1" coreftype="ident" entity="entity2" entityref="spec" func="cd" tem="pat">
      <grup.nom gen="m" num="s">
        <p case="accusative" gen="c" lem="él" num="c" person="3" pos="pp3cna00" postype="personal" wd="Lo"/>
      </grup.nom>
    </sn>
    <grup.verb>
      <v lem="conseguir" lss="A21.transitive-agentive-patient" mood="indicative" num="s" person="3" pos="vmis3s0" postype="main" tense="past" wd="consiguió"/>
    </grup.verb>
    <f lem="." pos="fp" punct="period" wd="."/>
  </sentence>
  <sentence>
    <sn arg="arg0" coreftype="ident" entity="entity1" entityref="ne" func="suj" ne="person" tem="agt">
      <grup.nom gen="m" num="s">
        <n lem="Niebla" ne="person" pos="np00000" postype="proper" wd="Niebla"/>
      </grup.nom>
    </sn>
    <grup.verb>
      <v lem="haber" mood="indicative" num="s" person="3" pos="vaip3s0" postype="auxiliary" tense="present" wd="ha"/>
      <v gen="m" lem="batir" lss="A21.transitive-agentive-patient" mood="participle" num="s" pos="vmp00sm" postype="main" wd="batido"/>
    </grup.verb>
    <sn arg="arg1" coreftype="ident" entity="entity2" entityref="spec" func="cd" tem="pat">
      <spec gen="m" num="s">
        <d gen="m" lem="uno" num="s" pos="di0ms0" postype="indefinite" wd="un"/>
      </spec>
      <grup.nom gen="m" num="s">
        <s.a gen="m" num="s">
          <grup.a gen="m" num="s">
            <a gen="m" lem="nuevo" num="s" pos="aq0ms0" postype="qualificative" wd="nuevo"/>
          </grup.a>
        </s.a>
        <n gen="m" lem="récord" num="s" pos="ncms000" postype="common" sense="16:00036443" wd="récord"/>
      </grup.nom>
    </sn>
    <S arg="argM" clausetype="adverbial" func="cc" impersonal="yes" tem="mnr">
      <gerundi>
        <v lem="superar" lss="A21.transitive-agentive-patient" mood="gerund" pos="vmg0000" postype="main" wd="superando"/>
      </gerundi>
      <sp arg="argM" func="cc" tem="adv">
        <prep>
          <s lem="en" pos="sps00" postype="preposition" wd="en"/>
        </prep>
        <sn entityref="nne">
          <spec gen="f" num="p">
            <d gen="c" lem="dos" num="p" pos="dn0cp0" postype="numeral" wd="dos"/>
          </spec>
          <grup.nom gen="f" num="p">
            <n gen="f" lem="hora" num="p" pos="ncfp000" postype="common" sense="16:10938063" wd="horas"/>
          </grup.nom>
        </sn>
      </sp>
      <sn arg="arg1" entityref="nne" func="cd" tem="pat">
        <spec gen="m" num="s">
          <d gen="m" lem="el" num="s" pos="da0ms0" postype="article" wd="el"/>
        </spec>
        <grup.nom gen="m" num="s">
          <S clausetype="relative">
            <relatiu arg="arg1" func="cd" tem="pat">
              <p gen="c" lem="que" num="c" pos="pr0cn000" postype="relative" wd="que"/>
            </relatiu>
            <grup.verb>
              <v lem="ostentar" lss="A21.transitive-agentive-patient" mood="indicative" num="s" person="3" pos="vmii3s0" postype="main" tense="imperfect" wd="ostentaba"/>
            </grup.verb>
            <sn arg="arg0" entityref="ne" func="suj" ne="person" tem="agt">
              <spec gen="m" num="s">
                <d gen="m" lem="el" num="s" pos="da0ms0" postype="article" wd="el"/>
              </spec>
              <grup.nom gen="m" num="s">
                <n gen="m" lem="puertorriqueño" num="s" pos="ncms000" postype="common" sense="16:cs2" wd="puertorriqueño"/>
                <sn entityref="ne" ne="person">
                  <grup.nom gen="m" num="s">
                    <n lem="Lionel_Villahermosa" ne="person" pos="np00000" postype="proper" wd="Lionel_Villahermosa"/>
                  </grup.nom>
                </sn>
              </grup.nom>
            </sn>
          </S>
        </grup.nom>
      </sn>
    </S>
    <f lem="." pos="fp" punct="period" wd="."/>
  </sentence>
  <sentence verbless="yes">
    <sa>
      <grup.a>
        <a gen="c" lem="impresionante" num="s" pos="aq0cs0" postype="qualificative" wd="Impresionante"/>
      </grup.a>
    </sa>
    <f lem="." pos="fp" punct="period" wd="."/>
  </sentence>
</article>
