<?xml version="1.0" encoding="UTF-8"?>
<!-- 

  ancora-2.0
       
			Copyright (C) 2007, 2008, 2009, 2010, 2011 UB - CLiC
			Centre de Llenguatge i Computació - Universitat de Barcelona
 
  This file is part of ancora-2.0.
 
  ancora-2.0 is free software and data: you can redistribute it and/or modify
  it under the terms of the GNU General Public License as published
  by the Free Software Foundation, either version 3 of the License,
  or (at your option) any later version.

  ancora-2.0 is distributed in the hope that it will be useful,
  but WITHOUT ANY WARRANTY; without even the implied warranty of
  MERCHANTABILITY or FITNESS FOR A PARTICULAR PURPOSE.  See the
  GNU General Public License for more details.
 
  You should have received a copy of the GNU General Public License
  along with ancora-2.0.  If not, see &lt;http://www.gnu.org/licenses/&gt;.
 
  Check a text in catalan explaining the terms of the license at http://www.softcatala.cat/wiki/GPL3.
  In spanish at http://www.viti.es/gnu/licenses/gpl.html
 

  The following paper must be cited when using this corpus:

 * Taulé, M., M.A. Martí, M. Recasens (2008) 'Ancora: Multilevel Annotated Corpora for Catalan and Spanish',
   Proceedings of 6th International Conference on Language Resources and Evaluation. Marrakesh (Morocco).

  In addition, the following paper must be cited if coreference information (attributes entity, coreftype,
  corefsubtype, homophoricDD or entityref) is used:

 * Recasens, Marta, M. Antònia Martí (2010) ‘AnCora-CO: Coreferentially annotated corpora for Spanish and
   Catalan’. Language Resources and Evaluation, Springer Science.

  Additionally, the following paper must be cited when argumental attributes in "sn" or "grup.nom"
  (attributes func, arg, tem or lexicalid) are used:

 * Peris, Aina, Mariona Taulé, Horacio Rodríguez (2010) ‘Semantic Annotation of Deverbal Nominalizations in the
   Spanish AnCora corpus’. Treebanks and Linguistic Theories (TLT-2010), Estonia.
-->
<article lng="es">
  <sentence>
    <sn arg="arg0" entity="entity33" entityref="ne" func="suj" ne="person" tem="agt">
      <grup.nom gen="m" num="s">
        <n lem="Philip_Glass" ne="person" pos="np00000" postype="proper" wd="Philip_Glass"/>
      </grup.nom>
    </sn>
    <grup.verb>
      <v lem="apostar" lss="A34.ditransitive-patient-theme" mood="indicative" num="s" person="3" pos="vmip3s0" postype="main" tense="present" wd="apuesta"/>
    </grup.verb>
    <sp arg="arg2" func="creg" tem="tem">
      <prep>
        <s lem="por" pos="sps00" postype="preposition" wd="por"/>
      </prep>
      <sn entityref="nne" homophoricDD="yes">
        <spec gen="f" num="p">
          <d gen="f" lem="el" num="p" pos="da0fp0" postype="article" wd="las"/>
        </spec>
        <grup.nom gen="f" num="p">
          <n gen="f" lem="ópera" num="p" pos="ncfp000" postype="common" sense="16:05268918" wd="óperas"/>
          <s.a gen="f" num="p">
            <grup.a gen="f" num="p">
              <a gen="f" lem="nuevo" num="p" pos="aq0fp0" postype="qualificative" wd="nuevas"/>
            </grup.a>
          </s.a>
        </grup.nom>
      </sn>
    </sp>
    <sp arg="argM" func="cc" tem="fin">
      <prep>
        <s lem="para" pos="sps00" postype="preposition" wd="para"/>
      </prep>
      <S clausetype="completive" impersonal="yes">
        <infinitiu>
          <v lem="ganar" lss="A21.transitive-agentive-patient" mood="infinitive" pos="vmn0000" postype="main" wd="ganar"/>
        </infinitiu>
        <sn arg="arg1" entityref="nne" func="cd" tem="pat">
          <grup.nom gen="m" num="s">
            <n gen="m" lem="público" num="s" pos="ncms000" postype="common" sense="16:06103316" wd="público"/>
          </grup.nom>
        </sn>
      </S>
    </sp>
    <f lem="." pos="fp" punct="period" wd="."/>
  </sentence>
  <sentence>
    <sn arg="arg0" entityref="ne" func="suj" ne="person" tem="agt">
      <spec gen="m" num="s">
        <d gen="m" lem="el" num="s" pos="da0ms0" postype="article" wd="El"/>
      </spec>
      <grup.nom gen="m" num="s">
        <s.a gen="m" num="s">
          <grup.a gen="m" num="s">
            <a gen="m" lem="prestigioso" num="s" pos="aq0ms0" postype="qualificative" wd="prestigioso"/>
          </grup.a>
        </s.a>
        <n gen="m" lem="compositor" num="s" pos="ncms000" postype="common" sense="16:07173042" wd="compositor"/>
        <s.a gen="m" num="s">
          <grup.a gen="m" num="s">
            <a gen="m" lem="norteamericano" num="s" pos="aq0ms0" postype="qualificative" wd="norteamericano"/>
          </grup.a>
        </s.a>
      </grup.nom>
    </sn>
    <grup.verb>
      <v lem="considerar" lss="A21.transitive-agentive-patient" mood="indicative" num="s" person="3" pos="vmip3s0" postype="main" tense="present" wd="considera"/>
    </grup.verb>
    <S arg="arg1" clausetype="completive" func="cd" tem="pat">
      <conj conjunctiontype="subordinating">
        <c lem="que" pos="cs" postype="subordinating" wd="que"/>
      </conj>
      <f lem="&quot;" pos="fe" punct="quotation" wd="&quot;"/>
      <morfema.verbal func="pass">
        <p gen="c" lem="se" num="c" pos="p0000000" wd="se"/>
      </morfema.verbal>
      <grup.verb>
        <v lem="estar" mood="indicative" num="s" person="3" pos="vmip3s0" postype="main" tense="present" wd="está"/>
        <gerundi>
          <v lem="crear" lss="B22.unaccusative-passive-transitive" mood="gerund" pos="vmg0000" postype="main" wd="creando"/>
        </gerundi>
      </grup.verb>
      <sn arg="arg1" entity="entity32" entityref="nne" func="suj" tem="pat">
        <spec gen="f" num="s">
          <d gen="f" lem="uno" num="s" pos="di0fs0" postype="indefinite" wd="una"/>
        </spec>
        <grup.nom gen="f" num="s">
          <n gen="f" lem="audiencia" lexicalid="noun.audiencia.1.default" num="s" origin="deverbal" pos="ncfs000" postype="common" sense="16:06103316" wd="audiencia"/>
          <s.a func="cn" gen="f" num="s">
            <grup.a gen="f" num="s">
              <a gen="f" lem="nuevo" num="s" pos="aq0fs0" postype="qualificative" wd="nueva"/>
            </grup.a>
          </s.a>
          <S clausetype="relative" func="cn">
            <relatiu arg="arg1" coreftype="ident" entity="entity32" entityref="nne" func="suj" tem="tem">
              <p gen="c" lem="que" num="c" pos="pr0cn000" postype="relative" wd="que"/>
            </relatiu>
            <grup.verb>
              <v lem="venir" lss="B11.unaccusative-motion" mood="indicative" num="s" person="3" pos="vmip3s0" postype="main" tense="present" wd="viene"/>
            </grup.verb>
            <sp arg="arg4" func="cc" tem="des">
              <prep>
                <s lem="a" pos="sps00" postype="preposition" wd="a"/>
              </prep>
              <sn entityref="nne" homophoricDD="yes">
                <spec gen="f" num="s">
                  <d gen="f" lem="el" num="s" pos="da0fs0" postype="article" wd="la"/>
                </spec>
                <grup.nom gen="f" num="s">
                  <n gen="f" lem="ópera" num="s" pos="ncfs000" postype="common" sense="16:03058953" wd="ópera"/>
                </grup.nom>
              </sn>
            </sp>
            <sp arg="argM" func="cc" tem="mnr">
              <prep>
                <s lem="con" pos="sps00" postype="preposition" wd="con"/>
              </prep>
              <sn entityref="nne" homophoricDD="yes">
                <spec gen="m" num="s">
                  <d gen="m" lem="el" num="s" pos="da0ms0" postype="article" wd="el"/>
                </spec>
                <grup.nom gen="m" num="s">
                  <n gen="m" lem="ánimo" lexicalid="noun.ánimo.1.default" num="s" origin="deverbal" pos="ncms000" postype="common" sense="16:03648811" wd="ánimo"/>
                  <sp arg="arg0" func="cn" tem="cau">
                    <prep>
                      <s lem="de" pos="sps00" postype="preposition" wd="de"/>
                    </prep>
                    <S clausetype="completive" impersonal="yes">
                      <infinitiu>
                        <v lem="ver" lss="A21.transitive-agentive-patient" mood="infinitive" pos="vmn0000" postype="main" wd="ver"/>
                      </infinitiu>
                      <sn arg="arg1" entityref="nne" func="cd" tem="pat">
                        <grup.nom gen="m" num="s">
                          <p gen="c" lem="algo" num="s" pos="pi0cs000" postype="indefinite" wd="algo"/>
                          <s.a gen="m" num="s">
                            <grup.a gen="m" num="s">
                              <a gen="c" lem="diferente" num="s" pos="aq0cs0" postype="qualificative" wd="diferente"/>
                            </grup.a>
                          </s.a>
                        </grup.nom>
                      </sn>
                    </S>
                  </sp>
                </grup.nom>
              </sn>
            </sp>
          </S>
        </grup.nom>
      </sn>
      <f lem="&quot;" pos="fe" punct="quotation" wd="&quot;"/>
    </S>
    <f lem="." pos="fp" punct="period" wd="."/>
  </sentence>
  <sentence>
    <sn arg="arg0" coreftype="ident" entity="entity33" entityref="ne" func="suj" ne="person" tem="agt">
      <grup.nom gen="m" num="s">
        <n lem="Glass" ne="person" pos="np00000" postype="proper" wd="Glass"/>
        <sn corefsubtype="definit" coreftype="pred" entity="entity33">
          <f lem="," pos="fc" punct="comma" wd=","/>
          <grup.nom gen="m" num="s">
            <n gen="m" lem="autor" num="s" pos="ncms000" postype="common" sense="16:07689380" wd="autor"/>
            <sp>
              <prep>
                <s lem="de" pos="sps00" postype="preposition" wd="de"/>
              </prep>
              <sn entity="entity34" entityref="ne" ne="other">
                <spec gen="f" num="s">
                  <d gen="f" lem="el" num="s" pos="da0fs0" postype="article" wd="la"/>
                </spec>
                <grup.nom gen="f" num="s">
                  <n gen="f" lem="ópera" num="s" pos="ncfs000" postype="common" sense="16:05268918" wd="ópera"/>
                  <sn entityref="ne" ne="other">
                    <grup.nom>
                      <n lem="Corvo_branco" ne="other" pos="np00000" postype="proper" wd="Corvo_branco"/>
                    </grup.nom>
                  </sn>
                  <S clausetype="relative">
                    <f lem="," pos="fc" punct="comma" wd=","/>
                    <relatiu arg="arg1" coreftype="ident" entity="entity34" entityref="spec" func="suj" num="p" tem="pat">
                      <p gen="c" lem="que" num="c" pos="pr0cn000" postype="relative" wd="que"/>
                    </relatiu>
                    <morfema.verbal func="pass">
                      <p gen="c" lem="se" num="c" pos="p0000000" wd="se"/>
                    </morfema.verbal>
                    <grup.verb>
                      <v lem="representar" lss="B22.unaccusative-passive-transitive" mood="indicative" num="s" person="3" pos="vmip3s0" postype="main" tense="present" wd="representa"/>
                    </grup.verb>
                    <sn arg="argM" entityref="nne" func="cc" tem="tmp">
                      <spec gen="m" num="p">
                        <d gen="m" lem="este" num="p" pos="dd0mp0" postype="demonstrative" wd="estos"/>
                      </spec>
                      <grup.nom gen="m" num="p">
                        <n gen="m" lem="día" num="p" pos="ncmp000" postype="common" sense="16:10851114" wd="días"/>
                      </grup.nom>
                    </sn>
                    <sp arg="argM" func="cc" tem="loc">
                      <prep>
                        <s lem="en" pos="sps00" postype="preposition" wd="en"/>
                      </prep>
                      <sn entityref="ne" ne="location">
                        <spec gen="m" num="s">
                          <d gen="m" lem="el" num="s" pos="da0ms0" postype="article" wd="el"/>
                        </spec>
                        <grup.nom gen="m" num="s">
                          <n lem="Teatro_Real_de_Madrid" ne="location" pos="np00000" postype="proper" wd="Teatro_Real_de_Madrid"/>
                        </grup.nom>
                      </sn>
                    </sp>
                    <f lem="," pos="fc" punct="comma" wd=","/>
                  </S>
                </grup.nom>
              </sn>
            </sp>
          </grup.nom>
        </sn>
      </grup.nom>
    </sn>
    <grup.verb>
      <v lem="creer" lss="A21.transitive-agentive-patient" mood="indicative" num="s" person="3" pos="vmip3s0" postype="main" tense="present" wd="cree"/>
    </grup.verb>
    <S arg="arg1" clausetype="completive" func="cd" tem="pat">
      <conj conjunctiontype="subordinating">
        <c lem="que" pos="cs" postype="subordinating" wd="que"/>
      </conj>
      <sn arg="arg1" entityref="nne" func="suj" homophoricDD="yes" tem="tem">
        <spec gen="m" num="s">
          <d gen="m" lem="el" num="s" pos="da0ms0" postype="article" wd="el"/>
        </spec>
        <grup.nom gen="m" num="s">
          <n gen="m" lem="futuro" num="s" pos="ncms000" postype="common" sense="16:10849807" wd="futuro"/>
          <sp>
            <prep>
              <s contracted="yes" gen="m" lem="del" num="s" pos="spcms" postype="preposition" wd="del"/>
            </prep>
            <sn entityref="nne" homophoricDD="yes">
              <grup.nom gen="m" num="s">
                <n gen="m" lem="teatro" num="s" pos="ncms000" postype="common" sense="16:05256340" wd="teatro"/>
                <s.a gen="m" num="s">
                  <grup.a gen="m" num="s">
                    <a gen="c" lem="musical" num="s" pos="aq0cs0" postype="qualificative" wd="musical"/>
                  </grup.a>
                </s.a>
              </grup.nom>
            </sn>
          </sp>
        </grup.nom>
      </sn>
      <grup.verb>
        <v lem="depender" lss="C21.state-attributive" mood="indicative" num="s" person="3" pos="vmip3s0" postype="main" tense="present" wd="depende"/>
      </grup.verb>
      <sp arg="arg2" func="creg" tem="atr">
        <prep>
          <s lem="de" pos="sps00" postype="preposition" wd="de"/>
        </prep>
        <sn entityref="nne" homophoricDD="yes">
          <spec gen="f" num="s">
            <d gen="f" lem="el" num="s" pos="da0fs0" postype="article" wd="la"/>
          </spec>
          <grup.nom gen="f" num="s">
            <n gen="f" lem="composición" lexicalid="noun.composición.1.default" num="s" origin="deverbal" pos="ncfs000" postype="common" sense="16:00600817" wd="composición"/>
            <sp arg="arg1" func="cn" tem="pat">
              <prep>
                <s lem="de" pos="sps00" postype="preposition" wd="de"/>
              </prep>
              <sn entityref="nne">
                <grup.nom gen="f" num="p">
                  <n gen="f" lem="obra" lexicalid="noun.obra.2.default" num="p" origin="deverbal" pos="ncfp000" postype="common" sense="16:05277178" wd="obras"/>
                  <s.a func="cn" gen="f" num="p">
                    <grup.a gen="f" num="p">
                      <a gen="f" lem="nuevo" num="p" pos="aq0fp0" postype="qualificative" wd="nuevas"/>
                    </grup.a>
                  </s.a>
                </grup.nom>
              </sn>
            </sp>
          </grup.nom>
        </sn>
      </sp>
    </S>
    <f lem="." pos="fp" punct="period" wd="."/>
  </sentence>
  <sentence>
    <sn arg="arg0" coreftype="ident" elliptic="yes" entity="entity33" entityref="spec" func="suj" tem="agt"/>
    <grup.verb>
      <v lem="añadir" lss="A21.transitive-agentive-patient" mood="indicative" num="s" person="3" pos="vmis3s0" postype="main" tense="past" wd="Añadió"/>
    </grup.verb>
    <S arg="arg1" clausetype="completive" entity="entity35" func="cd" tem="pat">
      <conj conjunctiontype="subordinating">
        <c lem="que" pos="cs" postype="subordinating" wd="que"/>
      </conj>
      <sn arg="arg0" coreftype="ident" elliptic="yes" entity="entity33" entityref="spec" func="suj" tem="agt"/>
      <grup.verb>
        <v lem="preferir" lss="A21.transitive-agentive-patient" mood="indicative" num="s" person="3" pos="vmip3s0" postype="main" tense="present" wd="prefiere"/>
      </grup.verb>
      <S arg="arg1" clausetype="completive" func="cd" impersonal="yes" tem="pat">
        <infinitiu>
          <v lem="escribir" lss="A21.transitive-agentive-patient" mood="infinitive" pos="vmn0000" postype="main" wd="escribir"/>
        </infinitiu>
        <sn arg="arg1" entityref="nne" func="cd" tem="pat">
          <grup.nom gen="f" num="s">
            <n gen="f" lem="música" num="s" pos="ncfs000" postype="common" sense="16:05266809" wd="música"/>
          </grup.nom>
        </sn>
        <sp arg="argM" func="cc" tem="mnr">
          <prep>
            <s lem="a_partir_de" pos="sps00" postype="preposition" wd="a_partir_de"/>
          </prep>
          <sn coord="yes">
            <sn entityref="nne">
              <spec gen="f" num="p">
                <d gen="f" lem="uno" num="p" pos="di0fp0" postype="indefinite" wd="unas"/>
              </spec>
              <grup.nom gen="f" num="p">
                <n gen="f" lem="imagen" num="p" pos="ncfp000" postype="common" sense="16:03118233" wd="imágenes"/>
              </grup.nom>
            </sn>
            <conj conjunctiontype="coordinating">
              <c lem="o" pos="cc" postype="coordinating" wd="o"/>
            </conj>
            <sn entityref="nne">
              <grup.nom gen="m" num="p">
                <n gen="m" lem="boceto" num="p" pos="ncmp000" postype="common" sense="16:02557662" wd="bocetos"/>
                <s.a gen="m" num="p">
                  <grup.a gen="m" num="p">
                    <a gen="c" lem="visual" num="p" pos="aq0cp0" postype="qualificative" wd="visuales"/>
                  </grup.a>
                </s.a>
              </grup.nom>
            </sn>
          </sn>
        </sp>
      </S>
      <S arg="argM" clausetype="adverbial" func="cc" tem="adv">
        <f lem="," pos="fc" punct="comma" wd=","/>
        <conj conjunctiontype="subordinating">
          <c lem="como" pos="cs" postype="subordinating" wd="como"/>
        </conj>
        <sn arg="arg1" corefsubtype="token" coreftype="dx" elliptic="yes" entity="entity35" entityref="nne" func="suj" tem="tem"/>
        <sn arg="arg2" coreftype="ident" entity="entity33" entityref="spec" func="ci" tem="ben">
          <grup.nom num="s">
            <p case="dative" gen="c" lem="él" num="s" person="3" pos="pp3csd00" postype="personal" wd="le"/>
          </grup.nom>
        </sn>
        <grup.verb>
          <v lem="ocurrir" lss="B21.unaccusative-state" mood="indicative" num="s" person="3" pos="vmip3s0" postype="main" tense="present" wd="ocurre"/>
        </grup.verb>
        <sn arg="argM" entity="entity36" entityref="nne" func="cc" tem="tmp">
          <spec gen="f" num="s">
            <d gen="c" lem="cada" num="s" pos="di0cs0" postype="indefinite" wd="cada"/>
          </spec>
          <grup.nom gen="f" num="s">
            <n gen="f" lem="vez" num="s" pos="ncfs000" postype="common" sense="16:05449233" wd="vez"/>
            <S clausetype="relative">
              <relatiu arg="argM" coreftype="ident" entity="entity36" entityref="nne" func="cc" tem="tmp">
                <p gen="c" lem="que" num="c" pos="pr0cn000" postype="relative" wd="que"/>
              </relatiu>
              <sn arg="arg0" coreftype="ident" elliptic="yes" entity="entity33" entityref="spec" func="suj" tem="agt"/>
              <grup.verb>
                <v lem="colaborar" lss="A22.transitive-agentive-theme" mood="indicative" num="s" person="3" pos="vmip3s0" postype="main" tense="present" wd="colabora"/>
              </grup.verb>
              <sp arg="arg1" func="creg" tem="tem">
                <prep>
                  <s lem="con" pos="sps00" postype="preposition" wd="con"/>
                </prep>
                <sn entity="entity37" entityref="ne" ne="person">
                  <grup.nom gen="m" num="s">
                    <n lem="Robert_Wilson" ne="person" pos="np00000" postype="proper" wd="Robert_Wilson"/>
                    <sn corefsubtype="definit" coreftype="pred" entity="entity37">
                      <f lem="," pos="fc" punct="comma" wd=","/>
                      <grup.nom gen="m" num="s">
                        <n gen="m" lem="director" num="s" pos="ncms000" postype="common" sense="16:07063762" wd="director"/>
                        <sp>
                          <prep>
                            <s lem="de" pos="sps00" postype="preposition" wd="de"/>
                          </prep>
                          <sn>
                            <grup.nom gen="f" num="s">
                              <n gen="f" lem="escena" num="s" pos="ncfs000" postype="common" sense="16:05256519" wd="escena"/>
                            </grup.nom>
                          </sn>
                        </sp>
                        <sp>
                          <prep>
                            <s lem="de" pos="sps00" postype="preposition" wd="de"/>
                          </prep>
                          <sn coreftype="ident" entity="entity34" entityref="spec">
                            <spec gen="f" num="s">
                              <d gen="f" lem="este" num="s" pos="dd0fs0" postype="demonstrative" wd="esta"/>
                            </spec>
                            <grup.nom gen="f" num="s">
                              <n gen="f" lem="producción" lexicalid="noun.producción.1.default" num="s" origin="deverbal" pos="ncfs000" postype="common" sense="16:02639315" wd="producción"/>
                            </grup.nom>
                          </sn>
                        </sp>
                      </grup.nom>
                    </sn>
                  </grup.nom>
                </sn>
              </sp>
            </S>
          </grup.nom>
        </sn>
      </S>
    </S>
    <f lem="." pos="fp" punct="period" wd="."/>
  </sentence>
</article>
