<?xml version="1.0" encoding="UTF-8"?>
<!-- 

  ancora-2.0
       
			Copyright (C) 2007, 2008, 2009, 2010, 2011 UB - CLiC
			Centre de Llenguatge i Computació - Universitat de Barcelona
 
  This file is part of ancora-2.0.
 
  ancora-2.0 is free software and data: you can redistribute it and/or modify
  it under the terms of the GNU General Public License as published
  by the Free Software Foundation, either version 3 of the License,
  or (at your option) any later version.

  ancora-2.0 is distributed in the hope that it will be useful,
  but WITHOUT ANY WARRANTY; without even the implied warranty of
  MERCHANTABILITY or FITNESS FOR A PARTICULAR PURPOSE.  See the
  GNU General Public License for more details.
 
  You should have received a copy of the GNU General Public License
  along with ancora-2.0.  If not, see &lt;http://www.gnu.org/licenses/&gt;.
 
  Check a text in catalan explaining the terms of the license at http://www.softcatala.cat/wiki/GPL3.
  In spanish at http://www.viti.es/gnu/licenses/gpl.html
 

  The following paper must be cited when using this corpus:

 * Taulé, M., M.A. Martí, M. Recasens (2008) 'Ancora: Multilevel Annotated Corpora for Catalan and Spanish',
   Proceedings of 6th International Conference on Language Resources and Evaluation. Marrakesh (Morocco).

  In addition, the following paper must be cited if coreference information (attributes entity, coreftype,
  corefsubtype, homophoricDD or entityref) is used:

 * Recasens, Marta, M. Antònia Martí (2010) ‘AnCora-CO: Coreferentially annotated corpora for Spanish and
   Catalan’. Language Resources and Evaluation, Springer Science.

  Additionally, the following paper must be cited when argumental attributes in "sn" or "grup.nom"
  (attributes func, arg, tem or lexicalid) are used:

 * Peris, Aina, Mariona Taulé, Horacio Rodríguez (2010) ‘Semantic Annotation of Deverbal Nominalizations in the
   Spanish AnCora corpus’. Treebanks and Linguistic Theories (TLT-2010), Estonia.
-->
<article lng="es">
  <sentence>
    <sn arg="arg1" entity="entity1" entityref="ne" func="suj" ne="person" tem="tem">
      <spec gen="f" num="s">
        <d gen="f" lem="el" num="s" pos="da0fs0" postype="article" wd="La"/>
      </spec>
      <grup.nom gen="f" num="s">
        <n gen="f" lem="esquiadora" num="s" pos="ncfs000" postype="common" sense="16:cs2" wd="esquiadora"/>
        <s.a gen="f" num="s">
          <grup.a gen="f" num="s">
            <a gen="f" lem="francés" num="s" pos="aq0fs0" postype="qualificative" wd="francesa"/>
          </grup.a>
        </s.a>
        <sn entityref="ne" ne="person">
          <grup.nom gen="f" num="s">
            <n lem="Régine_Cavagnoud" ne="person" pos="np00000" postype="proper" wd="Régine_Cavagnoud"/>
          </grup.nom>
        </sn>
        <sp>
          <f lem="," pos="fc" punct="comma" wd=","/>
          <prep>
            <s lem="de" pos="sps00" postype="preposition" wd="de"/>
          </prep>
          <sn>
            <spec gen="m" num="p">
              <z lem="31" ne="number" wd="31"/>
            </spec>
            <grup.nom gen="m" num="p">
              <n gen="m" lem="año" num="p" pos="ncmp000" postype="common" sense="16:10917509" wd="años"/>
            </grup.nom>
          </sn>
          <f lem="," pos="fc" punct="comma" wd=","/>
        </sp>
      </grup.nom>
    </sn>
    <grup.verb>
      <v lem="morir" lss="B21.unaccusative-state" mood="indicative" num="s" person="3" pos="vmis3s0" postype="main" tense="past" wd="murió"/>
    </grup.verb>
    <sadv arg="argM" func="cc" tem="tmp">
      <grup.adv>
        <r lem="ayer" pos="rg" wd="ayer"/>
      </grup.adv>
    </sadv>
    <sp arg="argM" func="cc" tem="loc">
      <prep>
        <s lem="en" pos="sps00" postype="preposition" wd="en"/>
      </prep>
      <sn entity="entity2" entityref="nne">
        <spec gen="f" num="s">
          <d gen="f" lem="uno" num="s" pos="di0fs0" postype="indefinite" wd="una"/>
        </spec>
        <grup.nom gen="f" num="s">
          <n gen="f" lem="clínica" num="s" pos="ncfs000" postype="common" sense="16:02834408" wd="clínica"/>
          <sp>
            <prep>
              <s lem="de" pos="sps00" postype="preposition" wd="de"/>
            </prep>
            <sn>
              <sn entityref="ne" ne="location">
                <grup.nom>
                  <n lem="Innsbruck" ne="location" pos="np00000" postype="proper" wd="Innsbruck"/>
                </grup.nom>
              </sn>
              <sn adjunct="yes" entityref="ne" ne="location">
                <grup.nom>
                  <f lem="(" pos="fpa" punct="bracket" punctenclose="open" wd="("/>
                  <n lem="Austria" ne="location" pos="np00000" postype="proper" wd="Austria"/>
                  <f lem=")" pos="fpt" punct="bracket" punctenclose="close" wd=")"/>
                </grup.nom>
              </sn>
            </sn>
          </sp>
          <S clausetype="relative">
            <sp arg="arg2" func="cc" tem="loc">
              <prep>
                <s lem="en" pos="sps00" postype="preposition" wd="en"/>
              </prep>
              <sn coreftype="ident" entity="entity2" entityref="nne">
                <spec gen="f" num="s">
                  <d gen="f" lem="el" num="s" pos="da0fs0" postype="article" wd="la"/>
                </spec>
                <grup.nom gen="f" num="s">
                  <relatiu>
                    <p gen="c" lem="que" num="c" pos="pr0cn000" postype="relative" wd="que"/>
                  </relatiu>
                </grup.nom>
              </sn>
            </sp>
            <sn arg="arg1" coreftype="ident" elliptic="yes" entity="entity1" entityref="spec" func="suj" tem="pat"/>
            <grup.verb>
              <v lem="haber" mood="indicative" num="s" person="3" pos="vaii3s0" postype="auxiliary" tense="imperfect" wd="había"/>
              <v gen="m" lem="ser" mood="participle" num="s" pos="vsp00sm" postype="semiauxiliary" wd="sido"/>
              <v gen="f" lem="ingresar" lss="B22.unaccusative-passive-transitive" mood="participle" num="s" pos="vmp00sf" postype="main" wd="ingresada"/>
            </grup.verb>
            <sn arg="argM" entityref="ne" func="cc" ne="date" tem="tmp">
              <spec gen="m" num="s">
                <d gen="m" lem="el" num="s" pos="da0ms0" postype="article" wd="el"/>
              </spec>
              <grup.nom gen="m" num="s">
                <S clausetype="participle" impersonal="yes">
                  <participi>
                    <a gen="m" lem="pasado" num="s" pos="aq0msp" posfunction="participle" postype="qualificative" wd="pasado"/>
                  </participi>
                </S>
                <w lem="[L:??/??/??:??.??]" ne="date" wd="Lunes"/>
              </grup.nom>
            </sn>
            <sadv arg="argM" func="cc" tem="tmp">
              <grup.adv>
                <r lem="después" pos="rg" wd="después"/>
                <sp>
                  <prep>
                    <s lem="de" pos="sps00" postype="preposition" wd="de"/>
                  </prep>
                  <S clausetype="completive" impersonal="yes">
                    <infinitiu>
                      <v lem="sufrir" lss="C21.state-attributive" mood="infinitive" pos="vmn0000" postype="main" wd="sufrir"/>
                    </infinitiu>
                    <sn arg="arg2" entityref="nne" func="cd" functype="quantitative" tem="atr">
                      <spec gen="m" num="s">
                        <d gen="m" lem="uno" num="s" pos="di0ms0" postype="indefinite" wd="un"/>
                      </spec>
                      <grup.nom gen="m" num="s">
                        <s.a func="cn" gen="m" num="s">
                          <grup.a gen="m" num="s">
                            <a gen="c" lem="espectacular" num="s" pos="aq0cs0" postype="qualificative" wd="espectacular"/>
                          </grup.a>
                        </s.a>
                        <n gen="m" lem="accidente" lexicalid="noun.accidente.1.default" num="s" origin="deverbal" pos="ncms000" postype="common" sense="16:05443572" wd="accidente"/>
                      </grup.nom>
                    </sn>
                    <S arg="argM" clausetype="adverbial" func="cc" tem="tmp">
                      <conj conjunctiontype="subordinating">
                        <c lem="mientras" pos="cs" postype="subordinating" wd="mientras"/>
                      </conj>
                      <sn arg="arg0" coreftype="ident" elliptic="yes" entity="entity1" entityref="spec" func="suj" tem="agt"/>
                      <morfema.pronominal arg="arg1" func="cd" tem="pat">
                        <p gen="c" lem="él" num="c" person="3" pos="p0300000" wd="se"/>
                      </morfema.pronominal>
                      <grup.verb>
                        <v lem="entrenar" lss="A21.transitive-agentive-patient" mood="indicative" num="s" person="3" pos="vmii3s0" postype="main" tense="imperfect" wd="entrenaba"/>
                      </grup.verb>
                      <sp arg="argM" func="cc" tem="loc">
                        <prep>
                          <s lem="en" pos="sps00" postype="preposition" wd="en"/>
                        </prep>
                        <sn entityref="ne" ne="location">
                          <spec gen="m" num="s">
                            <d gen="m" lem="el" num="s" pos="da0ms0" postype="article" wd="el"/>
                          </spec>
                          <grup.nom gen="m" num="s">
                            <n gen="m" lem="glaciar" num="s" pos="ncms000" postype="common" sense="16:06747770" wd="glaciar"/>
                            <sp>
                              <prep>
                                <s lem="de" pos="sps00" postype="preposition" wd="de"/>
                              </prep>
                              <sn entityref="ne" ne="location">
                                <grup.nom>
                                  <n lem="Pitztal" ne="location" pos="np00000" postype="proper" wd="Pitztal"/>
                                </grup.nom>
                              </sn>
                            </sp>
                            <sp>
                              <f lem="," pos="fc" punct="comma" wd=","/>
                              <prep>
                                <s lem="en" pos="sps00" postype="preposition" wd="en"/>
                              </prep>
                              <sn entityref="ne" ne="location">
                                <spec gen="m" num="p">
                                  <d gen="m" lem="el" num="p" pos="da0mp0" postype="article" wd="los"/>
                                </spec>
                                <grup.nom gen="m" num="p">
                                  <n lem="Alpes" ne="location" pos="np00000" postype="proper" wd="Alpes"/>
                                </grup.nom>
                              </sn>
                            </sp>
                          </grup.nom>
                        </sn>
                      </sp>
                    </S>
                  </S>
                </sp>
              </grup.adv>
            </sadv>
          </S>
        </grup.nom>
      </sn>
    </sp>
    <f lem="." pos="fp" punct="period" wd="."/>
  </sentence>
  <sentence>
    <sn arg="arg0" coreftype="ident" entity="entity1" entityref="ne" func="suj" ne="person" tem="agt">
      <spec gen="f" num="s">
        <d gen="f" lem="el" num="s" pos="da0fs0" postype="article" wd="La"/>
      </spec>
      <grup.nom gen="f" num="s">
        <n gen="f" lem="campeona" num="s" pos="ncfs000" postype="common" sense="16:cs2" wd="campeona"/>
        <sp>
          <prep>
            <s lem="de" pos="sps00" postype="preposition" wd="de"/>
          </prep>
          <sn entityref="ne" ne="other">
            <spec gen="f" num="s">
              <d gen="f" lem="el" num="s" pos="da0fs0" postype="article" wd="la"/>
            </spec>
            <grup.nom gen="f" num="s">
              <n lem="Copa_del_Mundo" ne="other" pos="np00000" postype="proper" wd="Copa_del_Mundo"/>
              <sp>
                <prep>
                  <s lem="de" pos="sps00" postype="preposition" wd="de"/>
                </prep>
                <sn>
                  <grup.nom gen="m" num="s">
                    <n gen="m" lem="supergigante" num="s" pos="ncms000" postype="common" sense="16:cs2" wd="supergigante"/>
                  </grup.nom>
                </sn>
              </sp>
            </grup.nom>
          </sn>
        </sp>
        <sp>
          <prep>
            <s lem="de" pos="sps00" postype="preposition" wd="de"/>
          </prep>
          <sn entityref="nne" homophoricDD="yes">
            <spec gen="f" num="s">
              <d gen="f" lem="el" num="s" pos="da0fs0" postype="article" wd="la"/>
            </spec>
            <grup.nom gen="f" num="s">
              <S clausetype="participle" impersonal="yes">
                <participi>
                  <a gen="f" lem="pasado" num="s" pos="aq0fsp" posfunction="participle" postype="qualificative" wd="pasada"/>
                </participi>
              </S>
              <n gen="f" lem="temporada" num="s" pos="ncfs000" postype="common" sense="16:10947841" wd="temporada"/>
            </grup.nom>
          </sn>
        </sp>
      </grup.nom>
    </sn>
    <neg func="mod">
      <r lem="no" pos="rn" postype="negative" wd="no"/>
    </neg>
    <grup.verb>
      <v lem="poder" mood="indicative" num="s" person="3" pos="vmis3s0" postype="main" tense="past" wd="pudo"/>
      <infinitiu>
        <v lem="superar" lss="A21.transitive-agentive-patient" mood="infinitive" pos="vmn0000" postype="main" wd="superar"/>
      </infinitiu>
    </grup.verb>
    <sn arg="arg1" coord="yes" func="cd" tem="pat">
      <sn entityref="nne" homophoricDD="yes">
        <spec gen="m" num="s">
          <d gen="m" lem="el" num="s" pos="da0ms0" postype="article" wd="el"/>
        </spec>
        <grup.nom gen="m" num="s">
          <n gen="m" lem="estado" lexicalid="noun.estado.1.default" num="s" origin="deverbal" pos="ncms000" postype="common" sense="16:00016185" wd="estado"/>
          <sp arg="arg2" func="cn" tem="atr">
            <prep>
              <s lem="de" pos="sps00" postype="preposition" wd="de"/>
            </prep>
            <sn>
              <grup.nom gen="m" num="s">
                <n gen="m" lem="coma" num="s" pos="ncms000" postype="common" sense="16:04390553" wd="coma"/>
              </grup.nom>
            </sn>
          </sp>
        </grup.nom>
      </sn>
      <conj conjunctiontype="coordinating">
        <c lem="y" pos="cc" postype="coordinating" wd="y"/>
      </conj>
      <sn entity="entity3" entityref="nne" homophoricDD="yes">
        <spec gen="f" num="p">
          <d gen="f" lem="el" num="p" pos="da0fp0" postype="article" wd="las"/>
        </spec>
        <grup.nom gen="f" num="p">
          <n gen="f" lem="herida" num="p" pos="ncfp000" postype="common" sense="16:10257548" wd="heridas"/>
          <S clausetype="relative">
            <relatiu arg="arg2" coreftype="ident" entity="entity3" entityref="nne" func="cd" functype="quantitative" tem="atr">
              <p gen="c" lem="que" num="c" pos="pr0cn000" postype="relative" wd="que"/>
            </relatiu>
            <sn arg="arg1" coreftype="ident" elliptic="yes" entity="entity1" entityref="spec" func="suj" tem="tem"/>
            <grup.verb>
              <v lem="sufrir" lss="C21.state-attributive" mood="indicative" num="s" person="3" pos="vmis3s0" postype="main" tense="past" wd="sufrió"/>
            </grup.verb>
            <sp arg="argM" func="cc" tem="tmp">
              <prep>
                <s contracted="yes" gen="m" lem="al" num="s" pos="spcms" postype="preposition" wd="al"/>
              </prep>
              <S clausetype="completive" impersonal="yes">
                <infinitiu>
                  <v lem="chocar" lss="B11.unaccusative-motion" mood="infinitive" pos="vmn0000" postype="main" wd="chocar"/>
                </infinitiu>
                <sp arg="argM" func="cc" tem="tmp">
                  <prep>
                    <s lem="en" pos="sps00" postype="preposition" wd="en"/>
                  </prep>
                  <sn entityref="nne" homophoricDD="yes">
                    <spec gen="m" num="s">
                      <d gen="m" lem="el" num="s" pos="da0ms0" postype="article" wd="el"/>
                    </spec>
                    <grup.nom gen="m" num="s">
                      <n gen="m" lem="descenso" lexicalid="noun.descenso.1.default" num="s" origin="deverbal" pos="ncms000" postype="common" sense="16:05548979" wd="descenso"/>
                    </grup.nom>
                  </sn>
                </sp>
                <sp arg="arg2" func="cc" tem="loc">
                  <prep>
                    <s lem="con" pos="sps00" postype="preposition" wd="con"/>
                  </prep>
                  <sn entity="entity4" entityref="ne" ne="person">
                    <spec gen="m" num="s">
                      <d gen="m" lem="el" num="s" pos="da0ms0" postype="article" wd="el"/>
                    </spec>
                    <grup.nom gen="m" num="s">
                      <n gen="m" lem="entrenador" num="s" pos="ncms000" postype="common" sense="16:07162467" wd="entrenador"/>
                      <sp>
                        <prep>
                          <s lem="de" pos="sps00" postype="preposition" wd="de"/>
                        </prep>
                        <sn entityref="ne" ne="organization">
                          <spec gen="f" num="s">
                            <d gen="f" lem="el" num="s" pos="da0fs0" postype="article" wd="la"/>
                          </spec>
                          <grup.nom gen="f" num="s">
                            <n gen="f" lem="selección" num="s" pos="ncfs000" postype="common" sense="16:04462889" wd="selección"/>
                            <s.a gen="f" num="s">
                              <grup.a gen="f" num="s">
                                <a gen="f" lem="alemán" num="s" pos="aq0fs0" postype="qualificative" wd="alemana"/>
                              </grup.a>
                            </s.a>
                          </grup.nom>
                        </sn>
                      </sp>
                      <sp>
                        <prep>
                          <s lem="de" pos="sps00" postype="preposition" wd="de"/>
                        </prep>
                        <sn entityref="nne">
                          <grup.nom gen="f" num="p">
                            <n gen="f" lem="promesa" num="p" pos="ncfp000" postype="common" sense="16:07168436" wd="promesas"/>
                            <sp>
                              <prep>
                                <s lem="de" pos="sps00" postype="preposition" wd="de"/>
                              </prep>
                              <sn>
                                <grup.nom gen="m" num="s">
                                  <n gen="m" lem="esquí" num="s" pos="ncms000" postype="common" sense="16:00279192" wd="esquí"/>
                                </grup.nom>
                              </sn>
                            </sp>
                          </grup.nom>
                        </sn>
                      </sp>
                      <sn corefsubtype="definit" coreftype="pred" entity="entity4" entityref="ne" ne="person">
                        <f lem="," pos="fc" punct="comma" wd=","/>
                        <grup.nom gen="m" num="s">
                          <n lem="Markus_Anwander" ne="person" pos="np00000" postype="proper" wd="Markus_Anwander"/>
                        </grup.nom>
                      </sn>
                    </grup.nom>
                  </sn>
                </sp>
              </S>
            </sp>
          </S>
        </grup.nom>
      </sn>
    </sn>
    <f lem="." pos="fp" punct="period" wd="."/>
  </sentence>
  <sentence>
    <sn arg="arg1" coreftype="ident" entity="entity1" entityref="ne" func="suj" ne="person" tem="tem">
      <grup.nom gen="f" num="s">
        <n lem="Cavagnoud" ne="person" pos="np00000" postype="proper" wd="Cavagnoud"/>
      </grup.nom>
    </sn>
    <grup.verb>
      <v lem="ser" lss="C21.state-attributive" mood="indicative" num="s" person="3" pos="vsip3s0" postype="semiauxiliary" tense="present" wd="es"/>
    </grup.verb>
    <sn arg="arg2" corefsubtype="definit" coreftype="pred" entity="entity1" func="atr" tem="atr">
      <spec gen="f" num="s">
        <d gen="f" lem="el" num="s" pos="da0fs0" postype="article" wd="la"/>
      </spec>
      <grup.nom gen="f" num="s">
        <s.a gen="f" num="s">
          <grup.a gen="f" num="s">
            <a gen="f" lem="undécimo" num="s" pos="ao0fs0" postype="ordinal" wd="undécima"/>
          </grup.a>
        </s.a>
        <n gen="f" lem="víctima" num="s" pos="ncfs000" postype="common" sense="16:07665319" wd="víctima"/>
        <sp>
          <prep>
            <s lem="desde" pos="sps00" postype="preposition" wd="desde"/>
          </prep>
          <sn entityref="ne" ne="date">
            <grup.nom gen="m" num="s">
              <w lem="[??:??/??/1959:??.??]" ne="date" wd="1959"/>
            </grup.nom>
          </sn>
        </sp>
        <sp>
          <f lem="," pos="fc" punct="comma" wd=","/>
          <prep>
            <s lem="entre" pos="sps00" postype="preposition" wd="entre"/>
          </prep>
          <sn entityref="nne">
            <grup.nom gen="m" num="p">
              <n gen="m" lem="campeón" num="p" pos="ncmp000" postype="common" sense="16:07147536" wd="campeones"/>
              <s.a gen="m" num="p">
                <grup.a gen="m" num="p">
                  <a gen="c" lem="mundial" num="p" pos="aq0cp0" postype="qualificative" wd="mundiales"/>
                </grup.a>
              </s.a>
            </grup.nom>
          </sn>
          <f lem="," pos="fc" punct="comma" wd=","/>
        </sp>
        <S clausetype="relative">
          <relatiu arg="arg1" coreftype="ident" entity="entity1" entityref="spec" func="suj" tem="tem">
            <p gen="c" lem="que" num="c" pos="pr0cn000" postype="relative" wd="que"/>
          </relatiu>
          <grup.verb>
            <v lem="haber" mood="indicative" num="p" person="3" pos="vaip3p0" postype="auxiliary" tense="present" wd="han"/>
            <v gen="m" lem="fallecer" lss="B21.unaccusative-state" mood="participle" num="s" pos="vmp00sm" postype="main" wd="fallecido"/>
          </grup.verb>
          <sp arg="arg2" func="cc" tem="loc">
            <prep>
              <s lem="en" pos="sps00" postype="preposition" wd="en"/>
            </prep>
            <sn entityref="nne" homophoricDD="yes">
              <spec gen="f" num="s">
                <d gen="f" lem="el" num="s" pos="da0fs0" postype="article" wd="la"/>
              </spec>
              <grup.nom gen="f" num="s">
                <n gen="f" lem="pista" num="s" pos="ncfs000" postype="common" sense="16:02510690" wd="pista"/>
              </grup.nom>
            </sn>
          </sp>
          <sp arg="argM" func="cc" tem="tmp">
            <prep>
              <s lem="durante" pos="sps00" postype="preposition" wd="durante"/>
            </prep>
            <sn coord="yes">
              <sn entityref="nne">
                <spec gen="f" num="s">
                  <d gen="f" lem="uno" num="s" pos="di0fs0" postype="indefinite" wd="una"/>
                </spec>
                <grup.nom gen="f" num="s">
                  <n gen="f" lem="carrera" num="s" pos="ncfs000" postype="common" sense="16:05544480" wd="carrera"/>
                </grup.nom>
              </sn>
              <conj conjunctiontype="coordinating">
                <c lem="o" pos="cc" postype="coordinating" wd="o"/>
              </conj>
              <sn entityref="nne">
                <grup.nom gen="m" num="s">
                  <n gen="m" lem="entrenamiento" lexicalid="noun.entrenamiento.1.default" num="s" origin="deverbal" pos="ncms000" postype="common" sense="16:00411620" wd="entrenamiento"/>
                </grup.nom>
              </sn>
            </sn>
          </sp>
        </S>
      </grup.nom>
    </sn>
    <f lem="." pos="fp" punct="period" wd="."/>
  </sentence>
</article>
