<?xml version="1.0" encoding="UTF-8"?>
<!-- 

  ancora-2.0
       
			Copyright (C) 2007, 2008, 2009, 2010, 2011 UB - CLiC
			Centre de Llenguatge i Computació - Universitat de Barcelona
 
  This file is part of ancora-2.0.
 
  ancora-2.0 is free software and data: you can redistribute it and/or modify
  it under the terms of the GNU General Public License as published
  by the Free Software Foundation, either version 3 of the License,
  or (at your option) any later version.

  ancora-2.0 is distributed in the hope that it will be useful,
  but WITHOUT ANY WARRANTY; without even the implied warranty of
  MERCHANTABILITY or FITNESS FOR A PARTICULAR PURPOSE.  See the
  GNU General Public License for more details.
 
  You should have received a copy of the GNU General Public License
  along with ancora-2.0.  If not, see &lt;http://www.gnu.org/licenses/&gt;.
 
  Check a text in catalan explaining the terms of the license at http://www.softcatala.cat/wiki/GPL3.
  In spanish at http://www.viti.es/gnu/licenses/gpl.html
 

  The following paper must be cited when using this corpus:

 * Taulé, M., M.A. Martí, M. Recasens (2008) 'Ancora: Multilevel Annotated Corpora for Catalan and Spanish',
   Proceedings of 6th International Conference on Language Resources and Evaluation. Marrakesh (Morocco).

  In addition, the following paper must be cited if coreference information (attributes entity, coreftype,
  corefsubtype, homophoricDD or entityref) is used:

 * Recasens, Marta, M. Antònia Martí (2010) ‘AnCora-CO: Coreferentially annotated corpora for Spanish and
   Catalan’. Language Resources and Evaluation, Springer Science.

  Additionally, the following paper must be cited when argumental attributes in "sn" or "grup.nom"
  (attributes func, arg, tem or lexicalid) are used:

 * Peris, Aina, Mariona Taulé, Horacio Rodríguez (2010) ‘Semantic Annotation of Deverbal Nominalizations in the
   Spanish AnCora corpus’. Treebanks and Linguistic Theories (TLT-2010), Estonia.
-->
<article lng="es">
  <sentence>
    <sn arg="arg0" entity="entity1" entityref="ne" func="suj" ne="organization" tem="agt">
      <spec gen="f" num="s">
        <d gen="f" lem="el" num="s" pos="da0fs0" postype="article" wd="La"/>
      </spec>
      <grup.nom gen="f" num="s">
        <n lem="Organización_de_las_Naciones_Unidas_para_la_Agricultura_y_la_Alimentación" ne="organization" pos="np0000o" postype="proper" sense="16:cs1" wd="Organización_de_las_Naciones_Unidas_para_la_Agricultura_y_la_Alimentación"/>
        <sn corefsubtype="definit" coreftype="pred" entity="entity1" entityref="ne" ne="organization">
          <grup.nom gen="f" num="s">
            <f lem="(" pos="fpa" punct="bracket" punctenclose="open" wd="("/>
            <n lem="FAO" ne="organization" pos="np0000o" postype="proper" sense="16:06161024" wd="FAO"/>
            <f lem=")" pos="fpt" punct="bracket" punctenclose="close" wd=")"/>
          </grup.nom>
        </sn>
      </grup.nom>
    </sn>
    <grup.verb>
      <v lem="instar" lss="A34.ditransitive-patient-theme" mood="indicative" num="s" person="3" pos="vmip3s0" postype="main" tense="present" wd="insta"/>
    </grup.verb>
    <sp arg="arg1" func="cd" tem="pat">
      <prep>
        <s lem="a" pos="sps00" postype="preposition" wd="a"/>
      </prep>
      <sn entityref="nne" homophoricDD="yes">
        <spec gen="m" num="p">
          <d gen="m" lem="el" num="p" pos="da0mp0" postype="article" wd="los"/>
        </spec>
        <grup.nom gen="m" num="p">
          <n gen="m" lem="instituto" num="p" pos="ncmp000" postype="common" sense="16:06217164" wd="institutos"/>
          <sp>
            <prep>
              <s lem="de" pos="sps00" postype="preposition" wd="de"/>
            </prep>
            <sn>
              <grup.nom gen="f" num="s">
                <n gen="f" lem="investigación" lexicalid="noun.investigación.1.default" num="s" origin="deverbal" pos="ncfs000" postype="common" sense="16:00416938" wd="investigación"/>
              </grup.nom>
            </sn>
          </sp>
        </grup.nom>
      </sn>
    </sp>
    <sp arg="arg2" func="creg" tem="tem">
      <prep>
        <s lem="a" pos="sps00" postype="preposition" wd="a"/>
      </prep>
      <S clausetype="completive" impersonal="yes">
        <infinitiu>
          <v lem="profundizar" lss="A22.transitive-agentive-theme" mood="infinitive" pos="vmn0000" postype="main" wd="profundizar"/>
        </infinitiu>
        <sp arg="arg1" func="creg" tem="tem">
          <prep>
            <s lem="en" pos="sps00" postype="preposition" wd="en"/>
          </prep>
          <sn entity="entity6" entityref="nne" homophoricDD="yes">
            <spec gen="m" num="s">
              <d gen="m" lem="el" num="s" pos="da0ms0" postype="article" wd="el"/>
            </spec>
            <grup.nom gen="m" num="s">
              <n gen="m" lem="estudio" num="s" pos="ncms000" postype="common" sense="16:04467719" wd="estudio"/>
              <sp>
                <prep>
                  <s contracted="yes" gen="m" lem="del" num="s" pos="spcms" postype="preposition" wd="del"/>
                </prep>
                <sn entity="entity2" entityref="nne" homophoricDD="yes">
                  <grup.nom gen="m" num="s">
                    <n gen="m" lem="almidón" num="s" pos="ncms000" postype="common" sense="16:10801135" wd="almidón"/>
                  </grup.nom>
                </sn>
              </sp>
            </grup.nom>
          </sn>
        </sp>
        <sp arg="argM" func="cpred" predicate="creg" tem="atr">
          <prep>
            <c lem="como" pos="cs" postype="subordinating" wd="como"/>
          </prep>
          <sn>
            <spec gen="f" num="s">
              <d gen="f" lem="uno" num="s" pos="di0fs0" postype="indefinite" wd="una"/>
            </spec>
            <grup.nom gen="f" num="s">
              <n gen="f" lem="forma" num="s" pos="ncfs000" postype="common" sense="16:00111872" wd="forma"/>
              <sp>
                <prep>
                  <s lem="de" pos="sps00" postype="preposition" wd="de"/>
                </prep>
                <S clausetype="completive" impersonal="yes">
                  <infinitiu>
                    <v lem="ayudar" lss="A34.ditransitive-patient-theme" mood="infinitive" pos="vmn0000" postype="main" wd="ayudar"/>
                  </infinitiu>
                  <sp arg="arg1" func="cd" tem="pat">
                    <prep>
                      <s lem="a" pos="sps00" postype="preposition" wd="a"/>
                    </prep>
                    <sn entity="entity3" entityref="nne" homophoricDD="yes">
                      <spec gen="m" num="p">
                        <d gen="m" lem="el" num="p" pos="da0mp0" postype="article" wd="los"/>
                      </spec>
                      <grup.nom gen="m" num="p">
                        <n gen="m" lem="país" num="p" pos="ncmp000" postype="common" sense="16:06299747" wd="países"/>
                        <sp>
                          <prep>
                            <s lem="en" pos="sps00" postype="preposition" wd="en"/>
                          </prep>
                          <sn>
                            <grup.nom gen="m" num="s">
                              <n gen="m" lem="desarrollo" lexicalid="noun.desarrollo.1.default" num="s" origin="deverbal" pos="ncms000" postype="common" sense="16:09725434" wd="desarrollo"/>
                            </grup.nom>
                          </sn>
                        </sp>
                      </grup.nom>
                    </sn>
                  </sp>
                </S>
              </sp>
            </grup.nom>
          </sn>
        </sp>
      </S>
    </sp>
    <sp func="ao">
      <f lem="," pos="fc" punct="comma" wd=","/>
      <prep>
        <s lem="según" pos="sps00" postype="preposition" wd="según"/>
      </prep>
      <sn entityref="nne">
        <spec gen="m" num="s">
          <d gen="m" lem="uno" num="s" pos="di0ms0" postype="indefinite" wd="un"/>
        </spec>
        <grup.nom gen="m" num="s">
          <n gen="m" lem="comunicado" lexicalid="noun.comunicado.1.default" num="s" origin="deverbal" pos="ncms000" postype="common" sense="16:05009963" wd="comunicado"/>
          <sp arg="arg0" func="cn" tem="agt">
            <prep>
              <s lem="de" pos="sps00" postype="preposition" wd="de"/>
            </prep>
            <sn entityref="nne">
              <spec gen="f" num="s">
                <d coreftype="ident" entity="entity1" entityref="spec" gen="c" lem="su" num="s" person="3" pos="dp3cs0" postype="possessive" wd="su"/>
              </spec>
              <grup.nom gen="f" num="s">
                <n gen="f" lem="sede" num="s" pos="ncfs000" postype="common" sense="16:06331456" wd="sede"/>
                <s.a gen="f" num="s">
                  <grup.a gen="f" num="s">
                    <a gen="c" lem="central" num="s" pos="aq0cs0" postype="qualificative" wd="central"/>
                  </grup.a>
                </s.a>
                <sp>
                  <prep>
                    <s lem="en" pos="sps00" postype="preposition" wd="en"/>
                  </prep>
                  <sn entityref="ne" ne="location">
                    <grup.nom>
                      <n lem="Roma" ne="location" pos="np00000" postype="proper" wd="Roma"/>
                    </grup.nom>
                  </sn>
                </sp>
              </grup.nom>
            </sn>
          </sp>
        </grup.nom>
      </sn>
    </sp>
    <f lem="." pos="fp" punct="period" wd="."/>
  </sentence>
  <sentence>
    <S arg="arg1" clausetype="completive" func="cd" tem="pat">
      <f lem="&quot;" pos="fe" punct="quotation" wd="&quot;"/>
      <sn arg="arg0" entityref="nne" func="suj" tem="agt">
        <spec gen="f" num="s">
          <d gen="f" lem="uno" num="s" pos="di0fs0" postype="indefinite" wd="Una"/>
        </spec>
        <grup.nom gen="f" num="s">
          <s.a func="cn" gen="f" num="s">
            <grup.a gen="f" num="s">
              <a gen="c" lem="mayor" num="s" pos="aq0cs0" postype="qualificative" wd="mayor"/>
            </grup.a>
          </s.a>
          <n gen="f" lem="información" lexicalid="noun.información.1.default" num="s" origin="deverbal" pos="ncfs000" postype="common" sense="16:04480483" wd="información"/>
          <sp arg="arg2" func="cn" tem="tem">
            <prep>
              <s lem="sobre" pos="sps00" postype="preposition" wd="sobre"/>
            </prep>
            <sn entityref="nne" homophoricDD="yes">
              <spec gen="f" num="p">
                <d gen="f" lem="el" num="p" pos="da0fp0" postype="article" wd="las"/>
              </spec>
              <grup.nom gen="f" num="p">
                <n gen="f" lem="propiedad" num="p" pos="ncfp000" postype="common" sense="16:03848700" wd="propiedades"/>
                <sp>
                  <prep>
                    <s contracted="yes" gen="m" lem="del" num="s" pos="spcms" postype="preposition" wd="del"/>
                  </prep>
                  <sn coreftype="ident" entity="entity2" entityref="nne" homophoricDD="yes">
                    <grup.nom gen="m" num="s">
                      <n gen="m" lem="almidón" num="s" pos="ncms000" postype="common" sense="16:10801135" wd="almidón"/>
                    </grup.nom>
                  </sn>
                </sp>
              </grup.nom>
            </sn>
          </sp>
        </grup.nom>
      </sn>
      <grup.verb>
        <v lem="ayudar" lss="A34.ditransitive-patient-theme" mood="indicative" num="s" person="3" pos="vmif3s0" postype="main" tense="future" wd="ayudará"/>
      </grup.verb>
      <sp arg="arg1" func="cd" tem="pat">
        <prep>
          <s lem="a" pos="sps00" postype="preposition" wd="a"/>
        </prep>
        <sn coreftype="ident" entity="entity3" entityref="nne">
          <spec gen="m" num="p">
            <d gen="m" lem="este" num="p" pos="dd0mp0" postype="demonstrative" wd="estos"/>
          </spec>
          <grup.nom gen="m" num="p">
            <n gen="m" lem="país" num="p" pos="ncmp000" postype="common" sense="16:06074189" wd="países"/>
          </grup.nom>
        </sn>
      </sp>
      <sp arg="arg2" func="creg" tem="tem">
        <prep>
          <s lem="a" pos="sps00" postype="preposition" wd="a"/>
        </prep>
        <S clausetype="completive" impersonal="yes">
          <infinitiu>
            <v lem="situar" lss="A31.ditransitive-patient-locative" mood="infinitive" pos="vmn0000" postype="main" wd="situar"/>
          </infinitiu>
          <sadv func="mod">
            <grup.adv>
              <r lem="mejor" pos="rg" wd="mejor"/>
            </grup.adv>
          </sadv>
          <sn arg="arg1" entityref="nne" func="cd" tem="pat">
            <spec gen="m" num="p">
              <d coreftype="ident" entity="entity3" entityref="nne" gen="c" lem="su" num="p" person="3" pos="dp3cp0" postype="possessive" wd="sus"/>
            </spec>
            <grup.nom gen="m" num="p">
              <n gen="m" lem="producto" num="p" pos="ncmp000" postype="common" sense="16:03175725" wd="productos"/>
            </grup.nom>
          </sn>
          <sp arg="arg2" func="cc" tem="loc">
            <prep>
              <s lem="en" pos="sps00" postype="preposition" wd="en"/>
            </prep>
            <sn entityref="nne" homophoricDD="yes">
              <spec gen="m" num="p">
                <d gen="m" lem="el" num="p" pos="da0mp0" postype="article" wd="los"/>
              </spec>
              <grup.nom gen="m" num="p">
                <n gen="m" lem="mercado" num="p" pos="ncmp000" postype="common" sense="16:00711063" wd="mercados"/>
                <s.a gen="m" num="p">
                  <grup.a gen="m" num="p">
                    <a gen="c" lem="mundial" num="p" pos="aq0cp0" postype="qualificative" wd="mundiales"/>
                  </grup.a>
                </s.a>
              </grup.nom>
            </sn>
          </sp>
        </S>
      </sp>
      <f lem="&quot;" pos="fe" punct="quotation" wd="&quot;"/>
      <f lem="," pos="fc" punct="comma" wd=","/>
    </S>
    <grup.verb>
      <v lem="declarar" lss="A32.ditransitive-patient-benefactive" mood="indicative" num="s" person="3" pos="vmis3s0" postype="main" tense="past" wd="declaró"/>
    </grup.verb>
    <sn arg="arg0" entity="entity4" entityref="ne" func="suj" ne="person" tem="agt">
      <grup.nom gen="m" num="s">
        <n lem="Morton_Satin" ne="person" pos="np0000p" postype="proper" sense="16:cs1" wd="Morton_Satin"/>
        <sn corefsubtype="definit" coreftype="pred" entity="entity4" entityref="ne" ne="person">
          <f lem="," pos="fc" punct="comma" wd=","/>
          <grup.nom gen="m" num="s">
            <n gen="m" lem="jefe" num="s" pos="ncms000" postype="common" sense="16:07398661" wd="jefe"/>
            <sp>
              <prep>
                <s contracted="yes" gen="m" lem="del" num="s" pos="spcms" postype="preposition" wd="del"/>
              </prep>
              <sn entityref="ne" ne="organization">
                <grup.nom gen="m" num="s">
                  <n lem="Servicio_de_Agroindustrias_y_Gestión_Postcosecha" ne="organization" pos="np0000o" postype="proper" sense="16:cs1" wd="Servicio_de_Agroindustrias_y_Gestión_Postcosecha"/>
                  <sp>
                    <prep>
                      <s lem="de" pos="sps00" postype="preposition" wd="de"/>
                    </prep>
                    <sn coreftype="ident" entity="entity1" entityref="ne" ne="organization">
                      <spec gen="f" num="s">
                        <d gen="f" lem="el" num="s" pos="da0fs0" postype="article" wd="la"/>
                      </spec>
                      <grup.nom gen="f" num="s">
                        <n lem="FAO" ne="organization" pos="np0000o" postype="proper" sense="16:06161024" wd="FAO"/>
                      </grup.nom>
                    </sn>
                  </sp>
                </grup.nom>
              </sn>
            </sp>
          </grup.nom>
        </sn>
      </grup.nom>
    </sn>
    <f lem="." pos="fp" punct="period" wd="."/>
  </sentence>
  <sentence coord="yes">
    <S>
      <sn arg="arg0" coreftype="ident" entity="entity4" entityref="ne" func="suj" ne="person" tem="agt">
        <grup.nom gen="m" num="s">
          <n lem="Satin" ne="person" pos="np0000p" postype="proper" sense="16:cs1" wd="Satin"/>
        </grup.nom>
      </sn>
      <grup.verb>
        <v lem="pedir" lss="A32.ditransitive-patient-benefactive" mood="indicative" num="s" person="3" pos="vmis3s0" postype="main" tense="past" wd="pidió"/>
      </grup.verb>
      <sp arg="arg2" func="ci" tem="ben">
        <prep>
          <s contracted="yes" gen="m" lem="al" num="s" pos="spcms" postype="preposition" wd="al"/>
        </prep>
        <sn entity="entity5" entityref="nne" homophoricDD="yes">
          <grup.nom gen="m" num="s">
            <n gen="m" lem="sector" num="s" pos="ncms000" postype="common" sense="16:06214548" wd="sector"/>
            <S clausetype="participle" impersonal="yes">
              <participi>
                <a gen="m" lem="privado" num="s" pos="aq0msp" posfunction="participle" postype="qualificative" wd="privado"/>
              </participi>
            </S>
          </grup.nom>
        </sn>
      </sp>
      <S arg="arg1" clausetype="completive" func="cd" tem="pat">
        <conj conjunctiontype="subordinating">
          <c lem="que" pos="cs" postype="subordinating" wd="que"/>
        </conj>
        <sn arg="arg0" coreftype="ident" elliptic="yes" entity="entity5" entityref="nne" func="suj" tem="agt"/>
        <grup.verb>
          <v lem="fomentar" lss="A21.transitive-agentive-patient" mood="subjunctive" num="s" person="3" pos="vmsp3s0" postype="main" tense="present" wd="fomente"/>
        </grup.verb>
        <sn arg="arg1" coreftype="ident" entity="entity6" entityref="nne" func="cd" homophoricDD="yes" tem="pat">
          <spec gen="f" num="s">
            <d gen="f" lem="el" num="s" pos="da0fs0" postype="article" wd="la"/>
          </spec>
          <grup.nom gen="f" num="s">
            <n gen="f" lem="investigación" lexicalid="noun.investigación.4.default" num="s" origin="deverbal" pos="ncfs000" postype="common" sense="16:00416938" wd="investigación"/>
            <sp arg="arg1" func="cn" tem="tem">
              <prep>
                <s lem="sobre" pos="sps00" postype="preposition" wd="sobre"/>
              </prep>
              <sn coreftype="ident" entity="entity2" entityref="nne" homophoricDD="yes">
                <spec gen="m" num="s">
                  <d gen="m" lem="el" num="s" pos="da0ms0" postype="article" wd="el"/>
                </spec>
                <grup.nom gen="m" num="s">
                  <n gen="m" lem="almidón" num="s" pos="ncms000" postype="common" sense="16:10801135" wd="almidón"/>
                </grup.nom>
              </sn>
            </sp>
          </grup.nom>
        </sn>
      </S>
    </S>
    <conj conjunctiontype="coordinating">
      <c lem="y" pos="cc" postype="coordinating" wd="y"/>
    </conj>
    <S>
      <sn arg="arg0" coreftype="ident" elliptic="yes" entity="entity4" entityref="spec" func="suj" tem="agt"/>
      <grup.verb>
        <v lem="anunciar" lss="A21.transitive-agentive-patient" mood="indicative" num="s" person="3" pos="vmis3s0" postype="main" tense="past" wd="anunció"/>
      </grup.verb>
      <S arg="arg1" clausetype="completive" func="cd" tem="pat">
        <conj conjunctiontype="subordinating">
          <c lem="que" pos="cs" postype="subordinating" wd="que"/>
        </conj>
        <sadv arg="argM" func="cc" tem="tmp">
          <grup.adv>
            <r lem="en_breve" pos="rg" wd="en_breve"/>
          </grup.adv>
        </sadv>
        <sn arg="arg0" coreftype="ident" entity="entity1" entityref="ne" func="suj" ne="organization" tem="agt">
          <spec gen="f" num="s">
            <d gen="f" lem="el" num="s" pos="da0fs0" postype="article" wd="la"/>
          </spec>
          <grup.nom gen="f" num="s">
            <n lem="FAO" ne="organization" pos="np00000" postype="proper" sense="16:06161024" wd="FAO"/>
          </grup.nom>
        </sn>
        <grup.verb>
          <v lem="publicar" lss="A31.ditransitive-patient-locative" mood="indicative" num="s" person="3" pos="vmif3s0" postype="main" tense="future" wd="publicará"/>
        </grup.verb>
        <sn arg="arg1" entityref="nne" func="cd" tem="pat">
          <spec gen="m" num="s">
            <d gen="m" lem="uno" num="s" pos="di0ms0" postype="indefinite" wd="un"/>
          </spec>
          <grup.nom gen="m" num="s">
            <S clausetype="participle" impersonal="yes">
              <participi>
                <a gen="m" lem="detallado" num="s" pos="aq0msp" posfunction="participle" postype="qualificative" wd="detallado"/>
              </participi>
            </S>
            <n gen="m" lem="atlas" num="c" pos="ncmn000" postype="common" sense="16:04843693" wd="atlas"/>
            <sp>
              <prep>
                <s lem="de" pos="sps00" postype="preposition" wd="de"/>
              </prep>
              <sn entityref="nne" homophoricDD="yes">
                <spec gen="f" num="p">
                  <d gen="f" lem="el" num="p" pos="da0fp0" postype="article" wd="las"/>
                </spec>
                <grup.nom gen="f" num="p">
                  <n gen="f" lem="partícula" num="p" pos="ncfp000" postype="common" sense="16:06674828" wd="partículas"/>
                  <sp>
                    <prep>
                      <s lem="de" pos="sps00" postype="preposition" wd="de"/>
                    </prep>
                    <sn entityref="nne" homophoricDD="yes">
                      <spec gen="m" num="p">
                        <d gen="m" lem="el" num="p" pos="da0mp0" postype="article" wd="los"/>
                      </spec>
                      <grup.nom gen="m" num="p">
                        <n gen="m" lem="grano" num="p" pos="ncmp000" postype="common" sense="16:08462710" wd="granos"/>
                        <sp>
                          <prep>
                            <s lem="de" pos="sps00" postype="preposition" wd="de"/>
                          </prep>
                          <sn>
                            <grup.nom gen="m" num="s">
                              <n gen="m" lem="almidón" num="s" pos="ncms000" postype="common" sense="16:10801135" wd="almidón"/>
                            </grup.nom>
                          </sn>
                        </sp>
                      </grup.nom>
                    </sn>
                  </sp>
                </grup.nom>
              </sn>
            </sp>
          </grup.nom>
        </sn>
      </S>
    </S>
    <f lem="." pos="fp" punct="period" wd="."/>
  </sentence>
  <sentence>
    <sn arg="arg1" coreftype="ident" entity="entity2" entityref="nne" func="suj" homophoricDD="yes" tem="pat">
      <spec gen="m" num="s">
        <d gen="m" lem="el" num="s" pos="da0ms0" postype="article" wd="El"/>
      </spec>
      <grup.nom gen="m" num="s">
        <n gen="m" lem="almidón" num="s" pos="ncms000" postype="common" sense="16:10801135" wd="almidón"/>
        <sn corefsubtype="indefinit" coreftype="pred" entity="entity2">
          <f lem="," pos="fc" punct="comma" wd=","/>
          <spec gen="m" num="s">
            <d gen="m" lem="uno" num="s" pos="di0ms0" postype="indefinite" wd="un"/>
          </spec>
          <grup.nom gen="m" num="s">
            <n gen="m" lem="hidrato" num="s" pos="ncms000" postype="common" sense="16:10699255" wd="hidrato"/>
            <sp>
              <prep>
                <s lem="de" pos="sps00" postype="preposition" wd="de"/>
              </prep>
              <sn>
                <grup.nom gen="m" num="s">
                  <n gen="m" lem="carbono" num="s" pos="ncms000" postype="common" sense="16:10482489" wd="carbono"/>
                </grup.nom>
              </sn>
            </sp>
            <S clausetype="relative" coord="yes">
              <S clausetype="relative">
                <relatiu arg="arg1" coreftype="ident" entity="entity2" entityref="nne" func="suj" tem="tem">
                  <p gen="c" lem="que" num="c" pos="pr0cn000" postype="relative" wd="que"/>
                </relatiu>
                <grup.verb>
                  <v lem="constituir" lss="C21.state-attributive" mood="indicative" num="s" person="3" pos="vmip3s0" postype="main" tense="present" wd="constituye"/>
                </grup.verb>
                <sn arg="arg2" func="cd" functype="quantitative" tem="atr">
                  <spec gen="f" num="s">
                    <d gen="f" lem="el" num="s" pos="da0fs0" postype="article" wd="la"/>
                  </spec>
                  <grup.nom gen="f" num="s">
                    <s.a func="cn" gen="f" num="s">
                      <grup.a gen="f" num="s">
                        <a gen="c" lem="principal" num="s" pos="aq0cs0" postype="qualificative" wd="principal"/>
                      </grup.a>
                    </s.a>
                    <n gen="f" lem="reserva" lexicalid="noun.reserva.2.default" num="s" origin="deverbal" pos="ncfs000" postype="common" sense="16:09626584" wd="reserva"/>
                    <s.a arg="arg1" func="cn" gen="f" num="s" tem="pat">
                      <grup.a gen="f" num="s">
                        <a gen="f" lem="energético" num="s" pos="aq0fs0" postype="qualificative" wd="energética"/>
                      </grup.a>
                    </s.a>
                    <sp arg="arg0" func="cn" tem="agt">
                      <prep>
                        <s lem="de" pos="sps00" postype="preposition" wd="de"/>
                      </prep>
                      <sn entityref="nne">
                        <spec gen="m" num="p">
                          <r lem="casi" pos="rg" wd="casi"/>
                          <d gen="m" lem="todo" num="p" pos="di0mp0" postype="indefinite" wd="todos"/>
                          <d gen="m" lem="el" num="p" pos="da0mp0" postype="article" wd="los"/>
                        </spec>
                        <grup.nom gen="m" num="p">
                          <n gen="m" lem="vegetal" num="p" pos="ncmp000" postype="common" sense="16:50002072" wd="vegetales"/>
                        </grup.nom>
                      </sn>
                    </sp>
                  </grup.nom>
                </sn>
              </S>
              <conj conjunctiontype="coordinating">
                <c lem="y" pos="cc" postype="coordinating" wd="y"/>
              </conj>
              <S clausetype="relative">
                <relatiu arg="arg1" coreftype="ident" entity="entity2" entityref="nne" func="suj" tem="tem">
                  <p gen="c" lem="que" num="c" pos="pr0cn000" postype="relative" wd="que"/>
                </relatiu>
                <morfema.pronominal>
                  <p gen="c" lem="él" num="c" person="3" pos="p0300000" wd="se"/>
                </morfema.pronominal>
                <grup.verb>
                  <v lem="encontrar" lss="C11.state-existential" mood="indicative" num="s" person="3" pos="vmip3s0" postype="main" tense="present" wd="encuentra"/>
                </grup.verb>
                <sp arg="argM" func="cc" tem="adv">
                  <prep>
                    <s lem="en" pos="sps00" postype="preposition" wd="en"/>
                  </prep>
                  <sn entityref="nne">
                    <grup.nom gen="f" num="p">
                      <s.a gen="f" num="p">
                        <grup.a gen="f" num="p">
                          <a gen="c" lem="grande" num="p" pos="aq0cp0" postype="qualificative" wd="grandes"/>
                        </grup.a>
                      </s.a>
                      <n gen="f" lem="cantidad" num="p" pos="ncfp000" postype="common" sense="16:00020056" wd="cantidades"/>
                    </grup.nom>
                  </sn>
                </sp>
                <sp arg="arg2" func="cc" tem="loc">
                  <prep>
                    <s lem="en" pos="sps00" postype="preposition" wd="en"/>
                  </prep>
                  <sn entity="entity7" entityref="nne">
                    <grup.nom gen="m" num="p">
                      <n gen="m" lem="cultivo" lexicalid="noun.cultivo.1.default" num="p" origin="deverbal" pos="ncmp000" postype="common" sense="16:06317219" wd="cultivos"/>
                      <sp func="cn">
                        <prep>
                          <c lem="como" pos="cs" postype="subordinating" wd="como"/>
                        </prep>
                        <sn coord="yes">
                          <sn entityref="nne" homophoricDD="yes">
                            <spec gen="m" num="s">
                              <d gen="m" lem="el" num="s" pos="da0ms0" postype="article" wd="el"/>
                            </spec>
                            <grup.nom gen="m" num="s">
                              <n gen="m" lem="trigo" num="s" pos="ncms000" postype="common" sense="16:08448511" wd="trigo"/>
                            </grup.nom>
                          </sn>
                          <f lem="," pos="fc" punct="comma" wd=","/>
                          <sn entityref="nne" homophoricDD="yes">
                            <spec gen="m" num="s">
                              <d gen="m" lem="el" num="s" pos="da0ms0" postype="article" wd="el"/>
                            </spec>
                            <grup.nom gen="m" num="s">
                              <n gen="m" lem="maíz" num="s" pos="ncms000" postype="common" sense="16:08450110" wd="maíz"/>
                            </grup.nom>
                          </sn>
                          <f lem="," pos="fc" punct="comma" wd=","/>
                          <sn entityref="nne" homophoricDD="yes">
                            <spec gen="m" num="s">
                              <d gen="m" lem="el" num="s" pos="da0ms0" postype="article" wd="el"/>
                            </spec>
                            <grup.nom gen="m" num="s">
                              <n gen="m" lem="arroz" num="s" pos="ncms000" postype="common" sense="16:08432637" wd="arroz"/>
                            </grup.nom>
                          </sn>
                          <f lem="," pos="fc" punct="comma" wd=","/>
                          <sn entityref="nne" homophoricDD="yes">
                            <spec gen="f" num="p">
                              <d gen="f" lem="el" num="p" pos="da0fp0" postype="article" wd="las"/>
                            </spec>
                            <grup.nom gen="f" num="p">
                              <n gen="f" lem="patata" num="p" pos="ncfp000" postype="common" sense="16:05749669" wd="patatas"/>
                            </grup.nom>
                          </sn>
                          <f lem="," pos="fc" punct="comma" wd=","/>
                          <sn entityref="nne" homophoricDD="yes">
                            <spec gen="f" num="s">
                              <d gen="f" lem="el" num="s" pos="da0fs0" postype="article" wd="la"/>
                            </spec>
                            <grup.nom gen="f" num="s">
                              <n gen="f" lem="mandioca" num="s" pos="ncfs000" postype="common" sense="16:05668540" wd="mandioca"/>
                            </grup.nom>
                          </sn>
                          <conj conjunctiontype="coordinating">
                            <c lem="y" pos="cc" postype="coordinating" wd="y"/>
                          </conj>
                          <sn entityref="nne" homophoricDD="yes">
                            <spec gen="f" num="s">
                              <d gen="f" lem="el" num="s" pos="da0fs0" postype="article" wd="la"/>
                            </spec>
                            <grup.nom gen="f" num="s">
                              <n gen="f" lem="palmera" num="s" pos="ncfs000" postype="common" sense="16:08882567" wd="palmera"/>
                              <sp>
                                <prep>
                                  <s lem="de" pos="sps00" postype="preposition" wd="de"/>
                                </prep>
                                <sn>
                                  <grup.nom gen="m" num="s">
                                    <n gen="m" lem="sagú" num="s" pos="ncms000" postype="common" sense="16:10801821" wd="sagú"/>
                                  </grup.nom>
                                </sn>
                              </sp>
                            </grup.nom>
                          </sn>
                        </sn>
                      </sp>
                    </grup.nom>
                  </sn>
                </sp>
              </S>
            </S>
          </grup.nom>
        </sn>
      </grup.nom>
      <f lem="," pos="fc" punct="comma" wd=","/>
    </sn>
    <grup.verb>
      <v lem="estar" mood="indicative" num="s" person="3" pos="vmip3s0" postype="main" tense="present" wd="está"/>
      <gerundi>
        <v lem="ser" mood="gerund" pos="vsg0000" postype="semiauxiliary" wd="siendo"/>
        <v gen="m" lem="investigar" lss="B22.unaccusative-passive-transitive" mood="participle" num="s" pos="vmp00sm" postype="main" wd="investigado"/>
      </gerundi>
    </grup.verb>
    <sp arg="arg0" coord="yes" func="cag" tem="agt">
      <sp>
        <prep>
          <s lem="por" pos="sps00" postype="preposition" wd="por"/>
        </prep>
        <sn coreftype="ident" entity="entity1" entityref="ne" ne="organization">
          <spec gen="f" num="s">
            <d gen="f" lem="el" num="s" pos="da0fs0" postype="article" wd="la"/>
          </spec>
          <grup.nom gen="f" num="s">
            <n lem="FAO" ne="organization" pos="np0000o" postype="proper" sense="16:06161024" wd="FAO"/>
          </grup.nom>
        </sn>
      </sp>
      <conj conjunctiontype="coordinating">
        <c lem="y" pos="cc" postype="coordinating" wd="y"/>
      </conj>
      <sp>
        <prep>
          <s lem="por" pos="sps00" postype="preposition" wd="por"/>
        </prep>
        <sn entityref="nne">
          <grup.nom gen="m" num="p">
            <n gen="m" lem="centro" num="p" pos="ncmp000" postype="common" sense="16:02412359" wd="centros"/>
            <s.a complex="yes" gen="m" num="p">
              <grup.a coord="yes" gen="m" num="p">
                <grup.a gen="m" num="p">
                  <a gen="m" lem="italiano" num="p" pos="aq0mp0" postype="qualificative" wd="italianos"/>
                </grup.a>
                <conj conjunctiontype="coordinating">
                  <c lem="y" pos="cc" postype="coordinating" wd="y"/>
                </conj>
                <grup.a gen="m" num="p">
                  <a gen="m" lem="tailandés" num="p" pos="aq0mp0" postype="qualificative" wd="tailandeses"/>
                </grup.a>
              </grup.a>
            </s.a>
          </grup.nom>
        </sn>
      </sp>
    </sp>
    <f lem="." pos="fp" punct="period" wd="."/>
  </sentence>
  <sentence entity="entity9">
    <sn arg="arg1" entityref="nne" func="suj" homophoricDD="yes" tem="tem">
      <spec gen="f" num="p">
        <d gen="f" lem="el" num="p" pos="da0fp0" postype="article" wd="Las"/>
      </spec>
      <grup.nom gen="f" num="p">
        <n gen="f" lem="ventaja" lexicalid="noun.ventaja.1.default" num="p" origin="deverbal" pos="ncfp000" postype="common" sense="16:04015246" wd="ventajas"/>
        <sp arg="arg1" func="cn" tem="tem">
          <prep>
            <s lem="de" pos="sps00" postype="preposition" wd="de"/>
          </prep>
          <sn coreftype="ident" entity="entity7" entityref="nne" homophoricDD="yes">
            <spec gen="m" num="p">
              <d gen="m" lem="el" num="p" pos="da0mp0" postype="article" wd="los"/>
            </spec>
            <grup.nom gen="m" num="p">
              <n gen="m" lem="cultivo" lexicalid="noun.cultivo.1.default" num="p" origin="deverbal" pos="ncmp000" postype="common" sense="16:00588408" wd="cultivos"/>
              <S clausetype="relative" func="cn">
                <relatiu arg="arg1" coreftype="ident" entity="entity7" entityref="nne" func="suj" tem="tem">
                  <p gen="c" lem="que" num="c" pos="pr0cn000" postype="relative" wd="que"/>
                </relatiu>
                <grup.verb>
                  <v lem="contener" lss="C21.state-attributive" mood="indicative" num="p" person="3" pos="vmip3p0" postype="main" tense="present" wd="contienen"/>
                </grup.verb>
                <sn arg="arg2" func="cd" functype="quantitative" tem="atr">
                  <grup.nom gen="m" num="s">
                    <n gen="m" lem="almidón" num="s" pos="ncms000" postype="common" sense="16:10801135" wd="almidón"/>
                  </grup.nom>
                </sn>
              </S>
            </grup.nom>
          </sn>
        </sp>
      </grup.nom>
    </sn>
    <grup.verb>
      <v lem="ser" lss="C21.state-attributive" mood="indicative" num="p" person="3" pos="vsip3p0" postype="semiauxiliary" tense="present" wd="son"/>
    </grup.verb>
    <sn arg="arg2" func="atr" tem="atr">
      <grup.nom gen="f" num="p">
        <p gen="f" lem="mucho" num="p" pos="pi0fp000" postype="indefinite" wd="muchas"/>
        <sp>
          <prep>
            <c lem="como" pos="cs" postype="subordinating" wd="como"/>
          </prep>
          <sn coord="yes">
            <sn coord="yes" entity="entity8">
              <sn>
                <spec arg="arg1" gen="f" num="s" tem="tem">
                  <d coreftype="ident" entity="entity7" entityref="nne" gen="c" lem="su" num="s" person="3" pos="dp3cs0" postype="possessive" wd="su"/>
                </spec>
                <grup.nom gen="f" num="s">
                  <n gen="f" lem="cocción" lexicalid="noun.cocción.1.default" num="s" origin="deverbal" pos="ncfs000" postype="common" sense="16:00157100" wd="cocción"/>
                  <s.a func="cn" gen="f" num="s">
                    <grup.a gen="f" num="s">
                      <a gen="f" lem="ligero" num="s" pos="aq0fs0" postype="qualificative" wd="ligera"/>
                    </grup.a>
                  </s.a>
                </grup.nom>
              </sn>
              <conj conjunctiontype="coordinating">
                <c lem="y" pos="cc" postype="coordinating" wd="y"/>
              </conj>
              <sn>
                <spec arg="arg0" gen="f" num="s" tem="agt">
                  <d coreftype="ident" entity="entity7" entityref="nne" gen="c" lem="su" num="s" person="3" pos="dp3cs0" postype="possessive" wd="su"/>
                </spec>
                <grup.nom gen="f" num="s">
                  <s.a func="cn" gen="f" num="s">
                    <grup.a gen="f" num="s">
                      <a gen="f" lem="alto" num="s" pos="aq0fs0" postype="qualificative" wd="alta"/>
                    </grup.a>
                  </s.a>
                  <n gen="f" lem="retención" lexicalid="noun.retención.2.default" num="s" origin="deverbal" pos="ncfs000" postype="common" sense="16:00517535" wd="retención"/>
                  <sp arg="arg1" func="cn" tem="pat">
                    <prep>
                      <s lem="de" pos="sps00" postype="preposition" wd="de"/>
                    </prep>
                    <sn>
                      <grup.nom gen="m" num="s">
                        <n gen="m" lem="aceite" num="s" pos="ncms000" postype="common" sense="16:10738422" wd="aceite"/>
                      </grup.nom>
                    </sn>
                  </sp>
                </grup.nom>
              </sn>
            </sn>
            <S adjunct="yes" clausetype="relative">
              <relatiu arg="arg0" coreftype="ident" entity="entity8" entityref="nne" func="suj" tem="cau">
                <p gen="c" lem="que" num="c" pos="pr0cn000" postype="relative" wd="que"/>
              </relatiu>
              <sn arg="arg1" coreftype="ident" entity="entity7" entityref="nne" func="cd" tem="tem">
                <grup.nom gen="m" num="p">
                  <p case="accusative" gen="m" lem="él" num="p" person="3" pos="pp3mpa00" postype="personal" wd="los"/>
                </grup.nom>
              </sn>
              <grup.verb>
                <v lem="convertir" lss="A12.ditransitive-causative-state" mood="indicative" num="s" person="3" pos="vmip3s0" postype="main" tense="present" wd="convierte"/>
              </grup.verb>
              <sp arg="arg2" func="creg" tem="efi">
                <prep>
                  <s lem="en" pos="sps00" postype="preposition" wd="en"/>
                </prep>
                <sn>
                  <grup.nom gen="m" num="p">
                    <s.a gen="m" num="p">
                      <grup.a gen="m" num="p">
                        <a gen="m" lem="apto" num="p" pos="aq0mp0" postype="qualificative" wd="aptos"/>
                        <sp coord="yes">
                          <sp>
                            <prep>
                              <s lem="para" pos="sps00" postype="preposition" wd="para"/>
                            </prep>
                            <S clausetype="completive" impersonal="yes">
                              <infinitiu>
                                <v lem="elaborar" lss="A21.transitive-agentive-patient" mood="infinitive" pos="vmn0000" postype="main" wd="elaborar"/>
                              </infinitiu>
                              <sn arg="arg1" complex="yes" func="cd" tem="pat">
                                <grup.nom coord="yes">
                                  <grup.nom coord="yes">
                                    <grup.nom gen="m" num="p">
                                      <n gen="m" lem="producto" num="p" pos="ncmp000" postype="common" sense="16:03175725" wd="productos"/>
                                      <sp>
                                        <prep>
                                          <s contracted="yes" gen="m" lem="al" num="s" pos="spcms" postype="preposition" wd="al"/>
                                        </prep>
                                        <sn entityref="nne" homophoricDD="yes">
                                          <grup.nom gen="m" num="s">
                                            <n gen="m" lem="horno" num="s" pos="ncms000" postype="common" sense="16:02684043" wd="horno"/>
                                          </grup.nom>
                                        </sn>
                                      </sp>
                                    </grup.nom>
                                    <f lem="," pos="fc" punct="comma" wd=","/>
                                    <grup.nom gen="m" num="p">
                                      <n gen="m" lem="cereal" num="p" pos="ncmp000" postype="common" sense="16:05836327" wd="cereales"/>
                                    </grup.nom>
                                    <conj conjunctiontype="coordinating">
                                      <c lem="y" pos="cc" postype="coordinating" wd="y"/>
                                    </conj>
                                    <grup.nom gen="m" num="p">
                                      <n gen="m" lem="tentempié" num="p" pos="ncmp000" postype="common" sense="16:05630599" wd="tentempiés"/>
                                    </grup.nom>
                                  </grup.nom>
                                  <f lem="," pos="fc" punct="comma" wd=","/>
                                  <grup.nom coord="yes">
                                    <grup.nom gen="f" num="p">
                                      <n gen="f" lem="sopa" num="p" pos="ncfp000" postype="common" sense="16:05638174" wd="sopas"/>
                                    </grup.nom>
                                    <conj conjunctiontype="coordinating">
                                      <c lem="y" pos="cc" postype="coordinating" wd="y"/>
                                    </conj>
                                    <grup.nom gen="f" num="p">
                                      <n gen="f" lem="salsa" num="p" pos="ncfp000" postype="common" sense="16:05862019" wd="salsas"/>
                                    </grup.nom>
                                  </grup.nom>
                                </grup.nom>
                              </sn>
                            </S>
                            <f lem="," pos="fc" punct="comma" wd=","/>
                          </sp>
                          <conj conjunctiontype="coordinating">
                            <c lem="así_como" pos="cc" postype="coordinating" wd="así_como"/>
                          </conj>
                          <sp>
                            <prep>
                              <s lem="para" pos="sps00" postype="preposition" wd="para"/>
                            </prep>
                            <sn entityref="nne" homophoricDD="yes">
                              <spec gen="f" num="s">
                                <d gen="f" lem="el" num="s" pos="da0fs0" postype="article" wd="la"/>
                              </spec>
                              <grup.nom gen="f" num="s">
                                <n gen="f" lem="obtención" lexicalid="noun.obtención.1.default" num="s" origin="deverbal" pos="ncfs000" postype="common" sense="16:cs1" wd="obtención"/>
                                <sp arg="arg1" coord="yes" func="cn" tem="pat">
                                  <sp>
                                    <prep>
                                      <s lem="de" pos="sps00" postype="preposition" wd="de"/>
                                    </prep>
                                    <sn entityref="nne">
                                      <grup.nom gen="m" num="p">
                                        <n gen="m" lem="aroma" num="p" pos="ncmp000" postype="common" sense="16:04415246" wd="aromas"/>
                                        <s.a gen="m" num="p">
                                          <grup.a gen="m" num="p">
                                            <a gen="c" lem="natural" num="p" pos="aq0cp0" postype="qualificative" wd="naturales"/>
                                          </grup.a>
                                        </s.a>
                                      </grup.nom>
                                    </sn>
                                  </sp>
                                  <conj conjunctiontype="coordinating">
                                    <c lem="y" pos="cc" postype="coordinating" wd="y"/>
                                  </conj>
                                  <sp>
                                    <prep>
                                      <s lem="de" pos="sps00" postype="preposition" wd="de"/>
                                    </prep>
                                    <sn entityref="nne">
                                      <grup.nom gen="f" num="p">
                                        <n gen="f" lem="crema" num="p" pos="ncfp000" postype="common" sense="16:05667663" wd="cremas"/>
                                        <sp>
                                          <prep>
                                            <s lem="en" pos="sps00" postype="preposition" wd="en"/>
                                          </prep>
                                          <sn>
                                            <grup.nom gen="m" num="s">
                                              <n gen="m" lem="polvo" num="s" pos="ncms000" postype="common" sense="16:10763217" wd="polvo"/>
                                            </grup.nom>
                                          </sn>
                                        </sp>
                                        <sp>
                                          <prep>
                                            <s lem="de" pos="sps00" postype="preposition" wd="de"/>
                                          </prep>
                                          <sn entityref="nne">
                                            <grup.nom gen="m" num="p">
                                              <n gen="m" lem="producto" num="p" pos="ncmp000" postype="common" sense="16:03175725" wd="productos"/>
                                              <s.a complex="yes" gen="m" num="p">
                                                <grup.a coord="yes" gen="m" num="p">
                                                  <grup.a gen="m" num="p">
                                                    <a gen="m" lem="lácteo" num="p" pos="aq0mp0" postype="qualificative" wd="lácteos"/>
                                                  </grup.a>
                                                  <conj conjunctiontype="coordinating">
                                                    <c lem="y" pos="cc" postype="coordinating" wd="y"/>
                                                  </conj>
                                                  <grup.a gen="m" num="p">
                                                    <neg>
                                                      <r lem="no" pos="rn" postype="negative" wd="no"/>
                                                    </neg>
                                                    <a gen="m" lem="lácteo" num="p" pos="aq0mp0" postype="qualificative" wd="lácteos"/>
                                                  </grup.a>
                                                </grup.a>
                                              </s.a>
                                            </grup.nom>
                                          </sn>
                                        </sp>
                                      </grup.nom>
                                    </sn>
                                  </sp>
                                </sp>
                              </grup.nom>
                            </sn>
                          </sp>
                        </sp>
                      </grup.a>
                    </s.a>
                  </grup.nom>
                </sn>
              </sp>
            </S>
          </sn>
        </sp>
      </grup.nom>
    </sn>
    <f lem="." pos="fp" punct="period" wd="."/>
  </sentence>
  <sentence entity="entity10">
    <sp arg="arg2" func="cc" tem="loc">
      <prep>
        <s lem="entre" pos="sps00" postype="preposition" wd="Entre"/>
      </prep>
      <sn entityref="nne" homophoricDD="yes">
        <spec gen="f" num="p">
          <d gen="f" lem="el" num="p" pos="da0fp0" postype="article" wd="las"/>
        </spec>
        <grup.nom gen="f" num="p">
          <n gen="f" lem="aplicación" lexicalid="noun.aplicación.1.default" num="p" origin="deverbal" pos="ncfp000" postype="common" sense="16:00607299" wd="aplicaciones"/>
          <s.a func="cn" gen="f" num="p">
            <grup.a gen="f" num="p">
              <neg>
                <r lem="no" pos="rn" postype="negative" wd="no"/>
              </neg>
              <a gen="f" lem="alimentario" num="p" pos="aq0fp0" postype="qualificative" wd="alimentarias"/>
            </grup.a>
          </s.a>
        </grup.nom>
      </sn>
    </sp>
    <morfema.verbal func="pass">
      <p gen="c" lem="se" num="c" pos="p0000000" wd="se"/>
    </morfema.verbal>
    <grup.verb>
      <v lem="incluir" lss="B22.unaccusative-passive-transitive" mood="indicative" num="s" person="3" pos="vmip3s0" postype="main" tense="present" wd="incluye"/>
    </grup.verb>
    <sn arg="arg1" entityref="nne" func="suj" tem="pat">
      <spec arg="arg1" gen="m" num="s" tem="pat">
        <d coreftype="ident" entity="entity7" entityref="nne" gen="c" lem="su" num="s" person="3" pos="dp3cs0" postype="possessive" wd="su"/>
      </spec>
      <grup.nom gen="m" num="s">
        <n gen="m" lem="empleo" lexicalid="noun.empleo.1.default" num="s" origin="deverbal" pos="ncms000" postype="common" sense="16:00605730" wd="empleo"/>
        <sp arg="argM" coord="yes" func="cn" tem="loc">
          <sp>
            <prep>
              <s lem="en" pos="sps00" postype="preposition" wd="en"/>
            </prep>
            <sn complex="yes" entityref="nne">
              <grup.nom coord="yes">
                <grup.nom gen="m" num="p">
                  <n gen="m" lem="adhesivo" num="p" pos="ncmp000" postype="common" sense="16:10539406" wd="adhesivos"/>
                </grup.nom>
                <f lem="," pos="fc" punct="comma" wd=","/>
                <grup.nom gen="m" num="p">
                  <n gen="m" lem="explosivo" num="p" pos="ncmp000" postype="common" sense="16:02652566" wd="explosivos"/>
                </grup.nom>
              </grup.nom>
            </sn>
          </sp>
          <f lem="," pos="fc" punct="comma" wd=","/>
          <sp>
            <prep>
              <s lem="en" pos="sps00" postype="preposition" wd="en"/>
            </prep>
            <sn entityref="nne" homophoricDD="yes">
              <spec gen="f" num="s">
                <d gen="f" lem="el" num="s" pos="da0fs0" postype="article" wd="la"/>
              </spec>
              <grup.nom gen="f" num="p">
                <n gen="f" lem="industria" num="p" pos="ncfp000" postype="common" sense="16:06011363" wd="industrias"/>
                <s.a coord="yes" gen="f" num="p">
                  <s.a gen="f" num="p">
                    <grup.a gen="f" num="p">
                      <a gen="f" lem="papelero" num="p" pos="aq0fp0" postype="qualificative" wd="papeleras"/>
                    </grup.a>
                  </s.a>
                  <conj conjunctiontype="coordinating">
                    <c lem="y" pos="cc" postype="coordinating" wd="y"/>
                  </conj>
                  <sp>
                    <prep>
                      <s lem="de" pos="sps00" postype="preposition" wd="de"/>
                    </prep>
                    <sn>
                      <spec gen="f" num="s">
                        <d gen="f" lem="el" num="s" pos="da0fs0" postype="article" wd="la"/>
                      </spec>
                      <grup.nom gen="f" num="s">
                        <n gen="f" lem="construcción" lexicalid="noun.construcción.1.default" num="s" origin="deverbal" pos="ncfs000" postype="common" sense="16:00715519" wd="construcción"/>
                      </grup.nom>
                    </sn>
                  </sp>
                </s.a>
              </grup.nom>
            </sn>
          </sp>
          <f lem="," pos="fc" punct="comma" wd=","/>
          <sp>
            <prep>
              <s lem="en" pos="sps00" postype="preposition" wd="en"/>
            </prep>
            <sn entityref="nne" homophoricDD="yes">
              <spec gen="m" num="p">
                <d gen="m" lem="el" num="p" pos="da0mp0" postype="article" wd="los"/>
              </spec>
              <grup.nom gen="m" num="p">
                <n gen="m" lem="sector" num="p" pos="ncmp000" postype="common" sense="16:06214548" wd="sectores"/>
                <s.a complex="yes" gen="m" num="s">
                  <grup.a coord="yes" gen="m" num="s">
                    <grup.a gen="m" num="s">
                      <a gen="c" lem="textil" num="s" pos="aq0cs0" postype="qualificative" wd="textil"/>
                    </grup.a>
                    <f lem="," pos="fc" punct="comma" wd=","/>
                    <grup.a gen="m" num="s">
                      <a gen="m" lem="minero" num="s" pos="aq0ms0" postype="qualificative" wd="minero"/>
                    </grup.a>
                    <f lem="," pos="fc" punct="comma" wd=","/>
                    <grup.a gen="m" num="s">
                      <a gen="m" lem="metalúrgico" num="s" pos="aq0ms0" postype="qualificative" wd="metalúrgico"/>
                    </grup.a>
                    <f lem="," pos="fc" punct="comma" wd=","/>
                    <grup.a gen="m" num="s">
                      <a gen="m" lem="cosmético" num="s" pos="aq0ms0" postype="qualificative" wd="cosmético"/>
                    </grup.a>
                    <conj conjunctiontype="coordinating">
                      <c lem="y" pos="cc" postype="coordinating" wd="y"/>
                    </conj>
                    <grup.a gen="m" num="s">
                      <a gen="m" lem="farmacéutico" num="s" pos="aq0ms0" postype="qualificative" wd="farmacéutico"/>
                    </grup.a>
                  </grup.a>
                </s.a>
              </grup.nom>
            </sn>
          </sp>
        </sp>
      </grup.nom>
    </sn>
    <sn coreftype="dx" entity="entity9+entity10" entityref="nne" func="ao">
      <f lem="," pos="fc" punct="comma" wd=","/>
      <spec gen="m" num="s">
        <d gen="c" lem="el" num="s" pos="da0ns0" postype="article" wd="lo"/>
      </spec>
      <grup.nom gen="m" num="s">
        <S clausetype="relative">
          <relatiu arg="arg0" func="suj" tem="agt">
            <p gen="c" lem="que" num="c" pos="pr0cn000" postype="relative" wd="que"/>
          </relatiu>
          <grup.verb>
            <v lem="demostrar" lss="A21.transitive-agentive-patient" mood="indicative" num="s" person="3" pos="vmip3s0" postype="main" tense="present" wd="demuestra"/>
          </grup.verb>
          <sn arg="arg1" entityref="nne" func="cd" homophoricDD="yes" tem="pat">
            <spec gen="f" num="s">
              <d gen="f" lem="el" num="s" pos="da0fs0" postype="article" wd="la"/>
            </spec>
            <grup.nom gen="f" num="s">
              <n gen="f" lem="importancia" lexicalid="noun.importancia.1.default" num="s" origin="deverbal" pos="ncfs000" postype="common" sense="16:04025511" wd="importancia"/>
              <s.a arg="arg2" func="cn" gen="f" num="s" tem="exp">
                <grup.a gen="f" num="s">
                  <a gen="c" lem="comercial" num="s" pos="aq0cs0" postype="qualificative" wd="comercial"/>
                </grup.a>
              </s.a>
              <sp arg="arg1" func="cn" tem="tem">
                <prep>
                  <s contracted="yes" gen="m" lem="del" num="s" pos="spcms" postype="preposition" wd="del"/>
                </prep>
                <sn coreftype="ident" entity="entity6" entityref="nne" homophoricDD="yes">
                  <grup.nom gen="m" num="s">
                    <n gen="m" lem="estudio" num="s" pos="ncms000" postype="common" sense="16:04467719" wd="estudio"/>
                    <sp>
                      <prep>
                        <s contracted="yes" gen="m" lem="del" num="s" pos="spcms" postype="preposition" wd="del"/>
                      </prep>
                      <sn coreftype="ident" entity="entity2" entityref="nne" homophoricDD="yes">
                        <grup.nom gen="m" num="s">
                          <n gen="m" lem="almidón" num="s" pos="ncms000" postype="common" sense="16:10801135" wd="almidón"/>
                        </grup.nom>
                      </sn>
                    </sp>
                  </grup.nom>
                </sn>
              </sp>
            </grup.nom>
          </sn>
        </S>
      </grup.nom>
    </sn>
    <f lem="." pos="fp" punct="period" wd="."/>
  </sentence>
</article>
