<?xml version="1.0" encoding="UTF-8"?>
<!-- 

  ancora-2.0
       
			Copyright (C) 2007, 2008, 2009, 2010, 2011 UB - CLiC
			Centre de Llenguatge i Computació - Universitat de Barcelona
 
  This file is part of ancora-2.0.
 
  ancora-2.0 is free software and data: you can redistribute it and/or modify
  it under the terms of the GNU General Public License as published
  by the Free Software Foundation, either version 3 of the License,
  or (at your option) any later version.

  ancora-2.0 is distributed in the hope that it will be useful,
  but WITHOUT ANY WARRANTY; without even the implied warranty of
  MERCHANTABILITY or FITNESS FOR A PARTICULAR PURPOSE.  See the
  GNU General Public License for more details.
 
  You should have received a copy of the GNU General Public License
  along with ancora-2.0.  If not, see &lt;http://www.gnu.org/licenses/&gt;.
 
  Check a text in catalan explaining the terms of the license at http://www.softcatala.cat/wiki/GPL3.
  In spanish at http://www.viti.es/gnu/licenses/gpl.html
 

  The following paper must be cited when using this corpus:

 * Taulé, M., M.A. Martí, M. Recasens (2008) 'Ancora: Multilevel Annotated Corpora for Catalan and Spanish',
   Proceedings of 6th International Conference on Language Resources and Evaluation. Marrakesh (Morocco).

  In addition, the following paper must be cited if coreference information (attributes entity, coreftype,
  corefsubtype, homophoricDD or entityref) is used:

 * Recasens, Marta, M. Antònia Martí (2010) ‘AnCora-CO: Coreferentially annotated corpora for Spanish and
   Catalan’. Language Resources and Evaluation, Springer Science.

  Additionally, the following paper must be cited when argumental attributes in "sn" or "grup.nom"
  (attributes func, arg, tem or lexicalid) are used:

 * Peris, Aina, Mariona Taulé, Horacio Rodríguez (2010) ‘Semantic Annotation of Deverbal Nominalizations in the
   Spanish AnCora corpus’. Treebanks and Linguistic Theories (TLT-2010), Estonia.
-->
<article lng="es">
  <sentence>
    <sn arg="arg1" entity="entity1" entityref="ne" func="suj" ne="person" tem="tem">
      <grup.nom gen="m" num="s">
        <n lem="Eddie_McGee" ne="person" pos="np00000" postype="proper" wd="Eddie_McGee"/>
        <sn corefsubtype="indefinit" coreftype="pred" entity="entity1">
          <f lem="," pos="fc" punct="comma" wd=","/>
          <spec gen="m" num="s">
            <d gen="m" lem="uno" num="s" pos="di0ms0" postype="indefinite" wd="un"/>
          </spec>
          <grup.nom gen="m" num="s">
            <s.a gen="m" num="s">
              <grup.a gen="m" num="s">
                <a gen="m" lem="apuesto" num="s" pos="aq0ms0" postype="qualificative" wd="apuesto"/>
              </grup.a>
            </s.a>
            <n gen="m" lem="universitario" num="s" pos="ncms000" postype="common" sense="16:07165993" wd="universitario"/>
            <sp>
              <prep>
                <s lem="de" pos="sps00" postype="preposition" wd="de"/>
              </prep>
              <sn>
                <spec gen="m" num="p">
                  <z lem="21" ne="number" wd="21"/>
                </spec>
                <grup.nom gen="m" num="p">
                  <n gen="m" lem="año" num="p" pos="ncmp000" postype="common" sense="16:10917509" wd="años"/>
                </grup.nom>
              </sn>
            </sp>
            <s.a gen="m" num="s">
              <grup.a gen="m" num="s">
                <a gen="m" lem="minusválido" num="s" pos="aq0ms0" postype="qualificative" wd="minusválido"/>
                <inc>
                  <S>
                    <f lem="(" pos="fpa" punct="bracket" punctenclose="open" wd="("/>
                    <sp arg="argM" func="cc" tem="tmp">
                      <prep>
                        <s lem="de" pos="sps00" postype="preposition" wd="de"/>
                      </prep>
                      <sn>
                        <grup.nom gen="m" num="s">
                          <n gen="m" lem="niño" num="s" pos="ncms000" postype="common" sense="16:07389783" wd="niño"/>
                        </grup.nom>
                      </sn>
                    </sp>
                    <sn arg="arg1" coreftype="ident" elliptic="yes" entity="entity1" entityref="spec" func="suj" tem="tem"/>
                    <grup.verb>
                      <v lem="sufrir" lss="C21.state-attributive" mood="indicative" num="s" person="3" pos="vmis3s0" postype="main" tense="past" wd="sufrió"/>
                    </grup.verb>
                    <sn arg="arg2" entityref="nne" func="cd" functype="quantitative" homophoricDD="yes" tem="atr">
                      <spec gen="f" num="s">
                        <d gen="f" lem="el" num="s" pos="da0fs0" postype="article" wd="la"/>
                      </spec>
                      <grup.nom gen="f" num="s">
                        <n gen="f" lem="amputación" lexicalid="noun.amputación.2.default" num="s" origin="deverbal" pos="ncfs000" postype="common" sense="16:10433993" wd="amputación"/>
                        <sp arg="arg1" func="cn" tem="pat">
                          <prep>
                            <s lem="de" pos="sps00" postype="preposition" wd="de"/>
                          </prep>
                          <sn entityref="nne">
                            <spec gen="f" num="s">
                              <d gen="f" lem="uno" num="s" pos="di0fs0" postype="indefinite" wd="una"/>
                            </spec>
                            <grup.nom gen="f" num="s">
                              <n gen="f" lem="pierna" num="s" pos="ncfs000" postype="common" sense="16:04307856" wd="pierna"/>
                            </grup.nom>
                          </sn>
                        </sp>
                      </grup.nom>
                    </sn>
                    <sp arg="argM" func="cc" tem="adv">
                      <prep>
                        <s contracted="yes" gen="m" lem="al" num="s" pos="spcms" postype="preposition" wd="al"/>
                      </prep>
                      <S clausetype="completive" impersonal="yes">
                        <infinitiu>
                          <v coreftype="ident" entity="entity1" lem="detectar" lss="B22.unaccusative-passive-transitive" mood="infinitive" pos="vmn0000" postype="main" wd="detectársele"/>
                        </infinitiu>
                        <sn arg="arg1" entityref="nne" func="cd" tem="pat">
                          <spec gen="m" num="s">
                            <d gen="m" lem="uno" num="s" pos="di0ms0" postype="indefinite" wd="un"/>
                          </spec>
                          <grup.nom gen="m" num="s">
                            <n gen="m" lem="tumor" num="s" pos="ncms000" postype="common" sense="16:10226609" wd="tumor"/>
                            <s.a gen="m" num="s">
                              <grup.a gen="m" num="s">
                                <a gen="m" lem="maligno" num="s" pos="aq0ms0" postype="qualificative" wd="maligno"/>
                              </grup.a>
                            </s.a>
                          </grup.nom>
                        </sn>
                      </S>
                    </sp>
                    <f lem=")" pos="fpt" punct="bracket" punctenclose="close" wd=")"/>
                  </S>
                </inc>
              </grup.a>
            </s.a>
          </grup.nom>
          <f lem="," pos="fc" punct="comma" wd=","/>
        </sn>
      </grup.nom>
    </sn>
    <grup.verb>
      <v lem="haber" mood="indicative" num="s" person="3" pos="vaip3s0" postype="auxiliary" tense="present" wd="ha"/>
      <v gen="m" lem="ser" lss="C21.state-attributive" mood="participle" num="s" pos="vsp00sm" postype="semiauxiliary" wd="sido"/>
    </grup.verb>
    <sn arg="arg2" corefsubtype="definit" coreftype="pred" entity="entity1" func="atr" tem="atr">
      <spec gen="m" num="s">
        <d gen="m" lem="el" num="s" pos="da0ms0" postype="article" wd="el"/>
      </spec>
      <grup.nom gen="m" num="s">
        <n gen="m" lem="vencedor" num="s" pos="ncms000" postype="common" sense="16:07683006" wd="vencedor"/>
        <sp>
          <prep>
            <s lem="de" pos="sps00" postype="preposition" wd="de"/>
          </prep>
          <sn entityref="nne" homophoricDD="yes">
            <spec gen="f" num="s">
              <d gen="f" lem="el" num="s" pos="da0fs0" postype="article" wd="la"/>
            </spec>
            <grup.nom gen="f" num="s">
              <n gen="f" lem="versión" lexicalid="noun.versión.1.default" num="s" origin="deverbal" pos="ncfs000" postype="common" sense="16:04497422" wd="versión"/>
              <sp func="cn">
                <prep>
                  <s lem="para" pos="sps00" postype="preposition" wd="para"/>
                </prep>
                <sn entityref="ne" ne="location">
                  <grup.nom>
                    <n lem="EEUU" ne="location" pos="np00000" postype="proper" wd="EEUU"/>
                  </grup.nom>
                </sn>
              </sp>
              <sp arg="arg1" func="cn" tem="pat">
                <prep>
                  <s lem="de" pos="sps00" postype="preposition" wd="de"/>
                </prep>
                <sn entity="entity2" entityref="ne" ne="other">
                  <grup.nom>
                    <n lem="Big_Brother" ne="other" pos="np00000" postype="proper" wd="Big_Brother"/>
                    <sn corefsubtype="definit" coreftype="pred" entity="entity2">
                      <f lem="," pos="fc" punct="comma" wd=","/>
                      <grup.nom gen="m" num="s">
                        <n gen="m" lem="show" num="s" pos="ncms000" postype="common" sense="16:04964487" wd="show"/>
                        <S clausetype="relative">
                          <relatiu arg="arg1" coreftype="ident" entity="entity2" entityref="spec" func="cd" tem="pat">
                            <p gen="c" lem="que" num="c" pos="pr0cn000" postype="relative" wd="que"/>
                          </relatiu>
                          <sp arg="argM" func="cc" tem="tmp">
                            <prep>
                              <s lem="durante" pos="sps00" postype="preposition" wd="durante"/>
                            </prep>
                            <sn entityref="nne">
                              <spec gen="m" num="p">
                                <d gen="c" lem="tres" num="p" pos="dn0cp0" postype="numeral" wd="tres"/>
                              </spec>
                              <grup.nom gen="m" num="p">
                                <n gen="m" lem="mes" num="p" pos="ncmp000" postype="common" sense="16:10922179" wd="meses"/>
                              </grup.nom>
                            </sn>
                          </sp>
                          <grup.verb>
                            <v lem="haber" mood="indicative" num="s" person="3" pos="vaip3s0" postype="auxiliary" tense="present" wd="ha"/>
                            <v gen="m" lem="emitir" lss="A21.transitive-agentive-patient" mood="participle" num="s" pos="vmp00sm" postype="main" wd="emitido"/>
                          </grup.verb>
                          <sn arg="arg0" entityref="ne" func="suj" ne="other" tem="agt">
                            <spec gen="f" num="s">
                              <d gen="f" lem="el" num="s" pos="da0fs0" postype="article" wd="la"/>
                            </spec>
                            <grup.nom gen="f" num="s">
                              <n lem="CBS" ne="other" pos="np00000" postype="proper" wd="CBS"/>
                            </grup.nom>
                          </sn>
                          <S clausesubtype="concessive" clausetype="adverbial" func="ao" verbless="yes">
                            <f lem="," pos="fc" punct="comma" wd=","/>
                            <conj conjunctiontype="subordinating">
                              <c lem="aunque" pos="cs" postype="subordinating" wd="aunque"/>
                            </conj>
                            <sp>
                              <prep>
                                <s lem="sin" pos="sps00" postype="preposition" wd="sin"/>
                              </prep>
                              <S clausetype="completive" impersonal="yes">
                                <infinitiu>
                                  <v lem="lograr" lss="A21.transitive-agentive-patient" mood="infinitive" pos="vmn0000" postype="main" wd="lograr"/>
                                </infinitiu>
                                <S arg="arg1" clausetype="completive" func="cd" impersonal="yes" tem="pat">
                                  <infinitiu>
                                    <v lem="crear" lss="A21.transitive-agentive-patient" mood="infinitive" pos="vmn0000" postype="main" wd="crear"/>
                                  </infinitiu>
                                  <sn arg="arg1" entity="entity3" entityref="nne" func="cd" homophoricDD="yes" tem="pat">
                                    <spec gen="f" num="s">
                                      <d gen="f" lem="el" num="s" pos="da0fs0" postype="article" wd="la"/>
                                    </spec>
                                    <grup.nom gen="f" num="s">
                                      <n gen="f" lem="expectación" num="s" pos="ncfs000" postype="common" sense="16:04568626" wd="expectación"/>
                                      <S clausetype="relative">
                                        <relatiu arg="arg2" coreftype="ident" entity="entity3" entityref="nne" func="cd" functype="quantitative" tem="atr">
                                          <p gen="c" lem="que" num="c" pos="pr0cn000" postype="relative" wd="que"/>
                                        </relatiu>
                                        <sn arg="arg1" coreftype="ident" entity="entity2" entityref="spec" func="suj" tem="tem">
                                          <spec gen="m" num="s">
                                            <d gen="m" lem="el" num="s" pos="da0ms0" postype="article" wd="el"/>
                                          </spec>
                                          <grup.nom gen="m" num="s">
                                            <n gen="m" lem="concurso" num="s" pos="ncms000" postype="common" sense="16:04966095" wd="concurso"/>
                                          </grup.nom>
                                        </sn>
                                        <grup.verb>
                                          <v lem="haber" mood="indicative" num="s" person="3" pos="vaip3s0" postype="auxiliary" tense="present" wd="ha"/>
                                          <v gen="m" lem="obtener" lss="C21.state-attributive" mood="participle" num="s" pos="vmp00sm" postype="main" wd="obtenido"/>
                                        </grup.verb>
                                        <sp arg="argM" func="cc" tem="loc">
                                          <prep>
                                            <s lem="en" pos="sps00" postype="preposition" wd="en"/>
                                          </prep>
                                          <sn entityref="ne" ne="location">
                                            <grup.nom>
                                              <n lem="Europa" ne="location" pos="np00000" postype="proper" wd="Europa"/>
                                            </grup.nom>
                                          </sn>
                                        </sp>
                                      </S>
                                    </grup.nom>
                                  </sn>
                                </S>
                              </S>
                            </sp>
                          </S>
                        </S>
                      </grup.nom>
                    </sn>
                  </grup.nom>
                </sn>
              </sp>
            </grup.nom>
          </sn>
        </sp>
      </grup.nom>
    </sn>
    <f lem="." pos="fp" punct="period" wd="."/>
  </sentence>
  <sentence>
    <sn arg="arg0" coreftype="ident" entity="entity1" entityref="ne" func="suj" ne="person" tem="agt">
      <grup.nom gen="m" num="s">
        <n lem="McGee" ne="person" pos="np00000" postype="proper" wd="McGee"/>
      </grup.nom>
    </sn>
    <grup.verb>
      <v lem="haber" mood="indicative" num="s" person="3" pos="vaip3s0" postype="auxiliary" tense="present" wd="ha"/>
      <v gen="m" lem="ganar" lss="A21.transitive-agentive-patient" mood="participle" num="s" pos="vmp00sm" postype="main" wd="ganado"/>
    </grup.verb>
    <sn arg="arg1" entityref="ne" func="cd" ne="number" tem="pat">
      <spec gen="m" num="p">
        <d gen="m" lem="uno" num="p" pos="di0mp0" postype="indefinite" wd="unos"/>
        <z lem="90" ne="number" wd="90"/>
      </spec>
      <grup.nom gen="m" num="p">
        <n gen="m" lem="millón" num="p" pos="ncmp000" postype="common" sense="16:09902865" wd="millones"/>
        <sp>
          <prep>
            <s lem="de" pos="sps00" postype="preposition" wd="de"/>
          </prep>
          <sn entityref="ne" ne="number">
            <grup.nom gen="f" num="p">
              <z lem="peseta" ne="number" pos="zm" postype="currency" wd="pesetas"/>
            </grup.nom>
          </sn>
        </sp>
      </grup.nom>
    </sn>
    <f lem="." pos="fp" punct="period" wd="."/>
  </sentence>
</article>
