<?xml version="1.0" encoding="UTF-8"?>
<!-- 

  ancora-2.0
       
			Copyright (C) 2007, 2008, 2009, 2010, 2011 UB - CLiC
			Centre de Llenguatge i Computació - Universitat de Barcelona
 
  This file is part of ancora-2.0.
 
  ancora-2.0 is free software and data: you can redistribute it and/or modify
  it under the terms of the GNU General Public License as published
  by the Free Software Foundation, either version 3 of the License,
  or (at your option) any later version.

  ancora-2.0 is distributed in the hope that it will be useful,
  but WITHOUT ANY WARRANTY; without even the implied warranty of
  MERCHANTABILITY or FITNESS FOR A PARTICULAR PURPOSE.  See the
  GNU General Public License for more details.
 
  You should have received a copy of the GNU General Public License
  along with ancora-2.0.  If not, see &lt;http://www.gnu.org/licenses/&gt;.
 
  Check a text in catalan explaining the terms of the license at http://www.softcatala.cat/wiki/GPL3.
  In spanish at http://www.viti.es/gnu/licenses/gpl.html
 

  The following paper must be cited when using this corpus:

 * Taulé, M., M.A. Martí, M. Recasens (2008) 'Ancora: Multilevel Annotated Corpora for Catalan and Spanish',
   Proceedings of 6th International Conference on Language Resources and Evaluation. Marrakesh (Morocco).

  In addition, the following paper must be cited if coreference information (attributes entity, coreftype,
  corefsubtype, homophoricDD or entityref) is used:

 * Recasens, Marta, M. Antònia Martí (2010) ‘AnCora-CO: Coreferentially annotated corpora for Spanish and
   Catalan’. Language Resources and Evaluation, Springer Science.

  Additionally, the following paper must be cited when argumental attributes in "sn" or "grup.nom"
  (attributes func, arg, tem or lexicalid) are used:

 * Peris, Aina, Mariona Taulé, Horacio Rodríguez (2010) ‘Semantic Annotation of Deverbal Nominalizations in the
   Spanish AnCora corpus’. Treebanks and Linguistic Theories (TLT-2010), Estonia.
-->
<article lng="es">
  <sentence coord="yes" entity="entity4">
    <S>
      <sn arg="arg0" entity="entity1" entityref="nne" func="suj" homophoricDD="yes" tem="agt">
        <spec gen="f" num="s">
          <d gen="f" lem="el" num="s" pos="da0fs0" postype="article" wd="La"/>
        </spec>
        <grup.nom gen="f" num="s">
          <n gen="f" lem="moneda" num="s" pos="ncfs000" postype="common" sense="16:09639977" wd="moneda"/>
          <s.a gen="f" num="s">
            <grup.a gen="f" num="s">
              <a gen="c" lem="nacional" num="s" pos="aq0cs0" postype="qualificative" wd="nacional"/>
            </grup.a>
          </s.a>
          <s.a gen="f" num="s">
            <grup.a gen="f" num="s">
              <a gen="f" lem="checo" num="s" pos="aq0fs0" postype="qualificative" wd="checa"/>
            </grup.a>
          </s.a>
          <sn corefsubtype="definit" coreftype="pred" entity="entity1">
            <f lem="," pos="fc" punct="comma" wd=","/>
            <spec gen="f" num="s">
              <d gen="f" lem="el" num="s" pos="da0fs0" postype="article" wd="la"/>
            </spec>
            <grup.nom gen="f" num="s">
              <n gen="f" lem="corona" num="s" pos="ncfs000" postype="common" sense="16:cs1" wd="corona"/>
            </grup.nom>
            <f lem="," pos="fc" punct="comma" wd=","/>
          </sn>
        </grup.nom>
      </sn>
      <grup.verb>
        <v lem="haber" mood="indicative" num="s" person="3" pos="vaip3s0" postype="auxiliary" tense="present" wd="ha"/>
        <v gen="m" lem="registrar" lss="A31.ditransitive-patient-locative" mood="participle" num="s" pos="vmp00sm" postype="main" wd="registrado"/>
      </grup.verb>
      <sp arg="argM" func="cc" tem="tmp">
        <prep>
          <s lem="en" pos="sps00" postype="preposition" wd="en"/>
        </prep>
        <sn entityref="nne" homophoricDD="yes">
          <spec gen="m" num="p">
            <d gen="m" lem="el" num="p" pos="da0mp0" postype="article" wd="los"/>
          </spec>
          <grup.nom gen="m" num="p">
            <s.a gen="m" num="p">
              <grup.a gen="m" num="p">
                <a gen="m" lem="último" num="p" pos="ao0mp0" postype="ordinal" wd="últimos"/>
              </grup.a>
            </s.a>
            <n gen="m" lem="día" num="p" pos="ncmp000" postype="common" sense="16:10851114" wd="días"/>
          </grup.nom>
        </sn>
      </sp>
      <sn arg="arg1" entity="entity11" entityref="nne" func="cd" tem="pat">
        <spec gen="f" num="s">
          <d gen="f" lem="uno" num="s" pos="di0fs0" postype="indefinite" wd="una"/>
        </spec>
        <grup.nom gen="f" num="s">
          <s.a func="cn" gen="f" num="s">
            <grup.a gen="f" num="s">
              <a gen="c" lem="fuerte" num="s" pos="aq0cs0" postype="qualificative" wd="fuerte"/>
            </grup.a>
          </s.a>
          <n gen="f" lem="caída" lexicalid="noun.caída.1.default" num="s" origin="deverbal" pos="ncfs000" postype="common" sense="16:03985255" wd="caída"/>
        </grup.nom>
      </sn>
    </S>
    <conj conjunctiontype="coordinating">
      <c lem="y" pos="cc" postype="coordinating" wd="y"/>
    </conj>
    <S>
      <sn arg="arg0" coreftype="ident" elliptic="yes" entity="entity1" entityref="nne" func="suj" tem="agt"/>
      <grup.verb>
        <v lem="haber" mood="indicative" num="s" person="3" pos="vaip3s0" postype="auxiliary" tense="present" wd="ha"/>
        <v gen="m" lem="tocar" lss="A21.transitive-agentive-patient" mood="participle" num="s" pos="vmp00sm" postype="main" wd="tocado"/>
      </grup.verb>
      <sn arg="arg1" entityref="nne" func="cd" tem="pat">
        <spec gen="m" num="s">
          <d coreftype="ident" entity="entity1" entityref="nne" gen="c" lem="su" num="s" person="3" pos="dp3cs0" postype="possessive" wd="su"/>
        </spec>
        <grup.nom gen="m" num="s">
          <n gen="m" lem="mínimo" num="s" pos="ncms000" postype="common" sense="16:09911225" wd="mínimo"/>
          <s.a gen="m" num="s">
            <grup.a gen="m" num="s">
              <a gen="m" lem="histórico" num="s" pos="aq0ms0" postype="qualificative" wd="histórico"/>
            </grup.a>
          </s.a>
        </grup.nom>
      </sn>
      <sadv arg="argM" func="cc" tem="adv">
        <grup.adv>
          <r lem="frente" pos="rg" wd="frente"/>
          <sp>
            <prep>
              <s contracted="yes" gen="m" lem="al" num="s" pos="spcms" postype="preposition" wd="al"/>
            </prep>
            <sn entity="entity2" entityref="nne" homophoricDD="yes">
              <grup.nom gen="m" num="s">
                <n gen="m" lem="dólar" num="s" pos="ncms000" postype="common" sense="16:09824246" wd="dólar"/>
                <S clausetype="relative">
                  <f lem="," pos="fc" punct="comma" wd=","/>
                  <relatiu arg="arg1" coreftype="ident" entity="entity2" entityref="nne" func="suj" tem="tem">
                    <p gen="c" lem="que" num="c" pos="pr0cn000" postype="relative" wd="que"/>
                  </relatiu>
                  <grup.verb>
                    <v lem="cotizar" lss="C21.state-attributive" mood="indicative" num="s" person="3" pos="vmip3s0" postype="main" tense="present" wd="cotiza"/>
                  </grup.verb>
                  <sadv arg="argM" func="cc" tem="tmp">
                    <grup.adv>
                      <r lem="hoy" pos="rg" wd="hoy"/>
                      <sn entityref="ne" ne="date">
                        <f lem="," pos="fc" punct="comma" wd=","/>
                        <grup.nom gen="m" num="s">
                          <w lem="[miércoles:??/??/??:??.??]" ne="date" wd="miércoles"/>
                        </grup.nom>
                        <f lem="," pos="fc" punct="comma" wd=","/>
                      </sn>
                    </grup.adv>
                  </sadv>
                  <sp arg="arg2" func="creg" tem="atr">
                    <prep>
                      <s lem="a" pos="sps00" postype="preposition" wd="a"/>
                    </prep>
                    <sn entityref="ne" ne="number">
                      <spec gen="f" num="p">
                        <z lem="39.50" ne="number" wd="39,50"/>
                      </spec>
                      <grup.nom gen="f" num="p">
                        <z lem="corona" ne="number" pos="zm" postype="currency" wd="coronas"/>
                      </grup.nom>
                    </sn>
                  </sp>
                  <S arg="argM" clausetype="adverbial" func="cc" tem="adv">
                    <f lem="," pos="fc" punct="comma" wd=","/>
                    <conj conjunctiontype="subordinating">
                      <c lem="cuando" pos="cs" postype="subordinating" wd="cuando"/>
                    </conj>
                    <sn arg="argM" func="cc" tem="tmp">
                      <v lem="hacer" mood="indicative" num="s" person="3" pos="vmip3s0" postype="main" tense="present" wd="hace"/>
                      <d gen="f" lem="uno" num="p" pos="di0fp0" postype="indefinite" wd="unas"/>
                      <n gen="f" lem="semana" num="p" pos="ncfp000" postype="common" sense="16:10888430" wd="semanas"/>
                    </sn>
                    <sn arg="arg1" coreftype="ident" elliptic="yes" entity="entity2" entityref="nne" func="suj" tem="tem"/>
                    <neg func="mod">
                      <r lem="no" pos="rn" postype="negative" wd="no"/>
                    </neg>
                    <grup.verb>
                      <v lem="subir" lss="B21.unaccusative-state" mood="indicative" num="s" person="3" pos="vmii3s0" postype="main" tense="imperfect" wd="subía"/>
                    </grup.verb>
                    <sp arg="arg3" func="cc" tem="ein">
                      <prep>
                        <s lem="de" pos="sps00" postype="preposition" wd="de"/>
                      </prep>
                      <sn entityref="ne" ne="number">
                        <grup.nom gen="m" num="p">
                          <z lem="36" ne="number" wd="36"/>
                        </grup.nom>
                      </sn>
                    </sp>
                    <sp func="ao">
                      <f lem="," pos="fc" punct="comma" wd=","/>
                      <prep>
                        <s lem="según" pos="sps00" postype="preposition" wd="según"/>
                      </prep>
                      <sn entityref="ne" ne="organization">
                        <spec gen="m" num="s">
                          <d gen="m" lem="el" num="s" pos="da0ms0" postype="article" wd="el"/>
                        </spec>
                        <grup.nom gen="m" num="s">
                          <n gen="m" lem="banco" num="s" pos="ncms000" postype="common" sense="16:06227059" wd="banco"/>
                          <s.a gen="m" num="s">
                            <grup.a gen="m" num="s">
                              <a gen="m" lem="checo" num="s" pos="aq0ms0" postype="qualificative" wd="checo"/>
                            </grup.a>
                          </s.a>
                          <sn entityref="ne" ne="organization">
                            <grup.nom gen="m" num="s">
                              <n lem="Ceska_Sporitelna" ne="organization" pos="np0000o" postype="proper" sense="16:cs1" wd="Ceska_Sporitelna"/>
                              <sn entityref="ne" ne="organization">
                                <grup.nom gen="f" num="s">
                                  <f lem="(" pos="fpa" punct="bracket" punctenclose="open" wd="("/>
                                  <n lem="Caja_de_Ahorros" ne="organization" pos="np0000o" postype="proper" sense="16:cs1" wd="Caja_de_Ahorros"/>
                                  <f lem=")" pos="fpt" punct="bracket" punctenclose="close" wd=")"/>
                                </grup.nom>
                              </sn>
                            </grup.nom>
                          </sn>
                        </grup.nom>
                      </sn>
                    </sp>
                  </S>
                </S>
              </grup.nom>
            </sn>
          </sp>
        </grup.adv>
      </sadv>
    </S>
    <f lem="." pos="fp" punct="period" wd="."/>
  </sentence>
  <sentence coord="yes" entity="entity5">
    <S>
      <sn arg="arg1" coreftype="ident" entity="entity1" entityref="nne" func="suj" homophoricDD="yes" tem="tem">
        <spec gen="f" num="s">
          <d gen="f" lem="el" num="s" pos="da0fs0" postype="article" wd="La"/>
        </spec>
        <grup.nom gen="f" num="s">
          <n gen="f" lem="corona" num="s" pos="ncfs000" postype="common" sense="16:cs1" wd="corona"/>
        </grup.nom>
      </sn>
      <neg func="mod">
        <r lem="no" pos="rn" postype="negative" wd="no"/>
      </neg>
      <grup.verb>
        <v lem="haber" mood="indicative" num="s" person="3" pos="vaii3s0" postype="auxiliary" tense="imperfect" wd="había"/>
        <v gen="m" lem="caer" lss="B11.unaccusative-motion" mood="participle" num="s" pos="vmp00sm" postype="main" wd="caído"/>
      </grup.verb>
      <sadv arg="argM" func="cc" tem="adv">
        <grup.adv>
          <r lem="tanto" pos="rg" wd="tanto"/>
        </grup.adv>
      </sadv>
      <sadv arg="argM" func="cc" tem="adv">
        <grup.adv>
          <r lem="frente" pos="rg" wd="frente"/>
          <sp>
            <prep>
              <s contracted="yes" gen="m" lem="al" num="s" pos="spcms" postype="preposition" wd="al"/>
            </prep>
            <sn coreftype="ident" entity="entity2" entityref="nne" homophoricDD="yes">
              <grup.nom gen="m" num="s">
                <n gen="m" lem="dólar" num="s" pos="ncms000" postype="common" sense="16:09824246" wd="dólar"/>
              </grup.nom>
            </sn>
          </sp>
        </grup.adv>
      </sadv>
      <sp arg="argM" func="cc" tem="tmp">
        <prep>
          <s lem="desde" pos="sps00" postype="preposition" wd="desde"/>
        </prep>
        <sn entityref="ne" ne="date">
          <grup.nom gen="m" num="s">
            <w lem="[??:??/??/1993:??.??]" ne="date" wd="1993"/>
            <sn>
              <f lem="," pos="fc" punct="comma" wd=","/>
              <grup.nom gen="f" num="s">
                <n gen="f" lem="fecha" num="s" pos="ncfs000" postype="common" sense="16:10880047" wd="fecha"/>
                <sp>
                  <prep>
                    <s contracted="yes" gen="m" lem="del" num="s" pos="spcms" postype="preposition" wd="del"/>
                  </prep>
                  <sn gen="m" num="s">
                    <grup.nom gen="m" num="s">
                      <n gen="m" lem="nacimiento" lexicalid="noun.nacimiento.3.default" num="s" origin="deverbal" pos="ncms000" postype="common" sense="16:05456618" wd="nacimiento"/>
                      <sp arg="arg1" func="cn" tem="tem">
                        <prep>
                          <s lem="de" pos="sps00" postype="preposition" wd="de"/>
                        </prep>
                        <sn entityref="ne" ne="location">
                          <spec gen="f" num="s">
                            <d gen="f" lem="el" num="s" pos="da0fs0" postype="article" wd="la"/>
                          </spec>
                          <grup.nom gen="f" num="s">
                            <n lem="República_Checa" ne="location" pos="np0000l" postype="proper" sense="16:cs1" wd="República_Checa"/>
                          </grup.nom>
                        </sn>
                      </sp>
                    </grup.nom>
                  </sn>
                </sp>
              </grup.nom>
              <f lem="," pos="fc" punct="comma" wd=","/>
            </sn>
          </grup.nom>
        </sn>
      </sp>
    </S>
    <conj conjunctiontype="coordinating">
      <c lem="y" pos="cc" postype="coordinating" wd="y"/>
    </conj>
    <S>
      <sn arg="arg1" entityref="nne" func="suj" homophoricDD="yes" tem="tem">
        <spec gen="f" num="s">
          <d gen="f" lem="el" num="s" pos="da0fs0" postype="article" wd="la"/>
        </spec>
        <grup.nom gen="f" num="s">
          <n gen="f" lem="tendencia" lexicalid="noun.tendencia.1.default" num="s" origin="deverbal" pos="ncfs000" postype="common" sense="16:06390652" wd="tendencia"/>
        </grup.nom>
      </sn>
      <grup.verb>
        <v lem="ser" lss="C21.state-attributive" mood="indicative" num="s" person="3" pos="vsip3s0" postype="semiauxiliary" tense="present" wd="es"/>
      </grup.verb>
      <sp arg="arg2" func="atr" tem="atr">
        <prep>
          <s lem="a" pos="sps00" postype="preposition" wd="a"/>
        </prep>
        <sn entityref="lex">
          <spec gen="f" num="s">
            <d gen="f" lem="el" num="s" pos="da0fs0" postype="article" wd="la"/>
          </spec>
          <grup.nom gen="f" num="s">
            <s.a gen="f" num="s">
              <grup.a gen="f" num="s">
                <a gen="f" lem="bajo" num="s" pos="aq0fs0" postype="qualificative" wd="baja"/>
              </grup.a>
            </s.a>
          </grup.nom>
        </sn>
      </sp>
      <sp func="ao">
        <f lem="," pos="fc" punct="comma" wd=","/>
        <prep>
          <s lem="según" pos="sps00" postype="preposition" wd="según"/>
        </prep>
        <sn entityref="ne" ne="person">
          <spec gen="m" num="s">
            <d gen="m" lem="el" num="s" pos="da0ms0" postype="article" wd="el"/>
          </spec>
          <grup.nom gen="m" num="s">
            <n gen="m" lem="experto" num="s" pos="ncms000" postype="common" sense="16:06947056" wd="experto"/>
            <sp>
              <prep>
                <s contracted="yes" gen="m" lem="del" num="s" pos="spcms" postype="preposition" wd="del"/>
              </prep>
              <sn entity="entity3" entityref="ne" ne="organization">
                <grup.nom gen="m" num="s">
                  <n lem="Banco_Comercial" ne="organization" pos="np00000" postype="proper" sense="16:cs1" wd="Banco_Comercial"/>
                  <sn corefsubtype="definit" coreftype="pred" entity="entity3" entityref="ne" ne="organization">
                    <grup.nom gen="m" num="s">
                      <f lem="(" pos="fpa" punct="bracket" punctenclose="open" wd="("/>
                      <n lem="KB" ne="organization" pos="np0000o" postype="proper" sense="16:cs1" wd="KB"/>
                      <f lem=")" pos="fpt" punct="bracket" punctenclose="close" wd=")"/>
                    </grup.nom>
                  </sn>
                </grup.nom>
              </sn>
            </sp>
            <sn entityref="ne" ne="person">
              <grup.nom gen="m" num="s">
                <n lem="Jan_Vejmelek" ne="person" pos="np0000p" postype="proper" sense="16:cs1" wd="Jan_Vejmelek"/>
              </grup.nom>
            </sn>
          </grup.nom>
        </sn>
      </sp>
    </S>
    <f lem="." pos="fp" punct="period" wd="."/>
  </sentence>
  <sentence>
    <sn arg="arg0" entityref="nne" func="suj" homophoricDD="yes" tem="agt">
      <spec gen="m" num="p">
        <d gen="m" lem="el" num="p" pos="da0mp0" postype="article" wd="Los"/>
      </spec>
      <grup.nom gen="m" num="p">
        <n gen="m" lem="experto" num="p" pos="ncmp000" postype="common" sense="16:06947056" wd="expertos"/>
        <s.a gen="m" num="p">
          <grup.a gen="m" num="p">
            <a gen="m" lem="financiero" num="p" pos="aq0mp0" postype="qualificative" wd="financieros"/>
          </grup.a>
        </s.a>
      </grup.nom>
    </sn>
    <grup.verb>
      <v lem="señalar" lss="A31.ditransitive-patient-locative" mood="indicative" num="p" person="3" pos="vmip3p0" postype="main" tense="present" wd="señalan"/>
    </grup.verb>
    <S arg="arg1" clausetype="completive" func="cd" tem="pat">
      <conj conjunctiontype="subordinating">
        <c lem="que" pos="cs" postype="subordinating" wd="que"/>
      </conj>
      <sn arg="arg1" coreftype="dx" entity="entity4+entity5" entityref="nne" func="suj" tem="tem">
        <spec gen="f" num="p">
          <d gen="f" lem="el" num="p" pos="da0fp0" postype="article" wd="las"/>
        </spec>
        <grup.nom gen="f" num="p">
          <n gen="f" lem="dificultad" num="p" pos="ncfp000" postype="common" sense="16:04394770" wd="dificultades"/>
          <sp>
            <prep>
              <s lem="de" pos="sps00" postype="preposition" wd="de"/>
            </prep>
            <sn coreftype="ident" entity="entity1" entityref="nne" homophoricDD="yes">
              <spec gen="f" num="s">
                <d gen="f" lem="el" num="s" pos="da0fs0" postype="article" wd="la"/>
              </spec>
              <grup.nom gen="f" num="s">
                <n gen="f" lem="corona" num="s" pos="ncfs000" postype="common" sense="16:cs1" wd="corona"/>
              </grup.nom>
            </sn>
          </sp>
        </grup.nom>
      </sn>
      <morfema.pronominal>
        <p gen="c" lem="se" num="c" person="3" pos="p0300000" wd="se"/>
      </morfema.pronominal>
      <grup.verb>
        <v lem="deber" lss="C21.state-attributive" mood="indicative" num="p" person="3" pos="vmip3p0" postype="main" tense="present" wd="deben"/>
      </grup.verb>
      <sp arg="arg2" func="creg" tem="atr">
        <prep>
          <s lem="a" pos="sps00" postype="preposition" wd="a"/>
        </prep>
        <sn entity="entity6" entityref="nne" homophoricDD="yes">
          <spec gen="m" num="p">
            <d gen="m" lem="el" num="p" pos="da0mp0" postype="article" wd="los"/>
          </spec>
          <grup.nom gen="m" num="p">
            <n gen="m" lem="problema" num="p" pos="ncmp000" postype="common" sense="16:10339059" wd="problemas"/>
            <S clausetype="relative">
              <relatiu arg="arg1" coreftype="ident" entity="entity6" entityref="nne" func="cd" tem="pat">
                <p gen="c" lem="que" num="c" pos="pr0cn000" postype="relative" wd="que"/>
              </relatiu>
              <grup.verb>
                <v lem="afrontar" lss="A21.transitive-agentive-patient" mood="indicative" num="s" person="3" pos="vmip3s0" postype="main" tense="present" wd="afronta"/>
              </grup.verb>
              <sn arg="arg0" entity="entity7" entityref="nne" func="suj" homophoricDD="yes" tem="agt">
                <spec gen="m" num="s">
                  <d gen="m" lem="el" num="s" pos="da0ms0" postype="article" wd="el"/>
                </spec>
                <grup.nom gen="m" num="s">
                  <n gen="m" lem="euro" num="s" pos="ncms000" postype="common" sense="16:50000420" wd="euro"/>
                  <S clausetype="relative">
                    <f lem="," pos="fc" punct="comma" wd=","/>
                    <relatiu arg="arg0" coreftype="ident" entity="entity7" entityref="nne" func="suj" tem="agt">
                      <p gen="c" lem="que" num="c" pos="pr0cn000" postype="relative" wd="que"/>
                    </relatiu>
                    <sadv arg="argM" func="cc" tem="tmp">
                      <grup.adv>
                        <r lem="ayer" pos="rg" wd="ayer"/>
                      </grup.adv>
                    </sadv>
                    <sadv func="mod">
                      <grup.adv>
                        <r lem="también" pos="rg" wd="también"/>
                      </grup.adv>
                    </sadv>
                    <grup.verb>
                      <v lem="registrar" lss="A31.ditransitive-patient-locative" mood="indicative" num="s" person="3" pos="vmis3s0" postype="main" tense="past" wd="registró"/>
                    </grup.verb>
                    <sn arg="arg1" entityref="nne" func="cd" tem="pat">
                      <spec gen="m" num="s">
                        <d coreftype="ident" entity="entity7" entityref="nne" gen="c" lem="su" num="s" person="3" pos="dp3cs0" postype="possessive" wd="su"/>
                      </spec>
                      <grup.nom gen="m" num="s">
                        <n gen="m" lem="mínimo" num="s" pos="ncms000" postype="common" sense="16:09911225" wd="mínimo"/>
                        <s.a gen="m" num="s">
                          <grup.a gen="m" num="s">
                            <a gen="m" lem="histórico" num="s" pos="aq0ms0" postype="qualificative" wd="histórico"/>
                          </grup.a>
                        </s.a>
                      </grup.nom>
                    </sn>
                    <sadv arg="argM" func="cc" tem="adv">
                      <grup.adv>
                        <r lem="frente" pos="rg" wd="frente"/>
                        <sp coord="yes">
                          <sp>
                            <prep>
                              <s contracted="yes" gen="m" lem="al" num="s" pos="spcms" postype="preposition" wd="al"/>
                            </prep>
                            <sn coreftype="ident" entity="entity2" entityref="nne" homophoricDD="yes">
                              <grup.nom gen="m" num="s">
                                <n gen="m" lem="dólar" num="s" pos="ncms000" postype="common" sense="16:09824246" wd="dólar"/>
                              </grup.nom>
                            </sn>
                          </sp>
                          <conj conjunctiontype="coordinating">
                            <c lem="y" pos="cc" postype="coordinating" wd="y"/>
                          </conj>
                          <sp>
                            <prep>
                              <s contracted="yes" gen="m" lem="al" num="s" pos="spcms" postype="preposition" wd="al"/>
                            </prep>
                            <sn entityref="nne" homophoricDD="yes">
                              <grup.nom gen="m" num="s">
                                <n gen="m" lem="yen" num="s" pos="ncms000" postype="common" sense="16:09867130" wd="yen"/>
                                <s.a gen="m" num="s">
                                  <grup.a gen="m" num="s">
                                    <a gen="m" lem="japonés" num="s" pos="aq0ms0" postype="qualificative" wd="japonés"/>
                                  </grup.a>
                                </s.a>
                              </grup.nom>
                            </sn>
                          </sp>
                        </sp>
                      </grup.adv>
                    </sadv>
                  </S>
                </grup.nom>
              </sn>
            </S>
          </grup.nom>
        </sn>
      </sp>
    </S>
    <f lem="." pos="fp" punct="period" wd="."/>
  </sentence>
  <sentence coord="yes">
    <S>
      <sn arg="arg1" coreftype="ident" entity="entity1" entityref="nne" func="suj" homophoricDD="yes" tem="tem">
        <spec gen="f" num="s">
          <d gen="f" lem="el" num="s" pos="da0fs0" postype="article" wd="La"/>
        </spec>
        <grup.nom gen="f" num="s">
          <n gen="f" lem="corona" num="s" pos="ncfs000" postype="common" sense="16:cs1" wd="corona"/>
          <s.a gen="f" num="s">
            <grup.a gen="f" num="s">
              <a gen="f" lem="checo" num="s" pos="aq0fs0" postype="qualificative" wd="checa"/>
            </grup.a>
          </s.a>
        </grup.nom>
      </sn>
      <grup.verb>
        <v lem="estar" lss="C21.state-attributive" mood="indicative" num="s" person="3" pos="vmip3s0" postype="main" tense="present" wd="está"/>
      </grup.verb>
      <S arg="arg2" clausetype="participle" func="atr" impersonal="yes" tem="atr">
        <sadv arg="argM" func="cc" tem="mnr">
          <grup.adv>
            <r lem="fuertemente" pos="rg" wd="fuertemente"/>
          </grup.adv>
        </sadv>
        <participi>
          <a gen="f" lem="vinculado" lss="B22.unaccusative-passive-transitive" num="s" pos="aq0fsp" posfunction="participle" postype="qualificative" wd="vinculada"/>
        </participi>
        <sp arg="arg2" func="creg" tem="tem">
          <prep>
            <s contracted="yes" gen="m" lem="al" num="s" pos="spcms" postype="preposition" wd="al"/>
          </prep>
          <sn coreftype="ident" entity="entity7" entityref="nne" homophoricDD="yes">
            <grup.nom gen="m" num="s">
              <n gen="m" lem="euro" num="s" pos="ncms000" postype="common" sense="16:50000420" wd="euro"/>
            </grup.nom>
          </sn>
        </sp>
      </S>
    </S>
    <conj conjunctiontype="coordinating">
      <c lem="y" pos="cc" postype="coordinating" wd="y"/>
    </conj>
    <S>
      <sp arg="argM" func="cc" tem="tmp">
        <prep>
          <s lem="durante" pos="sps00" postype="preposition" wd="durante"/>
        </prep>
        <sn entityref="nne">
          <spec gen="m" num="s">
            <d gen="m" lem="el" num="s" pos="da0ms0" postype="article" wd="el"/>
          </spec>
          <grup.nom gen="m" num="s">
            <n gen="m" lem="día" num="s" pos="ncms000" postype="common" sense="16:10878116" wd="día"/>
            <sp>
              <prep>
                <s lem="de" pos="sps00" postype="preposition" wd="de"/>
              </prep>
              <sadv>
                <grup.adv>
                  <r lem="ayer" pos="rg" wd="ayer"/>
                </grup.adv>
              </sadv>
            </sp>
          </grup.nom>
        </sn>
      </sp>
      <sadv arg="argM" func="cc" tem="adv">
        <grup.adv>
          <r lem="prácticamente" pos="rg" wd="prácticamente"/>
        </grup.adv>
      </sadv>
      <sn arg="arg0" coreftype="ident" elliptic="yes" entity="entity1" entityref="nne" func="suj" tem="agt"/>
      <grup.verb>
        <v lem="copiar" lss="A21.transitive-agentive-patient" mood="indicative" num="s" person="3" pos="vmis3s0" postype="main" tense="past" wd="copió"/>
      </grup.verb>
      <sn arg="arg1" entityref="nne" func="cd" homophoricDD="yes" tem="pat">
        <spec gen="m" num="s">
          <d gen="m" lem="el" num="s" pos="da0ms0" postype="article" wd="el"/>
        </spec>
        <grup.nom gen="m" num="s">
          <n gen="m" lem="movimiento" lexicalid="noun.movimiento.3.default" num="s" origin="deverbal" pos="ncms000" postype="common" sense="16:00213518" wd="movimiento"/>
          <sp arg="arg1" func="cn" tem="tem">
            <prep>
              <s lem="de" pos="sps00" postype="preposition" wd="de"/>
            </prep>
            <sn coreftype="ident" entity="entity7" entityref="nne" homophoricDD="yes">
              <spec gen="f" num="s">
                <d gen="f" lem="el" num="s" pos="da0fs0" postype="article" wd="la"/>
              </spec>
              <grup.nom gen="f" num="s">
                <n gen="f" lem="moneda" num="s" pos="ncfs000" postype="common" sense="16:09639977" wd="moneda"/>
                <s.a gen="f" num="s">
                  <grup.a gen="f" num="s">
                    <a gen="f" lem="único" num="s" pos="aq0fs0" postype="qualificative" wd="única"/>
                  </grup.a>
                </s.a>
                <s.a gen="f" num="s">
                  <grup.a gen="f" num="s">
                    <a gen="f" lem="europeo" num="s" pos="aq0fs0" postype="qualificative" wd="europea"/>
                  </grup.a>
                </s.a>
                <S clausetype="relative">
                  <f lem="," pos="fc" punct="comma" wd=","/>
                  <relatiu arg="arg1" coreftype="ident" entity="entity7" entityref="nne" func="suj" tem="tem">
                    <p gen="c" lem="que" num="c" pos="pr0cn000" postype="relative" wd="que"/>
                  </relatiu>
                  <morfema.pronominal>
                    <p gen="c" lem="él" num="c" person="3" pos="p0300000" wd="se"/>
                  </morfema.pronominal>
                  <grup.verb>
                    <v lem="ver" lss="C21.state-attributive" mood="indicative" num="s" person="3" pos="vmip3s0" postype="main" tense="present" wd="ve"/>
                  </grup.verb>
                  <S arg="arg2" clausetype="participle" func="cpred" impersonal="yes" predicate="suj" tem="atr">
                    <participi>
                      <a gen="f" lem="debilitado" lss="B22.unaccusative-passive-transitive" num="s" pos="aq0fsp" posfunction="participle" postype="qualificative" wd="debilitada"/>
                    </participi>
                    <sp arg="arg0" func="cag" tem="agt">
                      <prep>
                        <s lem="por" pos="sps00" postype="preposition" wd="por"/>
                      </prep>
                      <sn entityref="nne" homophoricDD="yes">
                        <spec gen="m" num="s">
                          <d gen="m" lem="el" num="s" pos="da0ms0" postype="article" wd="el"/>
                        </spec>
                        <grup.nom gen="m" num="s">
                          <n gen="m" lem="flujo" lexicalid="noun.flujo.2.default" num="s" origin="deverbal" pos="ncms000" postype="common" sense="16:00212248" wd="flujo"/>
                          <sp arg="arg1" func="cn" tem="tem">
                            <prep>
                              <s lem="de" pos="sps00" postype="preposition" wd="de"/>
                            </prep>
                            <sn>
                              <grup.nom gen="m" num="s">
                                <n gen="m" lem="capital" num="s" pos="ncms000" postype="common" sense="16:09614621" wd="capital"/>
                              </grup.nom>
                            </sn>
                          </sp>
                          <sp arg="argM" func="cn" tem="loc">
                            <prep>
                              <s lem="a" pos="sps00" postype="preposition" wd="a"/>
                            </prep>
                            <sn entityref="nne" homophoricDD="yes">
                              <spec gen="f" num="s">
                                <d gen="f" lem="el" num="s" pos="da0fs0" postype="article" wd="la"/>
                              </spec>
                              <grup.nom gen="f" num="s">
                                <n gen="f" lem="economía" num="s" pos="ncfs000" postype="common" sense="16:06193947" wd="economía"/>
                                <s.a gen="f" num="s">
                                  <grup.a gen="f" num="s">
                                    <a gen="f" lem="japonés" num="s" pos="aq0fs0" postype="qualificative" wd="japonesa"/>
                                  </grup.a>
                                </s.a>
                              </grup.nom>
                            </sn>
                          </sp>
                        </grup.nom>
                      </sn>
                    </sp>
                  </S>
                  <S arg="argM" clausetype="adverbial" func="cc" impersonal="yes" tem="adv">
                    <gerundi>
                      <v lem="dejar" lss="A21.transitive-agentive-patient" mood="gerund" pos="vmg0000" postype="main" wd="dejando"/>
                    </gerundi>
                    <sadv arg="argL" func="cc">
                      <grup.adv>
                        <r lem="de_lado" pos="rg" wd="de_lado"/>
                      </grup.adv>
                    </sadv>
                    <sn arg="arg1" entityref="nne" func="cd" homophoricDD="yes" tem="pat">
                      <spec gen="m" num="s">
                        <d gen="m" lem="el" num="s" pos="da0ms0" postype="article" wd="el"/>
                      </spec>
                      <grup.nom gen="m" num="s">
                        <n gen="m" lem="mercado" num="s" pos="ncms000" postype="common" sense="16:00711063" wd="mercado"/>
                        <s.a gen="m" num="s">
                          <grup.a gen="m" num="s">
                            <a gen="m" lem="europeo" num="s" pos="aq0ms0" postype="qualificative" wd="europeo"/>
                          </grup.a>
                        </s.a>
                      </grup.nom>
                    </sn>
                  </S>
                </S>
              </grup.nom>
            </sn>
          </sp>
        </grup.nom>
      </sn>
    </S>
    <f lem="." pos="fp" punct="period" wd="."/>
  </sentence>
  <sentence entity="entity8">
    <sadv arg="argM" func="cc" tem="mnr">
      <grup.adv>
        <r lem="curiosamente" pos="rg" wd="Curiosamente"/>
      </grup.adv>
      <f lem="," pos="fc" punct="comma" wd=","/>
    </sadv>
    <sn arg="arg1" coreftype="ident" entity="entity1" entityref="nne" func="suj" homophoricDD="yes" tem="tem">
      <spec gen="f" num="s">
        <d gen="f" lem="el" num="s" pos="da0fs0" postype="article" wd="la"/>
      </spec>
      <grup.nom gen="f" num="s">
        <n gen="f" lem="corona" num="s" pos="ncfs000" postype="common" sense="16:cs1" wd="corona"/>
      </grup.nom>
    </sn>
    <morfema.pronominal>
      <p gen="c" lem="él" num="c" person="3" pos="p0300000" wd="se"/>
    </morfema.pronominal>
    <grup.verb>
      <v lem="mostrar" lss="C21.state-attributive" mood="indicative" num="s" person="3" pos="vmip3s0" postype="main" tense="present" wd="muestra"/>
    </grup.verb>
    <sa arg="arg2" func="cpred" predicate="suj" tem="atr">
      <grup.a>
        <a gen="c" lem="firme" num="s" pos="aq0cs0" postype="qualificative" wd="firme"/>
      </grup.a>
    </sa>
    <sadv arg="argM" func="cc" tem="adv">
      <grup.adv>
        <r lem="frente" pos="rg" wd="frente"/>
        <sp>
          <prep>
            <s contracted="yes" gen="m" lem="al" num="s" pos="spcms" postype="preposition" wd="al"/>
          </prep>
          <sn coreftype="ident" entity="entity7" entityref="nne" homophoricDD="yes">
            <grup.nom gen="m" num="s">
              <n gen="m" lem="euro" num="s" pos="ncms000" postype="common" sense="16:50000420" wd="euro"/>
            </grup.nom>
          </sn>
        </sp>
      </grup.adv>
    </sadv>
    <sn corefsubtype="token" coreftype="dx" entity="entity8" entityref="nne" func="ao">
      <f lem="," pos="fc" punct="comma" wd=","/>
      <spec gen="m" num="s">
        <d gen="c" lem="el" num="s" pos="da0ns0" postype="article" wd="lo"/>
      </spec>
      <grup.nom gen="m" num="s">
        <S clausetype="relative">
          <relatiu arg="arg0" func="suj" tem="agt">
            <p gen="c" lem="que" num="c" pos="pr0cn000" postype="relative" wd="que"/>
          </relatiu>
          <grup.verb>
            <v lem="producir" lss="A21.transitive-agentive-patient" mood="indicative" num="s" person="3" pos="vmip3s0" postype="main" tense="present" wd="produce"/>
          </grup.verb>
          <sn arg="arg1" entityref="nne" func="cd" tem="pat">
            <spec gen="m" num="s">
              <d gen="m" lem="uno" num="s" pos="di0ms0" postype="indefinite" wd="un"/>
            </spec>
            <grup.nom gen="m" num="s">
              <s.a gen="m" num="s">
                <grup.a gen="m" num="s">
                  <a gen="m" lem="cierto" num="s" pos="aq0ms0" postype="qualificative" wd="cierto"/>
                </grup.a>
              </s.a>
              <n gen="m" lem="nerviosismo" num="s" pos="ncms000" postype="common" sense="16:05590744" wd="nerviosismo"/>
            </grup.nom>
          </sn>
          <sp arg="argM" func="cc" tem="loc">
            <prep>
              <s lem="en" pos="sps00" postype="preposition" wd="en"/>
            </prep>
            <sn entityref="nne">
              <grup.nom gen="m" num="p">
                <n gen="m" lem="medio" num="p" pos="ncmp000" postype="common" sense="16:10040804" wd="medios"/>
                <s.a gen="m" num="p">
                  <grup.a gen="m" num="p">
                    <a gen="m" lem="bancario" num="p" pos="aq0mp0" postype="qualificative" wd="bancarios"/>
                  </grup.a>
                </s.a>
              </grup.nom>
            </sn>
          </sp>
          <sp arg="argM" func="cc" tem="adv">
            <prep>
              <s lem="ante" pos="sps00" postype="preposition" wd="ante"/>
            </prep>
            <sn entityref="nne" homophoricDD="yes">
              <spec gen="m" num="s">
                <d gen="m" lem="el" num="s" pos="da0ms0" postype="article" wd="el"/>
              </spec>
              <grup.nom gen="m" num="s">
                <n gen="m" lem="temor" num="s" pos="ncms000" postype="common" sense="16:05591792" wd="temor"/>
                <sp>
                  <prep>
                    <s lem="a" pos="sps00" postype="preposition" wd="a"/>
                  </prep>
                  <S clausetype="completive" entity="entity10">
                    <conj conjunctiontype="subordinating">
                      <c lem="que" pos="cs" postype="subordinating" wd="que"/>
                    </conj>
                    <sn arg="arg0" entity="entity9" entityref="ne" func="suj" ne="organization" tem="agt">
                      <spec gen="m" num="s">
                        <d gen="m" lem="el" num="s" pos="da0ms0" postype="article" wd="el"/>
                      </spec>
                      <grup.nom gen="m" num="s">
                        <n gen="m" lem="banco" num="s" pos="ncms000" postype="common" sense="16:06227059" wd="banco"/>
                        <s.a gen="m" num="s">
                          <grup.a gen="m" num="s">
                            <a gen="c" lem="central" num="s" pos="aq0cs0" postype="qualificative" wd="central"/>
                          </grup.a>
                        </s.a>
                        <sn corefsubtype="definit" coreftype="pred" entity="entity9" entityref="ne" ne="organization">
                          <grup.nom gen="m" num="s">
                            <f lem="(" pos="fpa" punct="bracket" punctenclose="open" wd="("/>
                            <n lem="CNB" ne="organization" pos="np0000o" postype="proper" sense="16:cs1" wd="CNB"/>
                            <f lem=")" pos="fpt" punct="bracket" punctenclose="close" wd=")"/>
                          </grup.nom>
                        </sn>
                      </grup.nom>
                    </sn>
                    <grup.verb>
                      <v lem="intervenir" lss="A21.transitive-agentive-patient" mood="subjunctive" num="s" person="3" pos="vmsp3s0" postype="main" tense="present" wd="intervenga"/>
                    </grup.verb>
                    <sp arg="arg1" func="creg" tem="loc">
                      <prep>
                        <s lem="contra" pos="sps00" postype="preposition" wd="contra"/>
                      </prep>
                      <sn coreftype="ident" entity="entity7" entityref="nne" homophoricDD="yes">
                        <spec gen="f" num="s">
                          <d gen="f" lem="el" num="s" pos="da0fs0" postype="article" wd="la"/>
                        </spec>
                        <grup.nom gen="f" num="s">
                          <n gen="f" lem="moneda" num="s" pos="ncfs000" postype="common" sense="16:09639977" wd="moneda"/>
                          <s.a gen="f" num="s">
                            <grup.a gen="f" num="s">
                              <a gen="f" lem="comunitario" num="s" pos="aq0fs0" postype="qualificative" wd="comunitaria"/>
                            </grup.a>
                          </s.a>
                        </grup.nom>
                      </sn>
                    </sp>
                    <sp arg="argM" func="cc" tem="fin">
                      <prep>
                        <s lem="para" pos="sps00" postype="preposition" wd="para"/>
                      </prep>
                      <S clausetype="completive" impersonal="yes">
                        <infinitiu>
                          <v lem="debilitar" lss="A11.transitive-causative" mood="infinitive" pos="vmn0000" postype="main" wd="debilitar"/>
                        </infinitiu>
                        <sp arg="arg1" func="cd" tem="tem">
                          <prep>
                            <s lem="a" pos="sps00" postype="preposition" wd="a"/>
                          </prep>
                          <sn coreftype="ident" entity="entity1" entityref="nne" homophoricDD="yes">
                            <spec gen="f" num="s">
                              <d gen="f" lem="el" num="s" pos="da0fs0" postype="article" wd="la"/>
                            </spec>
                            <grup.nom gen="f" num="s">
                              <n gen="f" lem="corona" num="s" pos="ncfs000" postype="common" sense="16:cs1" wd="corona"/>
                            </grup.nom>
                          </sn>
                        </sp>
                      </S>
                    </sp>
                    <sn corefsubtype="token" coreftype="dx" entity="entity10" entityref="nne" func="ao">
                      <f lem="," pos="fc" punct="comma" wd=","/>
                      <spec gen="m" num="s">
                        <d gen="c" lem="el" num="s" pos="da0ns0" postype="article" wd="lo"/>
                      </spec>
                      <grup.nom gen="m" num="s">
                        <S clausetype="relative">
                          <relatiu arg="arg0" func="suj" tem="cau">
                            <p gen="c" lem="que" num="c" pos="pr0cn000" postype="relative" wd="que"/>
                          </relatiu>
                          <grup.verb>
                            <v lem="hacer" mood="indicative" num="s" person="3" pos="vmic3s0" postype="main" tense="conditional" wd="haría"/>
                            <infinitiu>
                              <v lem="bajar" lss="A11.transitive-causative" mood="infinitive" pos="vmn0000" postype="main" wd="bajar"/>
                            </infinitiu>
                          </grup.verb>
                          <sadv func="mod">
                            <grup.adv>
                              <r lem="también" pos="rg" wd="también"/>
                            </grup.adv>
                          </sadv>
                          <sn arg="arg1" entity="entity12" entityref="nne" func="cd" homophoricDD="yes" tem="tem">
                            <spec gen="m" num="s">
                              <d gen="m" lem="el" num="s" pos="da0ms0" postype="article" wd="el"/>
                            </spec>
                            <grup.nom gen="m" num="s">
                              <n gen="m" lem="precio" num="s" pos="ncms000" postype="common" sense="16:09576753" wd="precio"/>
                              <sp>
                                <prep>
                                  <s contracted="yes" gen="m" lem="del" num="s" pos="spcms" postype="preposition" wd="del"/>
                                </prep>
                                <sn coreftype="ident" entity="entity2" entityref="nne" homophoricDD="yes">
                                  <grup.nom gen="m" num="s">
                                    <n gen="m" lem="dólar" num="s" pos="ncms000" postype="common" sense="16:09824246" wd="dólar"/>
                                  </grup.nom>
                                </sn>
                              </sp>
                            </grup.nom>
                          </sn>
                        </S>
                      </grup.nom>
                    </sn>
                  </S>
                </sp>
              </grup.nom>
            </sn>
          </sp>
        </S>
      </grup.nom>
    </sn>
    <f lem="." pos="fp" punct="period" wd="."/>
  </sentence>
  <sentence>
    <S arg="arg1" clausetype="completive" func="cd" tem="pat">
      <f lem="&quot;" pos="fe" punct="quotation" wd="&quot;"/>
      <sn arg="arg0" coreftype="ident" entity="entity11" entityref="nne" func="suj" homophoricDD="yes" tem="cau">
        <spec gen="f" num="s">
          <d gen="f" lem="el" num="s" pos="da0fs0" postype="article" wd="La"/>
        </spec>
        <grup.nom gen="f" num="s">
          <n gen="f" lem="caída" lexicalid="noun.caída.3.default" num="s" origin="deverbal" pos="ncfs000" postype="common" sense="16:03985255" wd="caída"/>
          <sp arg="arg1" func="cn" tem="tem">
            <prep>
              <s lem="de" pos="sps00" postype="preposition" wd="de"/>
            </prep>
            <sn coreftype="ident" entity="entity1" entityref="nne" homophoricDD="yes">
              <spec gen="f" num="s">
                <d gen="f" lem="el" num="s" pos="da0fs0" postype="article" wd="la"/>
              </spec>
              <grup.nom gen="f" num="s">
                <n gen="f" lem="corona" num="s" pos="ncfs000" postype="common" sense="16:cs1" wd="corona"/>
              </grup.nom>
            </sn>
          </sp>
          <sadv arg="argM" func="cn" tem="adv">
            <grup.adv>
              <r lem="frente" pos="rg" wd="frente"/>
              <sp>
                <prep>
                  <s contracted="yes" gen="m" lem="al" num="s" pos="spcms" postype="preposition" wd="al"/>
                </prep>
                <sn coreftype="ident" entity="entity12" entityref="nne" homophoricDD="yes">
                  <grup.nom gen="m" num="s">
                    <n gen="m" lem="dólar" num="s" pos="ncms000" postype="common" sense="16:09824246" wd="dólar"/>
                  </grup.nom>
                </sn>
              </sp>
            </grup.adv>
          </sadv>
        </grup.nom>
      </sn>
      <neg func="mod">
        <r lem="no" pos="rn" postype="negative" wd="no"/>
      </neg>
      <grup.verb>
        <v lem="preocupar" lss="A11.transitive-causative" mood="indicative" num="s" person="3" pos="vmip3s0" postype="main" tense="present" wd="preocupa"/>
      </grup.verb>
      <sadv arg="argM" func="cc" tem="adv">
        <grup.adv>
          <r lem="demasiado" pos="rg" wd="demasiado"/>
        </grup.adv>
      </sadv>
      <S arg="argM" clausetype="adverbial" coord="yes" func="cc" tem="cau">
        <f lem="," pos="fc" punct="comma" wd=","/>
        <conj conjunctiontype="subordinating">
          <c lem="ya_que" pos="cs" postype="subordinating" wd="ya_que"/>
        </conj>
        <S clausetype="adverbial">
          <sn arg="arg1" entityref="nne" func="suj" homophoricDD="yes" tem="pat">
            <spec gen="f" num="p">
              <d gen="f" lem="el" num="p" pos="da0fp0" postype="article" wd="las"/>
              <d gen="c" lem="dos" num="p" pos="dn0cp0" postype="numeral" wd="dos"/>
            </spec>
            <grup.nom gen="f" num="p">
              <s.a gen="f" num="p">
                <grup.a gen="f" num="p">
                  <a gen="f" lem="tercero" num="p" pos="ao0fp0" postype="ordinal" wd="terceras"/>
                </grup.a>
              </s.a>
              <n gen="f" lem="parte" num="p" pos="ncfp000" postype="common" sense="16:03296757" wd="partes"/>
              <sp>
                <prep>
                  <s contracted="yes" gen="m" lem="del" num="s" pos="spcms" postype="preposition" wd="del"/>
                </prep>
                <sn entityref="nne" homophoricDD="yes">
                  <grup.nom gen="m" num="s">
                    <n gen="m" lem="comercio" lexicalid="noun.comercio.1.default" num="s" origin="deverbal" pos="ncms000" postype="common" sense="16:00047814" wd="comercio"/>
                    <s.a func="cn" gen="m" num="s">
                      <grup.a gen="m" num="s">
                        <a gen="c" lem="exterior" num="s" pos="aq0cs0" postype="qualificative" wd="exterior"/>
                      </grup.a>
                    </s.a>
                    <s.a arg="arg0" func="cn" gen="m" num="s" tem="agt">
                      <grup.a gen="m" num="s">
                        <a gen="m" lem="checo" num="s" pos="aq0ms0" postype="qualificative" wd="checo"/>
                      </grup.a>
                    </s.a>
                  </grup.nom>
                </sn>
              </sp>
            </grup.nom>
          </sn>
          <morfema.verbal func="pass">
            <p gen="c" lem="se" num="c" pos="p0000000" wd="se"/>
          </morfema.verbal>
          <grup.verb>
            <v lem="realizar" lss="B22.unaccusative-passive-transitive" mood="indicative" num="p" person="3" pos="vmip3p0" postype="main" tense="present" wd="realizan"/>
          </grup.verb>
          <sp arg="argM" func="cc" tem="adv">
            <prep>
              <s lem="en" pos="sps00" postype="preposition" wd="en"/>
            </prep>
            <sn>
              <grup.nom gen="m" num="p">
                <n gen="m" lem="euro" num="p" pos="ncmp000" postype="common" sense="16:50000420" wd="euros"/>
              </grup.nom>
            </sn>
          </sp>
        </S>
        <conj conjunctiontype="coordinating">
          <c lem="y" pos="cc" postype="coordinating" wd="y"/>
        </conj>
        <S clausetype="adverbial">
          <sn arg="arg1" entityref="nne" func="suj" homophoricDD="yes" tem="tem">
            <spec gen="f" num="s">
              <d gen="f" lem="el" num="s" pos="da0fs0" postype="article" wd="la"/>
            </spec>
            <grup.nom gen="f" num="s">
              <n gen="f" lem="cotización" lexicalid="noun.cotización.1.default" num="s" origin="deverbal" pos="ncfs000" postype="common" sense="16:09602953" wd="cotización"/>
              <sp arg="arg1" func="cn" tem="tem">
                <prep>
                  <s lem="de" pos="sps00" postype="preposition" wd="de"/>
                </prep>
                <sn coreftype="ident" entity="entity1" entityref="nne" homophoricDD="yes">
                  <spec gen="f" num="s">
                    <d gen="f" lem="el" num="s" pos="da0fs0" postype="article" wd="la"/>
                  </spec>
                  <grup.nom gen="f" num="s">
                    <n gen="f" lem="corona" num="s" pos="ncfs000" postype="common" sense="16:cs1" wd="corona"/>
                  </grup.nom>
                </sn>
              </sp>
              <sadv arg="argM" func="cn" tem="adv">
                <grup.adv>
                  <r lem="frente" pos="rg" wd="frente"/>
                  <sp>
                    <prep>
                      <s lem="a" pos="sps00" postype="preposition" wd="a"/>
                    </prep>
                    <sn coreftype="ident" entity="entity7" entityref="nne" homophoricDD="yes">
                      <spec gen="f" num="s">
                        <d gen="f" lem="el" num="s" pos="da0fs0" postype="article" wd="la"/>
                      </spec>
                      <grup.nom gen="f" num="s">
                        <n gen="f" lem="moneda" num="s" pos="ncfs000" postype="common" sense="16:09639977" wd="moneda"/>
                        <s.a gen="f" num="s">
                          <grup.a gen="f" num="s">
                            <a gen="f" lem="europeo" num="s" pos="aq0fs0" postype="qualificative" wd="europea"/>
                          </grup.a>
                        </s.a>
                      </grup.nom>
                    </sn>
                  </sp>
                </grup.adv>
              </sadv>
            </grup.nom>
          </sn>
          <grup.verb>
            <v lem="ser" lss="C21.state-attributive" mood="indicative" num="s" person="3" pos="vsip3s0" postype="semiauxiliary" tense="present" wd="es"/>
          </grup.verb>
          <sa arg="arg2" func="atr" tem="atr">
            <grup.a>
              <a gen="c" lem="estable" num="s" pos="aq0cs0" postype="qualificative" wd="estable"/>
            </grup.a>
          </sa>
        </S>
      </S>
      <f lem="&quot;" pos="fe" punct="quotation" wd="&quot;"/>
      <f lem="," pos="fc" punct="comma" wd=","/>
    </S>
    <grup.verb>
      <v lem="advertir" lss="A21.transitive-agentive-patient" mood="indicative" num="s" person="3" pos="vmip3s0" postype="main" tense="present" wd="advierte"/>
    </grup.verb>
    <sn arg="arg0" entity="entity14" entityref="ne" func="suj" ne="person" tem="agt">
      <grup.nom gen="m" num="s">
        <n lem="Ludek_Niedermayer" ne="person" pos="np0000p" postype="proper" sense="16:cs1" wd="Ludek_Niedermayer"/>
        <sp>
          <f lem="," pos="fc" punct="comma" wd=","/>
          <prep>
            <s lem="de" pos="sps00" postype="preposition" wd="de"/>
          </prep>
          <sn entityref="ne" ne="organization">
            <grup.nom gen="m" num="s">
              <n gen="m" lem="consejo" num="s" pos="ncms000" postype="common" sense="16:06171035" wd="consejo"/>
              <s.a gen="m" num="s">
                <grup.a gen="m" num="s">
                  <a gen="m" lem="bancario" num="s" pos="aq0ms0" postype="qualificative" wd="bancario"/>
                </grup.a>
              </s.a>
              <sp>
                <prep>
                  <s contracted="yes" gen="m" lem="del" num="s" pos="spcms" postype="preposition" wd="del"/>
                </prep>
                <sn entityref="ne" ne="organization">
                  <grup.nom gen="m" num="s">
                    <n lem="CNB" ne="organization" pos="np0000o" postype="proper" sense="16:cs1" wd="CNB"/>
                  </grup.nom>
                </sn>
              </sp>
            </grup.nom>
          </sn>
        </sp>
      </grup.nom>
    </sn>
    <f lem="." pos="fp" punct="period" wd="."/>
  </sentence>
  <sentence>
    <S arg="arg1" clausetype="completive" func="cd" tem="pat">
      <sn arg="arg1" entityref="nne" func="suj" homophoricDD="yes" tem="tem">
        <spec gen="f" num="s">
          <d gen="f" lem="el" num="s" pos="da0fs0" postype="article" wd="La"/>
        </spec>
        <grup.nom gen="f" num="s">
          <n gen="f" lem="relación" lexicalid="noun.relación.2.passive" num="s" origin="deverbal" pos="ncfs000" postype="common" sense="16:00018916" wd="relación"/>
          <sp arg="arg1" func="cn" tem="pat">
            <prep>
              <s lem="de" pos="sps00" postype="preposition" wd="de"/>
            </prep>
            <sn coreftype="ident" entity="entity1" entityref="nne" homophoricDD="yes">
              <spec gen="f" num="s">
                <d gen="f" lem="el" num="s" pos="da0fs0" postype="article" wd="la"/>
              </spec>
              <grup.nom gen="f" num="s">
                <n gen="f" lem="corona" num="s" pos="ncfs000" postype="common" sense="16:cs1" wd="corona"/>
              </grup.nom>
            </sn>
          </sp>
          <sp arg="arg2" func="cn" tem="tem">
            <prep>
              <s lem="con" pos="sps00" postype="preposition" wd="con"/>
            </prep>
            <sn coreftype="ident" entity="entity12" entityref="nne" homophoricDD="yes">
              <spec gen="m" num="s">
                <d gen="m" lem="el" num="s" pos="da0ms0" postype="article" wd="el"/>
              </spec>
              <grup.nom gen="m" num="s">
                <n gen="m" lem="dólar" num="s" pos="ncms000" postype="common" sense="16:09824246" wd="dólar"/>
              </grup.nom>
            </sn>
          </sp>
        </grup.nom>
      </sn>
      <grup.verb>
        <v lem="tener" lss="C21.state-attributive" mood="indicative" num="s" person="3" pos="vmip3s0" postype="main" tense="present" wd="tiene"/>
      </grup.verb>
      <sn arg="arg2" func="cd" functype="quantitative" tem="atr">
        <grup.nom gen="f" num="s">
          <n gen="f" lem="importancia" lexicalid="noun.importancia.1.default" num="s" origin="deverbal" pos="ncfs000" postype="common" sense="16:04025511" wd="importancia"/>
          <sp func="cn">
            <prep>
              <s lem="en" pos="sps00" postype="preposition" wd="en"/>
            </prep>
            <sn entityref="nne" homophoricDD="yes">
              <spec gen="f" num="s">
                <d gen="f" lem="el" num="s" pos="da0fs0" postype="article" wd="la"/>
              </spec>
              <grup.nom gen="f" num="s">
                <n gen="f" lem="compra" lexicalid="noun.compra.1.default" num="s" origin="deverbal" pos="ncfs000" postype="common" sense="16:00049855" wd="compra"/>
                <sp arg="arg1" func="cn" tem="pat">
                  <prep>
                    <s lem="de" pos="sps00" postype="preposition" wd="de"/>
                  </prep>
                  <sn entity="entity13" entityref="nne">
                    <grup.nom gen="m" num="s">
                      <n gen="m" lem="petróleo" num="s" pos="ncms000" postype="common" sense="16:10749997" wd="petróleo"/>
                    </grup.nom>
                  </sn>
                </sp>
              </grup.nom>
            </sn>
          </sp>
        </grup.nom>
      </sn>
      <S arg="argM" clausetype="adverbial" func="cc" tem="cau">
        <f lem="," pos="fc" punct="comma" wd=","/>
        <conj conjunctiontype="subordinating">
          <c lem="ya_que" pos="cs" postype="subordinating" wd="ya_que"/>
        </conj>
        <sn arg="arg1" entityref="nne" func="suj" homophoricDD="yes" tem="pat">
          <spec gen="m" num="p">
            <d gen="m" lem="el" num="p" pos="da0mp0" postype="article" wd="los"/>
          </spec>
          <grup.nom gen="m" num="p">
            <n gen="m" lem="pago" lexicalid="noun.pago.1.default" num="p" origin="deverbal" pos="ncmp000" postype="common" sense="16:00725730" wd="pagos"/>
          </grup.nom>
        </sn>
        <morfema.verbal func="pass">
          <p gen="c" lem="se" num="c" pos="p0000000" wd="se"/>
        </morfema.verbal>
        <grup.verb>
          <v lem="hacer" lss="B22.unaccusative-passive-transitive" mood="indicative" num="p" person="3" pos="vmip3p0" postype="main" tense="present" wd="hacen"/>
        </grup.verb>
        <sp arg="argM" func="cc" tem="adv">
          <prep>
            <s lem="en" pos="sps00" postype="preposition" wd="en"/>
          </prep>
          <sn>
            <grup.nom gen="m" num="p">
              <n gen="m" lem="dólar" num="p" pos="ncmp000" postype="common" sense="16:09824246" wd="dólares"/>
            </grup.nom>
          </sn>
        </sp>
      </S>
      <S clausesubtype="concessive" clausetype="adverbial" func="ao">
        <f lem="," pos="fc" punct="comma" wd=","/>
        <conj conjunctiontype="subordinating">
          <c lem="aunque" pos="cs" postype="subordinating" wd="aunque"/>
        </conj>
        <sn arg="arg1" entityref="nne" func="suj" homophoricDD="yes" tem="tem">
          <spec gen="m" num="s">
            <d gen="m" lem="el" num="s" pos="da0ms0" postype="article" wd="el"/>
          </spec>
          <grup.nom gen="m" num="s">
            <n gen="m" lem="encarecimiento" lexicalid="noun.encarecimiento.3.anticausative" num="s" origin="deverbal" pos="ncms000" postype="common" sense="16:04009070" wd="encarecimiento"/>
            <sp arg="arg1" func="cn" tem="tem">
              <prep>
                <s lem="de" pos="sps00" postype="preposition" wd="de"/>
              </prep>
              <sn coreftype="ident" entity="entity12" entityref="nne" homophoricDD="yes">
                <spec gen="f" num="s">
                  <d gen="f" lem="el" num="s" pos="da0fs0" postype="article" wd="la"/>
                </spec>
                <grup.nom gen="f" num="s">
                  <n gen="f" lem="moneda" num="s" pos="ncfs000" postype="common" sense="16:09639977" wd="moneda"/>
                  <s.a gen="f" num="s">
                    <grup.a gen="f" num="s">
                      <a gen="c" lem="estadounidense" num="s" pos="aq0cs0" postype="qualificative" wd="estadounidense"/>
                    </grup.a>
                  </s.a>
                </grup.nom>
              </sn>
            </sp>
          </grup.nom>
        </sn>
        <morfema.pronominal>
          <p gen="c" lem="él" num="c" person="3" pos="p0300000" wd="se"/>
        </morfema.pronominal>
        <grup.verb>
          <v lem="ver" lss="C21.state-attributive" mood="indicative" num="s" person="3" pos="vmip3s0" postype="main" tense="present" wd="ve"/>
        </grup.verb>
        <S arg="arg2" clausetype="participle" func="cpred" impersonal="yes" predicate="suj" tem="atr">
          <participi>
            <a gen="m" lem="compensado" lss="B22.unaccusative-passive-transitive" num="s" pos="aq0msp" posfunction="participle" postype="qualificative" wd="compensado"/>
          </participi>
          <sp arg="arg0" func="cag" tem="agt">
            <prep>
              <s lem="por" pos="sps00" postype="preposition" wd="por"/>
            </prep>
            <sn entityref="nne" homophoricDD="yes">
              <spec gen="m" num="s">
                <d gen="m" lem="el" num="s" pos="da0ms0" postype="article" wd="el"/>
              </spec>
              <grup.nom gen="m" num="s">
                <s.a gen="m" num="s">
                  <grup.a gen="m" num="s">
                    <a gen="m" lem="bajo" num="s" pos="aq0ms0" postype="qualificative" wd="bajo"/>
                  </grup.a>
                </s.a>
                <n gen="m" lem="precio" num="s" pos="ncms000" postype="common" sense="16:09576753" wd="precio"/>
                <sp>
                  <prep>
                    <s contracted="yes" gen="m" lem="del" num="s" pos="spcms" postype="preposition" wd="del"/>
                  </prep>
                  <sn coreftype="ident" entity="entity13" entityref="nne" homophoricDD="yes">
                    <grup.nom gen="m" num="s">
                      <n gen="m" lem="crudo" num="s" pos="ncms000" postype="common" sense="16:10749997" wd="crudo"/>
                    </grup.nom>
                  </sn>
                </sp>
              </grup.nom>
            </sn>
          </sp>
        </S>
      </S>
      <f lem="," pos="fc" punct="comma" wd=","/>
    </S>
    <grup.verb>
      <v lem="afirmar" lss="A32.ditransitive-patient-benefactive" mood="indicative" num="s" person="3" pos="vmip3s0" postype="main" tense="present" wd="afirma"/>
    </grup.verb>
    <sn arg="arg0" coreftype="ident" entity="entity14" entityref="ne" func="suj" ne="person" tem="agt">
      <grup.nom gen="m" num="s">
        <n lem="Niedermayer" ne="person" pos="np0000p" postype="proper" sense="16:cs1" wd="Niedermayer"/>
      </grup.nom>
    </sn>
    <f lem="." pos="fp" punct="period" wd="."/>
  </sentence>
</article>
