<?xml version="1.0" encoding="UTF-8"?>
<!-- 

  ancora-2.0
       
			Copyright (C) 2007, 2008, 2009, 2010, 2011 UB - CLiC
			Centre de Llenguatge i Computació - Universitat de Barcelona
 
  This file is part of ancora-2.0.
 
  ancora-2.0 is free software and data: you can redistribute it and/or modify
  it under the terms of the GNU General Public License as published
  by the Free Software Foundation, either version 3 of the License,
  or (at your option) any later version.

  ancora-2.0 is distributed in the hope that it will be useful,
  but WITHOUT ANY WARRANTY; without even the implied warranty of
  MERCHANTABILITY or FITNESS FOR A PARTICULAR PURPOSE.  See the
  GNU General Public License for more details.
 
  You should have received a copy of the GNU General Public License
  along with ancora-2.0.  If not, see &lt;http://www.gnu.org/licenses/&gt;.
 
  Check a text in catalan explaining the terms of the license at http://www.softcatala.cat/wiki/GPL3.
  In spanish at http://www.viti.es/gnu/licenses/gpl.html
 

  The following paper must be cited when using this corpus:

 * Taulé, M., M.A. Martí, M. Recasens (2008) 'Ancora: Multilevel Annotated Corpora for Catalan and Spanish',
   Proceedings of 6th International Conference on Language Resources and Evaluation. Marrakesh (Morocco).

  In addition, the following paper must be cited if coreference information (attributes entity, coreftype,
  corefsubtype, homophoricDD or entityref) is used:

 * Recasens, Marta, M. Antònia Martí (2010) ‘AnCora-CO: Coreferentially annotated corpora for Spanish and
   Catalan’. Language Resources and Evaluation, Springer Science.

  Additionally, the following paper must be cited when argumental attributes in "sn" or "grup.nom"
  (attributes func, arg, tem or lexicalid) are used:

 * Peris, Aina, Mariona Taulé, Horacio Rodríguez (2010) ‘Semantic Annotation of Deverbal Nominalizations in the
   Spanish AnCora corpus’. Treebanks and Linguistic Theories (TLT-2010), Estonia.
-->
<article lng="es">
  <sentence>
    <S arg="arg1" clausetype="completive" coord="yes" func="cd" tem="pat">
      <S clausetype="completive">
        <sn arg="arg1" entity="entity4" entityref="ne" func="suj" ne="organization" tem="tem">
          <spec gen="f" num="s">
            <d gen="f" lem="el" num="s" pos="da0fs0" postype="article" wd="La"/>
          </spec>
          <grup.nom gen="f" num="s">
            <n lem="OTAN" ne="organization" pos="np0000o" postype="proper" sense="16:06076869" wd="OTAN"/>
          </grup.nom>
        </sn>
        <grup.verb>
          <v lem="estar" lss="C21.state-attributive" mood="indicative" num="s" person="3" pos="vmip3s0" postype="main" tense="present" wd="está"/>
        </grup.verb>
        <sp arg="arg2" func="atr" tem="atr">
          <prep>
            <s lem="a_favor_de" pos="sps00" postype="preposition" wd="a_favor_de"/>
          </prep>
          <S clausetype="completive" entity="entity3">
            <conj conjunctiontype="subordinating">
              <c lem="que" pos="cs" postype="subordinating" wd="que"/>
            </conj>
            <sn arg="arg0" entity="entity5" entityref="ne" func="suj" ne="organization" tem="agt">
              <grup.nom>
                <n lem="Yugoslavia" ne="organization" pos="np0000o" postype="proper" sense="16:06468727" wd="Yugoslavia"/>
              </grup.nom>
            </sn>
            <morfema.pronominal>
              <p gen="c" lem="él" num="c" person="3" pos="p0300000" wd="se"/>
            </morfema.pronominal>
            <grup.verb>
              <v lem="integrar" lss="A31.ditransitive-patient-locative" mood="subjunctive" num="s" person="3" pos="vmsp3s0" postype="main" tense="present" wd="integre"/>
            </grup.verb>
            <sp arg="arg2" func="cc" tem="loc">
              <prep>
                <s lem="en" pos="sps00" postype="preposition" wd="en"/>
              </prep>
              <sn entity="entity1" entityref="ne" ne="organization">
                <spec gen="f" num="s">
                  <d gen="f" lem="el" num="s" pos="da0fs0" postype="article" wd="la"/>
                </spec>
                <grup.nom gen="f" num="s">
                  <n lem="Asociación_para_la_Paz" ne="organization" pos="np0000o" postype="proper" sense="16:cs1" wd="Asociación_para_la_Paz"/>
                  <sn corefsubtype="definit" coreftype="pred" entity="entity1" entityref="ne" ne="organization">
                    <grup.nom gen="f" num="s">
                      <f lem="(" pos="fpa" punct="bracket" punctenclose="open" wd="("/>
                      <n lem="ASP" ne="organization" pos="np0000o" postype="proper" sense="16:cs1" wd="ASP"/>
                      <f lem=")" pos="fpt" punct="bracket" punctenclose="close" wd=")"/>
                    </grup.nom>
                  </sn>
                </grup.nom>
              </sn>
            </sp>
          </S>
        </sp>
      </S>
      <conj conjunctiontype="coordinating">
        <c lem="pero" pos="cc" postype="coordinating" wd="pero"/>
      </conj>
      <S clausetype="completive" coord="yes">
        <conj conjunctiontype="coordinating">
          <c lem="ni" pos="cc" postype="coordinating" wd="ni"/>
        </conj>
        <S clausetype="completive">
          <sn arg="arg1" coreftype="ident" elliptic="yes" entity="entity2" entityref="nne" func="suj" tem="tem"/>
          <grup.verb>
            <v lem="estar" lss="C21.state-attributive" mood="indicative" num="s" person="3" pos="vmip3s0" postype="main" tense="present" wd="está"/>
          </grup.verb>
          <S arg="arg2" clausetype="participle" func="atr" impersonal="yes" tem="atr">
            <participi>
              <a gen="f" lem="abierto" num="s" pos="aq0fsp" posfunction="participle" postype="qualificative" wd="abierta"/>
            </participi>
          </S>
          <f lem="," pos="fc" punct="comma" wd=","/>
        </S>
        <conj conjunctiontype="coordinating">
          <c lem="ni" pos="cc" postype="coordinating" wd="ni"/>
        </conj>
        <S clausetype="completive" verbless="yes">
          <S clausetype="participle" impersonal="yes">
            <participi>
              <a gen="f" lem="previsto" lss="B22.unaccusative-passive-transitive" num="s" pos="aq0fsp" posfunction="participle" postype="qualificative" wd="prevista"/>
            </participi>
            <sp arg="argM" func="cc" tem="mnr">
              <prep>
                <s lem="de" pos="sps00" postype="preposition" wd="de"/>
              </prep>
              <sn entityref="nne">
                <grup.nom gen="f" num="s">
                  <n gen="f" lem="forma" num="s" pos="ncfs000" postype="common" sense="16:00111872" wd="forma"/>
                  <s.a gen="f" num="s">
                    <grup.a gen="f" num="s">
                      <a gen="f" lem="inmediato" num="s" pos="aq0fs0" postype="qualificative" wd="inmediata"/>
                    </grup.a>
                  </s.a>
                </grup.nom>
              </sn>
            </sp>
          </S>
          <sn entity="entity2">
            <spec gen="f" num="s">
              <d gen="f" lem="ninguno" num="s" pos="di0fs0" postype="indefinite" wd="ninguna"/>
            </spec>
            <grup.nom gen="f" num="s">
              <n gen="f" lem="negociación" lexicalid="noun.negociación.1.default" num="s" origin="deverbal" pos="ncfs000" postype="common" sense="16:05347846" wd="negociación"/>
              <sp arg="argM" func="cn" tem="fin">
                <prep>
                  <s lem="para" pos="sps00" postype="preposition" wd="para"/>
                </prep>
                <sn corefsubtype="token" coreftype="dx" entity="entity3" entityref="nne">
                  <grup.nom gen="m" num="s">
                    <p gen="c" lem="él" num="s" person="3" pos="pp3ns000" postype="personal" wd="ello"/>
                  </grup.nom>
                </sn>
              </sp>
            </grup.nom>
          </sn>
        </S>
      </S>
      <f lem="," pos="fc" punct="comma" wd=","/>
    </S>
    <grup.verb>
      <v lem="señalar" lss="A31.ditransitive-patient-locative" mood="indicative" num="s" person="3" pos="vmis3s0" postype="main" tense="past" wd="señaló"/>
    </grup.verb>
    <sadv arg="argM" func="cc" tem="tmp">
      <grup.adv>
        <r lem="hoy" pos="rg" wd="hoy"/>
        <sn entityref="ne" ne="date">
          <f lem="," pos="fc" punct="comma" wd=","/>
          <grup.nom gen="m" num="s">
            <w lem="[jueves:??/??/??:??.??]" ne="date" wd="jueves"/>
          </grup.nom>
          <f lem="," pos="fc" punct="comma" wd=","/>
        </sn>
      </grup.adv>
    </sadv>
    <sn arg="arg0" entity="entity6" entityref="nne" func="suj" tem="agt">
      <spec gen="m" num="s">
        <d gen="m" lem="uno" num="s" pos="di0ms0" postype="indefinite" wd="un"/>
      </spec>
      <grup.nom gen="m" num="s">
        <n gen="c" lem="responsable" num="s" pos="nccs000" postype="common" sense="16:07311393" wd="responsable"/>
        <S clausetype="participle" impersonal="yes">
          <participi>
            <a gen="m" lem="aliado" num="s" pos="aq0msp" posfunction="participle" postype="qualificative" wd="aliado"/>
          </participi>
        </S>
      </grup.nom>
    </sn>
    <f lem="." pos="fp" punct="period" wd="."/>
  </sentence>
  <sentence>
    <S arg="arg1" clausetype="completive" coord="yes" func="cd" tem="pat">
      <f lem="&quot;" pos="fe" punct="quotation" wd="&quot;"/>
      <S>
        <sadv func="mod">
          <grup.adv>
            <r lem="sí" pos="rg" wd="Sí"/>
          </grup.adv>
          <f lem="," pos="fc" punct="comma" wd=","/>
        </sadv>
        <sn arg="arg0" coreftype="ident" elliptic="yes" entity="entity4" entityref="spec" func="suj" tem="agt"/>
        <grup.verb>
          <v lem="querer" lss="A21.transitive-agentive-patient" mood="indicative" num="p" person="1" pos="vmip1p0" postype="main" tense="present" wd="queremos"/>
        </grup.verb>
        <S arg="arg1" clausetype="completive" func="cd" tem="pat">
          <conj conjunctiontype="subordinating">
            <c lem="que" pos="cs" postype="subordinating" wd="que"/>
          </conj>
          <sn arg="arg1" coreftype="ident" entity="entity5" entityref="ne" func="suj" ne="organization" tem="tem">
            <grup.nom>
              <n lem="Yugoslavia" ne="organization" pos="np0000o" postype="proper" sense="16:06468727" wd="Yugoslavia"/>
            </grup.nom>
          </sn>
          <morfema.pronominal>
            <p gen="c" lem="él" num="c" person="3" pos="p0300000" wd="se"/>
          </morfema.pronominal>
          <grup.verb>
            <v lem="convertir" lss="B21.unaccusative-state" mood="subjunctive" num="s" person="3" pos="vmsp3s0" postype="main" tense="present" wd="convierta"/>
          </grup.verb>
          <sp arg="arg2" func="creg" tem="efi">
            <prep>
              <s lem="en" pos="sps00" postype="preposition" wd="en"/>
            </prep>
            <sn>
              <grup.nom gen="m" num="s">
                <n gen="m" lem="miembro" num="s" pos="ncms000" postype="common" sense="16:07404067" wd="miembro"/>
                <sp>
                  <prep>
                    <s lem="de" pos="sps00" postype="preposition" wd="de"/>
                  </prep>
                  <sn coreftype="ident" entity="entity1" entityref="ne" ne="organization">
                    <spec gen="f" num="s">
                      <d gen="f" lem="el" num="s" pos="da0fs0" postype="article" wd="la"/>
                    </spec>
                    <grup.nom gen="f" num="s">
                      <n lem="Asociación_para_la_Paz" ne="organization" pos="np0000o" postype="proper" sense="16:cs1" wd="Asociación_para_la_Paz"/>
                    </grup.nom>
                  </sn>
                </sp>
              </grup.nom>
            </sn>
          </sp>
        </S>
      </S>
      <conj conjunctiontype="coordinating">
        <f lem="." pos="fp" punct="period" wd="."/>
      </conj>
      <S>
        <conj conjunctiontype="coordinating" func="et">
          <c lem="pero" pos="cc" postype="coordinating" wd="Pero"/>
        </conj>
        <sadv func="mod">
          <f lem="," pos="fc" punct="comma" wd=","/>
          <grup.adv>
            <r lem="de_momento" pos="rg" wd="de_momento"/>
          </grup.adv>
          <f lem="," pos="fc" punct="comma" wd=","/>
        </sadv>
        <neg func="mod">
          <r lem="no" pos="rn" postype="negative" wd="no"/>
        </neg>
        <grup.verb>
          <v lem="haber" lss="C11.state-existential" mood="indicative" num="s" person="3" pos="vaip3s0" postype="auxiliary" tense="present" wd="hay"/>
        </grup.verb>
        <sn arg="arg1" func="cd" functype="quantitative" tem="tem">
          <grup.nom gen="f" num="p">
            <n gen="f" lem="discusión" lexicalid="noun.discusión.4.default" num="p" origin="deverbal" pos="ncfp000" postype="common" sense="16:05342032" wd="discusiones"/>
            <sp arg="arg1" func="cn" tem="tem">
              <prep>
                <s lem="sobre" pos="sps00" postype="preposition" wd="sobre"/>
              </prep>
              <sn coreftype="ident" entity="entity3" entityref="nne">
                <grup.nom gen="m" num="s">
                  <p gen="c" lem="él" num="s" person="3" pos="pp3ns000" postype="personal" wd="ello"/>
                </grup.nom>
              </sn>
            </sp>
          </grup.nom>
        </sn>
      </S>
      <conj conjunctiontype="coordinating">
        <f lem="." pos="fp" punct="period" wd="."/>
      </conj>
      <S>
        <S clausetype="completive">
          <sn arg="arg0" coreftype="ident" elliptic="yes" entity="entity4" entityref="spec" func="suj" tem="agt"/>
          <sn arg="arg1" coreftype="ident" entity="entity3" entityref="nne" func="cd" tem="pat">
            <grup.nom gen="m" num="s">
              <p case="accusative" gen="m" lem="él" num="s" person="3" pos="pp3msa00" postype="personal" wd="Lo"/>
            </grup.nom>
          </sn>
          <grup.verb>
            <v lem="querer" lss="A21.transitive-agentive-patient" mood="indicative" num="p" person="1" pos="vmip1p0" postype="main" tense="present" wd="queremos"/>
          </grup.verb>
          <f lem="," pos="fc" punct="comma" wd=","/>
        </S>
        <conj conjunctiontype="coordinating">
          <c lem="pero" pos="cc" postype="coordinating" wd="pero"/>
        </conj>
        <S clausetype="completive">
          <neg func="mod">
            <r lem="no" pos="rn" postype="negative" wd="no"/>
          </neg>
          <morfema.verbal func="pass">
            <p gen="c" lem="se" num="c" pos="p0000000" wd="se"/>
          </morfema.verbal>
          <grup.verb>
            <v lem="prever" lss="B22.unaccusative-passive-transitive" mood="indicative" num="s" person="3" pos="vmip3s0" postype="main" tense="present" wd="prevé"/>
          </grup.verb>
          <S arg="arg1" clausetype="completive" func="suj" tem="pat">
            <conj conjunctiontype="subordinating">
              <c lem="que" pos="cs" postype="subordinating" wd="que"/>
            </conj>
            <sn arg="arg1" coreftype="ident" elliptic="yes" entity="entity3" entityref="nne" func="suj" tem="tem"/>
            <grup.verb>
              <v lem="suceder" lss="C41.state-benefactive" mood="subjunctive" num="s" person="3" pos="vmsp3s0" postype="main" tense="present" wd="suceda"/>
            </grup.verb>
            <sadv arg="argM" func="cc" tem="tmp">
              <grup.adv>
                <r lem="pronto" pos="rg" wd="pronto"/>
              </grup.adv>
            </sadv>
          </S>
        </S>
      </S>
      <f lem="&quot;" pos="fe" punct="quotation" wd="&quot;"/>
    </S>
    <f lem="," pos="fc" punct="comma" wd=","/>
    <grup.verb>
      <v lem="declarar" lss="A32.ditransitive-patient-benefactive" mood="indicative" num="s" person="3" pos="vmis3s0" postype="main" tense="past" wd="declaró"/>
    </grup.verb>
    <sn arg="arg0" coreftype="ident" entity="entity6" entityref="nne" func="suj" tem="agt">
      <spec gen="f" num="s">
        <d gen="f" lem="el" num="s" pos="da0fs0" postype="article" wd="la"/>
      </spec>
      <grup.nom gen="f" num="s">
        <n gen="f" lem="fuente" num="s" pos="ncfs000" postype="common" sense="16:07338656" wd="fuente"/>
      </grup.nom>
    </sn>
    <sp arg="arg2" func="ci" tem="ben">
      <prep>
        <s lem="a" pos="sps00" postype="preposition" wd="a"/>
      </prep>
      <sn entityref="nne" homophoricDD="yes">
        <spec gen="f" num="s">
          <d gen="f" lem="el" num="s" pos="da0fs0" postype="article" wd="la"/>
        </spec>
        <grup.nom gen="f" num="s">
          <n gen="f" lem="prensa" num="s" pos="ncfs000" postype="common" sense="16:04736003" wd="prensa"/>
        </grup.nom>
      </sn>
    </sp>
    <f lem="." pos="fp" punct="period" wd="."/>
  </sentence>
  <sentence>
    <sn arg="arg0" coreftype="ident" elliptic="yes" entity="entity6" entityref="nne" func="suj" tem="agt"/>
    <sadv func="mod">
      <grup.adv>
        <r lem="también" pos="rg" wd="También"/>
      </grup.adv>
    </sadv>
    <grup.verb>
      <v lem="recordar" lss="A21.transitive-agentive-patient" mood="indicative" num="s" person="3" pos="vmis3s0" postype="main" tense="past" wd="recordó"/>
    </grup.verb>
    <S arg="arg1" clausetype="completive" func="cd" tem="pat">
      <conj conjunctiontype="subordinating">
        <c lem="que" pos="cs" postype="subordinating" wd="que"/>
      </conj>
      <sn arg="arg0" entity="entity7" entityref="ne" func="suj" ne="person" tem="agt">
        <spec gen="m" num="s">
          <d gen="m" lem="el" num="s" pos="da0ms0" postype="article" wd="el"/>
        </spec>
        <grup.nom gen="m" num="s">
          <n gen="m" lem="secretario" num="s" pos="ncms000" postype="common" sense="16:07556911" wd="secretario"/>
          <s.a gen="m" num="s">
            <grup.a gen="m" num="s">
              <a gen="c" lem="general" num="s" pos="aq0cs0" postype="qualificative" wd="general"/>
            </grup.a>
          </s.a>
          <sp>
            <prep>
              <s lem="de" pos="sps00" postype="preposition" wd="de"/>
            </prep>
            <sn coreftype="ident" entity="entity4" entityref="ne" ne="organization">
              <spec gen="f" num="s">
                <d gen="f" lem="el" num="s" pos="da0fs0" postype="article" wd="la"/>
              </spec>
              <grup.nom gen="f" num="s">
                <n lem="OTAN" ne="organization" pos="np0000o" postype="proper" sense="16:06076869" wd="OTAN"/>
              </grup.nom>
            </sn>
          </sp>
          <sn corefsubtype="definit" coreftype="pred" entity="entity7" entityref="ne" ne="person">
            <f lem="," pos="fc" punct="comma" wd=","/>
            <grup.nom gen="m" num="s">
              <n lem="George_Robertson" ne="person" pos="np0000p" postype="proper" sense="16:cs1" wd="George_Robertson"/>
            </grup.nom>
            <f lem="," pos="fc" punct="comma" wd=","/>
          </sn>
        </grup.nom>
      </sn>
      <grup.verb>
        <v lem="afirmar" lss="A32.ditransitive-patient-benefactive" mood="indicative" num="s" person="3" pos="vmis3s0" postype="main" tense="past" wd="afirmó"/>
      </grup.verb>
      <S arg="arg1" clausetype="completive" func="cd" tem="pat">
        <conj conjunctiontype="subordinating">
          <c lem="que" pos="cs" postype="subordinating" wd="que"/>
        </conj>
        <f lem="&quot;" pos="fe" punct="quotation" wd="&quot;"/>
        <sadv arg="argM" func="cc" tem="tmp">
          <grup.adv>
            <r lem="antes" pos="rg" wd="antes"/>
            <sp>
              <prep>
                <s lem="de" pos="sps00" postype="preposition" wd="de"/>
              </prep>
              <S clausetype="completive">
                <conj conjunctiontype="subordinating">
                  <c lem="que" pos="cs" postype="subordinating" wd="que"/>
                </conj>
                <sn arg="arg0" coreftype="ident" elliptic="yes" entity="entity7" entityref="spec" func="suj" tem="agt"/>
                <grup.verb>
                  <v lem="dejar" lss="A21.transitive-agentive-patient" mood="subjunctive" num="s" person="3" pos="vmsp3s0" postype="main" tense="present" wd="deje"/>
                </grup.verb>
                <sn arg="arg1" entityref="nne" func="cd" tem="pat">
                  <spec gen="m" num="s">
                    <d coreftype="ident" entity="entity7" entityref="spec" gen="c" lem="su" num="s" person="3" pos="dp3cs0" postype="possessive" wd="su"/>
                  </spec>
                  <grup.nom gen="m" num="s">
                    <n gen="m" lem="cargo" num="s" pos="ncms000" postype="common" sense="16:00385376" wd="cargo"/>
                  </grup.nom>
                </sn>
              </S>
            </sp>
          </grup.adv>
          <f lem="," pos="fc" punct="comma" wd=","/>
        </sadv>
        <sn arg="arg0" coreftype="ident" elliptic="yes" entity="entity7" entityref="spec" func="suj" tem="agt"/>
        <grup.verb>
          <v lem="querer" lss="A21.transitive-agentive-patient" mood="indicative" num="s" person="3" pos="vmip3s0" postype="main" tense="present" wd="quiere"/>
        </grup.verb>
        <S arg="arg1" clausetype="completive" func="cd" tem="pat">
          <conj conjunctiontype="subordinating">
            <c lem="que" pos="cs" postype="subordinating" wd="que"/>
          </conj>
          <sn arg="arg1" entityref="nne" func="suj" tem="tem">
            <spec gen="m" num="p">
              <d gen="m" lem="todo" num="p" pos="di0mp0" postype="indefinite" wd="todos"/>
              <d gen="m" lem="el" num="p" pos="da0mp0" postype="article" wd="los"/>
            </spec>
            <grup.nom gen="m" num="p">
              <n gen="m" lem="país" num="p" pos="ncmp000" postype="common" sense="16:06074189" wd="países"/>
              <s.a gen="m" num="p">
                <grup.a gen="m" num="p">
                  <a gen="m" lem="europeo" num="p" pos="aq0mp0" postype="qualificative" wd="europeos"/>
                </grup.a>
              </s.a>
            </grup.nom>
          </sn>
          <grup.verb>
            <v lem="ser" lss="C21.state-attributive" mood="subjunctive" num="p" person="3" pos="vssp3p0" postype="semiauxiliary" tense="present" wd="sean"/>
          </grup.verb>
          <sn arg="arg2" func="atr" tem="atr">
            <grup.nom gen="m" num="p">
              <n gen="m" lem="miembro" num="p" pos="ncmp000" postype="common" sense="16:07404067" wd="miembros"/>
              <sp>
                <prep>
                  <s lem="de" pos="sps00" postype="preposition" wd="de"/>
                </prep>
                <sn coreftype="ident" entity="entity1" entityref="ne" ne="organization">
                  <spec gen="f" num="s">
                    <d gen="f" lem="el" num="s" pos="da0fs0" postype="article" wd="la"/>
                  </spec>
                  <grup.nom gen="f" num="s">
                    <n lem="Asociación_para_la_Paz" ne="organization" pos="np0000o" postype="proper" sense="16:cs1" wd="Asociación_para_la_Paz"/>
                  </grup.nom>
                </sn>
              </sp>
            </grup.nom>
          </sn>
        </S>
        <f lem="&quot;" pos="fe" punct="quotation" wd="&quot;"/>
      </S>
    </S>
  </sentence>
  <sentence>
    <sp func="ao">
      <prep>
        <s lem="según" pos="sps00" postype="preposition" wd="Según"/>
      </prep>
      <sn coreftype="ident" entity="entity6" entityref="nne">
        <spec gen="f" num="s">
          <d gen="f" lem="el" num="s" pos="da0fs0" postype="article" wd="la"/>
        </spec>
        <grup.nom gen="f" num="s">
          <n gen="f" lem="fuente" num="s" pos="ncfs000" postype="common" sense="16:07338656" wd="fuente"/>
          <S clausetype="participle" impersonal="yes">
            <participi>
              <a gen="f" lem="aliado" num="s" pos="aq0fsp" posfunction="participle" postype="qualificative" wd="aliada"/>
            </participi>
          </S>
        </grup.nom>
      </sn>
      <f lem="," pos="fc" punct="comma" wd=","/>
    </sp>
    <grup.verb>
      <v lem="haber" lss="C11.state-existential" mood="indicative" num="s" person="3" pos="vaip3s0" postype="auxiliary" tense="present" wd="hay"/>
    </grup.verb>
    <sn arg="arg1" entity="entity8" entityref="nne" func="cd" functype="quantitative" tem="tem">
      <spec gen="m" num="p">
        <d gen="c" lem="dos" num="p" pos="dn0cp0" postype="numeral" wd="dos"/>
      </spec>
      <grup.nom gen="m" num="p">
        <n gen="m" lem="espacio" num="p" pos="ncmp000" postype="common" sense="16:05122762" wd="espacios"/>
        <sp>
          <prep>
            <s lem="en" pos="sps00" postype="preposition" wd="en"/>
          </prep>
          <sn>
            <grup.nom gen="m" num="s">
              <n gen="m" lem="blanco" num="s" pos="ncms000" postype="common" sense="16:04817735" wd="blanco"/>
            </grup.nom>
          </sn>
        </sp>
        <sp>
          <prep>
            <s lem="en" pos="sps00" postype="preposition" wd="en"/>
          </prep>
          <sn coreftype="ident" entity="entity1" entityref="ne" ne="organization">
            <spec gen="f" num="s">
              <d gen="f" lem="el" num="s" pos="da0fs0" postype="article" wd="la"/>
            </spec>
            <grup.nom gen="f" num="s">
              <n lem="ASP" ne="organization" pos="np0000o" postype="proper" sense="16:cs1" wd="ASP"/>
            </grup.nom>
          </sn>
        </sp>
        <S clausetype="relative">
          <f lem="&quot;" pos="fe" punct="quotation" wd="&quot;"/>
          <relatiu arg="arg1" coreftype="ident" entity="entity8" entityref="nne" func="suj" tem="tem">
            <p gen="c" lem="que" num="c" pos="pr0cn000" postype="relative" wd="que"/>
          </relatiu>
          <grup.verb>
            <v lem="corresponder" lss="C21.state-attributive" mood="indicative" num="p" person="3" pos="vmip3p0" postype="main" tense="present" wd="corresponden"/>
          </grup.verb>
          <sp arg="arg2" coord="yes" func="creg" tem="atr">
            <sp>
              <prep>
                <s lem="a" pos="sps00" postype="preposition" wd="a"/>
              </prep>
              <sn entityref="ne" ne="organization">
                <grup.nom>
                  <n lem="Bosnia-Herzegovina" ne="organization" pos="np0000o" postype="proper" sense="16:cs1" wd="Bosnia-Herzegovina"/>
                </grup.nom>
              </sn>
            </sp>
            <conj conjunctiontype="coordinating">
              <c lem="y" pos="cc" postype="coordinating" wd="y"/>
            </conj>
            <sp>
              <prep>
                <s lem="a" pos="sps00" postype="preposition" wd="a"/>
              </prep>
              <sn coreftype="ident" entity="entity5" entityref="ne" ne="organization">
                <grup.nom>
                  <n lem="Yugoslavia" ne="organization" pos="np0000o" postype="proper" sense="16:06468727" wd="Yugoslavia"/>
                </grup.nom>
              </sn>
            </sp>
          </sp>
          <f lem="&quot;" pos="fe" punct="quotation" wd="&quot;"/>
        </S>
      </grup.nom>
    </sn>
    <f lem="." pos="fp" punct="period" wd="."/>
  </sentence>
  <sentence>
    <sn arg="arg1" coreftype="ident" entity="entity1" entityref="ne" func="suj" ne="organization" tem="pat">
      <spec gen="f" num="s">
        <d gen="f" lem="el" num="s" pos="da0fs0" postype="article" wd="La"/>
      </spec>
      <grup.nom gen="f" num="s">
        <n lem="Asociación_para_la_Paz" ne="organization" pos="np0000o" postype="proper" sense="16:cs1" wd="Asociación_para_la_Paz"/>
      </grup.nom>
    </sn>
    <grup.verb>
      <v lem="ser" mood="indicative" num="s" person="3" pos="vsis3s0" postype="semiauxiliary" tense="past" wd="fue"/>
      <v gen="f" lem="crear" lss="B22.unaccusative-passive-transitive" mood="participle" num="s" pos="vmp00sf" postype="main" wd="creada"/>
    </grup.verb>
    <sp arg="arg0" func="cag" tem="agt">
      <prep>
        <s lem="por" pos="sps00" postype="preposition" wd="por"/>
      </prep>
      <sn coreftype="ident" entity="entity4" entityref="ne" ne="organization">
        <spec gen="f" num="s">
          <d gen="f" lem="el" num="s" pos="da0fs0" postype="article" wd="la"/>
        </spec>
        <grup.nom gen="f" num="s">
          <n lem="Alianza_Atlántica" ne="organization" pos="np0000o" postype="proper" sense="16:cs1" wd="Alianza_Atlántica"/>
        </grup.nom>
      </sn>
    </sp>
    <sp arg="argM" func="cpred" predicate="suj" tem="atr">
      <prep>
        <c lem="como" pos="cs" postype="subordinating" wd="como"/>
      </prep>
      <sn entity="entity9">
        <spec gen="f" num="s">
          <d gen="f" lem="uno" num="s" pos="di0fs0" postype="indefinite" wd="una"/>
        </spec>
        <grup.nom gen="f" num="s">
          <n gen="f" lem="especie" num="s" pos="ncfs000" postype="common" sense="16:04500860" wd="especie"/>
          <sp>
            <prep>
              <s lem="de" pos="sps00" postype="preposition" wd="de"/>
            </prep>
            <sn>
              <grup.nom gen="f" num="s">
                <n gen="f" lem="antesala" num="s" pos="ncfs000" postype="common" sense="16:02191831" wd="antesala"/>
                <sp>
                  <prep>
                    <s lem="para" pos="sps00" postype="preposition" wd="para"/>
                  </prep>
                  <sn entityref="nne" homophoricDD="yes">
                    <spec gen="m" num="p">
                      <d gen="m" lem="el" num="p" pos="da0mp0" postype="article" wd="los"/>
                    </spec>
                    <grup.nom gen="m" num="p">
                      <n gen="m" lem="país" num="p" pos="ncmp000" postype="common" sense="16:06074189" wd="países"/>
                      <sp>
                        <prep>
                          <s contracted="yes" gen="m" lem="del" num="s" pos="spcms" postype="preposition" wd="del"/>
                        </prep>
                        <sn entityref="ne" ne="location">
                          <grup.nom gen="m" num="s">
                            <n gen="m" lem="este" num="s" pos="ncms000" postype="common" sense="16:09964070" wd="este"/>
                            <sp>
                              <prep>
                                <s lem="de" pos="sps00" postype="preposition" wd="de"/>
                              </prep>
                              <sn entityref="ne" ne="location">
                                <grup.nom>
                                  <n lem="Europa" ne="location" pos="np0000l" postype="proper" wd="Europa"/>
                                </grup.nom>
                              </sn>
                            </sp>
                          </grup.nom>
                        </sn>
                      </sp>
                      <sn>
                        <grup.nom gen="m" num="p">
                          <s.a gen="m" num="p">
                            <grup.a gen="m" num="p">
                              <a gen="m" lem="futuro" num="p" pos="aq0mp0" postype="qualificative" wd="futuros"/>
                            </grup.a>
                          </s.a>
                          <n gen="m" lem="candidato" num="p" pos="ncmp000" postype="common" sense="16:06940455" wd="candidatos"/>
                          <sp>
                            <prep>
                              <s lem="a" pos="sps00" postype="preposition" wd="a"/>
                            </prep>
                            <sn entityref="nne">
                              <spec gen="f" num="s">
                                <d gen="f" lem="uno" num="s" pos="di0fs0" postype="indefinite" wd="una"/>
                              </spec>
                              <grup.nom gen="f" num="s">
                                <n gen="f" lem="adhesión" lexicalid="noun.adhesión.1.default" num="s" origin="deverbal" pos="ncfs000" postype="common" sense="16:00786502" wd="adhesión"/>
                                <sp arg="arg1" func="cn" tem="cot">
                                  <prep>
                                    <s lem="a" pos="sps00" postype="preposition" wd="a"/>
                                  </prep>
                                  <sn coreftype="ident" entity="entity4" entityref="spec" homophoricDD="yes">
                                    <spec gen="f" num="s">
                                      <d gen="f" lem="el" num="s" pos="da0fs0" postype="article" wd="la"/>
                                    </spec>
                                    <grup.nom gen="f" num="s">
                                      <n gen="f" lem="organización" lexicalid="noun.organización.1.default" num="s" origin="deverbal" pos="ncfs000" postype="common" sense="16:05997592" wd="organización"/>
                                      <s.a func="cn" gen="f" num="s">
                                        <grup.a gen="f" num="s">
                                          <a gen="c" lem="militar" num="s" pos="aq0cs0" postype="qualificative" wd="militar"/>
                                        </grup.a>
                                      </s.a>
                                      <s.a func="cn" gen="f" num="s">
                                        <grup.a gen="f" num="s">
                                          <a gen="c" lem="occidental" num="s" pos="aq0cs0" postype="qualificative" wd="occidental"/>
                                        </grup.a>
                                      </s.a>
                                    </grup.nom>
                                  </sn>
                                </sp>
                              </grup.nom>
                            </sn>
                          </sp>
                        </grup.nom>
                      </sn>
                    </grup.nom>
                  </sn>
                </sp>
              </grup.nom>
            </sn>
          </sp>
        </grup.nom>
      </sn>
    </sp>
    <f lem="." pos="fp" punct="period" wd="."/>
  </sentence>
  <sentence>
    <sp arg="argM" func="cc" tem="tmp">
      <prep>
        <s lem="en" pos="sps00" postype="preposition" wd="En"/>
      </prep>
      <sn entityref="nne" homophoricDD="yes">
        <spec gen="f" num="s">
          <d gen="f" lem="el" num="s" pos="da0fs0" postype="article" wd="la"/>
        </spec>
        <grup.nom gen="f" num="s">
          <n gen="f" lem="actualidad" num="s" pos="ncfs000" postype="common" sense="16:10848167" wd="actualidad"/>
        </grup.nom>
      </sn>
    </sp>
    <sp arg="argM" func="cc" tem="adv">
      <f lem="," pos="fc" punct="comma" wd=","/>
      <prep>
        <s lem="además_de" pos="sps00" postype="preposition" wd="además_de"/>
      </prep>
      <sn coreftype="ident" entity="entity9" entityref="nne">
        <spec gen="f" num="s">
          <d gen="f" lem="ese" num="s" pos="dd0fs0" postype="demonstrative" wd="esa"/>
        </spec>
        <grup.nom gen="f" num="s">
          <n gen="f" lem="función" lexicalid="noun.función.1.default" num="s" origin="deverbal" pos="ncfs000" postype="common" sense="16:00462318" wd="función"/>
        </grup.nom>
      </sn>
      <f lem="," pos="fc" punct="comma" wd=","/>
    </sp>
    <sn arg="arg1" coreftype="ident" elliptic="yes" entity="entity1" entityref="spec" func="suj" tem="tem"/>
    <grup.verb>
      <v lem="servir" lss="C41.state-benefactive" mood="indicative" num="s" person="3" pos="vmip3s0" postype="main" tense="present" wd="sirve"/>
    </grup.verb>
    <sadv func="mod">
      <grup.adv>
        <r lem="también" pos="rg" wd="también"/>
      </grup.adv>
    </sadv>
    <sp arg="arg3" func="creg" tem="fin">
      <prep>
        <s lem="para" pos="sps00" postype="preposition" wd="para"/>
      </prep>
      <S clausetype="completive" impersonal="yes">
        <infinitiu>
          <v lem="canalizar" lss="A21.transitive-agentive-patient" mood="infinitive" pos="vmn0000" postype="main" wd="canalizar"/>
        </infinitiu>
        <sn arg="arg1" entityref="nne" func="cd" homophoricDD="yes" tem="pat">
          <spec gen="f" num="p">
            <d gen="f" lem="el" num="p" pos="da0fp0" postype="article" wd="las"/>
          </spec>
          <grup.nom gen="f" num="p">
            <n gen="f" lem="relación" lexicalid="noun.relación.1.default" num="p" origin="deverbal" pos="ncfp000" postype="common" sense="16:09924828" wd="relaciones"/>
            <sp arg="arg1" func="cn" tem="pat">
              <prep>
                <s lem="de" pos="sps00" postype="preposition" wd="de"/>
              </prep>
              <sn coreftype="ident" entity="entity4" entityref="ne" ne="organization">
                <spec gen="f" num="s">
                  <d gen="f" lem="el" num="s" pos="da0fs0" postype="article" wd="la"/>
                </spec>
                <grup.nom gen="f" num="s">
                  <n lem="OTAN" ne="organization" pos="np0000o" postype="proper" sense="16:06076869" wd="OTAN"/>
                </grup.nom>
              </sn>
            </sp>
            <sp arg="arg2" func="cn" tem="tem">
              <prep>
                <s lem="con" pos="sps00" postype="preposition" wd="con"/>
              </prep>
              <sn entity="entity10" entityref="nne">
                <grup.nom gen="m" num="p">
                  <n gen="m" lem="país" num="p" pos="ncmp000" postype="common" sense="16:06074189" wd="países"/>
                  <S clausetype="relative">
                    <relatiu arg="arg0" coreftype="ident" entity="entity10" entityref="nne" func="suj" tem="agt">
                      <p gen="c" lem="que" num="c" pos="pr0cn000" postype="relative" wd="que"/>
                    </relatiu>
                    <grup.verb>
                      <v lem="querer" lss="A21.transitive-agentive-patient" mood="indicative" num="p" person="3" pos="vmip3p0" postype="main" tense="present" wd="quieren"/>
                    </grup.verb>
                    <S arg="arg1" clausetype="completive" func="cd" impersonal="yes" tem="pat">
                      <infinitiu>
                        <v lem="tener" lss="C21.state-attributive" mood="infinitive" pos="vmn0000" postype="main" wd="tener"/>
                      </infinitiu>
                      <sn arg="arg2" entityref="nne" func="cd" functype="quantitative" tem="atr">
                        <spec gen="f" num="s">
                          <d gen="f" lem="uno" num="s" pos="di0fs0" postype="indefinite" wd="una"/>
                        </spec>
                        <grup.nom gen="f" num="s">
                          <n gen="f" lem="relación" lexicalid="noun.relación.1.default" num="s" origin="deverbal" pos="ncfs000" postype="common" sense="16:09924828" wd="relación"/>
                          <sp func="cn">
                            <prep>
                              <s lem="de" pos="sps00" postype="preposition" wd="de"/>
                            </prep>
                            <sn>
                              <grup.nom gen="f" num="s">
                                <n gen="f" lem="cooperación" lexicalid="noun.cooperación.1.default" num="s" origin="deverbal" pos="ncfs000" postype="common" sense="16:00780822" wd="cooperación"/>
                              </grup.nom>
                            </sn>
                          </sp>
                          <sp arg="arg2" func="cn" tem="tem">
                            <prep>
                              <s lem="con" pos="sps00" postype="preposition" wd="con"/>
                            </prep>
                            <sn coreftype="ident" entity="entity4" entityref="ne" ne="organization">
                              <spec gen="f" num="s">
                                <d gen="f" lem="el" num="s" pos="da0fs0" postype="article" wd="la"/>
                              </spec>
                              <grup.nom gen="f" num="s">
                                <n lem="Alianza" ne="organization" pos="np0000o" postype="proper" sense="16:cs1" wd="Alianza"/>
                              </grup.nom>
                            </sn>
                          </sp>
                          <sp arg="argM" func="cn" tem="adv">
                            <prep>
                              <s lem="sin" pos="sps00" postype="preposition" wd="sin"/>
                            </prep>
                            <S clausetype="completive" impersonal="yes">
                              <infinitiu>
                                <v lem="aspirar" lss="A22.transitive-agentive-theme" mood="infinitive" pos="vmn0000" postype="main" wd="aspirar"/>
                              </infinitiu>
                              <sp arg="arg1" func="creg" tem="tem">
                                <prep>
                                  <s lem="a" pos="sps00" postype="preposition" wd="a"/>
                                </prep>
                                <sn entityref="nne">
                                  <spec gen="f" num="s">
                                    <d gen="f" lem="uno" num="s" pos="di0fs0" postype="indefinite" wd="una"/>
                                  </spec>
                                  <grup.nom gen="f" num="s">
                                    <n gen="f" lem="integración" lexicalid="noun.integración.1.default" num="s" origin="deverbal" pos="ncfs000" postype="common" sense="16:00803600" wd="integración"/>
                                  </grup.nom>
                                </sn>
                              </sp>
                            </S>
                          </sp>
                        </grup.nom>
                      </sn>
                    </S>
                  </S>
                </grup.nom>
              </sn>
            </sp>
          </grup.nom>
        </sn>
      </S>
    </sp>
    <f lem="." pos="fp" punct="period" wd="."/>
  </sentence>
  <sentence coord="yes">
    <S>
      <sn arg="arg0" coord="yes" func="suj" tem="agt">
        <sp>
          <prep>
            <s lem="sobre" pos="sps00" postype="preposition" wd="Sobre"/>
          </prep>
          <S clausetype="completive">
            <sn arg="arg1" func="cd" tem="pat">
              <spec gen="f" num="s">
                <d gen="c" lem="qué" num="c" pos="dt0cn0" postype="interrogative" wd="qué"/>
              </spec>
              <grup.nom gen="f" num="s">
                <n gen="f" lem="clase" num="s" pos="ncfs000" postype="common" sense="16:04496504" wd="clase"/>
                <sp>
                  <prep>
                    <s lem="de" pos="sps00" postype="preposition" wd="de"/>
                  </prep>
                  <sn coreftype="ident" entity="entity5" entityref="ne" ne="organization">
                    <grup.nom>
                      <n lem="Yugoslavia" ne="organization" pos="np0000o" postype="proper" sense="16:06468727" wd="Yugoslavia"/>
                    </grup.nom>
                  </sn>
                </sp>
              </grup.nom>
            </sn>
            <grup.verb>
              <v lem="querer" lss="A21.transitive-agentive-patient" mood="indicative" num="s" person="3" pos="vmip3s0" postype="main" tense="present" wd="quiere"/>
            </grup.verb>
            <sn arg="arg0" coreftype="ident" entity="entity4" entityref="ne" func="suj" ne="organization" tem="agt">
              <spec gen="f" num="s">
                <d gen="f" lem="el" num="s" pos="da0fs0" postype="article" wd="la"/>
              </spec>
              <grup.nom gen="f" num="s">
                <n lem="OTAN" ne="organization" pos="np0000o" postype="proper" sense="16:06076869" wd="OTAN"/>
              </grup.nom>
            </sn>
            <sp arg="argM" func="cc" tem="loc">
              <prep>
                <s lem="en" pos="sps00" postype="preposition" wd="en"/>
              </prep>
              <sn coreftype="ident" entity="entity1" entityref="ne" ne="organization">
                <spec gen="f" num="s">
                  <d gen="f" lem="el" num="s" pos="da0fs0" postype="article" wd="la"/>
                </spec>
                <grup.nom gen="f" num="s">
                  <n lem="ASP" ne="organization" pos="np0000o" postype="proper" sense="16:cs1" wd="ASP"/>
                </grup.nom>
              </sn>
            </sp>
          </S>
        </sp>
        <conj conjunctiontype="coordinating">
          <c lem="y" pos="cc" postype="coordinating" wd="y"/>
        </conj>
        <conj conjunctiontype="subordinating">
          <c lem="si" pos="cs" postype="subordinating" wd="si"/>
        </conj>
        <sn entityref="nne" homophoricDD="yes">
          <spec gen="m" num="s">
            <d gen="m" lem="el" num="s" pos="da0ms0" postype="article" wd="el"/>
          </spec>
          <grup.nom gen="m" num="s">
            <n gen="m" lem="hecho" lexicalid="noun.hecho.2.default" num="s" origin="deverbal" pos="ncms000" postype="common" sense="16:05432762" wd="hecho"/>
            <sp func="cn">
              <prep>
                <s lem="de" pos="sps00" postype="preposition" wd="de"/>
              </prep>
              <S clausetype="completive">
                <conj conjunctiontype="subordinating">
                  <c lem="que" pos="cs" postype="subordinating" wd="que"/>
                </conj>
                <sn arg="arg0" entity="entity17" entityref="nne" func="suj" tem="agt">
                  <grup.nom gen="f" num="p">
                    <n gen="f" lem="persona" num="p" pos="ncfp000" postype="common" sense="16:00004123" wd="personas"/>
                    <S clausetype="participle" impersonal="yes">
                      <participi>
                        <a gen="f" lem="acusado" lss="B22.unaccusative-passive-transitive" num="p" pos="aq0fpp" posfunction="participle" postype="qualificative" wd="acusadas"/>
                      </participi>
                      <sp arg="arg2" func="creg" tem="tem">
                        <prep>
                          <s lem="de" pos="sps00" postype="preposition" wd="de"/>
                        </prep>
                        <sn entity="entity14" entityref="nne">
                          <grup.nom gen="m" num="p">
                            <n gen="m" lem="crimen" num="p" pos="ncmp000" postype="common" sense="16:00490590" wd="crímenes"/>
                            <sp>
                              <prep>
                                <s lem="de" pos="sps00" postype="preposition" wd="de"/>
                              </prep>
                              <sn>
                                <grup.nom gen="f" num="s">
                                  <n gen="f" lem="guerra" num="s" pos="ncfs000" postype="common" sense="16:00626011" wd="guerra"/>
                                </grup.nom>
                              </sn>
                            </sp>
                          </grup.nom>
                        </sn>
                      </sp>
                      <sp arg="arg0" func="cag" tem="agt">
                        <prep>
                          <s lem="por" pos="sps00" postype="preposition" wd="por"/>
                        </prep>
                        <sn entity="entity12" entityref="ne" ne="organization">
                          <spec gen="m" num="s">
                            <d gen="m" lem="el" num="s" pos="da0ms0" postype="article" wd="el"/>
                          </spec>
                          <grup.nom gen="m" num="s">
                            <n lem="Tribunal_penal_Internacional" ne="organization" pos="np0000o" postype="proper" sense="16:cs1" wd="Tribunal_penal_Internacional"/>
                            <sp>
                              <prep>
                                <s lem="de" pos="sps00" postype="preposition" wd="de"/>
                              </prep>
                              <sn entity="entity13" entityref="ne" ne="location">
                                <grup.nom>
                                  <n lem="La_Haya" ne="location" pos="np0000l" postype="proper" sense="16:06537474" wd="La_Haya"/>
                                </grup.nom>
                              </sn>
                            </sp>
                          </grup.nom>
                        </sn>
                      </sp>
                    </S>
                  </grup.nom>
                </sn>
                <grup.verb>
                  <v lem="seguir" mood="subjunctive" num="p" person="3" pos="vmsp3p0" postype="main" tense="present" wd="sigan"/>
                  <gerundi>
                    <v lem="ocupar" lss="A21.transitive-agentive-patient" mood="gerund" pos="vmg0000" postype="main" wd="ocupando"/>
                  </gerundi>
                </grup.verb>
                <sn arg="arg1" entityref="nne" func="cd" tem="pat">
                  <grup.nom gen="m" num="p">
                    <s.a gen="m" num="p">
                      <grup.a gen="m" num="p">
                        <a gen="m" lem="alto" num="p" pos="aq0mp0" postype="qualificative" wd="altos"/>
                      </grup.a>
                    </s.a>
                    <n gen="m" lem="cargo" num="p" pos="ncmp000" postype="common" sense="16:00385376" wd="cargos"/>
                  </grup.nom>
                </sn>
              </S>
            </sp>
          </grup.nom>
        </sn>
      </sn>
      <neg func="mod">
        <r lem="no" pos="rn" postype="negative" wd="no"/>
      </neg>
      <grup.verb>
        <v lem="influir" lss="A22.transitive-agentive-theme" mood="indicative" num="s" person="3" pos="vmif3s0" postype="main" tense="future" wd="influirá"/>
      </grup.verb>
      <sp arg="arg1" func="creg" tem="tem">
        <prep>
          <s lem="en" pos="sps00" postype="preposition" wd="en"/>
        </prep>
        <sn entityref="nne" homophoricDD="yes">
          <spec gen="f" num="s">
            <d gen="f" lem="el" num="s" pos="da0fs0" postype="article" wd="la"/>
          </spec>
          <grup.nom gen="f" num="s">
            <n gen="f" lem="decisión" lexicalid="noun.decisión.1.default" num="s" origin="deverbal" pos="ncfs000" postype="common" sense="16:00105760" wd="decisión"/>
            <sp arg="arg0" func="cn" tem="agt">
              <prep>
                <s lem="de" pos="sps00" postype="preposition" wd="de"/>
              </prep>
              <sn coreftype="ident" entity="entity4" entityref="ne" ne="organization">
                <spec gen="f" num="s">
                  <d gen="f" lem="el" num="s" pos="da0fs0" postype="article" wd="la"/>
                </spec>
                <grup.nom gen="f" num="s">
                  <n lem="Alianza" ne="organization" pos="np0000o" postype="proper" sense="16:cs1" wd="Alianza"/>
                </grup.nom>
              </sn>
            </sp>
          </grup.nom>
        </sn>
      </sp>
    </S>
    <f lem="," pos="fc" punct="comma" wd=","/>
    <S>
      <sn arg="arg0" coreftype="ident" entity="entity6" entityref="nne" func="suj" tem="agt">
        <spec gen="m" num="s">
          <d gen="m" lem="el" num="s" pos="da0ms0" postype="article" wd="el"/>
        </spec>
        <grup.nom gen="m" num="s">
          <n gen="c" lem="responsable" num="s" pos="nccs000" postype="common" sense="16:07311393" wd="responsable"/>
          <S clausetype="participle" impersonal="yes">
            <participi>
              <a gen="m" lem="aliado" num="s" pos="aq0msp" posfunction="participle" postype="qualificative" wd="aliado"/>
            </participi>
          </S>
        </grup.nom>
      </sn>
      <grup.verb>
        <v lem="poner" lss="A31.ditransitive-patient-locative" mood="indicative" num="s" person="3" pos="vmis3s0" postype="main" tense="past" wd="puso"/>
      </grup.verb>
      <sp arg="argM" func="cpred" predicate="cd" tem="atr">
        <prep>
          <c lem="como" pos="cs" postype="subordinating" wd="como"/>
        </prep>
        <sn>
          <grup.nom gen="m" num="s">
            <n gen="m" lem="ejemplo" num="s" pos="ncms000" postype="common" sense="16:04559362" wd="ejemplo"/>
          </grup.nom>
        </sn>
      </sp>
      <sn arg="arg1" entityref="nne" func="cd" homophoricDD="yes" tem="pat">
        <spec gen="m" num="s">
          <d gen="m" lem="el" num="s" pos="da0ms0" postype="article" wd="el"/>
        </spec>
        <grup.nom gen="m" num="s">
          <s.a func="cn" gen="m" num="s">
            <grup.a gen="m" num="s">
              <a gen="c" lem="gran" num="s" pos="aq0cs0" postype="qualificative" wd="gran"/>
            </grup.a>
          </s.a>
          <n gen="m" lem="cambio" lexicalid="noun.cambio.7.anticausative" num="s" origin="deverbal" pos="ncms000" postype="common" sense="16:00125689" wd="cambio"/>
          <s.a arg="arg1" func="cn" gen="m" num="s" tem="tem">
            <grup.a gen="m" num="s">
              <a gen="m" lem="político" num="s" pos="aq0ms0" postype="qualificative" wd="político"/>
            </grup.a>
          </s.a>
          <S clausetype="participle" func="cn" impersonal="yes">
            <participi>
              <a gen="m" lem="registrado" lss="B22.unaccusative-passive-transitive" num="s" pos="aq0msp" posfunction="participle" postype="qualificative" wd="registrado"/>
            </participi>
            <sp arg="arg2" func="cc" tem="loc">
              <prep>
                <s lem="en" pos="sps00" postype="preposition" wd="en"/>
              </prep>
              <sn entity="entity11" entityref="ne" ne="location">
                <grup.nom>
                  <n lem="Croacia" ne="location" pos="np0000l" postype="proper" sense="16:06468938" wd="Croacia"/>
                </grup.nom>
              </sn>
            </sp>
          </S>
        </grup.nom>
      </sn>
    </S>
    <f lem="." pos="fp" punct="period" wd="."/>
  </sentence>
  <sentence>
    <S arg="arg1" clausetype="completive" coord="yes" func="cd" tem="pat">
      <f lem="&quot;" pos="fe" punct="quotation" wd="&quot;"/>
      <S clausetype="completive">
        <sn arg="arg1" coreftype="ident" entity="entity11" entityref="ne" func="suj" ne="organization" tem="tem">
          <grup.nom>
            <n lem="Croacia" ne="organization" pos="np0000o" postype="proper" sense="16:06468938" wd="Croacia"/>
          </grup.nom>
        </sn>
        <grup.verb>
          <v lem="cambiar" lss="B21.unaccusative-state" mood="indicative" num="s" person="3" pos="vmis3s0" postype="main" tense="past" wd="cambió"/>
        </grup.verb>
        <sadv arg="argM" func="cc" tem="adv">
          <grup.adv>
            <r lem="rápido" pos="rg" wd="rápido"/>
          </grup.adv>
        </sadv>
      </S>
      <f lem="," pos="fc" punct="comma" wd=","/>
      <S clausetype="completive">
        <sn arg="arg1" entityref="lex" func="suj" tem="tem">
          <spec gen="f" num="p">
            <d gen="f" lem="el" num="p" pos="da0fp0" postype="article" wd="las"/>
          </spec>
          <grup.nom gen="f" num="p">
            <n gen="f" lem="cosa" num="p" pos="ncfp000" postype="common" sense="16:05437110" wd="cosas"/>
          </grup.nom>
        </sn>
        <grup.verb>
          <v lem="poder" mood="indicative" num="p" person="3" pos="vmip3p0" postype="main" tense="present" wd="pueden"/>
          <infinitiu>
            <v lem="cambiar" lss="B21.unaccusative-state" mood="infinitive" pos="vmn0000" postype="main" wd="cambiar"/>
          </infinitiu>
        </grup.verb>
        <sadv arg="argM" func="cc" tem="adv">
          <grup.adv>
            <r lem="rápido" pos="rg" wd="rápido"/>
          </grup.adv>
        </sadv>
      </S>
      <f lem="&quot;" pos="fe" punct="quotation" wd="&quot;"/>
      <f lem="," pos="fc" punct="comma" wd=","/>
    </S>
    <grup.verb>
      <v lem="destacar" lss="A21.transitive-agentive-patient" mood="indicative" num="s" person="3" pos="vmis3s0" postype="main" tense="past" wd="destacó"/>
    </grup.verb>
    <sn arg="arg0" coreftype="ident" entity="entity6" entityref="nne" func="suj" tem="agt">
      <spec gen="f" num="s">
        <d gen="f" lem="el" num="s" pos="da0fs0" postype="article" wd="la"/>
      </spec>
      <grup.nom gen="f" num="s">
        <n gen="f" lem="fuente" num="s" pos="ncfs000" postype="common" sense="16:07338656" wd="fuente"/>
        <sp>
          <prep>
            <s lem="de" pos="sps00" postype="preposition" wd="de"/>
          </prep>
          <sn coreftype="ident" entity="entity4" entityref="ne" ne="organization">
            <spec gen="f" num="s">
              <d gen="f" lem="el" num="s" pos="da0fs0" postype="article" wd="la"/>
            </spec>
            <grup.nom gen="f" num="s">
              <n lem="OTAN" ne="organization" pos="np0000o" postype="proper" sense="16:06076869" wd="OTAN"/>
            </grup.nom>
          </sn>
        </sp>
        <S clausetype="relative" coord="yes">
          <f lem="," pos="fc" punct="comma" wd=","/>
          <S clausetype="relative">
            <relatiu arg="arg0" coreftype="ident" entity="entity6" entityref="nne" func="suj" tem="agt">
              <p gen="c" lem="que" num="c" pos="pr0cn000" postype="relative" wd="que"/>
            </relatiu>
            <grup.verb>
              <v lem="sostener" lss="A21.transitive-agentive-patient" mood="indicative" num="s" person="3" pos="vmis3s0" postype="main" tense="past" wd="sostuvo"/>
            </grup.verb>
            <S arg="arg1" clausetype="completive" func="cd" tem="pat">
              <conj conjunctiontype="subordinating">
                <c lem="que" pos="cs" postype="subordinating" wd="que"/>
              </conj>
              <sp arg="arg2" func="atr" tem="atr">
                <prep>
                  <s lem="en" pos="sps00" postype="preposition" wd="en"/>
                </prep>
                <sn entityref="nne" homophoricDD="yes">
                  <spec gen="m" num="p">
                    <d gen="m" lem="el" num="p" pos="da0mp0" postype="article" wd="los"/>
                  </spec>
                  <grup.nom gen="m" num="p">
                    <n gen="m" lem="miembro" num="p" pos="ncmp000" postype="common" sense="16:07404067" wd="miembros"/>
                    <sp>
                      <prep>
                        <s lem="de" pos="sps00" postype="preposition" wd="de"/>
                      </prep>
                      <sn coreftype="ident" entity="entity1" entityref="ne" ne="organization">
                        <spec gen="f" num="s">
                          <d gen="f" lem="el" num="s" pos="da0fs0" postype="article" wd="la"/>
                        </spec>
                        <grup.nom gen="f" num="s">
                          <n lem="ASP" ne="organization" pos="np0000o" postype="proper" sense="16:cs1" wd="ASP"/>
                        </grup.nom>
                      </sn>
                    </sp>
                  </grup.nom>
                </sn>
              </sp>
              <f lem="&quot;" pos="fe" punct="quotation" wd="&quot;"/>
              <grup.verb>
                <v lem="ser" lss="C21.state-attributive" mood="indicative" num="p" person="3" pos="vsip3p0" postype="semiauxiliary" tense="present" wd="son"/>
              </grup.verb>
              <sn arg="arg1" func="suj" tem="tem">
                <spec gen="m" num="p">
                  <d gen="m" lem="todo" num="p" pos="di0mp0" postype="indefinite" wd="todos"/>
                </spec>
                <grup.nom gen="m" num="p">
                  <n gen="m" lem="país" num="p" pos="ncmp000" postype="common" sense="16:06074189" wd="países"/>
                  <s.a gen="m" num="p">
                    <grup.a gen="m" num="p">
                      <a gen="m" lem="democrático" num="p" pos="aq0mp0" postype="qualificative" wd="democráticos"/>
                    </grup.a>
                  </s.a>
                </grup.nom>
              </sn>
              <f lem="&quot;" pos="fe" punct="quotation" wd="&quot;"/>
            </S>
          </S>
          <conj conjunctiontype="coordinating">
            <c lem="y" pos="cc" postype="coordinating" wd="y"/>
          </conj>
          <S clausetype="relative">
            <relatiu arg="arg0" coreftype="ident" entity="entity6" entityref="nne" func="suj" tem="agt">
              <p gen="c" lem="que" num="c" pos="pr0cn000" postype="relative" wd="que"/>
            </relatiu>
            <grup.verb>
              <v lem="rehusar" lss="A21.transitive-agentive-patient" mood="indicative" num="s" person="3" pos="vmis3s0" postype="main" tense="past" wd="rehusó"/>
            </grup.verb>
            <S arg="arg1" clausetype="completive" func="cd" impersonal="yes" tem="pat">
              <infinitiu>
                <v lem="hacer" lss="A21.transitive-agentive-patient" mood="infinitive" pos="vmn0000" postype="main" wd="hacer"/>
              </infinitiu>
              <sn arg="arg1" entityref="nne" func="cd" tem="pat">
                <grup.nom gen="f" num="p">
                  <n gen="f" lem="predicción" lexicalid="noun.predicción.1.default" num="p" origin="deverbal" pos="ncfp000" postype="common" sense="16:05057929" wd="predicciones"/>
                  <sp arg="arg1" func="cn" tem="pat">
                    <prep>
                      <s lem="sobre" pos="sps00" postype="preposition" wd="sobre"/>
                    </prep>
                    <S clausetype="completive">
                      <sadv arg="argM" func="cc" tem="tmp">
                        <grup.adv>
                          <p lem="cuándo" pos="pt000000" postype="interrogative" wd="cuándo"/>
                        </grup.adv>
                      </sadv>
                      <grup.verb>
                        <v lem="poder" mood="indicative" num="s" person="3" pos="vmip3s0" postype="main" tense="present" wd="puede"/>
                        <infinitiu>
                          <v lem="producir" lss="B22.unaccusative-passive-transitive" mood="infinitive" pos="vmn0000" postype="main" wd="producirse"/>
                        </infinitiu>
                      </grup.verb>
                      <sn arg="arg1" coreftype="ident" entity="entity3" entityref="nne" func="suj" homophoricDD="yes" tem="pat">
                        <spec gen="f" num="s">
                          <d gen="f" lem="el" num="s" pos="da0fs0" postype="article" wd="la"/>
                        </spec>
                        <grup.nom gen="f" num="s">
                          <n gen="f" lem="incorporación" lexicalid="noun.incorporación.4.default" num="s" origin="deverbal" pos="ncfs000" postype="common" sense="16:00239807" wd="incorporación"/>
                          <sp arg="arg1" func="cn" tem="pat">
                            <prep>
                              <s lem="de" pos="sps00" postype="preposition" wd="de"/>
                            </prep>
                            <sn coreftype="ident" entity="entity5" entityref="ne" ne="organization">
                              <grup.nom>
                                <n lem="Yugoslavia" ne="organization" pos="np0000o" postype="proper" sense="16:06468727" wd="Yugoslavia"/>
                              </grup.nom>
                            </sn>
                          </sp>
                        </grup.nom>
                      </sn>
                    </S>
                  </sp>
                </grup.nom>
              </sn>
            </S>
          </S>
        </S>
      </grup.nom>
    </sn>
    <f lem="." pos="fp" punct="period" wd="."/>
  </sentence>
  <sentence>
    <sn arg="arg0" coreftype="ident" entity="entity4" entityref="ne" func="suj" ne="organization" tem="agt">
      <spec gen="f" num="s">
        <d gen="f" lem="el" num="s" pos="da0fs0" postype="article" wd="La"/>
      </spec>
      <grup.nom gen="f" num="s">
        <n lem="Alianza_Atlántica" ne="organization" pos="np0000o" postype="proper" sense="16:cs1" wd="Alianza_Atlántica"/>
      </grup.nom>
    </sn>
    <grup.verb>
      <v lem="expresar" lss="A32.ditransitive-patient-benefactive" mood="indicative" num="s" person="3" pos="vmis3s0" postype="main" tense="past" wd="expresó"/>
    </grup.verb>
    <sadv arg="argM" func="cc" tem="tmp">
      <grup.adv>
        <r lem="hoy" pos="rg" wd="hoy"/>
      </grup.adv>
    </sadv>
    <sadv func="mod">
      <grup.adv>
        <r lem="también" pos="rg" wd="también"/>
      </grup.adv>
    </sadv>
    <sn arg="arg1" entityref="nne" func="cd" tem="pat">
      <spec arg="arg0" gen="m" num="s" tem="agt">
        <d coreftype="ident" entity="entity4" entityref="spec" gen="c" lem="su" num="s" person="3" pos="dp3cs0" postype="possessive" wd="su"/>
      </spec>
      <grup.nom gen="m" num="s">
        <n gen="m" lem="apoyo" lexicalid="noun.apoyo.1.default" num="s" origin="deverbal" pos="ncms000" postype="common" sense="16:00786193" wd="apoyo"/>
        <sp arg="arg1" func="cn" tem="pat">
          <prep>
            <s lem="a" pos="sps00" postype="preposition" wd="a"/>
          </prep>
          <sn entity="entity16" entityref="nne" homophoricDD="yes">
            <spec gen="f" num="s">
              <d gen="f" lem="el" num="s" pos="da0fs0" postype="article" wd="la"/>
            </spec>
            <grup.nom gen="f" num="s">
              <n gen="f" lem="reapertura" lexicalid="noun.reapertura.1.default" num="s" origin="deverbal" pos="ncfs000" postype="common" sense="16:cs1" wd="reapertura"/>
              <sp arg="arg1" func="cn" tem="tem">
                <prep>
                  <s lem="de" pos="sps00" postype="preposition" wd="de"/>
                </prep>
                <sn entityref="nne">
                  <spec gen="f" num="s">
                    <d gen="f" lem="uno" num="s" pos="di0fs0" postype="indefinite" wd="una"/>
                  </spec>
                  <grup.nom gen="f" num="s">
                    <n gen="f" lem="oficina" num="s" pos="ncfs000" postype="common" sense="16:06182017" wd="oficina"/>
                    <sp>
                      <prep>
                        <s lem="en" pos="sps00" postype="preposition" wd="en"/>
                      </prep>
                      <sn entityref="ne" ne="location">
                        <grup.nom>
                          <n lem="Belgrado" ne="location" pos="np0000l" postype="proper" sense="16:06469757" wd="Belgrado"/>
                        </grup.nom>
                      </sn>
                    </sp>
                    <sp>
                      <prep>
                        <s contracted="yes" gen="m" lem="del" num="s" pos="spcms" postype="preposition" wd="del"/>
                      </prep>
                      <sn coreftype="ident" entity="entity12" entityref="ne" ne="organization">
                        <grup.nom gen="m" num="s">
                          <n lem="Tribunal_Penal" ne="organization" pos="np0000o" postype="proper" sense="16:cs1" wd="Tribunal_Penal"/>
                          <sp>
                            <prep>
                              <s lem="de" pos="sps00" postype="preposition" wd="de"/>
                            </prep>
                            <sn coreftype="ident" entity="entity13" entityref="ne" ne="location">
                              <grup.nom>
                                <n lem="La_Haya" ne="location" pos="np0000l" postype="proper" sense="16:06537474" wd="La_Haya"/>
                              </grup.nom>
                            </sn>
                          </sp>
                        </grup.nom>
                      </sn>
                    </sp>
                    <S clausetype="relative">
                      <relatiu arg="arg0" coreftype="ident" entity="entity12" entityref="spec" func="suj" tem="agt">
                        <p gen="c" lem="que" num="c" pos="pr0cn000" postype="relative" wd="que"/>
                      </relatiu>
                      <grup.verb>
                        <v lem="juzgar" lss="A21.transitive-agentive-patient" mood="indicative" num="s" person="3" pos="vmip3s0" postype="main" tense="present" wd="juzga"/>
                      </grup.verb>
                      <sn arg="arg1" coreftype="ident" entity="entity14" entityref="nne" func="cd" homophoricDD="yes" tem="pat">
                        <spec gen="m" num="p">
                          <d gen="m" lem="el" num="p" pos="da0mp0" postype="article" wd="los"/>
                        </spec>
                        <grup.nom gen="m" num="p">
                          <n gen="m" lem="crimen" num="p" pos="ncmp000" postype="common" sense="16:00490590" wd="crímenes"/>
                          <sp>
                            <prep>
                              <s lem="de" pos="sps00" postype="preposition" wd="de"/>
                            </prep>
                            <sn>
                              <grup.nom gen="f" num="s">
                                <n gen="f" lem="guerra" num="s" pos="ncfs000" postype="common" sense="16:00626011" wd="guerra"/>
                              </grup.nom>
                            </sn>
                          </sp>
                          <sp>
                            <prep>
                              <s lem="en" pos="sps00" postype="preposition" wd="en"/>
                            </prep>
                            <sn entity="entity18" entityref="ne" ne="location">
                              <spec gen="f" num="s">
                                <d gen="f" lem="el" num="s" pos="da0fs0" postype="article" wd="la"/>
                              </spec>
                              <grup.nom gen="f" num="s">
                                <s.a gen="f" num="s">
                                  <grup.a gen="f" num="s">
                                    <a gen="f" lem="antiguo" num="s" pos="aq0fs0" postype="qualificative" wd="antigua"/>
                                  </grup.a>
                                </s.a>
                                <n lem="Yugoslavia" ne="location" pos="np0000l" postype="proper" sense="16:06468727" wd="Yugoslavia"/>
                              </grup.nom>
                            </sn>
                          </sp>
                        </grup.nom>
                      </sn>
                    </S>
                  </grup.nom>
                </sn>
              </sp>
            </grup.nom>
          </sn>
        </sp>
      </grup.nom>
    </sn>
    <S arg="argM" clausetype="adverbial" func="cc" tem="adv">
      <f lem="," pos="fc" punct="comma" wd=","/>
      <conj conjunctiontype="subordinating">
        <c lem="como" pos="cs" postype="subordinating" wd="como"/>
      </conj>
      <grup.verb>
        <v lem="reclamar" lss="A32.ditransitive-patient-benefactive" mood="indicative" num="s" person="3" pos="vmip3s0" postype="main" tense="present" wd="reclama"/>
      </grup.verb>
      <sn arg="arg0" entity="entity15" entityref="ne" func="suj" ne="person" tem="agt">
        <spec gen="f" num="s">
          <d gen="f" lem="el" num="s" pos="da0fs0" postype="article" wd="la"/>
        </spec>
        <grup.nom gen="f" num="s">
          <n gen="c" lem="fiscal" num="s" pos="nccs000" postype="common" sense="16:07507504" wd="fiscal"/>
          <s.a gen="f" num="s">
            <grup.a gen="f" num="s">
              <n gen="m" lem="jefe" num="s" pos="ncms000" postype="common" sense="16:07398661" wd="jefe"/>
            </grup.a>
          </s.a>
          <sp>
            <prep>
              <s lem="de" pos="sps00" postype="preposition" wd="de"/>
            </prep>
            <sn coreftype="ident" entity="entity12" entityref="spec">
              <spec gen="f" num="s">
                <d gen="f" lem="ese" num="s" pos="dd0fs0" postype="demonstrative" wd="esa"/>
              </spec>
              <grup.nom gen="f" num="s">
                <n gen="f" lem="corte" num="s" pos="ncfs000" postype="common" sense="16:cs1" wd="corte"/>
                <s.a func="cn" gen="f" num="s">
                  <grup.a gen="f" num="s">
                    <a gen="c" lem="internacional" num="s" pos="aq0cs0" postype="qualificative" wd="internacional"/>
                  </grup.a>
                </s.a>
              </grup.nom>
            </sn>
          </sp>
          <sn corefsubtype="definit" coreftype="pred" entity="entity15" entityref="ne" ne="person">
            <f lem="," pos="fc" punct="comma" wd=","/>
            <grup.nom gen="f" num="s">
              <n lem="Carla_del_Ponte" ne="person" pos="np0000p" postype="proper" sense="16:cs1" wd="Carla_del_Ponte"/>
            </grup.nom>
          </sn>
        </grup.nom>
      </sn>
    </S>
    <f lem="." pos="fp" punct="period" wd="."/>
  </sentence>
  <sentence>
    <S arg="arg1" clausetype="completive" coord="yes" func="cd" tem="pat">
      <f lem="&quot;" pos="fe" punct="quotation" wd="&quot;"/>
      <S clausetype="completive">
        <sn arg="arg1" coreftype="ident" elliptic="yes" entity="entity16" entityref="nne" func="suj" tem="tem"/>
        <neg func="mod">
          <r lem="no" pos="rn" postype="negative" wd="No"/>
        </neg>
        <grup.verb>
          <v lem="ser" lss="C21.state-attributive" mood="indicative" num="s" person="3" pos="vsip3s0" postype="semiauxiliary" tense="present" wd="es"/>
        </grup.verb>
        <sn arg="arg2" func="atr" tem="atr">
          <spec gen="m" num="s">
            <d gen="m" lem="uno" num="s" pos="di0ms0" postype="indefinite" wd="un"/>
          </spec>
          <grup.nom gen="m" num="s">
            <n gen="m" lem="asunto" num="s" pos="ncms000" postype="common" sense="16:04479710" wd="asunto"/>
            <sp>
              <prep>
                <s lem="de" pos="sps00" postype="preposition" wd="de"/>
              </prep>
              <sn coreftype="ident" entity="entity4" entityref="ne" ne="organization">
                <spec gen="f" num="s">
                  <d gen="f" lem="el" num="s" pos="da0fs0" postype="article" wd="la"/>
                </spec>
                <grup.nom gen="f" num="s">
                  <n lem="OTAN" ne="organization" pos="np0000o" postype="proper" sense="16:06076869" wd="OTAN"/>
                </grup.nom>
              </sn>
            </sp>
          </grup.nom>
        </sn>
        <f lem="," pos="fc" punct="comma" wd=","/>
      </S>
      <conj conjunctiontype="coordinating">
        <c lem="pero" pos="cc" postype="coordinating" wd="pero"/>
      </conj>
      <S clausetype="completive">
        <sn arg="arg0" entityref="nne" func="suj" homophoricDD="yes" tem="agt">
          <spec gen="m" num="s">
            <d gen="m" lem="todo" num="s" pos="di0ms0" postype="indefinite" wd="todo"/>
            <d gen="m" lem="el" num="s" pos="da0ms0" postype="article" wd="el"/>
          </spec>
          <grup.nom gen="m" num="s">
            <n gen="m" lem="mundo" num="s" pos="ncms000" postype="common" sense="16:05957670" wd="mundo"/>
            <sp>
              <prep>
                <s lem="en" pos="sps00" postype="preposition" wd="en"/>
              </prep>
              <sn coreftype="ident" entity="entity4" entityref="ne" ne="organization">
                <spec gen="f" num="s">
                  <d gen="f" lem="el" num="s" pos="da0fs0" postype="article" wd="la"/>
                </spec>
                <grup.nom gen="f" num="s">
                  <n lem="Alianza" ne="organization" pos="np0000o" postype="proper" sense="16:cs1" wd="Alianza"/>
                </grup.nom>
              </sn>
            </sp>
          </grup.nom>
        </sn>
        <sn arg="arg1" coreftype="ident" entity="entity16" entityref="nne" func="cd" tem="pat">
          <grup.nom gen="m" num="s">
            <p case="accusative" gen="m" lem="él" num="s" person="3" pos="pp3msa00" postype="personal" wd="lo"/>
          </grup.nom>
        </sn>
        <grup.verb>
          <v lem="apoyar" lss="A21.transitive-agentive-patient" mood="indicative" num="s" person="3" pos="vmip3s0" postype="main" tense="present" wd="apoya"/>
        </grup.verb>
      </S>
      <f lem="&quot;" pos="fe" punct="quotation" wd="&quot;"/>
      <f lem="," pos="fc" punct="comma" wd=","/>
    </S>
    <grup.verb>
      <v lem="señalar" lss="A31.ditransitive-patient-locative" mood="indicative" num="s" person="3" pos="vmis3s0" postype="main" tense="past" wd="señaló"/>
    </grup.verb>
    <sn arg="arg0" coreftype="ident" entity="entity6" entityref="nne" func="suj" tem="agt">
      <spec gen="f" num="s">
        <d gen="f" lem="el" num="s" pos="da0fs0" postype="article" wd="la"/>
      </spec>
      <grup.nom gen="f" num="s">
        <n gen="f" lem="fuente" num="s" pos="ncfs000" postype="common" sense="16:07338656" wd="fuente"/>
      </grup.nom>
    </sn>
    <f lem="." pos="fp" punct="period" wd="."/>
  </sentence>
  <sentence>
    <sp arg="argM" func="cc" tem="adv">
      <prep>
        <s contracted="yes" gen="m" lem="al" num="s" pos="spcms" postype="preposition" wd="Al"/>
      </prep>
      <sn entityref="lex">
        <spec gen="m" num="s">
          <d gen="m" lem="mismo" num="s" pos="di0ms0" postype="indefinite" wd="mismo"/>
        </spec>
        <grup.nom gen="m" num="s">
          <n gen="m" lem="tiempo" num="s" pos="ncms000" postype="common" sense="16:00015594" wd="tiempo"/>
        </grup.nom>
      </sn>
      <f lem="," pos="fc" punct="comma" wd=","/>
    </sp>
    <sn arg="arg0" coreftype="ident" entity="entity6" entityref="nne" func="suj" tem="agt">
      <spec gen="m" num="s">
        <d gen="m" lem="el" num="s" pos="da0ms0" postype="article" wd="el"/>
      </spec>
      <grup.nom gen="m" num="s">
        <n gen="c" lem="responsable" num="s" pos="nccs000" postype="common" sense="16:07311393" wd="responsable"/>
        <S clausetype="participle" impersonal="yes">
          <participi>
            <a gen="m" lem="aliado" num="s" pos="aq0msp" posfunction="participle" postype="qualificative" wd="aliado"/>
          </participi>
        </S>
      </grup.nom>
    </sn>
    <grup.verb>
      <v lem="reiterar" lss="A21.transitive-agentive-patient" mood="indicative" num="s" person="3" pos="vmis3s0" postype="main" tense="past" wd="reiteró"/>
    </grup.verb>
    <S arg="arg1" clausetype="completive" func="cd" tem="pat">
      <conj conjunctiontype="subordinating">
        <c lem="que" pos="cs" postype="subordinating" wd="que"/>
      </conj>
      <sn arg="arg1" entity="entity19" entityref="nne" func="suj" homophoricDD="yes" tem="tem">
        <spec gen="f" num="s">
          <d gen="f" lem="el" num="s" pos="da0fs0" postype="article" wd="la"/>
        </spec>
        <grup.nom gen="f" num="s">
          <n gen="f" lem="detención" lexicalid="noun.detención.3.default" num="s" origin="deverbal" pos="ncfs000" postype="common" sense="16:00743461" wd="detención"/>
          <sp arg="arg1" func="cn" tem="pat">
            <prep>
              <s lem="de" pos="sps00" postype="preposition" wd="de"/>
            </prep>
            <sn coreftype="ident" entity="entity17" entityref="nne" homophoricDD="yes">
              <spec gen="m" num="p">
                <d gen="m" lem="el" num="p" pos="da0mp0" postype="article" wd="los"/>
              </spec>
              <grup.nom gen="m" num="p">
                <n gen="m" lem="acusado" num="p" pos="ncmp000" postype="common" sense="16:07059160" wd="acusados"/>
                <sp>
                  <prep>
                    <s lem="de" pos="sps00" postype="preposition" wd="de"/>
                  </prep>
                  <sn coreftype="ident" entity="entity14" entityref="nne">
                    <grup.nom gen="m" num="p">
                      <n gen="m" lem="crimen" num="p" pos="ncmp000" postype="common" sense="16:00490590" wd="crímenes"/>
                      <sp>
                        <prep>
                          <s lem="de" pos="sps00" postype="preposition" wd="de"/>
                        </prep>
                        <sn>
                          <grup.nom gen="f" num="s">
                            <n gen="f" lem="guerra" num="s" pos="ncfs000" postype="common" sense="16:00626011" wd="guerra"/>
                          </grup.nom>
                        </sn>
                      </sp>
                      <sp>
                        <prep>
                          <s lem="en" pos="sps00" postype="preposition" wd="en"/>
                        </prep>
                        <sn coreftype="ident" entity="entity18" entityref="ne" ne="location">
                          <spec gen="f" num="s">
                            <d gen="f" lem="el" num="s" pos="da0fs0" postype="article" wd="la"/>
                          </spec>
                          <grup.nom gen="f" num="s">
                            <s.a gen="f" num="s">
                              <grup.a gen="f" num="s">
                                <a gen="f" lem="antiguo" num="s" pos="aq0fs0" postype="qualificative" wd="antigua"/>
                              </grup.a>
                            </s.a>
                            <n lem="Yugoslavia" ne="location" pos="np0000l" postype="proper" sense="16:06468727" wd="Yugoslavia"/>
                          </grup.nom>
                        </sn>
                      </sp>
                    </grup.nom>
                  </sn>
                </sp>
              </grup.nom>
            </sn>
          </sp>
        </grup.nom>
      </sn>
      <grup.verb>
        <v lem="ser" lss="C21.state-attributive" mood="indicative" num="s" person="3" pos="vsip3s0" postype="semiauxiliary" tense="present" wd="es"/>
      </grup.verb>
      <sn arg="arg2" corefsubtype="indefinit" coreftype="pred" entity="entity19" func="atr" tem="atr">
        <f lem="&quot;" pos="fe" punct="quotation" wd="&quot;"/>
        <spec gen="m" num="s">
          <d gen="m" lem="uno" num="s" pos="di0ms0" postype="indefinite" wd="un"/>
        </spec>
        <grup.nom gen="m" num="s">
          <n gen="m" lem="asunto" num="s" pos="ncms000" postype="common" sense="16:04479710" wd="asunto"/>
          <s.a gen="m" num="s">
            <grup.a gen="m" num="s">
              <a gen="c" lem="legal" num="s" pos="aq0cs0" postype="qualificative" wd="legal"/>
            </grup.a>
          </s.a>
          <f lem="&quot;" pos="fe" punct="quotation" wd="&quot;"/>
          <sp>
            <neg adjunct="yes">
              <r lem="no" pos="rn" postype="negative" wd="no"/>
            </neg>
            <sp>
              <prep>
                <s lem="de" pos="sps00" postype="preposition" wd="de"/>
              </prep>
              <sn coreftype="ident" entity="entity4" entityref="ne" ne="organization">
                <spec gen="f" num="s">
                  <d gen="f" lem="el" num="s" pos="da0fs0" postype="article" wd="la"/>
                </spec>
                <grup.nom gen="f" num="s">
                  <n lem="Alianza_Atlántica" ne="organization" pos="np0000o" postype="proper" sense="16:cs1" wd="Alianza_Atlántica"/>
                </grup.nom>
              </sn>
            </sp>
          </sp>
          <S clausetype="relative">
            <f lem="," pos="fc" punct="comma" wd=","/>
            <relatiu arg="arg1" coreftype="ident" entity="entity19" entityref="nne" func="suj" tem="tem">
              <p gen="c" lem="que" num="c" pos="pr0cn000" postype="relative" wd="que"/>
            </relatiu>
            <grup.verb>
              <v lem="atañer" lss="C41.state-benefactive" mood="indicative" num="s" person="3" pos="vmip3s0" postype="main" tense="present" wd="atañe"/>
            </grup.verb>
            <sp arg="arg2" func="ci" tem="ben">
              <prep>
                <s lem="a" pos="sps00" postype="preposition" wd="a"/>
              </prep>
              <sn entityref="nne" homophoricDD="yes">
                <spec gen="f" num="s">
                  <d gen="f" lem="el" num="s" pos="da0fs0" postype="article" wd="la"/>
                </spec>
                <grup.nom gen="f" num="s">
                  <n gen="f" lem="comunidad" num="s" pos="ncfs000" postype="common" sense="16:05972379" wd="comunidad"/>
                  <s.a gen="f" num="s">
                    <grup.a gen="f" num="s">
                      <a gen="c" lem="internacional" num="s" pos="aq0cs0" postype="qualificative" wd="internacional"/>
                    </grup.a>
                  </s.a>
                </grup.nom>
              </sn>
            </sp>
          </S>
        </grup.nom>
      </sn>
    </S>
    <f lem="." pos="fp" punct="period" wd="."/>
  </sentence>
</article>
