<?xml version="1.0" encoding="UTF-8"?>
<!-- 

  ancora-2.0
       
			Copyright (C) 2007, 2008, 2009, 2010, 2011 UB - CLiC
			Centre de Llenguatge i Computació - Universitat de Barcelona
 
  This file is part of ancora-2.0.
 
  ancora-2.0 is free software and data: you can redistribute it and/or modify
  it under the terms of the GNU General Public License as published
  by the Free Software Foundation, either version 3 of the License,
  or (at your option) any later version.

  ancora-2.0 is distributed in the hope that it will be useful,
  but WITHOUT ANY WARRANTY; without even the implied warranty of
  MERCHANTABILITY or FITNESS FOR A PARTICULAR PURPOSE.  See the
  GNU General Public License for more details.
 
  You should have received a copy of the GNU General Public License
  along with ancora-2.0.  If not, see &lt;http://www.gnu.org/licenses/&gt;.
 
  Check a text in catalan explaining the terms of the license at http://www.softcatala.cat/wiki/GPL3.
  In spanish at http://www.viti.es/gnu/licenses/gpl.html
 

  The following paper must be cited when using this corpus:

 * Taulé, M., M.A. Martí, M. Recasens (2008) 'Ancora: Multilevel Annotated Corpora for Catalan and Spanish',
   Proceedings of 6th International Conference on Language Resources and Evaluation. Marrakesh (Morocco).

  In addition, the following paper must be cited if coreference information (attributes entity, coreftype,
  corefsubtype, homophoricDD or entityref) is used:

 * Recasens, Marta, M. Antònia Martí (2010) ‘AnCora-CO: Coreferentially annotated corpora for Spanish and
   Catalan’. Language Resources and Evaluation, Springer Science.

  Additionally, the following paper must be cited when argumental attributes in "sn" or "grup.nom"
  (attributes func, arg, tem or lexicalid) are used:

 * Peris, Aina, Mariona Taulé, Horacio Rodríguez (2010) ‘Semantic Annotation of Deverbal Nominalizations in the
   Spanish AnCora corpus’. Treebanks and Linguistic Theories (TLT-2010), Estonia.
-->
<article lng="es">
  <sentence entity="entity4">
    <sn arg="arg0" entity="entity2" entityref="ne" func="suj" ne="organization" tem="agt">
      <spec gen="f" num="s">
        <d gen="f" lem="el" num="s" pos="da0fs0" postype="article" wd="La"/>
      </spec>
      <grup.nom gen="f" num="s">
        <n lem="Bolsa_de_París" ne="organization" pos="np0000o" postype="proper" sense="16:cs1" wd="Bolsa_de_París"/>
      </grup.nom>
    </sn>
    <grup.verb>
      <v lem="acoger" lss="A21.transitive-agentive-patient" mood="indicative" num="s" person="3" pos="vmis3s0" postype="main" tense="past" wd="acogió"/>
    </grup.verb>
    <sadv arg="argM" func="cc" tem="tmp">
      <grup.adv>
        <r lem="hoy" pos="rg" wd="hoy"/>
      </grup.adv>
    </sadv>
    <sp arg="argM" coord="yes" func="cc" tem="adv">
      <sp>
        <prep>
          <s lem="con" pos="sps00" postype="preposition" wd="con"/>
        </prep>
        <sn entityref="nne">
          <grup.nom gen="m" num="s">
            <n gen="m" lem="champán" num="s" pos="ncms000" postype="common" sense="16:05918311" wd="champán"/>
          </grup.nom>
        </sn>
        <f lem="," pos="fc" punct="comma" wd=","/>
      </sp>
      <conj conjunctiontype="coordinating">
        <c lem="pero" pos="cc" postype="coordinating" wd="pero"/>
      </conj>
      <sp>
        <sadv adjunct="yes">
          <grup.adv>
            <r lem="también" pos="rg" wd="también"/>
          </grup.adv>
        </sadv>
        <sp>
          <prep>
            <s lem="con" pos="sps00" postype="preposition" wd="con"/>
          </prep>
          <sn entity="entity9" entityref="nne">
            <spec gen="f" num="s">
              <d gen="f" lem="uno" num="s" pos="di0fs0" postype="indefinite" wd="una"/>
            </spec>
            <grup.nom gen="f" num="s">
              <s.a func="cn" gen="f" num="s">
                <grup.a gen="f" num="s">
                  <a gen="c" lem="importante" num="s" pos="aq0cs0" postype="qualificative" wd="importante"/>
                </grup.a>
              </s.a>
              <n gen="f" lem="caída" lexicalid="noun.caída.1.default" num="s" origin="deverbal" pos="ncfs000" postype="common" sense="16:03985255" wd="caída"/>
            </grup.nom>
          </sn>
        </sp>
      </sp>
    </sp>
    <sn arg="arg1" entity="entity5" entityref="nne" func="cd" homophoricDD="yes" tem="pat">
      <spec gen="m" num="s">
        <d gen="m" lem="el" num="s" pos="da0ms0" postype="article" wd="el"/>
      </spec>
      <grup.nom gen="m" num="s">
        <n gen="m" lem="nacimiento" lexicalid="noun.nacimiento.3.default" num="s" origin="deverbal" pos="ncms000" postype="common" sense="16:10867147" wd="nacimiento"/>
        <s.a func="cn" gen="m" num="s">
          <grup.a gen="m" num="s">
            <a gen="m" lem="jurídico" num="s" pos="aq0ms0" postype="qualificative" wd="jurídico"/>
          </grup.a>
        </s.a>
        <sp arg="arg1" func="cn" tem="tem">
          <prep>
            <s lem="de" pos="sps00" postype="preposition" wd="de"/>
          </prep>
          <sn entity="entity3" entityref="ne" ne="organization">
            <grup.nom>
              <n lem="Euronext" ne="organization" pos="np0000o" postype="proper" sense="16:cs1" wd="Euronext"/>
              <sn>
                <f lem="," pos="fc" punct="comma" wd=","/>
                <grup.nom gen="m" num="s">
                  <n gen="m" lem="fruto" num="s" pos="ncms000" postype="common" sense="16:09423815" wd="fruto"/>
                  <sp>
                    <prep>
                      <s lem="de" pos="sps00" postype="preposition" wd="de"/>
                    </prep>
                    <sn entityref="nne">
                      <spec arg="arg1" gen="f" num="s" tem="tem">
                        <d coreftype="ident" entity="entity2" entityref="spec" gen="c" lem="su" num="s" person="3" pos="dp3cs0" postype="possessive" wd="su"/>
                      </spec>
                      <grup.nom gen="f" num="s">
                        <n gen="f" lem="fusión" lexicalid="noun.fusión.1.default" num="s" origin="deverbal" pos="ncfs000" postype="common" sense="16:00804210" wd="fusión"/>
                        <sp arg="arg2" func="cn" tem="cot">
                          <prep>
                            <s lem="con" pos="sps00" postype="preposition" wd="con"/>
                          </prep>
                          <sn entityref="nne" homophoricDD="yes">
                            <spec gen="f" num="p">
                              <d gen="f" lem="el" num="p" pos="da0fp0" postype="article" wd="las"/>
                            </spec>
                            <grup.nom gen="f" num="p">
                              <n gen="f" lem="plaza" num="p" pos="ncfp000" postype="common" sense="16:cs1" wd="plazas"/>
                              <s.a gen="f" num="p">
                                <grup.a gen="f" num="p">
                                  <a gen="f" lem="financiero" num="p" pos="aq0fp0" postype="qualificative" wd="financieras"/>
                                </grup.a>
                              </s.a>
                              <sp>
                                <prep>
                                  <s lem="de" pos="sps00" postype="preposition" wd="de"/>
                                </prep>
                                <sn complex="yes">
                                  <grup.nom coord="yes">
                                    <grup.nom entity="entity6">
                                      <n lem="Amsterdam" ne="location" pos="np0000l" postype="proper" sense="16:06537161" wd="Amsterdam"/>
                                    </grup.nom>
                                    <conj conjunctiontype="coordinating">
                                      <c lem="y" pos="cc" postype="coordinating" wd="y"/>
                                    </conj>
                                    <grup.nom entity="entity7">
                                      <n lem="Bruselas" ne="location" pos="np0000l" postype="proper" sense="16:06491630" wd="Bruselas"/>
                                    </grup.nom>
                                  </grup.nom>
                                </sn>
                              </sp>
                            </grup.nom>
                          </sn>
                        </sp>
                      </grup.nom>
                    </sn>
                  </sp>
                </grup.nom>
              </sn>
            </grup.nom>
          </sn>
        </sp>
      </grup.nom>
    </sn>
    <f lem="." pos="fp" punct="period" wd="."/>
  </sentence>
  <sentence>
    <sn arg="arg1" entityref="nne" func="suj" tem="tem">
      <spec gen="m" num="p">
        <d gen="m" lem="varios" num="p" pos="di0mp0" postype="indefinite" wd="Varios"/>
      </spec>
      <grup.nom gen="m" num="p">
        <n gen="m" lem="centenar" num="p" pos="ncmp000" postype="common" sense="16:09901877" wd="centenares"/>
        <sp>
          <prep>
            <s lem="de" pos="sps00" postype="preposition" wd="de"/>
          </prep>
          <sn>
            <grup.nom gen="f" num="p">
              <n gen="f" lem="persona" num="p" pos="ncfp000" postype="common" sense="16:00004123" wd="personas"/>
            </grup.nom>
          </sn>
        </sp>
      </grup.nom>
    </sn>
    <grup.verb>
      <v lem="acudir" lss="B22.unaccusative-passive-transitive" mood="indicative" num="p" person="3" pos="vmis3p0" postype="main" tense="past" wd="acudieron"/>
    </grup.verb>
    <sp arg="arg2" func="cc" tem="loc">
      <prep>
        <s contracted="yes" gen="m" lem="al" num="s" pos="spcms" postype="preposition" wd="al"/>
      </prep>
      <sn entity="entity1" entityref="ne" ne="location">
        <grup.nom gen="m" num="s">
          <n gen="m" lem="palacio" num="s" pos="ncms000" postype="common" sense="16:03080223" wd="palacio"/>
          <sn entityref="ne" ne="location">
            <grup.nom gen="m" num="s">
              <n lem="Brongniart" ne="location" pos="np0000l" postype="proper" sense="16:cs1" wd="Brongniart"/>
            </grup.nom>
          </sn>
          <sn corefsubtype="definit" coreftype="pred" entity="entity1">
            <f lem="," pos="fc" punct="comma" wd=","/>
            <grup.nom gen="f" num="s">
              <n gen="f" lem="sede" num="s" pos="ncfs000" postype="common" sense="16:06331456" wd="sede"/>
              <s.a gen="f" num="s">
                <grup.a gen="f" num="s">
                  <a gen="f" lem="simbólico" num="s" pos="aq0fs0" postype="qualificative" wd="simbólica"/>
                </grup.a>
              </s.a>
              <sp>
                <prep>
                  <s lem="de" pos="sps00" postype="preposition" wd="de"/>
                </prep>
                <sn coreftype="ident" entity="entity2" entityref="ne" ne="organization">
                  <spec gen="f" num="s">
                    <d gen="f" lem="el" num="s" pos="da0fs0" postype="article" wd="la"/>
                  </spec>
                  <grup.nom gen="f" num="s">
                    <n lem="Bolsa" ne="organization" pos="np0000o" postype="proper" sense="16:cs1" wd="Bolsa"/>
                    <s.a gen="f" num="s">
                      <grup.a gen="f" num="s">
                        <a gen="c" lem="parisiense" num="s" pos="aq0cs0" postype="qualificative" wd="parisiense"/>
                      </grup.a>
                    </s.a>
                  </grup.nom>
                </sn>
              </sp>
            </grup.nom>
            <f lem="," pos="fc" punct="comma" wd=","/>
          </sn>
          <S clausetype="relative">
            <relatiu arg="arg1" coreftype="ident" entity="entity1" entityref="spec" func="suj" tem="tem">
              <p gen="c" lem="que" num="c" pos="pr0cn000" postype="relative" wd="que"/>
            </relatiu>
            <grup.verb>
              <v lem="amanecer" lss="C11.state-existential" mood="indicative" num="s" person="3" pos="vmis3s0" postype="main" tense="past" wd="amaneció"/>
            </grup.verb>
            <S arg="argM" clausetype="participle" func="cc" impersonal="yes" tem="atr">
              <participi>
                <a gen="m" lem="cubierto" lss="B22.unaccusative-passive-transitive" num="s" pos="aq0msp" posfunction="participle" postype="qualificative" wd="cubierto"/>
              </participi>
              <sp arg="arg2" func="cc" tem="ins">
                <prep>
                  <s lem="con" pos="sps00" postype="preposition" wd="con"/>
                </prep>
                <sn entityref="nne" homophoricDD="yes">
                  <spec gen="m" num="p">
                    <d gen="m" lem="el" num="p" pos="da0mp0" postype="article" wd="los"/>
                  </spec>
                  <grup.nom gen="m" num="p">
                    <n gen="m" lem="color" num="p" pos="ncmp000" postype="common" sense="16:03875475" wd="colores"/>
                    <sp>
                      <prep>
                        <s lem="de" pos="sps00" postype="preposition" wd="de"/>
                      </prep>
                      <sn coreftype="ident" entity="entity3" entityref="ne" ne="organization">
                        <grup.nom>
                          <n lem="Euronext" ne="organization" pos="np0000o" postype="proper" sense="16:cs1" wd="Euronext"/>
                        </grup.nom>
                      </sn>
                    </sp>
                    <sn coord="yes">
                      <f lem="," pos="fc" punct="comma" wd=","/>
                      <sn entityref="nne" homophoricDD="yes">
                        <spec gen="m" num="s">
                          <d gen="m" lem="el" num="s" pos="da0ms0" postype="article" wd="el"/>
                        </spec>
                        <grup.nom gen="m" num="s">
                          <n gen="m" lem="amarillo" num="s" pos="ncms000" postype="common" sense="16:03881286" wd="amarillo"/>
                        </grup.nom>
                      </sn>
                      <conj conjunctiontype="coordinating">
                        <c lem="y" pos="cc" postype="coordinating" wd="y"/>
                      </conj>
                      <sn entityref="nne" homophoricDD="yes">
                        <spec gen="m" num="s">
                          <d gen="m" lem="el" num="s" pos="da0ms0" postype="article" wd="el"/>
                        </spec>
                        <grup.nom gen="m" num="s">
                          <n gen="m" lem="azul" num="s" pos="ncms000" postype="common" sense="16:03883954" wd="azul"/>
                        </grup.nom>
                      </sn>
                      <f lem="," pos="fc" punct="comma" wd=","/>
                    </sn>
                    <sp>
                      <prep>
                        <s lem="en" pos="sps00" postype="preposition" wd="en"/>
                      </prep>
                      <sn>
                        <grup.nom gen="f" num="s">
                          <n gen="f" lem="forma" num="s" pos="ncfs000" postype="common" sense="16:03952527" wd="forma"/>
                          <sp>
                            <prep>
                              <s lem="de" pos="sps00" postype="preposition" wd="de"/>
                            </prep>
                            <sn entityref="nne">
                              <grup.nom gen="f" num="p">
                                <n gen="f" lem="banda" num="p" pos="ncfp000" postype="common" sense="16:03430059" wd="bandas"/>
                                <S clausetype="participle" impersonal="yes">
                                  <participi>
                                    <a gen="f" lem="situado" lss="B22.unaccusative-passive-transitive" num="p" pos="aq0fpp" posfunction="participle" postype="qualificative" wd="situadas"/>
                                  </participi>
                                  <sp arg="arg2" func="cc" tem="loc">
                                    <prep>
                                      <s lem="entre" pos="sps00" postype="preposition" wd="entre"/>
                                    </prep>
                                    <sn entityref="nne" homophoricDD="yes">
                                      <spec gen="f" num="p">
                                        <d gen="f" lem="el" num="p" pos="da0fp0" postype="article" wd="las"/>
                                        <d gen="c" lem="catorce" num="p" pos="dn0cp0" postype="numeral" wd="catorce"/>
                                      </spec>
                                      <grup.nom gen="f" num="p">
                                        <n gen="f" lem="columna" num="p" pos="ncfp000" postype="common" sense="16:02473776" wd="columnas"/>
                                        <sp>
                                          <prep>
                                            <s lem="de" pos="sps00" postype="preposition" wd="de"/>
                                          </prep>
                                          <sn entityref="nne" homophoricDD="yes">
                                            <spec gen="f" num="s">
                                              <d gen="f" lem="el" num="s" pos="da0fs0" postype="article" wd="la"/>
                                            </spec>
                                            <grup.nom gen="f" num="s">
                                              <n gen="f" lem="fachada" num="s" pos="ncfs000" postype="common" sense="16:02659695" wd="fachada"/>
                                              <sp>
                                                <prep>
                                                  <s contracted="yes" gen="m" lem="del" num="s" pos="spcms" postype="preposition" wd="del"/>
                                                </prep>
                                                <sn coreftype="ident" entity="entity1" entityref="spec">
                                                  <grup.nom gen="m" num="s">
                                                    <n gen="m" lem="edificio" num="s" pos="ncms000" postype="common" sense="16:02347413" wd="edificio"/>
                                                  </grup.nom>
                                                </sn>
                                              </sp>
                                            </grup.nom>
                                          </sn>
                                        </sp>
                                      </grup.nom>
                                    </sn>
                                  </sp>
                                </S>
                              </grup.nom>
                            </sn>
                          </sp>
                        </grup.nom>
                      </sn>
                    </sp>
                  </grup.nom>
                </sn>
              </sp>
            </S>
          </S>
        </grup.nom>
      </sn>
    </sp>
    <f lem="." pos="fp" punct="period" wd="."/>
  </sentence>
  <sentence coord="yes">
    <S>
      <sn arg="arg0" coreftype="ident" entity="entity1" entityref="spec" func="suj" homophoricDD="yes" tem="agt">
        <spec gen="f" num="s">
          <d gen="f" lem="el" num="s" pos="da0fs0" postype="article" wd="La"/>
        </spec>
        <grup.nom gen="f" num="s">
          <n gen="f" lem="centralita" num="s" pos="ncfs000" postype="common" sense="16:03456767" wd="centralita"/>
          <sp>
            <prep>
              <s lem="de" pos="sps00" postype="preposition" wd="de"/>
            </prep>
            <sn coreftype="ident" entity="entity2" entityref="ne" ne="organization">
              <spec gen="f" num="s">
                <d gen="f" lem="el" num="s" pos="da0fs0" postype="article" wd="la"/>
              </spec>
              <grup.nom gen="f" num="s">
                <n lem="Bolsa_de_París" ne="organization" pos="np0000o" postype="proper" sense="16:cs1" wd="Bolsa_de_París"/>
              </grup.nom>
            </sn>
          </sp>
        </grup.nom>
      </sn>
      <morfema.pronominal>
        <p gen="c" lem="él" num="c" person="3" pos="p0300000" wd="se"/>
      </morfema.pronominal>
      <grup.verb>
        <v lem="haber" mood="indicative" num="s" person="3" pos="vaip3s0" postype="auxiliary" tense="present" wd="ha"/>
        <v gen="m" lem="poner" lss="A22.transitive-agentive-theme" mood="participle" num="s" pos="vmp00sm" postype="main" wd="puesto"/>
      </grup.verb>
      <sadv func="mod">
        <grup.adv>
          <r lem="también" pos="rg" wd="también"/>
        </grup.adv>
      </sadv>
      <sadv arg="argL" func="cc">
        <grup.adv>
          <r lem="al_día" pos="rg" wd="al_día"/>
        </grup.adv>
      </sadv>
      <sp arg="arg1" func="cc" tem="tem">
        <prep>
          <s lem="de" pos="sps00" postype="preposition" wd="de"/>
        </prep>
        <sn coreftype="ident" entity="entity3" entityref="spec">
          <spec gen="f" num="s">
            <d coreftype="ident" entity="entity1" entityref="spec" gen="c" lem="su" num="s" person="3" pos="dp3cs0" postype="possessive" wd="su"/>
          </spec>
          <grup.nom gen="f" num="s">
            <s.a gen="f" num="s">
              <grup.a gen="f" num="s">
                <a gen="f" lem="nuevo" num="s" pos="aq0fs0" postype="qualificative" wd="nueva"/>
              </grup.a>
            </s.a>
            <n gen="f" lem="realidad" num="s" pos="ncfs000" postype="common" sense="16:10054966" wd="realidad"/>
          </grup.nom>
        </sn>
      </sp>
    </S>
    <conj conjunctiontype="coordinating">
      <c lem="y" pos="cc" postype="coordinating" wd="y"/>
    </conj>
    <S>
      <sn arg="arg0" coreftype="ident" elliptic="yes" entity="entity1" entityref="nne" func="suj" tem="agt"/>
      <morfema.pronominal>
        <p gen="c" lem="él" num="c" person="3" pos="p0300000" wd="se"/>
      </morfema.pronominal>
      <grup.verb>
        <v lem="identificar" lss="A21.transitive-agentive-patient" mood="indicative" num="s" person="3" pos="vmip3s0" postype="main" tense="present" wd="identifica"/>
      </grup.verb>
      <sp arg="argM" func="cpred" predicate="suj" tem="atr">
        <prep>
          <c lem="como" pos="cs" postype="subordinating" wd="como"/>
        </prep>
        <sn entityref="ne" ne="organization">
          <grup.nom>
            <f lem="&quot;" pos="fe" punct="quotation" wd="&quot;"/>
            <n lem="Euronext_París" ne="organization" pos="np0000o" postype="proper" sense="16:cs1" wd="Euronext_París"/>
            <f lem="&quot;" pos="fe" punct="quotation" wd="&quot;"/>
          </grup.nom>
        </sn>
      </sp>
    </S>
    <f lem="." pos="fp" punct="period" wd="."/>
  </sentence>
  <sentence>
    <sn arg="arg1" corefsubtype="token" coreftype="dx" entity="entity4" entityref="nne" func="suj" homophoricDD="yes" tem="pat">
      <spec gen="m" num="s">
        <d gen="m" lem="el" num="s" pos="da0ms0" postype="article" wd="El"/>
      </spec>
      <grup.nom gen="m" num="s">
        <n gen="m" lem="brindis" num="c" pos="ncmn000" postype="common" sense="16:05910868" wd="brindis"/>
        <sp>
          <prep>
            <s lem="por" pos="sps00" postype="preposition" wd="por"/>
          </prep>
          <sn coreftype="ident" entity="entity5" entityref="nne" homophoricDD="yes">
            <spec gen="m" num="s">
              <d gen="m" lem="el" num="s" pos="da0ms0" postype="article" wd="el"/>
            </spec>
            <grup.nom gen="m" num="s">
              <n gen="m" lem="nacimiento" lexicalid="noun.nacimiento.3.default" num="s" origin="deverbal" pos="ncms000" postype="common" sense="16:10867147" wd="nacimiento"/>
              <sp arg="arg1" func="cn" tem="tem">
                <prep>
                  <s lem="de" pos="sps00" postype="preposition" wd="de"/>
                </prep>
                <sn coreftype="ident" entity="entity3" entityref="ne" ne="organization">
                  <spec gen="f" num="s">
                    <d gen="f" lem="el" num="s" pos="da0fs0" postype="article" wd="la"/>
                  </spec>
                  <grup.nom gen="f" num="s">
                    <s.a gen="f" num="s">
                      <grup.a gen="f" num="s">
                        <a gen="f" lem="primero" num="s" pos="ao0fs0" postype="ordinal" wd="primera"/>
                      </grup.a>
                    </s.a>
                    <n lem="Bolsa" ne="organization" pos="np0000o" postype="proper" sense="16:cs1" wd="Bolsa"/>
                    <s.a gen="f" num="s">
                      <spec>
                        <r lem="parcialmente" pos="rg" wd="parcialmente"/>
                      </spec>
                      <grup.a gen="f" num="s">
                        <a gen="f" lem="paneuropeo" num="s" pos="aq0fs0" postype="qualificative" wd="paneuropea"/>
                      </grup.a>
                    </s.a>
                  </grup.nom>
                </sn>
              </sp>
            </grup.nom>
          </sn>
        </sp>
      </grup.nom>
    </sn>
    <grup.verb>
      <v lem="ser" mood="indicative" num="s" person="3" pos="vsis3s0" postype="semiauxiliary" tense="past" wd="fue"/>
      <v gen="m" lem="transmitir" lss="B22.unaccusative-passive-transitive" mood="participle" num="s" pos="vmp00sm" postype="main" wd="transmitido"/>
    </grup.verb>
    <sadv arg="argM" func="cc" tem="adv">
      <grup.adv>
        <r lem="en_diferido" pos="rg" wd="en_diferido"/>
      </grup.adv>
    </sadv>
    <sp arg="argM" coord="yes" func="cc" tem="loc">
      <sp>
        <prep>
          <s lem="a" pos="sps00" postype="preposition" wd="a"/>
        </prep>
        <sn coreftype="ident" entity="entity6" entityref="ne" ne="location">
          <grup.nom>
            <n lem="Amsterdam" ne="location" pos="np0000l" postype="proper" sense="16:06537161" wd="Amsterdam"/>
            <S clausetype="relative">
              <f lem="," pos="fc" punct="comma" wd=","/>
              <relatiu arg="argM" coreftype="ident" entity="entity6" entityref="spec" func="cc" tem="loc">
                <p gen="c" lem="donde" num="c" pos="pr000000" postype="relative" wd="donde"/>
              </relatiu>
              <morfema.pronominal>
                <p gen="c" lem="él" num="c" person="3" pos="p0300000" wd="se"/>
              </morfema.pronominal>
              <grup.verb>
                <v lem="desarrollar" lss="B21.unaccusative-state" mood="indicative" num="s" person="3" pos="vmis3s0" postype="main" tense="past" wd="desarrolló"/>
              </grup.verb>
              <sn arg="arg1" entityref="nne" func="suj" homophoricDD="yes" tem="tem">
                <spec gen="f" num="s">
                  <d gen="f" lem="el" num="s" pos="da0fs0" postype="article" wd="la"/>
                </spec>
                <grup.nom gen="f" num="s">
                  <n gen="f" lem="ceremonia" num="s" pos="ncfs000" postype="common" sense="16:05539741" wd="ceremonia"/>
                  <sp>
                    <prep>
                      <s lem="de" pos="sps00" postype="preposition" wd="de"/>
                    </prep>
                    <sn coreftype="ident" entity="entity5" entityref="nne">
                      <grup.nom gen="m" num="s">
                        <n gen="m" lem="nacimiento" lexicalid="noun.nacimiento.3.default" num="s" origin="deverbal" pos="ncms000" postype="common" sense="16:10867147" wd="nacimiento"/>
                        <s.a func="cn" gen="m" num="s">
                          <grup.a gen="m" num="s">
                            <a gen="c" lem="oficial" num="s" pos="aq0cs0" postype="qualificative" wd="oficial"/>
                          </grup.a>
                        </s.a>
                        <sp arg="arg1" func="cn" tem="tem">
                          <prep>
                            <s lem="de" pos="sps00" postype="preposition" wd="de"/>
                          </prep>
                          <sn coreftype="ident" entity="entity3" entityref="ne" ne="organization">
                            <grup.nom>
                              <n lem="Euronext" ne="organization" pos="np0000o" postype="proper" sense="16:cs1" wd="Euronext"/>
                            </grup.nom>
                          </sn>
                        </sp>
                      </grup.nom>
                    </sn>
                  </sp>
                </grup.nom>
              </sn>
            </S>
          </grup.nom>
        </sn>
        <f lem="," pos="fc" punct="comma" wd=","/>
      </sp>
      <conj conjunctiontype="coordinating">
        <c lem="y" pos="cc" postype="coordinating" wd="y"/>
      </conj>
      <sp>
        <prep>
          <s lem="a" pos="sps00" postype="preposition" wd="a"/>
        </prep>
        <sn coreftype="ident" entity="entity7" entityref="ne" ne="location">
          <grup.nom>
            <n lem="Bruselas" ne="location" pos="np0000l" postype="proper" sense="16:06491630" wd="Bruselas"/>
          </grup.nom>
        </sn>
      </sp>
    </sp>
    <f lem="." pos="fp" punct="period" wd="."/>
  </sentence>
  <sentence>
    <sadv arg="argM" func="cc" tem="adv">
      <grup.adv>
        <r lem="mientras_tanto" pos="rg" wd="Mientras_tanto"/>
      </grup.adv>
      <f lem="," pos="fc" punct="comma" wd=","/>
    </sadv>
    <sn arg="arg0" entity="entity8" entityref="ne" func="suj" ne="other" tem="cau">
      <spec gen="m" num="s">
        <d gen="m" lem="el" num="s" pos="da0ms0" postype="article" wd="el"/>
      </spec>
      <grup.nom gen="m" num="s">
        <s.a gen="m" num="s">
          <grup.a gen="m" num="s">
            <a gen="c" lem="principal" num="s" pos="aq0cs0" postype="qualificative" wd="principal"/>
          </grup.a>
        </s.a>
        <n gen="m" lem="índice" num="s" pos="ncms000" postype="common" sense="16:04981133" wd="índice"/>
        <sp>
          <prep>
            <s lem="de" pos="sps00" postype="preposition" wd="de"/>
          </prep>
          <sn coreftype="ident" entity="entity2" entityref="ne" ne="organization">
            <spec gen="f" num="s">
              <d gen="f" lem="el" num="s" pos="da0fs0" postype="article" wd="la"/>
            </spec>
            <grup.nom gen="f" num="s">
              <n lem="Bolsa_de_París" ne="organization" pos="np0000o" postype="proper" sense="16:cs1" wd="Bolsa_de_París"/>
            </grup.nom>
          </sn>
        </sp>
        <sn corefsubtype="definit" coreftype="pred" entity="entity8" entityref="ne" ne="other">
          <f lem="," pos="fc" punct="comma" wd=","/>
          <spec gen="m" num="s">
            <d gen="m" lem="el" num="s" pos="da0ms0" postype="article" wd="el"/>
          </spec>
          <grup.nom gen="m" num="s">
            <z lem="cac-40" ne="number" wd="CAC-40"/>
          </grup.nom>
          <f lem="," pos="fc" punct="comma" wd=","/>
        </sn>
      </grup.nom>
    </sn>
    <grup.verb>
      <v lem="abrir" lss="A11.transitive-causative" mood="indicative" num="s" person="3" pos="vmis3s0" postype="main" tense="past" wd="abrió"/>
    </grup.verb>
    <sn arg="arg1" entity="entity11" entityref="nne" func="cd" homophoricDD="yes" tem="tem">
      <spec gen="f" num="s">
        <d gen="f" lem="el" num="s" pos="da0fs0" postype="article" wd="la"/>
      </spec>
      <grup.nom gen="f" num="s">
        <n gen="f" lem="sesión" lexicalid="noun.sesión.1.default" num="s" origin="deverbal" pos="ncfs000" postype="common" sense="16:00799933" wd="sesión"/>
        <sp arg="argM" func="cn" tem="tmp">
          <prep>
            <s lem="de" pos="sps00" postype="preposition" wd="de"/>
          </prep>
          <sadv>
            <grup.adv>
              <r lem="hoy" pos="rg" wd="hoy"/>
            </grup.adv>
          </sadv>
        </sp>
      </grup.nom>
    </sn>
    <sp arg="argM" func="cc" tem="adv">
      <prep>
        <s lem="con" pos="sps00" postype="preposition" wd="con"/>
      </prep>
      <sn coreftype="ident" entity="entity9" entityref="nne">
        <spec gen="f" num="s">
          <d gen="f" lem="uno" num="s" pos="di0fs0" postype="indefinite" wd="una"/>
        </spec>
        <grup.nom gen="f" num="s">
          <s.a func="cn" gen="f" num="s">
            <grup.a gen="f" num="s">
              <a gen="c" lem="fuerte" num="s" pos="aq0cs0" postype="qualificative" wd="fuerte"/>
            </grup.a>
          </s.a>
          <n gen="f" lem="bajada" lexicalid="noun.bajada.3.anticausative" num="s" origin="deverbal" pos="ncfs000" postype="common" sense="16:03985255" wd="bajada"/>
          <sp arg="arg2" func="cn" tem="ext">
            <prep>
              <s contracted="yes" gen="m" lem="del" num="s" pos="spcms" postype="preposition" wd="del"/>
            </prep>
            <sn entityref="ne" ne="number">
              <grup.nom gen="m" num="s">
                <z lem="2,38_%" ne="number" pos="zp" postype="percentage" wd="2,38_por_ciento"/>
              </grup.nom>
            </sn>
          </sp>
          <sp arg="arg4" func="cn" tem="efi">
            <prep>
              <s lem="a" pos="sps00" postype="preposition" wd="a"/>
            </prep>
            <sn entityref="ne" ne="number">
              <spec gen="m" num="p">
                <z lem="6105" ne="number" wd="6.105"/>
              </spec>
              <grup.nom gen="m" num="p">
                <n gen="m" lem="punto" num="p" pos="ncmp000" postype="common" sense="16:cs1" wd="puntos"/>
              </grup.nom>
            </sn>
          </sp>
          <sn corefsubtype="indefinit" coreftype="pred" entity="entity9" func="cn">
            <f lem="," pos="fc" punct="comma" wd=","/>
            <spec gen="f" num="s">
              <d gen="f" lem="uno" num="s" pos="di0fs0" postype="indefinite" wd="una"/>
            </spec>
            <grup.nom gen="f" num="s">
              <n gen="f" lem="tendencia" lexicalid="noun.tendencia.1.default" num="s" origin="deverbal" pos="ncfs000" postype="common" sense="16:06390652" wd="tendencia"/>
              <S clausetype="relative" func="cn">
                <relatiu arg="arg1" coreftype="ident" entity="entity9" entityref="nne" func="suj" tem="tem">
                  <p gen="c" lem="que" num="c" pos="pr0cn000" postype="relative" wd="que"/>
                </relatiu>
                <grup.verb>
                  <v lem="continuar" lss="C11.state-existential" mood="indicative" num="s" person="3" pos="vmis3s0" postype="main" tense="past" wd="continuó"/>
                </grup.verb>
                <sp arg="argM" func="cc" tem="tmp">
                  <prep>
                    <s lem="a_lo_largo_de" pos="sps00" postype="preposition" wd="a_lo_largo_de"/>
                  </prep>
                  <sn entityref="nne">
                    <grup.nom gen="f" num="s">
                      <s.a gen="f" num="s">
                        <grup.a gen="f" num="s">
                          <a gen="c" lem="gran" num="s" pos="aq0cs0" postype="qualificative" wd="gran"/>
                        </grup.a>
                      </s.a>
                      <n gen="f" lem="parte" num="s" pos="ncfs000" postype="common" sense="16:03296757" wd="parte"/>
                      <sp>
                        <prep>
                          <s lem="de" pos="sps00" postype="preposition" wd="de"/>
                        </prep>
                        <sn coreftype="ident" entity="entity11" entityref="nne">
                          <spec gen="f" num="s">
                            <d gen="f" lem="el" num="s" pos="da0fs0" postype="article" wd="la"/>
                          </spec>
                          <grup.nom gen="f" num="s">
                            <n gen="f" lem="sesión" lexicalid="noun.sesión.1.default" num="s" origin="deverbal" pos="ncfs000" postype="common" sense="16:00799933" wd="sesión"/>
                          </grup.nom>
                        </sn>
                      </sp>
                    </grup.nom>
                  </sn>
                </sp>
              </S>
            </grup.nom>
          </sn>
        </grup.nom>
      </sn>
    </sp>
    <S clausesubtype="concessive" clausetype="adverbial" func="ao">
      <f lem="," pos="fc" punct="comma" wd=","/>
      <conj conjunctiontype="subordinating">
        <c lem="aunque" pos="cs" postype="subordinating" wd="aunque"/>
      </conj>
      <morfema.verbal func="pass">
        <p gen="c" lem="se" num="c" pos="p0000000" wd="se"/>
      </morfema.verbal>
      <grup.verb>
        <v lem="enjugar" lss="B22.unaccusative-passive-transitive" mood="indicative" num="p" person="3" pos="vmis3p0" postype="main" tense="past" wd="enjugaron"/>
      </grup.verb>
      <sadv arg="argM" func="cc" tem="adv">
        <grup.adv>
          <r lem="un_tanto" pos="rg" wd="un_tanto"/>
        </grup.adv>
      </sadv>
      <sn arg="arg1" entityref="nne" func="suj" homophoricDD="yes" tem="pat">
        <spec gen="f" num="p">
          <d gen="f" lem="el" num="p" pos="da0fp0" postype="article" wd="las"/>
        </spec>
        <grup.nom gen="f" num="p">
          <n gen="f" lem="pérdida" lexicalid="noun.pérdida.1.default" num="p" origin="deverbal" pos="ncfp000" postype="common" sense="16:09595129" wd="pérdidas"/>
        </grup.nom>
      </sn>
    </S>
    <f lem="." pos="fp" punct="period" wd="."/>
  </sentence>
  <sentence>
    <sadv func="et">
      <grup.adv>
        <r lem="así" pos="rg" wd="Así"/>
      </grup.adv>
      <f lem="," pos="fc" punct="comma" wd=","/>
    </sadv>
    <sp arg="argM" func="cc" tem="tmp">
      <prep>
        <s lem="a" pos="sps00" postype="preposition" wd="a"/>
      </prep>
      <sn entity="entity12" entityref="ne" ne="date">
        <spec gen="f" num="p">
          <d gen="f" lem="el" num="p" pos="da0fp0" postype="article" wd="las"/>
        </spec>
        <grup.nom gen="f" num="p">
          <z lem="15.25" ne="number" wd="15.25"/>
          <sn>
            <grup.nom gen="f" num="s">
              <n gen="f" lem="hora" num="s" pos="ncfs000" postype="common" sense="16:10846536" wd="hora"/>
              <s.a gen="f" num="s">
                <grup.a gen="f" num="s">
                  <a gen="c" lem="local" num="s" pos="aq0cs0" postype="qualificative" wd="local"/>
                </grup.a>
              </s.a>
            </grup.nom>
          </sn>
          <sn entityref="ne" ne="date">
            <f lem="(" pos="fpa" punct="bracket" punctenclose="open" wd="("/>
            <spec gen="m" num="p">
              <z lem="13.25" ne="number" wd="13.25"/>
            </spec>
            <grup.nom gen="f" num="p">
              <n gen="c" lem="GMT" num="c" pos="nc00000" postype="common" sense="16:cs1" wd="GMT"/>
            </grup.nom>
            <f lem=")" pos="fpt" punct="bracket" punctenclose="close" wd=")"/>
          </sn>
          <S clausetype="relative">
            <f lem="," pos="fc" punct="comma" wd=","/>
            <relatiu arg="argM" coreftype="ident" entity="entity12" entityref="spec" func="cc" tem="tmp">
              <p gen="c" lem="cuando" num="c" pos="pr000000" postype="relative" wd="cuando"/>
            </relatiu>
            <sadv arg="argM" func="cc" tem="tmp">
              <grup.adv>
                <r lem="ya" pos="rg" wd="ya"/>
              </grup.adv>
            </sadv>
            <morfema.verbal func="pass">
              <p gen="c" lem="se" num="c" pos="p0000000" wd="se"/>
            </morfema.verbal>
            <grup.verb>
              <v lem="haber" mood="indicative" num="s" person="3" pos="vaii3s0" postype="auxiliary" tense="imperfect" wd="había"/>
              <v gen="m" lem="anunciar" lss="B22.unaccusative-passive-transitive" mood="participle" num="s" pos="vmp00sm" postype="main" wd="anunciado"/>
            </grup.verb>
            <sn arg="arg1" entityref="nne" func="suj" homophoricDD="yes" tem="pat">
              <spec gen="f" num="s">
                <d gen="f" lem="el" num="s" pos="da0fs0" postype="article" wd="la"/>
              </spec>
              <grup.nom gen="f" num="s">
                <n gen="f" lem="intervención" lexicalid="noun.intervención.1.default" num="s" origin="deverbal" pos="ncfs000" postype="common" sense="16:00691229" wd="intervención"/>
                <S clausetype="participle" func="cn" impersonal="yes">
                  <participi>
                    <a gen="f" lem="concertado" num="s" pos="aq0fsp" posfunction="participle" postype="qualificative" wd="concertada"/>
                  </participi>
                </S>
                <sp arg="argM" func="cn" tem="mnr">
                  <prep>
                    <s lem="en" pos="sps00" postype="preposition" wd="en"/>
                  </prep>
                  <sn>
                    <grup.nom gen="m" num="s">
                      <n gen="m" lem="apoyo" lexicalid="noun.apoyo.3.default" num="s" origin="deverbal" pos="ncms000" postype="common" sense="16:00786193" wd="apoyo"/>
                      <sp arg="arg1" func="cn" tem="pat">
                        <prep>
                          <s contracted="yes" gen="m" lem="del" num="s" pos="spcms" postype="preposition" wd="del"/>
                        </prep>
                        <sn entityref="nne" homophoricDD="yes">
                          <grup.nom gen="m" num="s">
                            <n gen="m" lem="euro" num="s" pos="ncms000" postype="common" sense="16:50000420" wd="euro"/>
                          </grup.nom>
                        </sn>
                      </sp>
                    </grup.nom>
                  </sn>
                </sp>
                <sp arg="arg0" coord="yes" func="cn" tem="agt">
                  <sp>
                    <prep>
                      <s contracted="yes" gen="m" lem="del" num="s" pos="spcms" postype="preposition" wd="del"/>
                    </prep>
                    <sn entity="entity13" entityref="ne" ne="organization">
                      <grup.nom gen="m" num="s">
                        <n lem="Banco_Central_Europeo" ne="organization" pos="np0000o" postype="proper" sense="16:cs1" wd="Banco_Central_Europeo"/>
                        <sn corefsubtype="definit" coreftype="pred" entity="entity13" entityref="ne" ne="organization">
                          <grup.nom gen="m" num="s">
                            <f lem="(" pos="fpa" punct="bracket" punctenclose="open" wd="("/>
                            <n lem="BCE" ne="organization" pos="np0000o" postype="proper" sense="16:cs1" wd="BCE"/>
                            <f lem=")" pos="fpt" punct="bracket" punctenclose="close" wd=")"/>
                          </grup.nom>
                        </sn>
                      </grup.nom>
                    </sn>
                  </sp>
                  <f lem="," pos="fc" punct="comma" wd=","/>
                  <sp>
                    <prep>
                      <s lem="de" pos="sps00" postype="preposition" wd="de"/>
                    </prep>
                    <sn entityref="ne" ne="organization">
                      <spec gen="f" num="s">
                        <d gen="f" lem="el" num="s" pos="da0fs0" postype="article" wd="la"/>
                      </spec>
                      <grup.nom gen="f" num="s">
                        <n lem="Reserva_Federal_Estadounidense" ne="organization" pos="np0000o" postype="proper" sense="16:cs1" wd="Reserva_Federal_Estadounidense"/>
                      </grup.nom>
                    </sn>
                  </sp>
                  <conj conjunctiontype="coordinating">
                    <c lem="y" pos="cc" postype="coordinating" wd="y"/>
                  </conj>
                  <sp>
                    <prep>
                      <s contracted="yes" gen="m" lem="del" num="s" pos="spcms" postype="preposition" wd="del"/>
                    </prep>
                    <sn entityref="ne" ne="organization">
                      <grup.nom gen="m" num="s">
                        <n lem="Banco_Central_de_Japón" ne="organization" pos="np0000o" postype="proper" sense="16:cs1" wd="Banco_Central_de_Japón"/>
                      </grup.nom>
                    </sn>
                  </sp>
                </sp>
              </grup.nom>
            </sn>
          </S>
        </grup.nom>
      </sn>
      <f lem="," pos="fc" punct="comma" wd=","/>
    </sp>
    <sn arg="arg1" coreftype="ident" entity="entity8" entityref="ne" func="suj" ne="other" tem="tem">
      <spec gen="m" num="s">
        <d gen="m" lem="el" num="s" pos="da0ms0" postype="article" wd="el"/>
      </spec>
      <grup.nom gen="m" num="s">
        <z lem="cac-40" ne="number" wd="CAC-40"/>
      </grup.nom>
    </sn>
    <morfema.pronominal>
      <p gen="c" lem="él" num="c" person="3" pos="p0300000" wd="se"/>
    </morfema.pronominal>
    <grup.verb>
      <v lem="situar" lss="B21.unaccusative-state" mood="indicative" num="s" person="3" pos="vmii3s0" postype="main" tense="imperfect" wd="situaba"/>
    </grup.verb>
    <sp arg="arg2" func="creg" tem="ext">
      <prep>
        <s lem="en" pos="sps00" postype="preposition" wd="en"/>
      </prep>
      <sn entityref="ne" ne="number">
        <sn entityref="ne" ne="number">
          <spec gen="m" num="p">
            <z lem="6145" ne="number" wd="6.145"/>
          </spec>
          <grup.nom gen="m" num="p">
            <n gen="m" lem="punto" num="p" pos="ncmp000" postype="common" sense="16:cs1" wd="puntos"/>
          </grup.nom>
        </sn>
        <sn adjunct="yes" entityref="ne" ne="number">
          <f lem="," pos="fc" punct="comma" wd=","/>
          <spec gen="m" num="s">
            <d gen="m" lem="uno" num="s" pos="di0ms0" postype="indefinite" wd="un"/>
          </spec>
          <grup.nom gen="m" num="s">
            <z lem="1,75_%" ne="number" pos="zp" postype="percentage" wd="1,75_por_ciento"/>
            <sp>
              <prep>
                <s contracted="yes" gen="m" lem="por_debajo_del" num="s" pos="spcms" postype="preposition" wd="por_debajo_del"/>
              </prep>
              <sn entityref="nne" homophoricDD="yes">
                <grup.nom gen="m" num="s">
                  <n gen="m" lem="cierre" lexicalid="noun.cierre.4.default" num="s" origin="deverbal" pos="ncms000" postype="common" sense="16:00148822" wd="cierre"/>
                  <sp arg="argM" func="cn" tem="tmp">
                    <prep>
                      <s lem="de" pos="sps00" postype="preposition" wd="de"/>
                    </prep>
                    <sadv>
                      <grup.adv>
                        <r lem="ayer" pos="rg" wd="ayer"/>
                        <sn entityref="ne" ne="date">
                          <f lem="," pos="fc" punct="comma" wd=","/>
                          <grup.nom gen="m" num="s">
                            <w lem="[jueves:??/??/??:??.??]" ne="date" wd="jueves"/>
                          </grup.nom>
                        </sn>
                      </grup.adv>
                    </sadv>
                  </sp>
                </grup.nom>
              </sn>
            </sp>
          </grup.nom>
        </sn>
      </sn>
    </sp>
    <f lem="." pos="fp" punct="period" wd="."/>
  </sentence>
</article>
