<?xml version="1.0" encoding="UTF-8"?>
<!-- 

  ancora-2.0
       
			Copyright (C) 2007, 2008, 2009, 2010, 2011 UB - CLiC
			Centre de Llenguatge i Computació - Universitat de Barcelona
 
  This file is part of ancora-2.0.
 
  ancora-2.0 is free software and data: you can redistribute it and/or modify
  it under the terms of the GNU General Public License as published
  by the Free Software Foundation, either version 3 of the License,
  or (at your option) any later version.

  ancora-2.0 is distributed in the hope that it will be useful,
  but WITHOUT ANY WARRANTY; without even the implied warranty of
  MERCHANTABILITY or FITNESS FOR A PARTICULAR PURPOSE.  See the
  GNU General Public License for more details.
 
  You should have received a copy of the GNU General Public License
  along with ancora-2.0.  If not, see &lt;http://www.gnu.org/licenses/&gt;.
 
  Check a text in catalan explaining the terms of the license at http://www.softcatala.cat/wiki/GPL3.
  In spanish at http://www.viti.es/gnu/licenses/gpl.html
 

  The following paper must be cited when using this corpus:

 * Taulé, M., M.A. Martí, M. Recasens (2008) 'Ancora: Multilevel Annotated Corpora for Catalan and Spanish',
   Proceedings of 6th International Conference on Language Resources and Evaluation. Marrakesh (Morocco).

  In addition, the following paper must be cited if coreference information (attributes entity, coreftype,
  corefsubtype, homophoricDD or entityref) is used:

 * Recasens, Marta, M. Antònia Martí (2010) ‘AnCora-CO: Coreferentially annotated corpora for Spanish and
   Catalan’. Language Resources and Evaluation, Springer Science.

  Additionally, the following paper must be cited when argumental attributes in "sn" or "grup.nom"
  (attributes func, arg, tem or lexicalid) are used:

 * Peris, Aina, Mariona Taulé, Horacio Rodríguez (2010) ‘Semantic Annotation of Deverbal Nominalizations in the
   Spanish AnCora corpus’. Treebanks and Linguistic Theories (TLT-2010), Estonia.
-->
<article lng="es">
  <sentence>
    <sn arg="arg0" entity="entity1" entityref="ne" func="suj" ne="person" tem="agt">
      <spec gen="m" num="s">
        <d gen="m" lem="el" num="s" pos="da0ms0" postype="article" wd="El"/>
      </spec>
      <grup.nom gen="m" num="s">
        <n gen="m" lem="ministro" num="s" pos="ncms000" postype="common" sense="16:07412658" wd="ministro"/>
        <s.a gen="m" num="s">
          <grup.a gen="m" num="s">
            <a gen="m" lem="egipcio" num="s" pos="aq0ms0" postype="qualificative" wd="egipcio"/>
          </grup.a>
        </s.a>
        <sp>
          <prep>
            <s contracted="yes" gen="m" lem="del" num="s" pos="spcms" postype="preposition" wd="del"/>
          </prep>
          <sn entityref="ne" ne="organization">
            <grup.nom gen="m" num="s">
              <n lem="Interior" ne="organization" pos="np00000" postype="proper" wd="Interior"/>
            </grup.nom>
          </sn>
        </sp>
        <sn corefsubtype="definit" coreftype="pred" entity="entity1" entityref="ne" ne="person">
          <f lem="," pos="fc" punct="comma" wd=","/>
          <grup.nom gen="m" num="s">
            <n gen="m" lem="general" num="s" pos="ncms000" postype="common" sense="16:07287417" wd="general"/>
            <sn entityref="ne" ne="person">
              <grup.nom gen="m" num="s">
                <n lem="Habib_Al_Adli" ne="person" pos="np00000" postype="proper" wd="Habib_Al_Adli"/>
              </grup.nom>
            </sn>
          </grup.nom>
          <f lem="," pos="fc" punct="comma" wd=","/>
        </sn>
      </grup.nom>
    </sn>
    <grup.verb>
      <v lem="justificar" lss="A21.transitive-agentive-patient" mood="indicative" num="s" person="3" pos="vmis3s0" postype="main" tense="past" wd="justificó"/>
    </grup.verb>
    <sn arg="arg1" entity="entity2" entityref="nne" func="cd" homophoricDD="yes" tem="pat">
      <spec gen="f" num="s">
        <d gen="f" lem="el" num="s" pos="da0fs0" postype="article" wd="la"/>
      </spec>
      <grup.nom gen="f" num="s">
        <n gen="f" lem="ampliación" lexicalid="noun.ampliación.3.default" num="s" origin="deverbal" pos="ncfs000" postype="common" sense="16:00235235" wd="ampliación"/>
        <sp arg="argM" func="cn" tem="tmp">
          <prep>
            <s lem="por" pos="sps00" postype="preposition" wd="por"/>
          </prep>
          <sn entity="entity14">
            <spec gen="m" num="p">
              <d gen="m" lem="otro" num="p" pos="di0mp0" postype="indefinite" wd="otros"/>
              <d gen="c" lem="tres" num="p" pos="dn0cp0" postype="numeral" wd="tres"/>
            </spec>
            <grup.nom gen="m" num="p">
              <n gen="m" lem="año" num="p" pos="ncmp000" postype="common" sense="16:10917509" wd="años"/>
            </grup.nom>
          </sn>
        </sp>
        <sp arg="arg1" func="cn" tem="tem">
          <prep>
            <s contracted="yes" gen="m" lem="del" num="s" pos="spcms" postype="preposition" wd="del"/>
          </prep>
          <sn entity="entity3" entityref="nne" homophoricDD="yes">
            <grup.nom gen="m" num="s">
              <n gen="m" lem="estado" lexicalid="noun.estado.1.default" num="s" origin="deverbal" pos="ncms000" postype="common" sense="16:00016185" wd="estado"/>
              <sp arg="arg2" func="cn" tem="atr">
                <prep>
                  <s lem="de" pos="sps00" postype="preposition" wd="de"/>
                </prep>
                <sn>
                  <grup.nom gen="f" num="s">
                    <n gen="f" lem="emergencia" lexicalid="noun.emergencia.1.default" num="s" origin="deverbal" pos="ncfs000" postype="common" sense="16:05520260" wd="emergencia"/>
                  </grup.nom>
                </sn>
              </sp>
              <s.a func="cn" gen="m" num="s">
                <f lem="," pos="fc" punct="comma" wd=","/>
                <grup.a gen="m" num="s">
                  <a gen="c" lem="vigente" num="s" pos="aq0cs0" postype="qualificative" wd="vigente"/>
                  <sp>
                    <prep>
                      <s lem="en" pos="sps00" postype="preposition" wd="en"/>
                    </prep>
                    <sn entity="entity5" entityref="spec">
                      <spec gen="m" num="s">
                        <d gen="m" lem="el" num="s" pos="da0ms0" postype="article" wd="el"/>
                      </spec>
                      <grup.nom gen="m" num="s">
                        <n gen="m" lem="país" num="s" pos="ncms000" postype="common" sense="16:06299747" wd="país"/>
                      </grup.nom>
                    </sn>
                  </sp>
                  <sp>
                    <prep>
                      <s lem="desde" pos="sps00" postype="preposition" wd="desde"/>
                    </prep>
                    <sn entityref="ne" ne="date">
                      <grup.nom gen="m" num="s">
                        <w lem="[??:??/??/1981:??.??]" ne="date" wd="1981"/>
                      </grup.nom>
                    </sn>
                  </sp>
                </grup.a>
                <f lem="," pos="fc" punct="comma" wd=","/>
              </s.a>
            </grup.nom>
          </sn>
        </sp>
      </grup.nom>
    </sn>
    <sp arg="argM" func="cc" tem="tmp">
      <prep>
        <s contracted="yes" gen="m" lem="al" num="s" pos="spcms" postype="preposition" wd="al"/>
      </prep>
      <S clausetype="completive" impersonal="yes">
        <infinitiu>
          <v lem="considerar" lss="A21.transitive-agentive-patient" mood="infinitive" pos="vmn0000" postype="main" wd="considerar"/>
        </infinitiu>
        <S arg="arg1" clausetype="completive" func="cd" tem="pat">
          <conj conjunctiontype="subordinating">
            <c lem="que" pos="cs" postype="subordinating" wd="que"/>
          </conj>
          <sn arg="arg1" coreftype="ident" elliptic="yes" entity="entity2" entityref="nne" func="suj" tem="tem"/>
          <grup.verb>
            <v lem="ser" lss="C21.state-attributive" mood="indicative" num="s" person="3" pos="vsip3s0" postype="semiauxiliary" tense="present" wd="es"/>
          </grup.verb>
          <sa arg="arg2" func="atr" tem="atr">
            <grup.a>
              <a gen="m" lem="necesario" num="s" pos="aq0ms0" postype="qualificative" wd="necesario"/>
              <sp>
                <prep>
                  <s lem="para" pos="sps00" postype="preposition" wd="para"/>
                </prep>
                <S clausetype="completive" impersonal="yes">
                  <infinitiu>
                    <v lem="luchar" lss="A22.transitive-agentive-theme" mood="infinitive" pos="vmn0000" postype="main" wd="luchar"/>
                  </infinitiu>
                  <sp arg="arg1" func="creg" tem="tem">
                    <prep>
                      <s lem="contra" pos="sps00" postype="preposition" wd="contra"/>
                    </prep>
                    <sn entity="entity4" entityref="nne" homophoricDD="yes">
                      <spec gen="m" num="s">
                        <d gen="m" lem="el" num="s" pos="da0ms0" postype="article" wd="el"/>
                      </spec>
                      <grup.nom gen="m" num="s">
                        <n gen="m" lem="terrorismo" num="s" pos="ncms000" postype="common" sense="16:00490349" wd="terrorismo"/>
                      </grup.nom>
                    </sn>
                  </sp>
                </S>
              </sp>
            </grup.a>
          </sa>
        </S>
      </S>
    </sp>
    <f lem="." pos="fp" punct="period" wd="."/>
  </sentence>
  <sentence>
    <S arg="arg1" clausetype="completive" func="cd" tem="pat">
      <f lem="&quot;" pos="fe" punct="quotation" wd="&quot;"/>
      <sn arg="arg0" coreftype="ident" entity="entity3" entityref="nne" func="suj" tem="cau">
        <spec gen="m" num="s">
          <d gen="m" lem="el" num="s" pos="da0ms0" postype="article" wd="El"/>
        </spec>
        <grup.nom gen="m" num="s">
          <n gen="m" lem="estado" lexicalid="noun.estado.1.default" num="s" origin="deverbal" pos="ncms000" postype="common" sense="16:00016185" wd="estado"/>
          <sp arg="arg2" func="cn" tem="atr">
            <prep>
              <s lem="de" pos="sps00" postype="preposition" wd="de"/>
            </prep>
            <sn>
              <grup.nom gen="f" num="s">
                <n gen="f" lem="emergencia" lexicalid="noun.emergencia.1.default" num="s" origin="deverbal" pos="ncfs000" postype="common" sense="16:10368281" wd="emergencia"/>
              </grup.nom>
            </sn>
          </sp>
        </grup.nom>
      </sn>
      <morfema.verbal>
        <p gen="c" lem="se" num="c" pos="p0000000" wd="se"/>
      </morfema.verbal>
      <grup.verb>
        <v lem="ampliar" lss="A11.transitive-causative" mood="indicative" num="s" person="3" pos="vmis3s0" postype="main" tense="past" wd="amplió"/>
      </grup.verb>
      <sp arg="argM" func="cc" tem="fin">
        <prep>
          <c lem="como" pos="cs" postype="subordinating" wd="como"/>
        </prep>
        <sn>
          <grup.nom gen="f" num="s">
            <n gen="f" lem="medida" num="s" pos="ncfs000" postype="common" sense="16:00113217" wd="medida"/>
            <sp>
              <prep>
                <s lem="para" pos="sps00" postype="preposition" wd="para"/>
              </prep>
              <S clausetype="completive" impersonal="yes">
                <infinitiu>
                  <v lem="asegurar" lss="A32.ditransitive-patient-benefactive" mood="infinitive" pos="vmn0000" postype="main" wd="asegurar"/>
                </infinitiu>
                <sn arg="arg1" entityref="nne" func="cd" homophoricDD="yes" tem="pat">
                  <spec gen="m" num="s">
                    <d gen="c" lem="el" num="s" pos="da0ns0" postype="article" wd="lo"/>
                  </spec>
                  <grup.nom gen="m" num="s">
                    <S clausetype="participle" impersonal="yes">
                      <participi>
                        <a gen="m" lem="conseguido" lss="B22.unaccusative-passive-transitive" num="s" pos="aq0msp" posfunction="participle" postype="qualificative" wd="conseguido"/>
                      </participi>
                      <sp arg="argM" func="cc" tem="tmp">
                        <prep>
                          <s lem="en" pos="sps00" postype="preposition" wd="en"/>
                        </prep>
                        <sn entityref="nne" homophoricDD="yes">
                          <spec gen="m" num="p">
                            <d gen="m" lem="el" num="p" pos="da0mp0" postype="article" wd="los"/>
                          </spec>
                          <grup.nom gen="m" num="p">
                            <s.a gen="m" num="p">
                              <grup.a gen="m" num="p">
                                <a gen="m" lem="último" num="p" pos="ao0mp0" postype="ordinal" wd="últimos"/>
                              </grup.a>
                            </s.a>
                            <n gen="m" lem="año" num="p" pos="ncmp000" postype="common" sense="16:10917509" wd="años"/>
                          </grup.nom>
                        </sn>
                      </sp>
                    </S>
                    <S clausesubtype="suj" clausetype="participle">
                      <f lem="," pos="fc" punct="comma" wd=","/>
                      <grup.verb>
                        <v gen="m" lem="incluir" lss="B11.unaccusative-motion" mood="participle" num="s" pos="vmp00sm" postype="main" wd="incluido"/>
                      </grup.verb>
                      <sn arg="arg1" coord="yes" func="suj" tem="tem">
                        <sn entityref="nne" homophoricDD="yes">
                          <spec gen="m" num="s">
                            <d gen="m" lem="el" num="s" pos="da0ms0" postype="article" wd="el"/>
                          </spec>
                          <grup.nom gen="m" num="s">
                            <n gen="m" lem="mantenimiento" num="s" pos="ncms000" postype="common" sense="16:00171721" wd="mantenimiento"/>
                            <sp>
                              <prep>
                                <s lem="de" pos="sps00" postype="preposition" wd="de"/>
                              </prep>
                              <sn entityref="nne" homophoricDD="yes">
                                <spec gen="f" num="s">
                                  <d gen="f" lem="el" num="s" pos="da0fs0" postype="article" wd="la"/>
                                </spec>
                                <grup.nom gen="f" num="s">
                                  <n gen="f" lem="estabilidad" num="s" pos="ncfs000" postype="common" sense="16:10065119" wd="estabilidad"/>
                                </grup.nom>
                              </sn>
                            </sp>
                          </grup.nom>
                        </sn>
                        <conj conjunctiontype="coordinating">
                          <c lem="y" pos="cc" postype="coordinating" wd="y"/>
                        </conj>
                        <sn entityref="nne" homophoricDD="yes">
                          <spec gen="f" num="s">
                            <d gen="f" lem="el" num="s" pos="da0fs0" postype="article" wd="la"/>
                          </spec>
                          <grup.nom gen="f" num="s">
                            <n gen="f" lem="limitación" lexicalid="noun.limitación.1.default" num="s" origin="deverbal" pos="ncfs000" postype="common" sense="16:00516738" wd="limitación"/>
                            <sp arg="arg1" func="cn" tem="pat">
                              <prep>
                                <s lem="de" pos="sps00" postype="preposition" wd="de"/>
                              </prep>
                              <sn entityref="nne" homophoricDD="yes">
                                <spec gen="m" num="p">
                                  <d gen="m" lem="el" num="p" pos="da0mp0" postype="article" wd="los"/>
                                </spec>
                                <grup.nom gen="m" num="p">
                                  <n gen="m" lem="efecto" lexicalid="noun.efecto.2.default" num="p" origin="deverbal" pos="ncmp000" postype="common" sense="16:07766144" wd="efectos"/>
                                  <sp arg="arg0" func="cn" tem="agt">
                                    <prep>
                                      <s lem="de" pos="sps00" postype="preposition" wd="de"/>
                                    </prep>
                                    <sn coord="yes">
                                      <sn entity="entity17" entityref="nne" homophoricDD="yes">
                                        <spec gen="f" num="s">
                                          <d gen="f" lem="el" num="s" pos="da0fs0" postype="article" wd="la"/>
                                        </spec>
                                        <grup.nom gen="f" num="s">
                                          <n gen="f" lem="violencia" lexicalid="noun.violencia.1.default" num="s" origin="deverbal" pos="ncfs000" postype="common" sense="16:10070833" wd="violencia"/>
                                        </grup.nom>
                                      </sn>
                                      <conj conjunctiontype="coordinating">
                                        <c lem="y" pos="cc" postype="coordinating" wd="y"/>
                                      </conj>
                                      <sn entityref="nne" homophoricDD="yes">
                                        <spec gen="m" num="s">
                                          <d gen="m" lem="el" num="s" pos="da0ms0" postype="article" wd="el"/>
                                        </spec>
                                        <grup.nom gen="m" num="s">
                                          <n gen="m" lem="crimen" num="s" pos="ncms000" postype="common" sense="16:00490590" wd="crimen"/>
                                          <S clausetype="participle" impersonal="yes">
                                            <participi>
                                              <a gen="m" lem="organizado" num="s" pos="aq0msp" posfunction="participle" postype="qualificative" wd="organizado"/>
                                            </participi>
                                          </S>
                                        </grup.nom>
                                      </sn>
                                    </sn>
                                  </sp>
                                </grup.nom>
                              </sn>
                            </sp>
                          </grup.nom>
                        </sn>
                      </sn>
                    </S>
                  </grup.nom>
                </sn>
              </S>
            </sp>
          </grup.nom>
        </sn>
      </sp>
      <f lem="&quot;" pos="fe" punct="quotation" wd="&quot;"/>
      <f lem="," pos="fc" punct="comma" wd=","/>
    </S>
    <grup.verb>
      <v lem="afirmar" lss="A32.ditransitive-patient-benefactive" mood="indicative" num="s" person="3" pos="vmip3s0" postype="main" tense="present" wd="afirma"/>
    </grup.verb>
    <sn arg="arg0" coreftype="ident" entity="entity1" entityref="ne" func="suj" ne="person" tem="agt">
      <grup.nom gen="m" num="s">
        <n lem="Al_Adli" ne="person" pos="np00000" postype="proper" wd="Al_Adli"/>
      </grup.nom>
    </sn>
    <sp arg="argM" func="cc" tem="loc">
      <f lem="," pos="fc" punct="comma" wd=","/>
      <prep>
        <s lem="en" pos="sps00" postype="preposition" wd="en"/>
      </prep>
      <sn entityref="nne">
        <spec gen="f" num="s">
          <d gen="f" lem="uno" num="s" pos="di0fs0" postype="indefinite" wd="una"/>
        </spec>
        <grup.nom gen="f" num="s">
          <n gen="f" lem="entrevista" lexicalid="noun.entrevista.1.default" num="s" origin="deverbal" pos="ncfs000" postype="common" sense="16:05377714" wd="entrevista"/>
          <S clausetype="participle" func="cn" impersonal="yes">
            <participi>
              <a gen="f" lem="publicado" lss="B12.unaccusative-passive-ditransitive" num="s" pos="aq0fsp" posfunction="participle" postype="qualificative" wd="publicada"/>
            </participi>
            <sadv arg="argM" func="cc" tem="tmp">
              <grup.adv>
                <r lem="hoy" pos="rg" wd="hoy"/>
                <sn entityref="ne" ne="date">
                  <f lem="," pos="fc" punct="comma" wd=","/>
                  <grup.nom gen="m" num="s">
                    <w lem="[viernes:??/??/??:??.??]" ne="date" wd="viernes"/>
                  </grup.nom>
                  <f lem="," pos="fc" punct="comma" wd=","/>
                </sn>
              </grup.adv>
            </sadv>
            <sp arg="arg0" func="cag" tem="agt">
              <prep>
                <s lem="por" pos="sps00" postype="preposition" wd="por"/>
              </prep>
              <sn entityref="ne" ne="other">
                <spec gen="m" num="s">
                  <d gen="m" lem="el" num="s" pos="da0ms0" postype="article" wd="el"/>
                </spec>
                <grup.nom gen="m" num="s">
                  <n gen="m" lem="diario" num="s" pos="ncms000" postype="common" sense="16:04738466" wd="diario"/>
                  <s.a gen="m" num="s">
                    <grup.a gen="m" num="s">
                      <a gen="m" lem="egipcio" num="s" pos="aq0ms0" postype="qualificative" wd="egipcio"/>
                    </grup.a>
                  </s.a>
                  <sp>
                    <prep>
                      <s lem="de" pos="sps00" postype="preposition" wd="de"/>
                    </prep>
                    <sn>
                      <grup.nom gen="f" num="s">
                        <n gen="f" lem="propiedad" num="s" pos="ncfs000" postype="common" sense="16:09525525" wd="propiedad"/>
                        <s.a gen="f" num="s">
                          <grup.a gen="f" num="s">
                            <a gen="c" lem="estatal" num="s" pos="aq0cs0" postype="qualificative" wd="estatal"/>
                          </grup.a>
                        </s.a>
                      </grup.nom>
                    </sn>
                  </sp>
                  <sn entityref="ne" ne="other">
                    <grup.nom gen="m" num="s">
                      <f lem="&quot;" pos="fe" punct="quotation" wd="&quot;"/>
                      <n lem="Al_Ahram" ne="other" pos="np00000" postype="proper" wd="Al_Ahram"/>
                      <f lem="&quot;" pos="fe" punct="quotation" wd="&quot;"/>
                    </grup.nom>
                  </sn>
                </grup.nom>
              </sn>
            </sp>
          </S>
        </grup.nom>
      </sn>
    </sp>
    <f lem="." pos="fp" punct="period" wd="."/>
  </sentence>
  <sentence>
    <sp arg="argM" func="cc" tem="adv">
      <prep>
        <s lem="para" pos="sps00" postype="preposition" wd="Para"/>
      </prep>
      <sn coreftype="ident" entity="entity1" entityref="spec">
        <spec gen="m" num="s">
          <d gen="m" lem="el" num="s" pos="da0ms0" postype="article" wd="el"/>
        </spec>
        <grup.nom gen="m" num="s">
          <n gen="m" lem="ministro" num="s" pos="ncms000" postype="common" sense="16:07412658" wd="ministro"/>
        </grup.nom>
      </sn>
      <f lem="," pos="fc" punct="comma" wd=","/>
    </sp>
    <f lem="&quot;" pos="fe" punct="quotation" wd="&quot;"/>
    <sn arg="arg1" entityref="nne" func="suj" homophoricDD="yes" tem="tem">
      <spec gen="f" num="s">
        <d gen="f" lem="el" num="s" pos="da0fs0" postype="article" wd="la"/>
      </spec>
      <grup.nom gen="f" num="s">
        <n gen="f" lem="contención" lexicalid="noun.contención.2.default" num="s" origin="deverbal" pos="ncfs000" postype="common" sense="16:00744060" wd="contención"/>
        <sp arg="arg1" func="cn" tem="pat">
          <prep>
            <s contracted="yes" gen="m" lem="del" num="s" pos="spcms" postype="preposition" wd="del"/>
          </prep>
          <sn coreftype="ident" entity="entity4" entityref="nne" homophoricDD="yes">
            <grup.nom gen="m" num="s">
              <n gen="m" lem="terrorismo" num="s" pos="ncms000" postype="common" sense="16:00490349" wd="terrorismo"/>
            </grup.nom>
          </sn>
        </sp>
        <sp arg="argM" func="cn" tem="loc">
          <prep>
            <s lem="en" pos="sps00" postype="preposition" wd="en"/>
          </prep>
          <sn coreftype="ident" entity="entity5" entityref="ne" ne="location">
            <grup.nom>
              <n lem="Egipto" ne="location" pos="np00000" postype="proper" sense="16:06507271" wd="Egipto"/>
            </grup.nom>
          </sn>
        </sp>
      </grup.nom>
    </sn>
    <neg func="mod">
      <r lem="no" pos="rn" postype="negative" wd="no"/>
    </neg>
    <grup.verb>
      <v lem="significar" lss="C21.state-attributive" mood="indicative" num="s" person="3" pos="vmip3s0" postype="main" tense="present" wd="significa"/>
    </grup.verb>
    <S arg="arg2" clausetype="completive" func="cd" functype="quantitative" tem="atr">
      <conj conjunctiontype="subordinating">
        <c lem="que" pos="cs" postype="subordinating" wd="que"/>
      </conj>
      <sn arg="arg1" coreftype="ident" elliptic="yes" entity="entity4" entityref="nne" func="suj" tem="tem"/>
      <grup.verb>
        <v lem="haber" mood="subjunctive" num="s" person="3" pos="vasp3s0" postype="auxiliary" tense="present" wd="haya"/>
        <v gen="m" lem="desaparecer" lss="B11.unaccusative-motion" mood="participle" num="s" pos="vmp00sm" postype="main" wd="desaparecido"/>
      </grup.verb>
      <sp arg="argM" func="cc" tem="loc">
        <prep>
          <s contracted="yes" gen="m" lem="del" num="s" pos="spcms" postype="preposition" wd="del"/>
        </prep>
        <sn coreftype="ident" entity="entity5" entityref="spec">
          <grup.nom gen="m" num="s">
            <n gen="m" lem="país" num="s" pos="ncms000" postype="common" sense="16:06299747" wd="país"/>
          </grup.nom>
        </sn>
        <f lem="&quot;" punct="quotation" wd="&quot;"/>
      </sp>
    </S>
    <f lem="." pos="fp" punct="period" wd="."/>
  </sentence>
  <sentence>
    <S arg="arg1" clausetype="completive" func="cd" tem="pat">
      <f lem="&quot;" punct="quotation" wd="&quot;"/>
      <sn arg="arg0" func="suj" tem="agt">
        <grup.nom gen="m" num="s">
          <p gen="c" lem="nadie" num="s" pos="pi0cs000" postype="indefinite" wd="Nadie"/>
        </grup.nom>
      </sn>
      <grup.verb>
        <v lem="poder" mood="indicative" num="s" person="3" pos="vmip3s0" postype="main" tense="present" wd="puede"/>
        <infinitiu>
          <v lem="proclamar" lss="A21.transitive-agentive-patient" mood="infinitive" pos="vmn0000" postype="main" wd="proclamar"/>
        </infinitiu>
      </grup.verb>
      <S arg="arg1" clausetype="completive" func="cd" tem="pat">
        <conj conjunctiontype="subordinating">
          <c lem="que" pos="cs" postype="subordinating" wd="que"/>
        </conj>
        <sn arg="arg1" coreftype="ident" entity="entity4" entityref="nne" func="suj" homophoricDD="yes" tem="tem">
          <spec gen="m" num="s">
            <d gen="m" lem="el" num="s" pos="da0ms0" postype="article" wd="el"/>
          </spec>
          <grup.nom gen="m" num="s">
            <n gen="m" lem="terrorismo" num="s" pos="ncms000" postype="common" sense="16:00490349" wd="terrorismo"/>
          </grup.nom>
        </sn>
        <morfema.pronominal>
          <p gen="c" lem="él" num="c" person="3" pos="p0300000" wd="se"/>
        </morfema.pronominal>
        <grup.verb>
          <v lem="haber" mood="indicative" num="s" person="3" pos="vaip3s0" postype="auxiliary" tense="present" wd="ha"/>
          <v gen="m" lem="acabar" lss="C11.state-existential" mood="participle" num="s" pos="vmp00sm" postype="main" wd="acabado"/>
        </grup.verb>
        <sp arg="argM" func="cc" tem="loc">
          <prep>
            <s lem="en" pos="sps00" postype="preposition" wd="en"/>
          </prep>
          <sn coreftype="ident" entity="entity5" entityref="ne" ne="location">
            <grup.nom>
              <n lem="Egipto" ne="location" pos="np00000" postype="proper" sense="16:06507271" wd="Egipto"/>
            </grup.nom>
          </sn>
        </sp>
      </S>
      <f lem="&quot;" pos="fe" punct="quotation" wd="&quot;"/>
      <f lem="," pos="fc" punct="comma" wd=","/>
    </S>
    <grup.verb>
      <v lem="decir" lss="A32.ditransitive-patient-benefactive" mood="indicative" num="s" person="3" pos="vmis3s0" postype="main" tense="past" wd="dijo"/>
    </grup.verb>
    <sn arg="arg0" coreftype="ident" elliptic="yes" entity="entity1" entityref="spec" func="suj" tem="agt"/>
    <sp func="ao">
      <prep>
        <s lem="en_referencia_a" pos="sps00" postype="preposition" wd="en_referencia_a"/>
      </prep>
      <sn entity="entity6" entityref="nne" homophoricDD="yes">
        <spec gen="m" num="p">
          <d gen="m" lem="el" num="p" pos="da0mp0" postype="article" wd="los"/>
        </spec>
        <grup.nom gen="m" num="p">
          <n gen="m" lem="grupo" num="p" pos="ncmp000" postype="common" sense="16:00017954" wd="grupos"/>
          <s.a gen="m" num="p">
            <grup.a gen="m" num="p">
              <a gen="c" lem="integrista" num="p" pos="aq0cp0" postype="qualificative" wd="integristas"/>
            </grup.a>
          </s.a>
          <s.a gen="m" num="p">
            <grup.a gen="m" num="p">
              <a gen="m" lem="islámico" num="p" pos="aq0mp0" postype="qualificative" wd="islámicos"/>
            </grup.a>
          </s.a>
          <S clausetype="relative">
            <relatiu arg="arg0" coreftype="ident" entity="entity6" entityref="nne" func="suj" tem="agt">
              <p gen="c" lem="que" num="c" pos="pr0cn000" postype="relative" wd="que"/>
            </relatiu>
            <sp arg="argM" func="cc" tem="tmp">
              <f lem="," pos="fc" punct="comma" wd=","/>
              <prep>
                <s lem="desde" pos="sps00" postype="preposition" wd="desde"/>
              </prep>
              <sn entityref="nne">
                <v lem="hacer" mood="indicative" num="s" person="3" pos="vmip3s0" postype="main" tense="present" wd="hace"/>
                <d gen="c" lem="ocho" num="p" pos="dn0cp0" postype="numeral" wd="ocho"/>
                <n gen="m" lem="año" num="p" pos="ncmp000" postype="common" sense="16:10917509" wd="años"/>
              </sn>
              <f lem="," pos="fc" punct="comma" wd=","/>
            </sp>
            <grup.verb>
              <v lem="mantener" lss="A21.transitive-agentive-patient" mood="indicative" num="p" person="3" pos="vmip3p0" postype="main" tense="present" wd="mantienen"/>
            </grup.verb>
            <sn arg="arg1" entityref="nne" func="cd" homophoricDD="yes" tem="pat">
              <spec gen="f" num="s">
                <d gen="f" lem="el" num="s" pos="da0fs0" postype="article" wd="la"/>
              </spec>
              <grup.nom gen="f" num="s">
                <n gen="f" lem="lucha" lexicalid="noun.lucha.1.default" num="s" origin="deverbal" pos="ncfs000" postype="common" sense="16:00614914" wd="lucha"/>
                <S clausetype="participle" func="cn" impersonal="yes">
                  <participi>
                    <a gen="f" lem="armado" num="s" pos="aq0fsp" posfunction="participle" postype="qualificative" wd="armada"/>
                  </participi>
                </S>
                <sp func="cn">
                  <prep>
                    <c lem="como" pos="cs" postype="subordinating" wd="como"/>
                  </prep>
                  <sn>
                    <grup.nom gen="m" num="s">
                      <n gen="m" lem="método" num="s" pos="ncms000" postype="common" sense="16:02975720" wd="método"/>
                      <sp>
                        <prep>
                          <s lem="para" pos="sps00" postype="preposition" wd="para"/>
                        </prep>
                        <S clausetype="completive" coord="yes" impersonal="yes">
                          <S clausetype="completive" impersonal="yes">
                            <infinitiu>
                              <v lem="derrocar" lss="A21.transitive-agentive-patient" mood="infinitive" pos="vmn0000" postype="main" wd="derrocar"/>
                            </infinitiu>
                            <sp arg="arg1" func="cd" tem="pat">
                              <prep>
                                <s contracted="yes" gen="m" lem="al" num="s" pos="spcms" postype="preposition" wd="al"/>
                              </prep>
                              <sn entity="entity11" entityref="nne" homophoricDD="yes">
                                <grup.nom gen="m" num="s">
                                  <n gen="m" lem="régimen" num="s" pos="ncms000" postype="common" sense="16:06000383" wd="régimen"/>
                                  <s.a gen="m" num="s">
                                    <grup.a gen="m" num="s">
                                      <a gen="c" lem="actual" num="s" pos="aq0cs0" postype="qualificative" wd="actual"/>
                                    </grup.a>
                                  </s.a>
                                </grup.nom>
                              </sn>
                            </sp>
                          </S>
                          <conj conjunctiontype="coordinating">
                            <c lem="e" pos="cc" postype="coordinating" wd="e"/>
                          </conj>
                          <S clausetype="completive" impersonal="yes">
                            <infinitiu>
                              <v lem="imponer" lss="A32.ditransitive-patient-benefactive" mood="infinitive" pos="vmn0000" postype="main" wd="imponer"/>
                            </infinitiu>
                            <sn arg="arg1" entityref="nne" func="cd" tem="pat">
                              <grup.nom gen="m" num="s">
                                <p gen="m" lem="otro" num="s" pos="pi0ms000" postype="indefinite" wd="otro"/>
                                <sp>
                                  <prep>
                                    <s lem="de" pos="sps00" postype="preposition" wd="de"/>
                                  </prep>
                                  <sn>
                                    <grup.nom gen="f" num="s">
                                      <s.a func="cn" gen="f" num="s">
                                        <grup.a gen="f" num="s">
                                          <a gen="f" lem="estricto" num="s" pos="aq0fs0" postype="qualificative" wd="estricta"/>
                                        </grup.a>
                                      </s.a>
                                      <n gen="f" lem="obediencia" lexicalid="noun.obediencia.1.default" num="s" origin="deverbal" pos="ncfs000" postype="common" sense="16:00755927" wd="obediencia"/>
                                      <s.a arg="arg1" func="cn" gen="f" num="s" tem="pat">
                                        <grup.a gen="f" num="s">
                                          <a gen="f" lem="coránico" num="s" pos="aq0fs0" postype="qualificative" wd="coránica"/>
                                        </grup.a>
                                      </s.a>
                                    </grup.nom>
                                  </sn>
                                </sp>
                              </grup.nom>
                            </sn>
                          </S>
                        </S>
                      </sp>
                    </grup.nom>
                  </sn>
                </sp>
              </grup.nom>
            </sn>
          </S>
        </grup.nom>
      </sn>
    </sp>
    <f lem="." pos="fp" punct="period" wd="."/>
  </sentence>
  <sentence>
    <sn arg="arg0" entity="entity7" entityref="ne" func="suj" ne="organization" tem="agt">
      <spec gen="m" num="s">
        <d gen="m" lem="el" num="s" pos="da0ms0" postype="article" wd="El"/>
      </spec>
      <grup.nom gen="m" num="s">
        <n lem="Parlamento" ne="organization" pos="np00000" postype="proper" wd="Parlamento"/>
        <s.a gen="m" num="s">
          <grup.a gen="m" num="s">
            <a gen="m" lem="egipcio" num="s" pos="aq0ms0" postype="qualificative" wd="egipcio"/>
          </grup.a>
        </s.a>
        <S clausetype="relative">
          <f lem="," pos="fc" punct="comma" wd=","/>
          <sp arg="argM" func="cc" tem="loc">
            <prep>
              <s lem="en" pos="sps00" postype="preposition" wd="en"/>
            </prep>
            <sn coreftype="ident" entity="entity7" entityref="spec">
              <spec gen="m" num="s">
                <d gen="m" lem="el" num="s" pos="da0ms0" postype="article" wd="el"/>
              </spec>
              <grup.nom gen="m" num="s">
                <relatiu>
                  <p gen="c" lem="que" num="c" pos="pr0cn000" postype="relative" wd="que"/>
                </relatiu>
              </grup.nom>
            </sn>
          </sp>
          <sn arg="arg1" entityref="ne" func="suj" ne="number" tem="tem">
            <spec gen="m" num="s">
              <r lem="más" pos="rg" wd="más"/>
              <s contracted="yes" gen="m" lem="del" num="s" pos="spcms" postype="preposition" wd="del"/>
            </spec>
            <grup.nom gen="m" num="s">
              <z lem="95_por_ciento" ne="number" pos="zp" postype="percentage" wd="95_por_ciento"/>
              <sp>
                <prep>
                  <s lem="de" pos="sps00" postype="preposition" wd="de"/>
                </prep>
                <sn entityref="nne">
                  <spec gen="m" num="p">
                    <d gen="m" lem="el" num="p" pos="da0mp0" postype="article" wd="los"/>
                  </spec>
                  <grup.nom gen="m" num="p">
                    <n gen="m" lem="diputado" num="p" pos="ncmp000" postype="common" sense="16:07211532" wd="diputados"/>
                  </grup.nom>
                </sn>
              </sp>
            </grup.nom>
          </sn>
          <grup.verb>
            <v lem="pertenecer" lss="C21.state-attributive" mood="indicative" num="s" person="3" pos="vmip3s0" postype="main" tense="present" wd="pertenece"/>
          </grup.verb>
          <sp arg="arg2" func="creg" tem="atr">
            <prep>
              <s contracted="yes" gen="m" lem="al" num="s" pos="spcms" postype="preposition" wd="al"/>
            </prep>
            <sn entity="entity8" entityref="ne" ne="organization">
              <grup.nom gen="m" num="s">
                <s.a gen="m" num="s">
                  <grup.a gen="m" num="s">
                    <a gen="c" lem="gobernante" num="s" pos="aq0cs0" postype="qualificative" wd="gobernante"/>
                  </grup.a>
                </s.a>
                <n lem="Partido_Nacional_Democrático" ne="organization" pos="np00000" postype="proper" wd="Partido_Nacional_Democrático"/>
                <sn corefsubtype="definit" coreftype="pred" entity="entity8" entityref="ne" ne="organization">
                  <grup.nom gen="m" num="s">
                    <f lem="(" pos="fpa" punct="bracket" punctenclose="open" wd="("/>
                    <n lem="PND" ne="organization" pos="np00000" postype="proper" wd="PND"/>
                    <f lem=")" pos="fpt" punct="bracket" punctenclose="close" wd=")"/>
                  </grup.nom>
                </sn>
              </grup.nom>
            </sn>
          </sp>
          <f lem="," pos="fc" punct="comma" wd=","/>
        </S>
      </grup.nom>
    </sn>
    <grup.verb>
      <v lem="decidir" lss="A21.transitive-agentive-patient" mood="indicative" num="s" person="3" pos="vmis3s0" postype="main" tense="past" wd="decidió"/>
    </grup.verb>
    <sn arg="argM" entityref="nne" func="cc" homophoricDD="yes" tem="tmp">
      <spec gen="f" num="s">
        <d gen="f" lem="el" num="s" pos="da0fs0" postype="article" wd="la"/>
      </spec>
      <grup.nom gen="f" num="s">
        <n gen="f" lem="semana" num="s" pos="ncfs000" postype="common" sense="16:10862128" wd="semana"/>
        <S clausetype="participle" impersonal="yes">
          <participi>
            <a gen="f" lem="pasado" num="s" pos="aq0fsp" posfunction="participle" postype="qualificative" wd="pasada"/>
          </participi>
        </S>
      </grup.nom>
    </sn>
    <S arg="arg1" clausetype="completive" func="cd" impersonal="yes" tem="pat">
      <infinitiu>
        <v lem="ampliar" lss="A11.transitive-causative" mood="infinitive" pos="vmn0000" postype="main" wd="ampliar"/>
      </infinitiu>
      <sn arg="argM" coreftype="ident" entity="entity14" entityref="nne" func="cc" tem="tmp">
        <spec gen="m" num="p">
          <d gen="m" lem="otro" num="p" pos="di0mp0" postype="indefinite" wd="otros"/>
          <d gen="c" lem="tres" num="p" pos="dn0cp0" postype="numeral" wd="tres"/>
        </spec>
        <grup.nom gen="m" num="p">
          <n gen="m" lem="año" num="p" pos="ncmp000" postype="common" sense="16:10917509" wd="años"/>
        </grup.nom>
      </sn>
      <sn arg="arg1" coreftype="ident" entity="entity3" entityref="nne" func="cd" tem="tem">
        <spec gen="m" num="s">
          <d gen="m" lem="el" num="s" pos="da0ms0" postype="article" wd="el"/>
        </spec>
        <grup.nom discid="1n" gen="m" num="s">
          <n gen="m" lem="estado" lexicalid="noun.estado.1.default" num="s" origin="deverbal" pos="ncms000" postype="common" sense="16:00016185" wd="estado"/>
          <sp arg="arg2" func="cn" tem="atr">
            <prep>
              <s lem="de" pos="sps00" postype="preposition" wd="de"/>
            </prep>
            <sn>
              <grup.nom gen="f" num="s">
                <n gen="f" lem="emergencia" lexicalid="noun.emergencia.1.default" num="s" origin="deverbal" pos="ncfs000" postype="common" sense="16:05520260" wd="emergencia"/>
              </grup.nom>
            </sn>
          </sp>
        </grup.nom>
      </sn>
      <sp arg="argM" func="cc" tem="loc">
        <prep>
          <s lem="en" pos="sps00" postype="preposition" wd="en"/>
        </prep>
        <sn coreftype="ident" entity="entity5" entityref="spec">
          <spec gen="m" num="s">
            <d gen="m" lem="todo" num="s" pos="di0ms0" postype="indefinite" wd="todo"/>
            <d gen="m" lem="el" num="s" pos="da0ms0" postype="article" wd="el"/>
          </spec>
          <grup.nom gen="m" num="s">
            <n gen="m" lem="país" num="s" pos="ncms000" postype="common" sense="16:06299747" wd="país"/>
          </grup.nom>
        </sn>
      </sp>
      <s.a discid="1c" gen="m" num="s">
        <f lem="," pos="fc" punct="comma" wd=","/>
        <grup.a gen="m" num="s">
          <a gen="c" lem="vigente" num="s" pos="aq0cs0" postype="qualificative" wd="vigente"/>
        </grup.a>
        <sp>
          <prep>
            <s lem="desde" pos="sps00" postype="preposition" wd="desde"/>
          </prep>
          <S clausetype="completive">
            <conj conjunctiontype="subordinating">
              <c lem="que" pos="cs" postype="subordinating" wd="que"/>
            </conj>
            <sn arg="argM" entityref="nne" func="cc" tem="tmp">
              <v lem="hacer" mood="indicative" num="s" person="3" pos="vmip3s0" postype="main" tense="present" wd="hace"/>
              <z lem="19" ne="number" wd="19"/>
              <n gen="m" lem="año" num="p" pos="ncmp000" postype="common" sense="16:10917509" wd="años"/>
            </sn>
            <grup.verb>
              <v lem="ser" mood="indicative" num="s" person="3" pos="vsis3s0" postype="semiauxiliary" tense="past" wd="fue"/>
              <v gen="m" lem="asesinar" lss="B22.unaccusative-passive-transitive" mood="participle" num="s" pos="vmp00sm" postype="main" wd="asesinado"/>
            </grup.verb>
            <sn arg="arg1" entity="entity9" entityref="ne" func="suj" ne="person" tem="pat">
              <spec gen="m" num="s">
                <d gen="m" lem="el" num="s" pos="da0ms0" postype="article" wd="el"/>
              </spec>
              <grup.nom gen="m" num="s">
                <s.a gen="m" num="s">
                  <grup.a gen="m" num="s">
                    <a gen="c" lem="anterior" num="s" pos="aq0cs0" postype="qualificative" wd="anterior"/>
                  </grup.a>
                </s.a>
                <n gen="m" lem="presidente" num="s" pos="ncms000" postype="common" sense="16:07495113" wd="presidente"/>
                <sn corefsubtype="definit" coreftype="pred" entity="entity9" entityref="ne" ne="person">
                  <f lem="," pos="fc" punct="comma" wd=","/>
                  <grup.nom gen="m" num="s">
                    <n lem="Anuar_Sadat" ne="person" pos="np00000" postype="proper" wd="Anuar_Sadat"/>
                  </grup.nom>
                </sn>
              </grup.nom>
            </sn>
          </S>
        </sp>
      </s.a>
    </S>
    <f lem="." pos="fp" punct="period" wd="."/>
  </sentence>
  <sentence>
    <S clausesubtype="concessive" clausetype="adverbial" func="ao">
      <conj conjunctiontype="subordinating">
        <c lem="pese_a_que" pos="cs" postype="subordinating" wd="Pese_a_que"/>
      </conj>
      <sn arg="arg0" coreftype="ident" entity="entity1" entityref="ne" func="suj" ne="person" tem="agt">
        <grup.nom gen="m" num="s">
          <n lem="Adli" ne="person" pos="np00000" postype="proper" wd="Adli"/>
        </grup.nom>
      </sn>
      <grup.verb>
        <v lem="insistir" lss="A22.transitive-agentive-theme" mood="indicative" num="s" person="3" pos="vmip3s0" postype="main" tense="present" wd="insiste"/>
      </grup.verb>
      <sp arg="arg1" func="creg" tem="tem">
        <prep>
          <s lem="en" pos="sps00" postype="preposition" wd="en"/>
        </prep>
        <S clausetype="completive">
          <conj conjunctiontype="subordinating">
            <c lem="que" pos="cs" postype="subordinating" wd="que"/>
          </conj>
          <sn arg="arg1" coreftype="ident" entity="entity3" entityref="nne" func="suj" tem="tem">
            <spec gen="m" num="s">
              <d gen="m" lem="el" num="s" pos="da0ms0" postype="article" wd="el"/>
            </spec>
            <grup.nom gen="m" num="s">
              <n gen="m" lem="estado" lexicalid="noun.estado.1.default" num="s" origin="deverbal" pos="ncms000" postype="common" sense="16:00016185" wd="estado"/>
              <sp arg="arg2" func="cn" tem="atr">
                <prep>
                  <s lem="de" pos="sps00" postype="preposition" wd="de"/>
                </prep>
                <sn>
                  <grup.nom gen="f" num="s">
                    <n gen="f" lem="emergencia" lexicalid="noun.emergencia.1.default" num="s" origin="deverbal" pos="ncfs000" postype="common" sense="16:10368281" wd="emergencia"/>
                  </grup.nom>
                </sn>
              </sp>
            </grup.nom>
          </sn>
          <f lem="&quot;" pos="fe" punct="quotation" wd="&quot;"/>
          <neg func="mod">
            <r lem="no" pos="rn" postype="negative" wd="no"/>
          </neg>
          <grup.verb>
            <v lem="suponer" lss="C21.state-attributive" mood="indicative" num="s" person="3" pos="vmip3s0" postype="main" tense="present" wd="supone"/>
          </grup.verb>
          <sn arg="arg2" entityref="nne" func="cd" functype="quantitative" tem="atr">
            <spec gen="f" num="s">
              <d gen="f" lem="uno" num="s" pos="di0fs0" postype="indefinite" wd="una"/>
            </spec>
            <grup.nom gen="f" num="s">
              <n gen="f" lem="limitación" lexicalid="noun.limitación.1.default" num="s" origin="deverbal" pos="ncfs000" postype="common" sense="16:00742557" wd="limitación"/>
              <sp arg="arg1" func="cn" tem="pat">
                <prep>
                  <s lem="para" pos="sps00" postype="preposition" wd="para"/>
                </prep>
                <sn coord="yes">
                  <sn entity="entity15" entityref="nne" homophoricDD="yes">
                    <spec gen="f" num="p">
                      <d gen="f" lem="el" num="p" pos="da0fp0" postype="article" wd="las"/>
                    </spec>
                    <grup.nom gen="f" num="p">
                      <n gen="f" lem="libertad" num="p" pos="ncfp000" postype="common" sense="16:10079933" wd="libertades"/>
                      <s.a gen="f" num="p">
                        <grup.a gen="f" num="p">
                          <a gen="f" lem="público" num="p" pos="aq0fp0" postype="qualificative" wd="públicas"/>
                        </grup.a>
                      </s.a>
                    </grup.nom>
                  </sn>
                  <f lem="," pos="fc" punct="comma" wd=","/>
                  <sn entityref="nne" homophoricDD="yes">
                    <spec gen="f" num="s">
                      <d gen="f" lem="el" num="s" pos="da0fs0" postype="article" wd="la"/>
                    </spec>
                    <grup.nom gen="f" num="s">
                      <n gen="f" lem="democracia" num="s" pos="ncfs000" postype="common" sense="16:06191005" wd="democracia"/>
                    </grup.nom>
                  </sn>
                  <conj conjunctiontype="coordinating">
                    <c lem="y" pos="cc" postype="coordinating" wd="y"/>
                  </conj>
                  <sn entityref="nne" homophoricDD="yes">
                    <spec gen="f" num="s">
                      <d gen="f" lem="el" num="s" pos="da0fs0" postype="article" wd="la"/>
                    </spec>
                    <grup.nom gen="f" num="s">
                      <n gen="f" lem="libertad" num="s" pos="ncfs000" postype="common" sense="16:10081855" wd="libertad"/>
                      <sp>
                        <prep>
                          <s lem="de" pos="sps00" postype="preposition" wd="de"/>
                        </prep>
                        <sn>
                          <grup.nom gen="f" num="s">
                            <n gen="f" lem="expresión" lexicalid="noun.expresión.1.default" num="s" origin="deverbal" pos="ncfs000" postype="common" sense="16:05341816" wd="expresión"/>
                          </grup.nom>
                        </sn>
                      </sp>
                    </grup.nom>
                  </sn>
                </sn>
              </sp>
            </grup.nom>
          </sn>
          <f lem="&quot;" pos="fe" punct="quotation" wd="&quot;"/>
        </S>
      </sp>
      <f lem="," pos="fc" punct="comma" wd=","/>
    </S>
    <sn arg="arg0" coord="yes" entity="entity10" func="suj" tem="agt">
      <sn entity="entity16" entityref="nne" homophoricDD="yes">
        <spec gen="m" num="p">
          <d gen="m" lem="el" num="p" pos="da0mp0" postype="article" wd="los"/>
        </spec>
        <grup.nom gen="m" num="p">
          <n gen="m" lem="partido" num="p" pos="ncmp000" postype="common" sense="16:06131180" wd="partidos"/>
          <s.a gen="m" num="p">
            <grup.a gen="m" num="p">
              <a gen="m" lem="opositor" num="p" pos="aq0mp0" postype="qualificative" wd="opositores"/>
            </grup.a>
          </s.a>
        </grup.nom>
      </sn>
      <f lem="," pos="fc" punct="comma" wd=","/>
      <sn entityref="nne" homophoricDD="yes">
        <spec gen="f" num="p">
          <d gen="f" lem="el" num="p" pos="da0fp0" postype="article" wd="las"/>
        </spec>
        <grup.nom gen="f" num="p">
          <n gen="f" lem="organización" lexicalid="noun.organización.1.default" num="p" origin="deverbal" pos="ncfp000" postype="common" sense="16:00737011" wd="organizaciones"/>
          <sp func="cn">
            <prep>
              <s lem="de" pos="sps00" postype="preposition" wd="de"/>
            </prep>
            <sn>
              <grup.nom gen="f" num="s">
                <n gen="c" lem="defensa" lexicalid="noun.defensa.1.default" num="s" origin="deverbal" pos="nccs000" postype="common" sense="16:00787171" wd="defensa"/>
                <sp arg="arg1" func="cn" tem="pat">
                  <prep>
                    <s lem="de" pos="sps00" postype="preposition" wd="de"/>
                  </prep>
                  <sn entity="entity13" entityref="nne" homophoricDD="yes">
                    <spec gen="m" num="p">
                      <d gen="m" lem="el" num="p" pos="da0mp0" postype="article" wd="los"/>
                    </spec>
                    <grup.nom gen="m" num="p">
                      <n gen="m" lem="derechos_humanos" num="p" pos="ncmp000" postype="common" sense="16:04032289" wd="derechos_humanos"/>
                    </grup.nom>
                  </sn>
                </sp>
              </grup.nom>
            </sn>
          </sp>
        </grup.nom>
      </sn>
      <conj conjunctiontype="coordinating">
        <c lem="y" pos="cc" postype="coordinating" wd="y"/>
      </conj>
      <sn entityref="nne">
        <spec gen="m" num="p">
          <d gen="m" lem="otro" num="p" pos="di0mp0" postype="indefinite" wd="otros"/>
        </spec>
        <grup.nom gen="m" num="p">
          <n gen="m" lem="grupo" num="p" pos="ncmp000" postype="common" sense="16:00017954" wd="grupos"/>
          <S clausetype="participle" impersonal="yes">
            <participi>
              <a gen="m" lem="comprometido" lss="B22.unaccusative-passive-transitive" num="p" pos="aq0mpp" posfunction="participle" postype="qualificative" wd="comprometidos"/>
            </participi>
            <sp arg="arg2" func="cc" tem="tem">
              <prep>
                <s lem="con" pos="sps00" postype="preposition" wd="con"/>
              </prep>
              <sn coreftype="ident" entity="entity15" entityref="nne" homophoricDD="yes">
                <spec gen="f" num="p">
                  <d gen="f" lem="el" num="p" pos="da0fp0" postype="article" wd="las"/>
                </spec>
                <grup.nom gen="f" num="p">
                  <n gen="f" lem="libertad" num="p" pos="ncfp000" postype="common" sense="16:10079933" wd="libertades"/>
                  <s.a gen="f" num="p">
                    <grup.a gen="f" num="p">
                      <a gen="f" lem="público" num="p" pos="aq0fp0" postype="qualificative" wd="públicas"/>
                    </grup.a>
                  </s.a>
                </grup.nom>
              </sn>
            </sp>
          </S>
        </grup.nom>
      </sn>
    </sn>
    <grup.verb>
      <v lem="haber" mood="indicative" num="p" person="3" pos="vaip3p0" postype="auxiliary" tense="present" wd="han"/>
      <v gen="m" lem="recurrir" lss="A21.transitive-agentive-patient" mood="participle" num="s" pos="vmp00sm" postype="main" wd="recurrido"/>
    </grup.verb>
    <sn arg="arg1" coreftype="ident" entity="entity2" entityref="nne" func="cd" tem="pat">
      <spec gen="f" num="s">
        <d gen="f" lem="el" num="s" pos="da0fs0" postype="article" wd="la"/>
      </spec>
      <grup.nom gen="f" num="s">
        <n gen="f" lem="ley" num="s" pos="ncfs000" postype="common" sense="16:04904589" wd="ley"/>
      </grup.nom>
    </sn>
    <sp arg="argM" func="cc" tem="loc">
      <prep>
        <s lem="ante" pos="sps00" postype="preposition" wd="ante"/>
      </prep>
      <sn entityref="nne" homophoricDD="yes">
        <spec gen="m" num="p">
          <d gen="m" lem="el" num="p" pos="da0mp0" postype="article" wd="los"/>
        </spec>
        <grup.nom gen="m" num="p">
          <n gen="m" lem="tribunal" num="p" pos="ncmp000" postype="common" sense="16:06176884" wd="tribunales"/>
        </grup.nom>
      </sn>
    </sp>
    <f lem="." pos="fp" punct="period" wd="."/>
  </sentence>
  <sentence>
    <sn arg="arg0" coreftype="ident" entity="entity10" entityref="nne" func="suj" tem="agt">
      <spec gen="f" num="p">
        <d gen="f" lem="este" num="p" pos="dd0fp0" postype="demonstrative" wd="Estas"/>
      </spec>
      <grup.nom gen="f" num="p">
        <n gen="f" lem="organización" lexicalid="noun.organización.1.default" num="p" origin="deverbal" pos="ncfp000" postype="common" sense="16:00737011" wd="organizaciones"/>
      </grup.nom>
    </sn>
    <grup.verb>
      <v lem="considerar" lss="A21.transitive-agentive-patient" mood="indicative" num="p" person="3" pos="vmip3p0" postype="main" tense="present" wd="consideran"/>
    </grup.verb>
    <S arg="arg1" clausetype="completive" func="cd" tem="pat">
      <conj conjunctiontype="subordinating">
        <c lem="que" pos="cs" postype="subordinating" wd="que"/>
      </conj>
      <sn arg="arg1" coreftype="ident" entity="entity3" entityref="nne" func="suj" tem="pat">
        <spec gen="m" num="s">
          <d gen="m" lem="el" num="s" pos="da0ms0" postype="article" wd="el"/>
        </spec>
        <grup.nom gen="m" num="s">
          <n gen="m" lem="estado" lexicalid="noun.estado.1.default" num="s" origin="deverbal" pos="ncms000" postype="common" sense="16:00016185" wd="estado"/>
          <sp arg="arg2" func="cn" tem="atr">
            <prep>
              <s lem="de" pos="sps00" postype="preposition" wd="de"/>
            </prep>
            <sn>
              <grup.nom gen="f" num="s">
                <n gen="f" lem="emergencia" lexicalid="noun.emergencia.1.default" num="s" origin="deverbal" pos="ncfs000" postype="common" sense="16:10368281" wd="emergencia"/>
              </grup.nom>
            </sn>
          </sp>
        </grup.nom>
      </sn>
      <grup.verb>
        <v lem="ser" mood="indicative" num="s" person="3" pos="vsip3s0" postype="semiauxiliary" tense="present" wd="es"/>
        <v gen="m" lem="utilizar" lss="B22.unaccusative-passive-transitive" mood="participle" num="s" pos="vmp00sm" postype="main" wd="utilizado"/>
      </grup.verb>
      <sp arg="arg0" func="cag" tem="agt">
        <prep>
          <s lem="por" pos="sps00" postype="preposition" wd="por"/>
        </prep>
        <sn coreftype="ident" entity="entity11" entityref="nne">
          <spec gen="m" num="s">
            <d gen="m" lem="el" num="s" pos="da0ms0" postype="article" wd="el"/>
          </spec>
          <grup.nom gen="m" num="s">
            <n gen="m" lem="régimen" num="s" pos="ncms000" postype="common" sense="16:06000383" wd="régimen"/>
            <S clausetype="relative">
              <f lem="," pos="fc" punct="comma" wd=","/>
              <relatiu arg="arg1" coreftype="ident" entity="entity11" entityref="nne" func="cd" tem="pat">
                <p gen="c" lem="que" num="c" pos="pr0cn000" postype="relative" wd="que"/>
              </relatiu>
              <grup.verb>
                <v lem="encabezar" lss="A21.transitive-agentive-patient" mood="indicative" num="s" person="3" pos="vmip3s0" postype="main" tense="present" wd="encabeza"/>
              </grup.verb>
              <sn arg="arg0" entity="entity12" entityref="ne" func="suj" ne="person" tem="agt">
                <spec gen="m" num="s">
                  <d gen="m" lem="el" num="s" pos="da0ms0" postype="article" wd="el"/>
                </spec>
                <grup.nom gen="m" num="s">
                  <n gen="m" lem="presidente" num="s" pos="ncms000" postype="common" sense="16:07495113" wd="presidente"/>
                  <sn corefsubtype="definit" coreftype="pred" entity="entity12" entityref="ne" ne="person">
                    <f lem="," pos="fc" punct="comma" wd=","/>
                    <grup.nom gen="m" num="s">
                      <n lem="Hosni_Mubarak" ne="person" pos="np00000" postype="proper" wd="Hosni_Mubarak"/>
                    </grup.nom>
                    <f lem="," pos="fc" punct="comma" wd=","/>
                  </sn>
                </grup.nom>
              </sn>
            </S>
          </grup.nom>
        </sn>
      </sp>
      <sp arg="argM" func="cc" tem="adv">
        <prep>
          <c lem="como" pos="cs" postype="subordinating" wd="como"/>
        </prep>
        <sn>
          <grup.nom gen="f" num="s">
            <n gen="f" lem="arma" num="s" pos="ncfs000" postype="common" sense="16:05408794" wd="arma"/>
            <sp>
              <prep>
                <s lem="para" pos="sps00" postype="preposition" wd="para"/>
              </prep>
              <S clausetype="completive" coord="yes" impersonal="yes">
                <S clausetype="completive" impersonal="yes">
                  <infinitiu>
                    <v lem="combatir" lss="A21.transitive-agentive-patient" mood="infinitive" pos="vmn0000" postype="main" wd="combatir"/>
                  </infinitiu>
                  <sp arg="arg1" func="cd" tem="pat">
                    <prep>
                      <s lem="a" pos="sps00" postype="preposition" wd="a"/>
                    </prep>
                    <sn coreftype="ident" entity="entity16" entityref="nne" homophoricDD="yes">
                      <spec gen="f" num="s">
                        <d gen="f" lem="el" num="s" pos="da0fs0" postype="article" wd="la"/>
                      </spec>
                      <grup.nom gen="f" num="s">
                        <n gen="f" lem="oposición" lexicalid="noun.oposición.1.default" num="s" origin="deverbal" pos="ncfs000" postype="common" sense="16:cs1" wd="oposición"/>
                      </grup.nom>
                    </sn>
                  </sp>
                </S>
                <conj conjunctiontype="coordinating">
                  <c lem="y" pos="cc" postype="coordinating" wd="y"/>
                </conj>
                <S clausetype="completive" impersonal="yes">
                  <infinitiu>
                    <v lem="reprimir" lss="A21.transitive-agentive-patient" mood="infinitive" pos="vmn0000" postype="main" wd="reprimir"/>
                  </infinitiu>
                  <sp arg="arg1" func="cd" tem="pat">
                    <prep>
                      <s lem="a" pos="sps00" postype="preposition" wd="a"/>
                    </prep>
                    <sn entity="entity18" entityref="nne" homophoricDD="yes">
                      <spec gen="m" num="p">
                        <d gen="m" lem="el" num="p" pos="da0mp0" postype="article" wd="los"/>
                      </spec>
                      <grup.nom gen="m" num="p">
                        <n gen="m" lem="defensor" num="p" pos="ncmp000" postype="common" sense="16:07065692" wd="defensores"/>
                        <sp>
                          <prep>
                            <s lem="de" pos="sps00" postype="preposition" wd="de"/>
                          </prep>
                          <sn coreftype="ident" entity="entity13" entityref="nne" homophoricDD="yes">
                            <spec gen="m" num="p">
                              <d gen="m" lem="el" num="p" pos="da0mp0" postype="article" wd="los"/>
                            </spec>
                            <grup.nom gen="m" num="p">
                              <n gen="m" lem="derechos_humanos" num="p" pos="ncmp000" postype="common" sense="16:04032289" wd="derechos_humanos"/>
                            </grup.nom>
                          </sn>
                        </sp>
                      </grup.nom>
                    </sn>
                  </sp>
                </S>
              </S>
            </sp>
          </grup.nom>
        </sn>
      </sp>
      <sp arg="argM" func="cc" tem="tmp">
        <f lem="," pos="fc" punct="comma" wd=","/>
        <prep>
          <s contracted="yes" gen="m" lem="al" num="s" pos="spcms" postype="preposition" wd="al"/>
        </prep>
        <S clausetype="completive" impersonal="yes">
          <infinitiu>
            <v lem="conceder" lss="A32.ditransitive-patient-benefactive" mood="infinitive" pos="vmn0000" postype="main" wd="conceder"/>
          </infinitiu>
          <sp arg="arg2" func="ci" tem="ben">
            <prep>
              <s lem="a" pos="sps00" postype="preposition" wd="a"/>
            </prep>
            <sn entityref="nne" homophoricDD="yes">
              <spec gen="f" num="p">
                <d gen="f" lem="el" num="p" pos="da0fp0" postype="article" wd="las"/>
              </spec>
              <grup.nom gen="f" num="p">
                <n gen="f" lem="autoridad" num="p" pos="ncfp000" postype="common" sense="16:06950891" wd="autoridades"/>
              </grup.nom>
            </sn>
          </sp>
          <sn arg="arg1" entityref="nne" func="cd" homophoricDD="yes" tem="pat">
            <spec gen="m" num="s">
              <d gen="m" lem="el" num="s" pos="da0ms0" postype="article" wd="el"/>
            </spec>
            <grup.nom gen="m" num="s">
              <n gen="m" lem="derecho" num="s" pos="ncms000" postype="common" sense="16:04030305" wd="derecho"/>
              <sp>
                <prep>
                  <s lem="a" pos="sps00" postype="preposition" wd="a"/>
                </prep>
                <S clausetype="completive" coord="yes" impersonal="yes">
                  <S clausetype="completive" impersonal="yes">
                    <infinitiu>
                      <v lem="actuar" lss="D11.inergative-agentive" mood="infinitive" pos="vmn0000" postype="main" wd="actuar"/>
                    </infinitiu>
                  </S>
                  <conj conjunctiontype="coordinating">
                    <c lem="y" pos="cc" postype="coordinating" wd="y"/>
                  </conj>
                  <S clausetype="completive" impersonal="yes">
                    <infinitiu>
                      <v lem="practicar" lss="A21.transitive-agentive-patient" mood="infinitive" pos="vmn0000" postype="main" wd="practicar"/>
                    </infinitiu>
                    <sn arg="arg1" entityref="nne" func="cd" tem="pat">
                      <grup.nom gen="f" num="p">
                        <n gen="f" lem="detención" lexicalid="noun.detención.3.default" num="p" origin="deverbal" pos="ncfp000" postype="common" sense="16:00054269" wd="detenciones"/>
                        <s.a func="cn" gen="f" num="p">
                          <grup.a gen="f" num="p">
                            <a gen="f" lem="indefinido" num="p" pos="aq0fp0" postype="qualificative" wd="indefinidas"/>
                          </grup.a>
                        </s.a>
                      </grup.nom>
                    </sn>
                    <sp arg="argM" func="cc" tem="adv">
                      <prep>
                        <s lem="sin" pos="sps00" postype="preposition" wd="sin"/>
                      </prep>
                      <sn>
                        <grup.nom gen="m" num="s">
                          <n gen="m" lem="control" num="s" pos="ncms000" postype="common" sense="16:09959274" wd="control"/>
                          <s.a gen="m" num="s">
                            <grup.a gen="m" num="s">
                              <a gen="c" lem="judicial" num="s" pos="aq0cs0" postype="qualificative" wd="judicial"/>
                            </grup.a>
                          </s.a>
                        </grup.nom>
                      </sn>
                    </sp>
                  </S>
                </S>
              </sp>
            </grup.nom>
          </sn>
        </S>
      </sp>
    </S>
    <f lem="." pos="fp" punct="period" wd="."/>
  </sentence>
  <sentence coord="yes">
    <S>
      <sn arg="arg1" entityref="nne" func="suj" tem="tem">
        <grup.nom gen="m" num="p">
          <p gen="c" lem="mil" num="p" pos="pn0cp000" postype="numeral" wd="Miles"/>
          <sp>
            <prep>
              <s lem="de" pos="sps00" postype="preposition" wd="de"/>
            </prep>
            <sn>
              <grup.nom gen="m" num="p">
                <n gen="c" lem="integrista" num="p" pos="nccp000" postype="common" sense="16:07282876" wd="integristas"/>
                <s.a complex="yes" gen="m" num="p">
                  <grup.a coord="yes" gen="m" num="p">
                    <grup.a gen="m" num="p">
                      <a gen="m" lem="islámico" num="p" pos="aq0mp0" postype="qualificative" wd="islámicos"/>
                    </grup.a>
                    <f lem="," pos="fc" punct="comma" wd=","/>
                    <grup.a gen="m" num="p">
                      <a gen="m" lem="violento" num="p" pos="aq0mp0" postype="qualificative" wd="violentos"/>
                    </grup.a>
                    <conj conjunctiontype="coordinating">
                      <c lem="y" pos="cc" postype="coordinating" wd="y"/>
                    </conj>
                    <grup.a gen="m" num="p">
                      <a gen="m" lem="contrario" num="p" pos="aq0mp0" postype="qualificative" wd="contrarios"/>
                      <sp>
                        <prep>
                          <s lem="a" pos="sps00" postype="preposition" wd="a"/>
                        </prep>
                        <sn coreftype="ident" entity="entity17" entityref="nne" homophoricDD="yes">
                          <spec gen="f" num="s">
                            <d gen="f" lem="el" num="s" pos="da0fs0" postype="article" wd="la"/>
                          </spec>
                          <grup.nom gen="f" num="s">
                            <n gen="f" lem="violencia" lexicalid="noun.violencia.1.default" num="s" origin="deverbal" pos="ncfs000" postype="common" sense="16:00619852" wd="violencia"/>
                          </grup.nom>
                        </sn>
                      </sp>
                    </grup.a>
                  </grup.a>
                </s.a>
              </grup.nom>
            </sn>
          </sp>
        </grup.nom>
        <f lem="," pos="fc" punct="comma" wd=","/>
      </sn>
      <morfema.pronominal>
        <p gen="c" lem="él" num="c" person="3" pos="p0300000" wd="se"/>
      </morfema.pronominal>
      <grup.verb>
        <v lem="encontrar" lss="C21.state-attributive" mood="indicative" num="p" person="3" pos="vmip3p0" postype="main" tense="present" wd="encuentran"/>
      </grup.verb>
      <S arg="arg2" clausetype="participle" func="atr" impersonal="yes" tem="atr">
        <participi>
          <a gen="m" lem="encarcelado" lss="B22.unaccusative-passive-transitive" num="p" pos="aq0mpp" posfunction="participle" postype="qualificative" wd="encarcelados"/>
        </participi>
        <sp arg="arg2" func="cc" tem="loc">
          <prep>
            <s lem="en" pos="sps00" postype="preposition" wd="en"/>
          </prep>
          <sn coreftype="ident" entity="entity5" entityref="ne" ne="location">
            <grup.nom>
              <n lem="Egipto" ne="location" pos="np00000" postype="proper" sense="16:06507271" wd="Egipto"/>
            </grup.nom>
          </sn>
        </sp>
        <sp arg="argM" func="cc" tem="adv">
          <prep>
            <s lem="sin" pos="sps00" postype="preposition" wd="sin"/>
          </prep>
          <sn>
            <grup.nom gen="m" num="s">
              <n gen="m" lem="juicio" lexicalid="noun.juicio.1.default" num="s" origin="deverbal" pos="ncms000" postype="common" sense="16:00775506" wd="juicio"/>
            </grup.nom>
          </sn>
        </sp>
        <sp arg="argM" func="cc" tem="adv">
          <prep>
            <s lem="merced_a" pos="sps00" postype="preposition" wd="merced_a"/>
          </prep>
          <sn coreftype="ident" entity="entity2" entityref="nne">
            <spec gen="f" num="s">
              <d gen="f" lem="este" num="s" pos="dd0fs0" postype="demonstrative" wd="esta"/>
            </spec>
            <grup.nom gen="f" num="s">
              <n gen="f" lem="ley" num="s" pos="ncfs000" postype="common" sense="16:04904589" wd="ley"/>
            </grup.nom>
          </sn>
        </sp>
      </S>
    </S>
    <conj conjunctiontype="coordinating">
      <c lem="e" pos="cc" postype="coordinating" wd="e"/>
    </conj>
    <S arg="arg0">
      <sn arg="arg1" func="suj" tem="tem">
        <sadv adjunct="yes">
          <grup.adv>
            <r lem="incluso" pos="rg" wd="incluso"/>
          </grup.adv>
        </sadv>
        <sn complex="yes" entityref="nne">
          <spec gen="m" num="p">
            <d gen="m" lem="alguno" num="p" pos="di0mp0" postype="indefinite" wd="algunos"/>
          </spec>
          <grup.nom coord="yes">
            <S adjunct="yes" clausetype="participle" impersonal="yes">
              <participi>
                <a gen="m" lem="destacado" num="p" pos="aq0mpp" posfunction="participle" postype="qualificative" wd="destacados"/>
              </participi>
            </S>
            <grup.nom coord="yes">
              <grup.nom gen="m" num="p">
                <n gen="c" lem="sindicalista" num="p" pos="nccp000" postype="common" sense="16:cs2" wd="sindicalistas"/>
              </grup.nom>
              <conj conjunctiontype="coordinating">
                <c lem="y" pos="cc" postype="coordinating" wd="y"/>
              </conj>
              <grup.nom coreftype="ident" entity="entity18" entityref="nne" gen="m" num="p">
                <n gen="m" lem="defensor" num="p" pos="ncmp000" postype="common" sense="16:07065692" wd="defensores"/>
                <sp>
                  <prep>
                    <s lem="de" pos="sps00" postype="preposition" wd="de"/>
                  </prep>
                  <sn coreftype="ident" entity="entity13" entityref="nne" homophoricDD="yes">
                    <spec gen="m" num="p">
                      <d gen="m" lem="el" num="p" pos="da0mp0" postype="article" wd="los"/>
                    </spec>
                    <grup.nom gen="m" num="p">
                      <n gen="m" lem="derechos_humanos" num="p" pos="ncmp000" postype="common" sense="16:04032289" wd="derechos_humanos"/>
                    </grup.nom>
                  </sn>
                </sp>
              </grup.nom>
            </grup.nom>
          </grup.nom>
        </sn>
      </sn>
      <grup.verb>
        <v lem="estar" lss="C21.state-attributive" mood="indicative" num="p" person="3" pos="vmip3p0" postype="main" tense="present" wd="están"/>
      </grup.verb>
      <S arg="arg2" clausetype="participle" func="atr" impersonal="yes" tem="atr">
        <participi>
          <a gen="m" lem="procesado" lss="B22.unaccusative-passive-transitive" num="p" pos="aq0mpp" posfunction="participle" postype="qualificative" wd="procesados"/>
        </participi>
        <sp arg="arg0" func="cag" tem="agt">
          <prep>
            <s lem="por" pos="sps00" postype="preposition" wd="por"/>
          </prep>
          <sn entityref="nne" homophoricDD="yes">
            <grup.nom gen="m" num="p">
              <n gen="m" lem="tribunal" num="p" pos="ncmp000" postype="common" sense="16:cs1" wd="tribunales"/>
              <s.a coord="yes" gen="m" num="p">
                <s.a gen="m" num="p">
                  <grup.a gen="m" num="p">
                    <a gen="c" lem="militar" num="p" pos="aq0cp0" postype="qualificative" wd="militares"/>
                  </grup.a>
                </s.a>
                <conj conjunctiontype="coordinating">
                  <c lem="y" pos="cc" postype="coordinating" wd="y"/>
                </conj>
                <sp>
                  <prep>
                    <s lem="de" pos="sps00" postype="preposition" wd="de"/>
                  </prep>
                  <sn>
                    <grup.nom gen="f" num="s">
                      <n gen="f" lem="seguridad" num="s" pos="ncfs000" postype="common" sense="16:03805366" wd="seguridad"/>
                    </grup.nom>
                  </sn>
                </sp>
              </s.a>
              <sp>
                <prep>
                  <s contracted="yes" gen="m" lem="del" num="s" pos="spcms" postype="preposition" wd="del"/>
                </prep>
                <sn entityref="ne" ne="organization">
                  <grup.nom gen="m" num="s">
                    <n lem="Estado" ne="organization" pos="np00000" postype="proper" wd="Estado"/>
                  </grup.nom>
                </sn>
              </sp>
            </grup.nom>
          </sn>
        </sp>
        <sp arg="argM" func="cc" tem="tmp">
          <prep>
            <s lem="bajo" pos="sps00" postype="preposition" wd="bajo"/>
          </prep>
          <sn coreftype="ident" entity="entity2" entityref="nne">
            <spec gen="f" num="s">
              <d gen="f" lem="este" num="s" pos="dd0fs0" postype="demonstrative" wd="esta"/>
            </spec>
            <grup.nom gen="f" num="s">
              <n gen="f" lem="legislación" lexicalid="noun.legislación.1.default" num="s" origin="deverbal" pos="ncfs000" postype="common" sense="16:04906199" wd="legislación"/>
            </grup.nom>
          </sn>
        </sp>
      </S>
    </S>
    <f lem="." pos="fp" punct="period" wd="."/>
  </sentence>
</article>
