<?xml version="1.0" encoding="UTF-8"?>
<!-- 

  ancora-2.0
       
			Copyright (C) 2007, 2008, 2009, 2010, 2011 UB - CLiC
			Centre de Llenguatge i Computació - Universitat de Barcelona
 
  This file is part of ancora-2.0.
 
  ancora-2.0 is free software and data: you can redistribute it and/or modify
  it under the terms of the GNU General Public License as published
  by the Free Software Foundation, either version 3 of the License,
  or (at your option) any later version.

  ancora-2.0 is distributed in the hope that it will be useful,
  but WITHOUT ANY WARRANTY; without even the implied warranty of
  MERCHANTABILITY or FITNESS FOR A PARTICULAR PURPOSE.  See the
  GNU General Public License for more details.
 
  You should have received a copy of the GNU General Public License
  along with ancora-2.0.  If not, see &lt;http://www.gnu.org/licenses/&gt;.
 
  Check a text in catalan explaining the terms of the license at http://www.softcatala.cat/wiki/GPL3.
  In spanish at http://www.viti.es/gnu/licenses/gpl.html
 

  The following paper must be cited when using this corpus:

 * Taulé, M., M.A. Martí, M. Recasens (2008) 'Ancora: Multilevel Annotated Corpora for Catalan and Spanish',
   Proceedings of 6th International Conference on Language Resources and Evaluation. Marrakesh (Morocco).

  In addition, the following paper must be cited if coreference information (attributes entity, coreftype,
  corefsubtype, homophoricDD or entityref) is used:

 * Recasens, Marta, M. Antònia Martí (2010) ‘AnCora-CO: Coreferentially annotated corpora for Spanish and
   Catalan’. Language Resources and Evaluation, Springer Science.

  Additionally, the following paper must be cited when argumental attributes in "sn" or "grup.nom"
  (attributes func, arg, tem or lexicalid) are used:

 * Peris, Aina, Mariona Taulé, Horacio Rodríguez (2010) ‘Semantic Annotation of Deverbal Nominalizations in the
   Spanish AnCora corpus’. Treebanks and Linguistic Theories (TLT-2010), Estonia.
-->
<article lng="es">
  <sentence verbless="yes">
    <sn entityref="nne" title="yes">
      <spec gen="m" num="s">
        <d gen="m" lem="el" num="s" pos="da0ms0" postype="article" wd="El"/>
      </spec>
      <grup.nom gen="m" num="s">
        <sp>
          <prep>
            <s lem="de" pos="sps00" postype="preposition" wd="de"/>
          </prep>
          <sn entityref="ne" ne="location">
            <grup.nom>
              <n lem="Hipona" ne="location" pos="np00000" postype="proper" wd="Hipona"/>
            </grup.nom>
          </sn>
        </sp>
      </grup.nom>
    </sn>
    <f lem="." pos="fp" punct="period" wd="."/>
  </sentence>
  <sentence verbless="yes">
    <interjeccio>
      <i lem="basta" wd="Basta"/>
    </interjeccio>
    <sadv>
      <grup.adv>
        <r lem="ya" pos="rg" wd="ya"/>
      </grup.adv>
    </sadv>
    <f lem="!" pos="fat" punct="exclamationmark" punctenclose="close" wd="!"/>
    <f lem="." pos="fp" punct="period" wd="."/>
  </sentence>
  <sentence>
    <neg func="mod">
      <r lem="no" pos="rn" postype="negative" wd="No"/>
    </neg>
    <grup.verb>
      <v lem="ser" lss="C21.state-attributive" mood="indicative" num="s" person="3" pos="vsip3s0" postype="semiauxiliary" tense="present" wd="es"/>
    </grup.verb>
    <sa arg="arg2" func="atr" tem="atr">
      <grup.a>
        <a gen="c" lem="posible" num="s" pos="aq0cs0" postype="qualificative" wd="posible"/>
      </grup.a>
    </sa>
    <S arg="arg1" clausetype="completive" entity="entity6" func="suj" tem="tem">
      <conj conjunctiontype="subordinating">
        <c lem="que" pos="cs" postype="subordinating" wd="que"/>
      </conj>
      <morfema.verbal func="impers">
        <p gen="c" lem="se" num="c" pos="p0000000" wd="se"/>
      </morfema.verbal>
      <grup.verb>
        <v lem="poder" mood="subjunctive" num="s" person="3" pos="vmsp3s0" postype="main" tense="present" wd="pueda"/>
        <infinitiu>
          <v lem="sacrificar" lss="A21.transitive-agentive-patient" mood="infinitive" pos="vmn0000" postype="main" wd="sacrificar"/>
        </infinitiu>
      </grup.verb>
      <sadv arg="argM" func="cc" tem="adv">
        <grup.adv>
          <r lem="así" pos="rg" wd="así"/>
        </grup.adv>
      </sadv>
      <sp arg="arg1" func="cd" tem="pat">
        <prep>
          <s lem="a" pos="sps00" postype="preposition" wd="a"/>
        </prep>
        <sn entity="entity1" entityref="nne">
          <spec gen="m" num="s">
            <d gen="m" lem="uno" num="s" pos="di0ms0" postype="indefinite" wd="un"/>
          </spec>
          <grup.nom gen="m" num="s">
            <n gen="m" lem="animal" num="s" pos="ncms000" postype="common" sense="16:00008019" wd="animal"/>
            <S clausetype="relative" coord="yes">
              <relatiu arg="arg0" coreftype="ident" entity="entity1" entityref="nne" func="suj" tem="agt">
                <p gen="c" lem="que" num="c" pos="pr0cn000" postype="relative" wd="que"/>
              </relatiu>
              <S clausetype="relative" coord="yes">
                <S clausetype="relative">
                  <grup.verb>
                    <v lem="haber" mood="indicative" num="s" person="3" pos="vaip3s0" postype="auxiliary" tense="present" wd="ha"/>
                    <v gen="m" lem="obedecer" lss="A21.transitive-agentive-patient" mood="participle" num="s" pos="vmp00sm" postype="main" wd="obedecido"/>
                  </grup.verb>
                </S>
                <conj conjunctiontype="coordinating">
                  <c lem="y" pos="cc" postype="coordinating" wd="y"/>
                </conj>
                <S clausetype="relative" verbless="yes">
                  <v gen="m" lem="ayudar" mood="participle" num="s" pos="vmp00sm" postype="main" wd="ayudado"/>
                </S>
              </S>
              <S adjunct="yes" arg="argM" clausetype="adverbial" func="cc" impersonal="yes" tem="adv">
                <gerundi>
                  <v lem="ser" lss="C21.state-attributive" mood="gerund" pos="vsg0000" postype="semiauxiliary" wd="siendo"/>
                </gerundi>
                <sadv arg="argM" func="cc" tem="tmp">
                  <grup.adv>
                    <r lem="siempre" pos="rg" wd="siempre"/>
                  </grup.adv>
                </sadv>
                <sa arg="arg2" func="atr" tem="atr">
                  <grup.a>
                    <a gen="c" lem="fiel" num="s" pos="aq0cs0" postype="qualificative" wd="fiel"/>
                    <sp>
                      <prep>
                        <s contracted="yes" gen="m" lem="al" num="s" pos="spcms" postype="preposition" wd="al"/>
                      </prep>
                      <sn entityref="nne" homophoricDD="yes">
                        <grup.nom gen="m" num="s">
                          <n gen="m" lem="hombre" num="s" pos="ncms000" postype="common" sense="16:07391044" wd="hombre"/>
                        </grup.nom>
                      </sn>
                    </sp>
                  </grup.a>
                </sa>
              </S>
            </S>
          </grup.nom>
        </sn>
      </sp>
    </S>
    <f lem="." pos="fp" punct="period" wd="."/>
  </sentence>
  <sentence>
    <sn arg="arg0" elliptic="yes" entity="entity2" entityref="nne" func="suj" tem="agt"/>
    <sn arg="arg2" coreftype="ident" entity="entity2" entityref="nne" func="ci" tem="ben">
      <grup.nom num="s">
        <p gen="c" lem="yo" num="s" person="1" pos="pp1cs000" postype="personal" wd="Me"/>
      </grup.nom>
    </sn>
    <grup.verb>
      <v lem="preguntar" lss="A32.ditransitive-patient-benefactive" mood="indicative" num="s" person="1" pos="vmip1s0" postype="main" tense="present" wd="pregunto"/>
    </grup.verb>
    <S arg="arg1" clausetype="completive" func="cd" tem="pat">
      <conj conjunctiontype="subordinating">
        <c lem="si" pos="cs" postype="subordinating" wd="si"/>
      </conj>
      <sn arg="arg0" entity="entity4" entityref="nne" func="suj" tem="agt">
        <spec gen="m" num="p">
          <d gen="m" lem="este" num="p" pos="dd0mp0" postype="demonstrative" wd="estos"/>
        </spec>
        <grup.nom gen="m" num="p">
          <n gen="m" lem="cazador" num="p" pos="ncmp000" postype="common" sense="16:07330925" wd="cazadores"/>
        </grup.nom>
      </sn>
      <grup.verb>
        <v lem="saber" lss="A22.transitive-agentive-theme" mood="indicative" num="p" person="3" pos="vmip3p0" postype="main" tense="present" wd="saben"/>
      </grup.verb>
      <S arg="arg1" clausetype="completive" func="cd" tem="pat">
        <sn arg="arg1" func="cd" tem="pat">
          <spec gen="m" num="s">
            <d gen="c" lem="qué" num="c" pos="dt0cn0" postype="interrogative" wd="qué"/>
          </spec>
          <grup.nom gen="m" num="s">
            <n gen="m" lem="tipo" num="s" pos="ncms000" postype="common" sense="16:04497251" wd="tipo"/>
            <sp>
              <prep>
                <s lem="de" pos="sps00" postype="preposition" wd="de"/>
              </prep>
              <sn entityref="nne">
                <grup.nom gen="m" num="s">
                  <n gen="m" lem="ejemplo" num="s" pos="ncms000" postype="common" sense="16:04549495" wd="ejemplo"/>
                </grup.nom>
              </sn>
            </sp>
          </grup.nom>
        </sn>
        <sn arg="arg0" coreftype="ident" elliptic="yes" entity="entity4" entityref="nne" func="suj" tem="agt"/>
        <grup.verb>
          <v lem="estar" mood="indicative" num="p" person="3" pos="vmip3p0" postype="main" tense="present" wd="están"/>
          <gerundi>
            <v lem="dar" lss="A21.transitive-agentive-patient" mood="gerund" pos="vmg0000" postype="main" wd="dando"/>
          </gerundi>
        </grup.verb>
      </S>
    </S>
    <f lem="." pos="fp" punct="period" wd="."/>
  </sentence>
  <sentence>
    <sn arg="arg0" coreftype="ident" elliptic="yes" entity="entity2" entityref="nne" func="suj" tem="agt"/>
    <sn arg="arg2" coreftype="ident" entity="entity2" entityref="nne" func="ci" tem="ben">
      <grup.nom num="s">
        <p gen="c" lem="yo" num="s" person="1" pos="pp1cs000" postype="personal" wd="Me"/>
      </grup.nom>
    </sn>
    <grup.verb>
      <v lem="preguntar" lss="A32.ditransitive-patient-benefactive" mood="indicative" num="s" person="1" pos="vmip1s0" postype="main" tense="present" wd="pregunto"/>
    </grup.verb>
    <S arg="arg1" clausetype="completive" func="cd" tem="pat">
      <sn arg="arg2" func="atr" tem="atr">
        <grup.nom num="s">
          <p gen="c" lem="qué" num="s" pos="pt0cs000" postype="interrogative" wd="qué"/>
        </grup.nom>
      </sn>
      <sn arg="arg3" coreftype="ident" entity="entity4" entityref="nne" func="ci" tem="exp">
        <grup.nom num="p">
          <p case="dative" gen="c" lem="él" num="p" person="3" pos="pp3cpd00" postype="personal" wd="les"/>
        </grup.nom>
      </sn>
      <grup.verb>
        <v lem="parecer" lss="C42.state-experiencer" mood="indicative" num="s" person="3" pos="vmic3s0" postype="main" tense="conditional" wd="parecería"/>
      </grup.verb>
      <S arg="arg1" clausetype="completive" func="suj" tem="tem">
        <conj conjunctiontype="subordinating">
          <c lem="si" pos="cs" postype="subordinating" wd="si"/>
        </conj>
        <sn arg="arg0" entityref="nne" func="suj" tem="agt">
          <spec gen="m" num="p">
            <d coreftype="ident" entity="entity4" entityref="nne" gen="c" lem="su" num="p" person="3" pos="dp3cp0" postype="possessive" wd="sus"/>
          </spec>
          <grup.nom gen="m" num="p">
            <n gen="m" lem="hijo" num="p" pos="ncmp000" postype="common" sense="16:07154377" wd="hijos"/>
            <S clausetype="adverbial" impersonal="yes">
              <f lem="," pos="fc" punct="comma" wd=","/>
              <gerundi>
                <v lem="seguir" lss="A21.transitive-agentive-patient" mood="gerund" pos="vmg0000" postype="main" wd="siguiendo"/>
              </gerundi>
              <sn arg="arg1" entityref="nne" func="cd" tem="pat">
                <spec arg="arg0" gen="m" num="p" tem="agt">
                  <d coreftype="ident" entity="entity4" entityref="nne" gen="c" lem="su" num="p" person="3" pos="dp3cp0" postype="possessive" wd="sus"/>
                </spec>
                <grup.nom gen="m" num="p">
                  <n gen="m" lem="paso" lexicalid="noun.paso.2.default" num="p" origin="deverbal" pos="ncmp000" postype="common" sense="16:00107819" wd="pasos"/>
                </grup.nom>
              </sn>
              <f lem="," pos="fc" punct="comma" wd=","/>
            </S>
          </grup.nom>
        </sn>
        <grup.verb>
          <v lem="hacer" lss="A21.transitive-agentive-patient" mood="subjunctive" num="p" person="3" pos="vmsi3p0" postype="main" tense="imperfect" wd="hicieran"/>
        </grup.verb>
        <sn arg="arg1" corefsubtype="token" coreftype="dx" entity="entity6" entityref="nne" func="cd" tem="pat">
          <spec gen="m" num="s">
            <d gen="c" lem="el" num="s" pos="da0ns0" postype="article" wd="lo"/>
          </spec>
          <grup.nom gen="m" num="s">
            <p gen="m" lem="mismo" num="s" pos="pi0ms000" postype="indefinite" wd="mismo"/>
          </grup.nom>
        </sn>
        <sp arg="argM" func="cc" tem="adv">
          <prep>
            <s lem="con" pos="sps00" postype="preposition" wd="con"/>
          </prep>
          <sn coreftype="ident" entity="entity4" entityref="nne">
            <grup.nom gen="m" num="p">
              <p gen="m" lem="él" num="p" person="3" pos="pp3mp000" postype="personal" wd="ellos"/>
            </grup.nom>
          </sn>
        </sp>
        <S arg="argM" clausetype="adverbial" func="cc" tem="tmp">
          <conj conjunctiontype="subordinating">
            <c lem="cuando" pos="cs" postype="subordinating" wd="cuando"/>
          </conj>
          <sn arg="arg1" coreftype="ident" elliptic="yes" entity="entity4" entityref="nne" func="suj" tem="tem"/>
          <grup.verb>
            <v lem="llegar" lss="B11.unaccusative-motion" mood="subjunctive" num="p" person="3" pos="vmsi3p0" postype="main" tense="imperfect" wd="llegaran"/>
          </grup.verb>
          <sp arg="arg4" func="cc" tem="des">
            <prep>
              <s lem="a" pos="sps00" postype="preposition" wd="a"/>
            </prep>
            <sn entityref="nne">
              <grup.nom gen="m" num="p">
                <s.a gen="m" num="p">
                  <grup.a gen="m" num="p">
                    <a gen="m" lem="viejo" num="p" pos="aq0mp0" postype="qualificative" wd="viejos"/>
                  </grup.a>
                </s.a>
              </grup.nom>
            </sn>
          </sp>
        </S>
      </S>
    </S>
    <f lem="." pos="fp" punct="period" wd="."/>
  </sentence>
  <sentence>
    <grup.verb>
      <v lem="ser" lss="C21.state-attributive" mood="indicative" num="s" person="3" pos="vsip3s0" postype="semiauxiliary" tense="present" wd="Es"/>
    </grup.verb>
    <sn arg="arg1" coreftype="ident" entity="entity4" entityref="nne" func="suj" tem="tem">
      <spec gen="m" num="s">
        <d gen="m" lem="este" num="s" pos="dd0ms0" postype="demonstrative" wd="este"/>
      </spec>
      <grup.nom gen="m" num="s">
        <n gen="m" lem="tipo" num="s" pos="ncms000" postype="common" sense="16:04497251" wd="tipo"/>
        <sp>
          <prep>
            <s lem="de" pos="sps00" postype="preposition" wd="de"/>
          </prep>
          <sn>
            <grup.nom gen="f" num="s">
              <n gen="f" lem="gente" num="s" pos="ncfs000" postype="common" sense="16:05957883" wd="gente"/>
            </grup.nom>
          </sn>
        </sp>
      </grup.nom>
    </sn>
    <sn arg="arg2" corefsubtype="definit" coreftype="pred" entity="entity4" func="atr" homophoricDD="yes" tem="atr">
      <spec gen="f" num="s">
        <d gen="f" lem="el" num="s" pos="da0fs0" postype="article" wd="la"/>
      </spec>
      <grup.nom gen="f" num="s">
        <S clausetype="relative">
          <relatiu arg="arg0" func="suj" tem="cau">
            <p gen="c" lem="que" num="c" pos="pr0cn000" postype="relative" wd="que"/>
          </relatiu>
          <grup.verb>
            <v lem="hacer" mood="indicative" num="s" person="3" pos="vmip3s0" postype="main" tense="present" wd="hace"/>
            <infinitiu>
              <v lem="dar" lss="A11.transitive-causative" mood="infinitive" pos="vmn0000" postype="main" wd="dar"/>
            </infinitiu>
          </grup.verb>
          <sn arg="arg1" entityref="nne" func="cd" tem="tem">
            <grup.nom gen="m" num="p">
              <n gen="m" lem="paso" lexicalid="noun.paso.2.default" num="p" origin="deverbal" pos="ncmp000" postype="common" sense="16:00131763" wd="pasos"/>
              <sadv func="cn">
                <grup.adv>
                  <r lem="atrás" pos="rg" wd="atrás"/>
                </grup.adv>
              </sadv>
            </grup.nom>
          </sn>
          <sp arg="arg2" func="ci" tem="ben">
            <prep>
              <s lem="a" pos="sps00" postype="preposition" wd="a"/>
            </prep>
            <sn entityref="nne" homophoricDD="yes">
              <spec gen="f" num="s">
                <d gen="f" lem="el" num="s" pos="da0fs0" postype="article" wd="la"/>
              </spec>
              <grup.nom gen="f" num="s">
                <n gen="f" lem="humanidad" num="s" pos="ncfs000" postype="common" sense="16:05957670" wd="humanidad"/>
              </grup.nom>
            </sn>
          </sp>
        </S>
      </grup.nom>
    </sn>
    <f lem="." pos="fp" punct="period" wd="."/>
  </sentence>
  <sentence verbless="yes">
    <S clausetype="completive" coord="yes" impersonal="yes">
      <S clausetype="completive" impersonal="yes">
        <infinitiu>
          <v lem="querer" lss="A21.transitive-agentive-patient" mood="infinitive" pos="vmn0000" postype="main" wd="Querer"/>
        </infinitiu>
      </S>
      <conj conjunctiontype="coordinating">
        <c lem="y" pos="cc" postype="coordinating" wd="y"/>
      </conj>
      <S clausetype="completive" impersonal="yes">
        <neg func="mod">
          <r lem="no" pos="rn" postype="negative" wd="no"/>
        </neg>
        <infinitiu>
          <v lem="poder" lss="A21.transitive-agentive-patient" mood="infinitive" pos="vmn0000" postype="main" wd="poder"/>
        </infinitiu>
      </S>
    </S>
    <sp>
      <prep>
        <s lem="con" pos="sps00" postype="preposition" wd="con"/>
      </prep>
      <sn coreftype="ident" entity="entity6" entityref="nne">
        <spec gen="m" num="s">
          <d gen="m" lem="este" num="s" pos="dd0ms0" postype="demonstrative" wd="este"/>
          <d gen="m" lem="mismo" num="s" pos="di0ms0" postype="indefinite" wd="mismo"/>
        </spec>
        <grup.nom gen="m" num="s">
          <n gen="m" lem="problema" num="s" pos="ncms000" postype="common" sense="16:10339059" wd="problema"/>
        </grup.nom>
      </sn>
    </sp>
    <S clausetype="adverbial">
      <f lem="," pos="fc" punct="comma" wd=","/>
      <conj conjunctiontype="subordinating">
        <c lem="porque" pos="cs" postype="subordinating" wd="porque"/>
      </conj>
      <sn arg="arg0" coreftype="ident" elliptic="yes" entity="entity2" entityref="nne" func="suj" tem="agt"/>
      <sn arg="arg2" entity="entity5" entityref="nne" func="ci" tem="ben">
        <grup.nom num="p">
          <p case="dative" gen="c" lem="él" num="p" person="3" pos="pp3cpd00" postype="personal" wd="les"/>
        </grup.nom>
      </sn>
      <grup.verb>
        <v lem="asegurar" lss="A32.ditransitive-patient-benefactive" mood="indicative" num="s" person="1" pos="vmip1s0" postype="main" tense="present" wd="aseguro"/>
      </grup.verb>
      <S arg="arg1" clausetype="completive" func="cd" tem="pat">
        <conj conjunctiontype="subordinating">
          <c lem="que" pos="cs" postype="subordinating" wd="que"/>
        </conj>
        <sn arg="arg0" coreftype="ident" elliptic="yes" entity="entity5" entityref="nne" func="suj" tem="agt"/>
        <neg func="mod">
          <r lem="no" pos="rn" postype="negative" wd="no"/>
        </neg>
        <grup.verb>
          <v lem="recibir" lss="A21.transitive-agentive-patient" mood="indicative" num="p" person="3" pos="vmif3p0" postype="main" tense="future" wd="recibirán"/>
        </grup.verb>
        <sn arg="arg1" func="cd" tem="pat">
          <spec gen="f" num="s">
            <d gen="f" lem="ninguno" num="s" pos="di0fs0" postype="indefinite" wd="ninguna"/>
          </spec>
          <grup.nom gen="f" num="s">
            <n gen="f" lem="ayuda" lexicalid="noun.ayuda.1.default" num="s" origin="deverbal" pos="ncfs000" postype="common" sense="16:00786193" wd="ayuda"/>
            <sp arg="arg0" func="cn" tem="agt">
              <prep>
                <s lem="por_parte_de" pos="sps00" postype="preposition" wd="por_parte_de"/>
              </prep>
              <sn>
                <spec gen="f" num="s">
                  <d gen="f" lem="ninguno" num="s" pos="di0fs0" postype="indefinite" wd="ninguna"/>
                </spec>
                <grup.nom gen="f" num="s">
                  <n lem="Administración" ne="organization" pos="np00000" postype="proper" wd="Administración"/>
                </grup.nom>
              </sn>
            </sp>
          </grup.nom>
        </sn>
      </S>
    </S>
    <f lem="." pos="fp" punct="period" wd="."/>
  </sentence>
  <sentence coord="yes">
    <S>
      <sn arg="arg0" coreftype="ident" elliptic="yes" entity="entity2" entityref="nne" func="suj" tem="agt"/>
      <sn arg="arg2" coreftype="ident" entity="entity5" entityref="nne" func="ci" tem="ben">
        <grup.nom num="p">
          <p case="dative" gen="c" lem="él" num="p" person="3" pos="pp3cpd00" postype="personal" wd="Les"/>
        </grup.nom>
      </sn>
      <grup.verb>
        <v lem="poder" mood="indicative" num="s" person="1" pos="vmip1s0" postype="main" tense="present" wd="puedo"/>
        <infinitiu>
          <v lem="decir" lss="A32.ditransitive-patient-benefactive" mood="infinitive" pos="vmn0000" postype="main" wd="decir"/>
        </infinitiu>
      </grup.verb>
      <S arg="arg1" clausetype="completive" func="cd" tem="pat">
        <conj conjunctiontype="subordinating">
          <c lem="que" pos="cs" postype="subordinating" wd="que"/>
        </conj>
        <sn arg="arg1" entityref="nne" func="suj" tem="tem">
          <grup.nom gen="m" num="s">
            <p gen="m" lem="uno" num="s" pos="pi0ms000" postype="indefinite" wd="uno"/>
          </grup.nom>
        </sn>
        <morfema.pronominal>
          <p gen="c" lem="él" num="c" person="3" pos="p0300000" wd="se"/>
        </morfema.pronominal>
        <grup.verb>
          <v lem="encontrar" lss="C21.state-attributive" mood="indicative" num="s" person="3" pos="vmip3s0" postype="main" tense="present" wd="encuentra"/>
        </grup.verb>
        <sa arg="arg2" func="atr" tem="atr">
          <spec>
            <r lem="mucho" pos="rg" wd="muy"/>
          </spec>
          <grup.a>
            <a gen="m" lem="solo" num="s" pos="aq0ms0" postype="qualificative" wd="solo"/>
            <sp>
              <prep>
                <s lem="ante" pos="sps00" postype="preposition" wd="ante"/>
              </prep>
              <sn entityref="nne">
                <spec gen="m" num="s">
                  <d gen="m" lem="uno" num="s" pos="di0ms0" postype="indefinite" wd="un"/>
                </spec>
                <grup.nom gen="m" num="s">
                  <n gen="m" lem="problema" num="s" pos="ncms000" postype="common" sense="16:10339059" wd="problema"/>
                  <sp>
                    <prep>
                      <c lem="como" pos="cs" postype="subordinating" wd="como"/>
                    </prep>
                    <sn coreftype="ident" entity="entity6" entityref="nne">
                      <grup.nom gen="m" num="s">
                        <p gen="m" lem="este" num="s" pos="pd0ms000" postype="demonstrative" wd="éste"/>
                      </grup.nom>
                    </sn>
                  </sp>
                </grup.nom>
              </sn>
            </sp>
          </grup.a>
        </sa>
      </S>
      <f lem="," pos="fc" punct="comma" wd=","/>
    </S>
    <conj conjunctiontype="coordinating">
      <c lem="y" pos="cc" postype="coordinating" wd="y"/>
    </conj>
    <S>
      <sn arg="arg1" coreftype="ident" elliptic="yes" entity="entity2" entityref="nne" func="suj" tem="tem"/>
      <grup.verb>
        <v lem="estar" lss="C21.state-attributive" mood="indicative" num="s" person="1" pos="vmip1s0" postype="main" tense="present" wd="estoy"/>
      </grup.verb>
      <sa arg="arg2" func="atr" tem="atr">
        <grup.a>
          <a gen="f" lem="seguro" num="s" pos="aq0fs0" postype="qualificative" wd="segura"/>
          <S clausetype="completive">
            <conj conjunctiontype="subordinating">
              <c lem="que" pos="cs" postype="subordinating" wd="que"/>
            </conj>
            <sn arg="arg0" entityref="nne" func="suj" tem="agt">
              <spec gen="f" num="p">
                <d gen="f" lem="todo" num="p" pos="di0fp0" postype="indefinite" wd="todas"/>
                <d gen="f" lem="el" num="p" pos="da0fp0" postype="article" wd="las"/>
              </spec>
              <grup.nom gen="f" num="p">
                <n gen="f" lem="pareja" num="p" pos="ncfp000" postype="common" sense="16:05980665" wd="parejas"/>
                <sp>
                  <prep>
                    <s lem="en" pos="sps00" postype="preposition" wd="en"/>
                  </prep>
                  <sn entityref="nne">
                    <spec gen="f" num="s">
                      <d gen="f" lem="el" num="s" pos="da0fs0" postype="article" wd="la"/>
                      <d gen="f" lem="mismo" num="s" pos="di0fs0" postype="indefinite" wd="misma"/>
                    </spec>
                    <grup.nom gen="f" num="s">
                      <n gen="f" lem="situación" lexicalid="noun.situación.2.anticausative" num="s" origin="deverbal" pos="ncfs000" postype="common" sense="16:10035141" wd="situación"/>
                    </grup.nom>
                  </sn>
                </sp>
              </grup.nom>
            </sn>
            <grup.verb>
              <v lem="estar_de_acuerdo" lss="A22.transitive-agentive-theme" mood="indicative" num="p" person="3" pos="vmif3p0" postype="main" tense="future" wd="estarán_de_acuerdo"/>
            </grup.verb>
            <sp arg="arg1" func="creg" tem="tem">
              <prep>
                <s lem="con" pos="sps00" postype="preposition" wd="con"/>
              </prep>
              <sn entityref="nne">
                <spec gen="m" num="s">
                  <d gen="c" lem="el" num="s" pos="da0ns0" postype="article" wd="lo"/>
                </spec>
                <grup.nom gen="c" num="c">
                  <S clausetype="relative">
                    <relatiu arg="arg1" func="cd" tem="pat">
                      <p gen="c" lem="que" num="c" pos="pr0cn000" postype="relative" wd="que"/>
                    </relatiu>
                    <sn arg="arg0" coreftype="ident" elliptic="yes" entity="entity2" entityref="nne" func="suj" tem="agt"/>
                    <grup.verb>
                      <v lem="decir" lss="A32.ditransitive-patient-benefactive" mood="indicative" num="s" person="1" pos="vmip1s0" postype="main" tense="present" wd="digo"/>
                    </grup.verb>
                  </S>
                </grup.nom>
              </sn>
            </sp>
          </S>
        </grup.a>
      </sa>
    </S>
    <f lem="." pos="fp" punct="period" wd="."/>
  </sentence>
</article>
