<?xml version="1.0" encoding="UTF-8"?>
<!-- 

  ancora-2.0
       
			Copyright (C) 2007, 2008, 2009, 2010, 2011 UB - CLiC
			Centre de Llenguatge i Computació - Universitat de Barcelona
 
  This file is part of ancora-2.0.
 
  ancora-2.0 is free software and data: you can redistribute it and/or modify
  it under the terms of the GNU General Public License as published
  by the Free Software Foundation, either version 3 of the License,
  or (at your option) any later version.

  ancora-2.0 is distributed in the hope that it will be useful,
  but WITHOUT ANY WARRANTY; without even the implied warranty of
  MERCHANTABILITY or FITNESS FOR A PARTICULAR PURPOSE.  See the
  GNU General Public License for more details.
 
  You should have received a copy of the GNU General Public License
  along with ancora-2.0.  If not, see &lt;http://www.gnu.org/licenses/&gt;.
 
  Check a text in catalan explaining the terms of the license at http://www.softcatala.cat/wiki/GPL3.
  In spanish at http://www.viti.es/gnu/licenses/gpl.html
 

  The following paper must be cited when using this corpus:

 * Taulé, M., M.A. Martí, M. Recasens (2008) 'Ancora: Multilevel Annotated Corpora for Catalan and Spanish',
   Proceedings of 6th International Conference on Language Resources and Evaluation. Marrakesh (Morocco).

  In addition, the following paper must be cited if coreference information (attributes entity, coreftype,
  corefsubtype, homophoricDD or entityref) is used:

 * Recasens, Marta, M. Antònia Martí (2010) ‘AnCora-CO: Coreferentially annotated corpora for Spanish and
   Catalan’. Language Resources and Evaluation, Springer Science.

  Additionally, the following paper must be cited when argumental attributes in "sn" or "grup.nom"
  (attributes func, arg, tem or lexicalid) are used:

 * Peris, Aina, Mariona Taulé, Horacio Rodríguez (2010) ‘Semantic Annotation of Deverbal Nominalizations in the
   Spanish AnCora corpus’. Treebanks and Linguistic Theories (TLT-2010), Estonia.
-->
<article lng="es">
  <sentence>
    <sn arg="arg0" entity="entity4" entityref="ne" func="suj" ne="other" tem="agt" title="yes">
      <spec>
        <d gen="m" lem="el" num="s" pos="da0ms0" postype="article" wd="EL"/>
      </spec>
      <grup.nom>
        <n lem="Informe_de_la_Crue" ne="other" pos="np00000" postype="proper" wd="INFORME_DE_LA_CRUE"/>
      </grup.nom>
    </sn>
    <grup.verb>
      <v lem="analizar" lss="A21.transitive-agentive-patient" mood="indicative" num="s" person="3" pos="vmip3s0" postype="main" tense="present" wd="ANALIZA"/>
    </grup.verb>
    <sadv func="mod">
      <grup.adv>
        <r lem="también" pos="rg" wd="TAMBIÉN"/>
      </grup.adv>
    </sadv>
    <sn arg="arg1" entityref="nne" func="cd" tem="pat" title="yes">
      <spec>
        <d gen="m" lem="otro" num="p" pos="di0mp0" postype="indefinite" wd="OTROS"/>
      </spec>
      <grup.nom>
        <n gen="m" lem="aspecto" num="p" pos="ncmp000" postype="common" sense="16:04505726" wd="ASPECTOS"/>
        <sp>
          <prep>
            <s lem="de" pos="sps00" postype="preposition" wd="DE"/>
          </prep>
          <sn entity="entity7" entityref="nne" homophoricDD="yes" title="yes">
            <spec>
              <d gen="m" lem="el" num="p" pos="da0mp0" postype="article" wd="LOS"/>
            </spec>
            <grup.nom>
              <n gen="m" lem="estudio" num="p" pos="ncmp000" postype="common" sense="16:05284976" wd="ESTUDIOS"/>
            </grup.nom>
          </sn>
        </sp>
      </grup.nom>
    </sn>
    <f lem="." pos="fp" punct="period" wd="."/>
  </sentence>
  <sentence verbless="yes">
    <sn entityref="nne" homophoricDD="yes" title="yes">
      <spec>
        <d gen="f" lem="el" num="s" pos="da0fs0" postype="article" wd="LA"/>
      </spec>
      <grup.nom>
        <n gen="f" lem="movilidad" num="s" pos="ncfs000" postype="common" sense="16:03747353" wd="MOVILIDAD"/>
      </grup.nom>
    </sn>
    <f lem="." pos="fp" punct="period" wd="."/>
  </sentence>
  <sentence entity="entity5">
    <sn arg="arg1" func="suj" tem="tem">
      <sadv adjunct="yes">
        <grup.adv>
          <r lem="sólo" pos="rg" wd="Sólo"/>
        </grup.adv>
      </sadv>
      <sn entity="entity2" entityref="ne" ne="number">
        <spec gen="m" num="s">
          <d gen="m" lem="el" num="s" pos="da0ms0" postype="article" wd="el"/>
        </spec>
        <grup.nom gen="m" num="s">
          <z lem="10" ne="number" wd="10%"/>
          <sp>
            <prep>
              <s lem="de" pos="sps00" postype="preposition" wd="de"/>
            </prep>
            <sn entity="entity6" entityref="nne" homophoricDD="yes">
              <spec gen="m" num="p">
                <d gen="m" lem="el" num="p" pos="da0mp0" postype="article" wd="los"/>
              </spec>
              <grup.nom gen="m" num="p">
                <n gen="m" lem="universitario" num="p" pos="ncmp000" postype="common" sense="16:07165993" wd="universitarios"/>
              </grup.nom>
            </sn>
          </sp>
        </grup.nom>
      </sn>
    </sn>
    <morfema.pronominal>
      <p gen="c" lem="él" num="c" person="3" pos="p0300000" wd="se"/>
    </morfema.pronominal>
    <grup.verb>
      <v lem="matricular" lss="B21.unaccusative-state" mood="indicative" num="p" person="3" pos="vmip3p0" postype="main" tense="present" wd="matriculan"/>
    </grup.verb>
    <sp arg="arg2" func="creg" tem="efi">
      <prep>
        <s lem="en" pos="sps00" postype="preposition" wd="en"/>
      </prep>
      <sn entity="entity1" entityref="nne">
        <grup.nom gen="m" num="p">
          <n gen="m" lem="centro" num="p" pos="ncmp000" postype="common" sense="16:02412359" wd="centros"/>
          <S clausetype="relative">
            <relatiu arg="arg1" coreftype="ident" entity="entity1" entityref="nne" func="suj" tem="tem">
              <p gen="c" lem="que" num="c" pos="pr0cn000" postype="relative" wd="que"/>
            </relatiu>
            <neg func="mod">
              <r lem="no" pos="rn" postype="negative" wd="no"/>
            </neg>
            <grup.verb>
              <v lem="ser" lss="C21.state-attributive" mood="indicative" num="p" person="3" pos="vsip3p0" postype="semiauxiliary" tense="present" wd="son"/>
            </grup.verb>
            <sp arg="arg2" func="atr" tem="atr">
              <prep>
                <s lem="de" pos="sps00" postype="preposition" wd="de"/>
              </prep>
              <sn entityref="nne" homophoricDD="yes">
                <spec gen="f" num="s">
                  <d gen="f" lem="el" num="s" pos="da0fs0" postype="article" wd="la"/>
                </spec>
                <grup.nom gen="f" num="s">
                  <n gen="f" lem="comunidad" num="s" pos="ncfs000" postype="common" sense="16:05972379" wd="comunidad"/>
                  <sp>
                    <prep>
                      <s lem="de" pos="sps00" postype="preposition" wd="de"/>
                    </prep>
                    <sn>
                      <grup.nom gen="m" num="s">
                        <n gen="m" lem="origen" num="s" pos="ncms000" postype="common" sense="16:05458618" wd="origen"/>
                        <s.a gen="m" num="s">
                          <grup.a gen="m" num="s">
                            <a gen="c" lem="familiar" num="s" pos="aq0cs0" postype="qualificative" wd="familiar"/>
                          </grup.a>
                        </s.a>
                      </grup.nom>
                    </sn>
                  </sp>
                </grup.nom>
              </sn>
            </sp>
          </S>
        </grup.nom>
      </sn>
    </sp>
    <f lem="." pos="fp" punct="period" wd="."/>
  </sentence>
  <sentence>
    <sp arg="arg2" func="cc" tem="loc">
      <prep>
        <s lem="en" pos="sps00" postype="preposition" wd="En"/>
      </prep>
      <sn coreftype="ident" entity="entity2" entityref="spec">
        <spec gen="m" num="s">
          <d gen="m" lem="este" num="s" pos="dd0ms0" postype="demonstrative" wd="este"/>
        </spec>
        <grup.nom gen="m" num="s">
          <n gen="m" lem="porcentaje" num="s" pos="ncms000" postype="common" sense="16:09561632" wd="porcentaje"/>
        </grup.nom>
      </sn>
    </sp>
    <morfema.verbal func="pass">
      <p gen="c" lem="se" num="c" pos="p0000000" wd="se"/>
    </morfema.verbal>
    <grup.verb>
      <v lem="incluir" lss="B22.unaccusative-passive-transitive" mood="indicative" num="p" person="3" pos="vmip3p0" postype="main" tense="present" wd="incluyen"/>
    </grup.verb>
    <sn arg="arg1" entity="entity3" entityref="nne" func="suj" homophoricDD="yes" tem="pat">
      <spec gen="m" num="p">
        <d gen="m" lem="el" num="p" pos="da0mp0" postype="article" wd="los"/>
      </spec>
      <grup.nom gen="m" num="p">
        <n gen="c" lem="estudiante" num="p" pos="nccp000" postype="common" sense="16:07617015" wd="estudiantes"/>
        <sp coord="yes">
          <sp>
            <prep>
              <s lem="de" pos="sps00" postype="preposition" wd="de"/>
            </prep>
            <sn entityref="ne" ne="location">
              <grup.nom>
                <n lem="Guadalajara" ne="location" pos="np00000" postype="proper" wd="Guadalajara"/>
              </grup.nom>
            </sn>
          </sp>
          <conj conjunctiontype="coordinating">
            <c lem="y" pos="cc" postype="coordinating" wd="y"/>
          </conj>
          <sp>
            <prep>
              <s lem="de" pos="sps00" postype="preposition" wd="de"/>
            </prep>
            <sn entityref="nne">
              <spec gen="f" num="p">
                <d gen="f" lem="otro" num="p" pos="di0fp0" postype="indefinite" wd="otras"/>
              </spec>
              <grup.nom gen="f" num="p">
                <n gen="f" lem="provincia" num="p" pos="ncfp000" postype="common" sense="16:09535912" wd="provincias"/>
                <s.a gen="f" num="p">
                  <grup.a gen="f" num="p">
                    <a gen="f" lem="castellano" num="p" pos="aq0fp0" postype="qualificative" wd="castellanas"/>
                  </grup.a>
                </s.a>
              </grup.nom>
            </sn>
          </sp>
        </sp>
        <S clausetype="relative">
          <relatiu arg="arg0" coreftype="ident" entity="entity3" entityref="nne" func="suj" tem="agt">
            <p gen="c" lem="que" num="c" pos="pr0cn000" postype="relative" wd="que"/>
          </relatiu>
          <sp arg="argM" func="cc" tem="loc">
            <f lem="," pos="fc" punct="comma" wd=","/>
            <prep>
              <s lem="por" pos="sps00" postype="preposition" wd="por"/>
            </prep>
            <sn entityref="nne">
              <grup.nom gen="f" num="s">
                <n gen="f" lem="cercanía" num="s" pos="ncfs000" postype="common" sense="16:03968750" wd="cercanía"/>
              </grup.nom>
            </sn>
            <f lem="," pos="fc" punct="comma" wd=","/>
          </sp>
          <sp arg="argM" func="cc" tem="loc">
            <prep>
              <s lem="en" pos="sps00" postype="preposition" wd="en"/>
            </prep>
            <sn entityref="nne">
              <spec gen="f" num="s">
                <d coreftype="ident" entity="entity3" entityref="nne" gen="c" lem="su" num="s" person="3" pos="dp3cs0" postype="possessive" wd="su"/>
              </spec>
              <grup.nom gen="f" num="s">
                <s.a gen="f" num="s">
                  <grup.a gen="f" num="s">
                    <a gen="f" lem="práctico" num="s" pos="aq0fs0" postype="qualificative" wd="práctica"/>
                  </grup.a>
                </s.a>
                <n gen="f" lem="totalidad" num="s" pos="ncfs000" postype="common" sense="16:10375432" wd="totalidad"/>
              </grup.nom>
            </sn>
          </sp>
          <grup.verb>
            <v lem="estudiar" lss="A21.transitive-agentive-patient" mood="indicative" num="p" person="3" pos="vmip3p0" postype="main" tense="present" wd="estudian"/>
          </grup.verb>
          <sp arg="argM" func="cc" tem="loc">
            <prep>
              <s lem="en" pos="sps00" postype="preposition" wd="en"/>
            </prep>
            <sn entityref="ne" ne="location">
              <grup.nom>
                <n lem="Madrid" ne="location" pos="np00000" postype="proper" wd="Madrid"/>
              </grup.nom>
            </sn>
          </sp>
        </S>
      </grup.nom>
    </sn>
    <f lem="." pos="fp" punct="period" wd="."/>
  </sentence>
  <sentence>
    <sn arg="arg1" coreftype="ident" entity="entity4" entityref="spec" func="cd" repetition="yes" tem="pat">
      <spec gen="m" num="s">
        <d gen="m" lem="el" num="s" pos="da0ms0" postype="article" wd="El"/>
      </spec>
      <grup.nom gen="m" num="s">
        <n gen="m" lem="informe" lexicalid="noun.informe.1.default" num="s" origin="deverbal" pos="ncms000" postype="common" sense="16:05391713" wd="informe"/>
      </grup.nom>
    </sn>
    <sn arg="arg0" elliptic="yes" func="suj" tem="agt"/>
    <sn arg="arg1" corefsubtype="token" coreftype="dx" entity="entity5" entityref="nne" func="cd" repetition="yes" tem="pat">
      <grup.nom gen="m" num="s">
        <p case="accusative" gen="m" lem="él" num="s" person="3" pos="pp3msa00" postype="personal" wd="lo"/>
      </grup.nom>
    </sn>
    <grup.verb>
      <v lem="atribuir" lss="A32.ditransitive-patient-benefactive" mood="indicative" num="s" person="3" pos="vmip3s0" postype="main" tense="present" wd="atribuye"/>
    </grup.verb>
    <sp arg="arg2" func="ci" tem="ben">
      <prep>
        <s lem="a" pos="sps00" postype="preposition" wd="a"/>
      </prep>
      <S clausetype="completive">
        <conj conjunctiontype="subordinating">
          <c lem="que" pos="cs" postype="subordinating" wd="que"/>
        </conj>
        <sn arg="arg0" func="suj" tem="agt">
          <sadv adjunct="yes">
            <grup.adv>
              <r lem="apenas" pos="rg" wd="apenas"/>
            </grup.adv>
          </sadv>
          <sn entityref="ne" ne="number">
            <spec gen="m" num="s">
              <d gen="m" lem="el" num="s" pos="da0ms0" postype="article" wd="el"/>
            </spec>
            <grup.nom gen="m" num="s">
              <z lem="3.4/100" ne="number" pos="zp" postype="percentage" wd="3,4%"/>
              <sp>
                <prep>
                  <s lem="de" pos="sps00" postype="preposition" wd="de"/>
                </prep>
                <sn coreftype="ident" entity="entity6" entityref="nne">
                  <spec gen="m" num="p">
                    <d gen="m" lem="el" num="p" pos="da0mp0" postype="article" wd="los"/>
                  </spec>
                  <grup.nom gen="m" num="p">
                    <n gen="m" lem="alumno" num="p" pos="ncmp000" postype="common" sense="16:07617015" wd="alumnos"/>
                  </grup.nom>
                </sn>
              </sp>
            </grup.nom>
          </sn>
        </sn>
        <grup.verb>
          <v lem="percibir" lss="A21.transitive-agentive-patient" mood="indicative" num="s" person="3" pos="vmip3s0" postype="main" tense="present" wd="percibe"/>
        </grup.verb>
        <sn arg="arg1" entityref="nne" func="cd" tem="pat">
          <grup.nom gen="f" num="p">
            <n gen="f" lem="beca" num="p" pos="ncfp000" postype="common" sense="16:09546354" wd="becas"/>
            <s.a gen="f" num="p">
              <grup.a gen="f" num="p">
                <a gen="f" lem="compensatorio" num="p" pos="aq0fp0" postype="qualificative" wd="compensatorias"/>
              </grup.a>
            </s.a>
          </grup.nom>
        </sn>
      </S>
    </sp>
    <f lem="." pos="fp" punct="period" wd="."/>
  </sentence>
  <sentence verbless="yes">
    <sn entityref="nne" title="yes">
      <spec>
        <r lem="más" pos="rg" wd="MÁS"/>
      </spec>
      <grup.nom>
        <n gen="c" lem="posgrados" num="c" pos="nc00000" postype="common" sense="16:cs2" wd="POSGRADOS"/>
      </grup.nom>
    </sn>
    <f lem="." pos="fp" punct="period" wd="."/>
  </sentence>
  <sentence>
    <sn arg="arg0" coreftype="ident" entity="entity4" entityref="spec" func="suj" tem="agt">
      <spec gen="f" num="s">
        <d gen="f" lem="el" num="s" pos="da0fs0" postype="article" wd="La"/>
      </spec>
      <grup.nom gen="f" num="s">
        <n gen="f" lem="investigación" lexicalid="noun.investigación.1.default" num="s" origin="deverbal" pos="ncfs000" postype="common" sense="16:04470360" wd="investigación"/>
      </grup.nom>
    </sn>
    <grup.verb>
      <v lem="destacar" lss="A21.transitive-agentive-patient" mood="indicative" num="s" person="3" pos="vmip3s0" postype="main" tense="present" wd="destaca"/>
    </grup.verb>
    <S arg="arg1" clausetype="completive" func="cd" tem="pat">
      <conj conjunctiontype="subordinating">
        <c lem="que" pos="cs" postype="subordinating" wd="que"/>
      </conj>
      <sn arg="arg1" entityref="nne" func="suj" homophoricDD="yes" tem="tem">
        <spec gen="f" num="s">
          <d gen="f" lem="el" num="s" pos="da0fs0" postype="article" wd="la"/>
        </spec>
        <grup.nom gen="f" num="s">
          <n gen="f" lem="universidad" num="s" pos="ncfs000" postype="common" sense="16:03561614" wd="universidad"/>
        </grup.nom>
      </sn>
      <f lem="&quot;" pos="fe" punct="quotation" wd="&quot;"/>
      <morfema.pronominal>
        <p gen="c" lem="se" num="c" pos="p0000000" wd="se"/>
      </morfema.pronominal>
      <grup.verb>
        <v lem="haber" mood="indicative" num="s" person="3" pos="vaip3s0" postype="auxiliary" tense="present" wd="ha"/>
        <v gen="m" lem="transformar" lss="B21.unaccusative-state" mood="participle" num="s" pos="vmp00sm" postype="main" wd="transformado"/>
      </grup.verb>
      <sp arg="argM" func="cc" tem="adv">
        <prep>
          <s lem="de" pos="sps00" postype="preposition" wd="de"/>
        </prep>
        <sn entityref="nne">
          <grup.nom gen="f" num="s">
            <n gen="f" lem="forma" num="s" pos="ncfs000" postype="common" sense="16:03856995" wd="forma"/>
            <s.a gen="f" num="s">
              <grup.a gen="f" num="s">
                <a gen="c" lem="radical" num="s" pos="aq0cs0" postype="qualificative" wd="radical"/>
              </grup.a>
            </s.a>
          </grup.nom>
        </sn>
      </sp>
      <sp arg="argM" func="cc" tem="tmp">
        <prep>
          <s lem="en" pos="sps00" postype="preposition" wd="en"/>
        </prep>
        <sn entityref="nne" homophoricDD="yes">
          <spec gen="m" num="p">
            <d gen="m" lem="el" num="p" pos="da0mp0" postype="article" wd="los"/>
            <a gen="m" lem="último" num="p" pos="ao0mp0" postype="ordinal" wd="últimos"/>
            <z lem="12" ne="number" wd="12"/>
          </spec>
          <grup.nom gen="m" num="p">
            <n gen="m" lem="año" num="p" pos="ncmp000" postype="common" sense="16:10917509" wd="años"/>
          </grup.nom>
        </sn>
      </sp>
    </S>
    <f lem="&quot;" pos="fe" punct="quotation" wd="&quot;"/>
    <f lem="." pos="fp" punct="period" wd="."/>
  </sentence>
  <sentence coord="yes">
    <S>
      <sp arg="argM" func="cc" tem="tmp">
        <prep>
          <s lem="en" pos="sps00" postype="preposition" wd="En"/>
        </prep>
        <sn entity="entity11">
          <grup.nom gen="f" num="s">
            <w lem="[??:??/??/1990:??.??]" ne="date" wd="1990"/>
          </grup.nom>
        </sn>
        <f lem="," pos="fc" punct="comma" wd=","/>
      </sp>
      <sn arg="arg1" entityref="ne" func="suj" ne="number" tem="tem">
        <spec gen="m" num="s">
          <d gen="m" lem="el" num="s" pos="da0ms0" postype="article" wd="el"/>
        </spec>
        <grup.nom gen="m" num="s">
          <z lem="72/100" ne="number" pos="zp" postype="percentage" wd="72%"/>
          <sp>
            <prep>
              <s lem="de" pos="sps00" postype="preposition" wd="de"/>
            </prep>
            <sn coreftype="ident" entity="entity7" entityref="nne" homophoricDD="yes">
              <spec gen="m" num="p">
                <d gen="m" lem="el" num="p" pos="da0mp0" postype="article" wd="los"/>
              </spec>
              <grup.nom gen="m" num="p">
                <n gen="m" lem="estudio" num="p" pos="ncmp000" postype="common" sense="16:05284976" wd="estudios"/>
              </grup.nom>
            </sn>
          </sp>
        </grup.nom>
      </sn>
      <grup.verb>
        <v lem="ser" lss="C21.state-attributive" mood="indicative" num="p" person="3" pos="vsii3p0" postype="semiauxiliary" tense="imperfect" wd="eran"/>
      </grup.verb>
      <sp arg="arg2" func="atr" tem="atr">
        <prep>
          <s lem="de" pos="sps00" postype="preposition" wd="de"/>
        </prep>
        <sn>
          <grup.nom gen="m" num="s">
            <n gen="m" lem="ciclo" num="s" pos="ncms000" postype="common" sense="16:05471083" wd="ciclo"/>
            <s.a gen="m" num="s">
              <grup.a gen="f" num="s">
                <a gen="m" lem="largo" num="s" pos="aq0ms0" postype="qualificative" wd="largo"/>
              </grup.a>
            </s.a>
          </grup.nom>
        </sn>
      </sp>
      <f lem="," pos="fc" punct="comma" wd=","/>
    </S>
    <conj conjunctiontype="coordinating">
      <c lem="mientras_que" pos="cc" postype="coordinating" wd="mientras_que"/>
    </conj>
    <S>
      <sn arg="argM" entityref="nne" func="cc" tem="tmp">
        <spec gen="m" num="s">
          <d gen="m" lem="este" num="s" pos="dd0ms0" postype="demonstrative" wd="este"/>
        </spec>
        <grup.nom gen="m" num="s">
          <n gen="m" lem="curso" num="s" pos="ncms000" postype="common" sense="16:06115327" wd="curso"/>
        </grup.nom>
      </sn>
      <sadv func="mod">
        <grup.adv>
          <r lem="sólo" pos="rg" wd="sólo"/>
        </grup.adv>
      </sadv>
      <sn arg="arg1" elliptic="yes" entityref="nne" func="suj" tem="tem"/>
      <grup.verb>
        <v lem="suponer" lss="C21.state-attributive" mood="indicative" num="p" person="3" pos="vmip3p0" postype="main" tense="present" wd="suponen"/>
      </grup.verb>
      <sn arg="arg2" entityref="ne" func="cd" functype="quantitative" ne="number" tem="atr">
        <spec gen="m" num="s">
          <d gen="m" lem="el" num="s" pos="da0ms0" postype="article" wd="el"/>
        </spec>
        <grup.nom gen="m" num="s">
          <z lem="53" ne="number" wd="53%"/>
        </grup.nom>
      </sn>
    </S>
    <f lem="." pos="fp" punct="period" wd="."/>
  </sentence>
  <sentence>
    <sn arg="arg1" entityref="nne" func="suj" homophoricDD="yes" tem="tem">
      <spec gen="m" num="p">
        <d gen="m" lem="el" num="p" pos="da0mp0" postype="article" wd="Los"/>
      </spec>
      <grup.nom gen="m" num="p">
        <n gen="m" lem="estudio" num="p" pos="ncmp000" postype="common" sense="16:04408095" wd="estudios"/>
        <sp>
          <prep>
            <s lem="de" pos="sps00" postype="preposition" wd="de"/>
          </prep>
          <sn>
            <grup.nom gen="m" num="s">
              <n gen="m" lem="posgrado" num="s" pos="ncms000" postype="common" sense="16:cs2" wd="posgrado"/>
            </grup.nom>
          </sn>
        </sp>
      </grup.nom>
    </sn>
    <grup.verb>
      <v lem="haber" mood="indicative" num="p" person="3" pos="vaip3p0" postype="auxiliary" tense="present" wd="han"/>
      <v gen="m" lem="pasar" lss="B21.unaccusative-state" mood="participle" num="s" pos="vmp00sm" postype="main" wd="pasado"/>
    </grup.verb>
    <sp arg="arg3" func="cc" tem="ein">
      <prep>
        <s contracted="yes" gen="m" lem="del" num="s" pos="spcms" postype="preposition" wd="del"/>
      </prep>
      <sn entityref="ne" ne="number">
        <grup.nom gen="m" num="s">
          <z lem="3/100" ne="number" pos="zp" postype="percentage" wd="3%"/>
        </grup.nom>
      </sn>
    </sp>
    <sp arg="arg4" func="cc" tem="efi">
      <prep>
        <s contracted="yes" gen="m" lem="al" num="s" pos="spcms" postype="preposition" wd="al"/>
      </prep>
      <sn entityref="ne" ne="number">
        <grup.nom gen="m" num="s">
          <z lem="10/100" ne="number" pos="zp" postype="percentage" wd="10%"/>
        </grup.nom>
      </sn>
    </sp>
    <f lem="." pos="fp" punct="period" wd="."/>
  </sentence>
  <sentence>
    <sadv func="mod">
      <grup.adv>
        <r lem="también" pos="rg" wd="También"/>
      </grup.adv>
    </sadv>
    <grup.verb>
      <v lem="haber" mood="indicative" num="p" person="3" pos="vaip3p0" postype="auxiliary" tense="present" wd="han"/>
      <v gen="m" lem="crecer" lss="C11.state-existential" mood="participle" num="s" pos="vmp00sm" postype="main" wd="crecido"/>
    </grup.verb>
    <sn arg="arg1" entity="entity9" entityref="nne" func="suj" homophoricDD="yes" tem="tem">
      <spec gen="m" num="p">
        <d gen="m" lem="el" num="p" pos="da0mp0" postype="article" wd="los"/>
      </spec>
      <grup.nom gen="m" num="p">
        <n gen="m" lem="alumno" num="p" pos="ncmp000" postype="common" sense="16:07617015" wd="alumnos"/>
        <S clausetype="relative">
          <relatiu arg="arg0" coreftype="ident" entity="entity9" entityref="nne" func="suj" tem="agt">
            <p gen="c" lem="que" num="c" pos="pr0cn000" postype="relative" wd="que"/>
          </relatiu>
          <grup.verb>
            <v lem="cursar" lss="A21.transitive-agentive-patient" mood="indicative" num="p" person="3" pos="vmip3p0" postype="main" tense="present" wd="cursan"/>
          </grup.verb>
          <sn arg="arg1" entityref="nne" func="cd" tem="pat">
            <grup.nom gen="f" num="p">
              <n gen="f" lem="carrera" num="p" pos="ncfp000" postype="common" sense="16:00182783" wd="carreras"/>
              <s.a gen="f" num="p">
                <grup.a gen="f" num="p">
                  <a gen="f" lem="técnico" num="p" pos="aq0fp0" postype="qualificative" wd="técnicas"/>
                </grup.a>
              </s.a>
            </grup.nom>
          </sn>
        </S>
      </grup.nom>
    </sn>
    <f lem="." pos="fp" punct="period" wd="."/>
  </sentence>
  <sentence verbless="yes">
    <sn entityref="nne" title="yes">
      <grup.nom gen="f" num="s">
        <n gen="f" lem="investigación" lexicalid="noun.investigación.1.default" num="s" origin="deverbal" pos="ncfs000" postype="common" sense="16:04467719" wd="INVESTIGACIÓN"/>
      </grup.nom>
    </sn>
    <f lem="." pos="fp" punct="period" wd="."/>
  </sentence>
  <sentence>
    <sn arg="arg1" entity="entity10" entityref="nne" func="suj" homophoricDD="yes" tem="tem">
      <spec gen="f" num="s">
        <d gen="f" lem="el" num="s" pos="da0fs0" postype="article" wd="La"/>
      </spec>
      <grup.nom gen="f" num="s">
        <n gen="f" lem="producción" lexicalid="noun.producción.1.default" num="s" origin="deverbal" pos="ncfs000" postype="common" sense="16:00586701" wd="producción"/>
        <s.a arg="arg0" func="cn" gen="f" num="s" tem="agt">
          <grup.a gen="f" num="s">
            <a gen="f" lem="científico" num="s" pos="aq0fs0" postype="qualificative" wd="científica"/>
          </grup.a>
        </s.a>
      </grup.nom>
    </sn>
    <sadv func="mod">
      <grup.adv>
        <r lem="también" pos="rg" wd="también"/>
      </grup.adv>
    </sadv>
    <grup.verb>
      <v lem="haber" mood="indicative" num="s" person="3" pos="vaip3s0" postype="auxiliary" tense="present" wd="ha"/>
      <v gen="m" lem="subir" lss="B21.unaccusative-state" mood="participle" num="s" pos="vmp00sm" postype="main" wd="subido"/>
    </grup.verb>
    <f lem="." pos="fp" punct="period" wd="."/>
  </sentence>
  <sentence>
    <sp arg="argM" func="cc" tem="tmp">
      <prep>
        <s lem="en" pos="sps00" postype="preposition" wd="En"/>
      </prep>
      <sn entityref="ne" ne="date">
        <grup.nom gen="m" num="s">
          <w lem="[??:??/??/1992:??.??]" ne="date" wd="1992"/>
        </grup.nom>
      </sn>
    </sp>
    <sn arg="arg1" coreftype="ident" elliptic="yes" entity="entity10" entityref="nne" func="suj" tem="tem"/>
    <grup.verb>
      <v lem="representar" lss="C21.state-attributive" mood="indicative" num="s" person="3" pos="vmii3s0" postype="main" tense="imperfect" wd="representaba"/>
    </grup.verb>
    <sn arg="arg2" entityref="ne" func="cd" functype="quantitative" ne="number" tem="atr">
      <spec gen="m" num="s">
        <d gen="m" lem="el" num="s" pos="da0ms0" postype="article" wd="el"/>
      </spec>
      <grup.nom gen="m" num="s">
        <z lem="1.5/100" ne="number" pos="zp" postype="percentage" wd="1,5%"/>
        <sp>
          <prep>
            <s contracted="yes" gen="m" lem="del" num="s" pos="spcms" postype="preposition" wd="del"/>
          </prep>
          <sn entityref="nne" homophoricDD="yes">
            <grup.nom gen="m" num="s">
              <n gen="m" lem="volumen" num="s" pos="ncms000" postype="common" sense="16:03977751" wd="volumen"/>
              <s.a gen="m" num="s">
                <grup.a gen="m" num="s">
                  <a gen="c" lem="mundial" num="s" pos="aq0cs0" postype="qualificative" wd="mundial"/>
                </grup.a>
              </s.a>
            </grup.nom>
          </sn>
        </sp>
      </grup.nom>
    </sn>
    <f lem="." pos="fp" punct="period" wd="."/>
  </sentence>
  <sentence>
    <sadv arg="argM" func="cc" tem="tmp">
      <grup.adv>
        <r lem="actualmente" pos="rg" wd="Actualmente"/>
      </grup.adv>
    </sadv>
    <sn arg="arg0" coreftype="ident" elliptic="yes" entity="entity10" entityref="nne" func="suj" tem="agt"/>
    <grup.verb>
      <v lem="alcanzar" lss="A21.transitive-agentive-patient" mood="indicative" num="s" person="3" pos="vmip3s0" postype="main" tense="present" wd="alcanza"/>
    </grup.verb>
    <sn arg="arg1" entityref="ne" func="cd" ne="number" tem="pat">
      <spec gen="m" num="s">
        <d gen="m" lem="el" num="s" pos="da0ms0" postype="article" wd="el"/>
      </spec>
      <grup.nom gen="m" num="s">
        <z lem="2.6/100" ne="number" pos="zp" postype="percentage" wd="2,6%"/>
      </grup.nom>
    </sn>
    <f lem="." pos="fp" punct="period" wd="."/>
  </sentence>
  <sentence>
    <conj conjunctiontype="coordinating" func="et">
      <c lem="no_obstante" pos="cc" postype="coordinating" wd="No_obstante"/>
      <f lem="," pos="fc" punct="comma" wd=","/>
    </conj>
    <sp arg="argM" func="cc" tem="tmp">
      <prep>
        <s lem="en" pos="sps00" postype="preposition" wd="en"/>
      </prep>
      <sn coreftype="ident" entity="entity11" entityref="ne" ne="date">
        <grup.nom gen="m" num="s">
          <w lem="[??:??/??/1990:??.??]" ne="date" wd="1990"/>
        </grup.nom>
      </sn>
    </sp>
    <morfema.verbal func="impers">
      <p gen="c" lem="se" num="c" pos="p0000000" wd="se"/>
    </morfema.verbal>
    <grup.verb>
      <v lem="apuntar" lss="A21.transitive-agentive-patient" mood="indicative" num="s" person="3" pos="vmii3s0" postype="main" tense="imperfect" wd="apuntaba"/>
    </grup.verb>
    <sp arg="argM" func="cc" tem="adv">
      <prep>
        <c lem="como" pos="cs" postype="subordinating" wd="como"/>
      </prep>
      <sn>
        <grup.nom gen="m" num="s">
          <n gen="m" lem="objetivo" num="s" pos="ncms000" postype="common" sense="16:04586952" wd="objetivo"/>
        </grup.nom>
      </sn>
    </sp>
    <S arg="arg1" clausetype="completive" coord="yes" func="cd" impersonal="yes" tem="pat">
      <S clausetype="completive" impersonal="yes">
        <infinitiu>
          <v lem="llegar" lss="B11.unaccusative-motion" mood="infinitive" pos="vmn0000" postype="main" wd="llegar"/>
        </infinitiu>
        <sp arg="arg4" func="cc" tem="des">
          <prep>
            <s contracted="yes" gen="m" lem="al" num="s" pos="spcms" postype="preposition" wd="al"/>
          </prep>
          <sn entityref="ne" ne="number">
            <grup.nom gen="m" num="s">
              <z lem="4/100" ne="number" pos="zp" postype="percentage" wd="4%"/>
            </grup.nom>
          </sn>
        </sp>
        <sp arg="argM" func="cc" tem="tmp">
          <prep>
            <s lem="a" pos="sps00" postype="preposition" wd="a"/>
          </prep>
          <sn entityref="nne">
            <grup.nom gen="m" num="p">
              <n gen="m" lem="final" num="p" pos="ncmp000" postype="common" sense="16:04515461" wd="finales"/>
              <sp>
                <prep>
                  <s lem="de" pos="sps00" postype="preposition" wd="de"/>
                </prep>
                <sn entityref="nne">
                  <grup.nom gen="m" num="s">
                    <n gen="m" lem="siglo" num="s" pos="ncms000" postype="common" sense="16:10918678" wd="siglo"/>
                  </grup.nom>
                </sn>
              </sp>
            </grup.nom>
          </sn>
        </sp>
      </S>
      <conj conjunctiontype="coordinating">
        <c lem="y" pos="cc" postype="coordinating" wd="y"/>
      </conj>
      <S clausetype="completive" impersonal="yes">
        <infinitiu>
          <v lem="destinar" lss="A34.ditransitive-patient-theme" mood="infinitive" pos="vmn0000" postype="main" wd="destinar"/>
        </infinitiu>
        <sn arg="arg1" entityref="ne" func="cd" ne="number" tem="pat">
          <spec gen="m" num="s">
            <d gen="m" lem="el" num="s" pos="da0ms0" postype="article" wd="el"/>
          </spec>
          <grup.nom gen="m" num="s">
            <z lem="1/100" ne="number" pos="zp" postype="percentage" wd="1%"/>
            <sp>
              <prep>
                <s contracted="yes" gen="m" lem="del" num="s" pos="spcms" postype="preposition" wd="del"/>
              </prep>
              <sn entityref="ne" ne="other">
                <grup.nom gen="m" num="s">
                  <n lem="PIB" ne="other" pos="np00000" postype="proper" wd="PIB"/>
                </grup.nom>
              </sn>
            </sp>
          </grup.nom>
        </sn>
        <sp arg="arg2" func="creg" tem="tem">
          <prep>
            <s lem="a" pos="sps00" postype="preposition" wd="a"/>
          </prep>
          <sn entityref="nne">
            <spec arg="arg1" gen="f" num="s" tem="pat">
              <d coreftype="ident" entity="entity10" entityref="nne" gen="c" lem="su" num="s" person="3" pos="dp3cs0" postype="possessive" wd="su"/>
            </spec>
            <grup.nom gen="f" num="s">
              <n gen="f" lem="financiación" lexicalid="noun.financiación.2.default" num="s" origin="deverbal" pos="ncfs000" postype="common" sense="16:00712138" wd="financiación"/>
            </grup.nom>
          </sn>
        </sp>
      </S>
    </S>
    <f lem="." pos="fp" punct="period" wd="."/>
  </sentence>
  <sentence verbless="yes">
    <sn entityref="nne" title="yes">
      <grup.nom>
        <n gen="c" lem="estabilidad" num="c" pos="nc00000" postype="common" sense="16:03750498" wd="ESTABILIDAD"/>
        <s.a>
          <grup.a>
            <a gen="c" lem="laboral" num="s" pos="aq00s0" postype="qualificative" wd="LABORAL"/>
          </grup.a>
        </s.a>
      </grup.nom>
    </sn>
    <f lem="." pos="fp" punct="period" wd="."/>
  </sentence>
  <sentence>
    <sn arg="arg1" entity="entity12" entityref="nne" func="suj" homophoricDD="yes" tem="tem">
      <spec gen="m" num="s">
        <d gen="m" lem="el" num="s" pos="da0ms0" postype="article" wd="El"/>
      </spec>
      <grup.nom gen="m" num="s">
        <n gen="m" lem="personal" num="s" pos="ncms000" postype="common" sense="16:06092672" wd="personal"/>
        <s.a complex="yes" gen="m" num="s">
          <grup.a coord="yes" gen="m" num="s">
            <grup.a gen="m" num="s">
              <a gen="c" lem="docente" num="s" pos="aq0cs0" postype="qualificative" wd="docente"/>
            </grup.a>
            <conj conjunctiontype="coordinating">
              <c lem="e" pos="cc" postype="coordinating" wd="e"/>
            </conj>
            <grup.a gen="m" num="s">
              <a gen="m" lem="investigador" num="s" pos="aq0ms0" postype="qualificative" wd="investigador"/>
            </grup.a>
          </grup.a>
        </s.a>
      </grup.nom>
    </sn>
    <grup.verb>
      <v lem="ganar" lss="C11.state-existential" mood="indicative" num="s" person="3" pos="vmip3s0" postype="main" tense="present" wd="gana"/>
    </grup.verb>
    <sp arg="argM" func="cc" tem="adv">
      <prep>
        <s lem="en" pos="sps00" postype="preposition" wd="en"/>
      </prep>
      <sn entityref="nne">
        <grup.nom gen="f" num="s">
          <n gen="f" lem="estabilidad" num="s" pos="ncfs000" postype="common" sense="16:03750498" wd="estabilidad"/>
        </grup.nom>
      </sn>
    </sp>
    <f lem="." pos="fp" punct="period" wd="."/>
  </sentence>
  <sentence>
    <grup.verb>
      <v lem="ser" lss="C21.state-attributive" mood="indicative" num="p" person="3" pos="vsip3p0" postype="semiauxiliary" tense="present" wd="Son"/>
    </grup.verb>
    <sn arg="arg2" corefsubtype="indefinit" coreftype="pred" entity="entity12" func="atr" tem="atr">
      <grup.nom gen="m" num="p">
        <n gen="m" lem="funcionario" num="p" pos="ncmp000" postype="common" sense="16:07440234" wd="funcionarios"/>
      </grup.nom>
    </sn>
    <sn arg="arg1" coord="yes" func="suj" tem="tem">
      <sn entityref="ne" ne="number">
        <spec gen="m" num="s">
          <d gen="m" lem="uno" num="s" pos="di0ms0" postype="indefinite" wd="un"/>
        </spec>
        <grup.nom gen="m" num="s">
          <z lem="60/100" ne="number" pos="zp" postype="percentage" wd="60%"/>
          <sp>
            <prep>
              <s lem="de" pos="sps00" postype="preposition" wd="de"/>
            </prep>
            <sn entityref="nne" homophoricDD="yes">
              <spec gen="m" num="p">
                <d gen="m" lem="el" num="p" pos="da0mp0" postype="article" wd="los"/>
                <z lem="80433" ne="number" wd="80.433"/>
              </spec>
              <grup.nom gen="m" num="p">
                <n gen="m" lem="profesor" num="p" pos="ncmp000" postype="common" sense="16:07056778" wd="profesores"/>
              </grup.nom>
            </sn>
          </sp>
        </grup.nom>
      </sn>
      <conj conjunctiontype="coordinating">
        <c lem="y" pos="cc" postype="coordinating" wd="y"/>
      </conj>
      <sn entityref="ne" ne="number">
        <spec gen="m" num="s">
          <d gen="m" lem="uno" num="s" pos="di0ms0" postype="indefinite" wd="un"/>
        </spec>
        <grup.nom gen="m" num="s">
          <z lem="50/100" ne="number" pos="zp" postype="percentage" wd="50%"/>
          <sp>
            <prep>
              <s lem="de" pos="sps00" postype="preposition" wd="de"/>
            </prep>
            <sn coord="yes">
              <sn entityref="nne" homophoricDD="yes">
                <spec gen="m" num="p">
                  <d gen="m" lem="el" num="p" pos="da0mp0" postype="article" wd="los"/>
                  <z lem="39456" ne="number" wd="39.456"/>
                </spec>
                <grup.nom gen="m" num="p">
                  <n gen="m" lem="administrativo" num="p" pos="ncmp000" postype="common" sense="16:07160596" wd="administrativos"/>
                </grup.nom>
              </sn>
              <conj conjunctiontype="coordinating">
                <c lem="y" pos="cc" postype="coordinating" wd="y"/>
              </conj>
              <sn entityref="nne">
                <spec gen="m" num="p">
                  <d gen="m" lem="otro" num="p" pos="di0mp0" postype="indefinite" wd="otros"/>
                </spec>
                <grup.nom gen="m" num="p">
                  <n gen="m" lem="empleado" num="p" pos="ncmp000" postype="common" sense="16:07240707" wd="empleados"/>
                </grup.nom>
              </sn>
            </sn>
          </sp>
        </grup.nom>
      </sn>
    </sn>
    <f lem="." pos="fp" punct="period" wd="."/>
  </sentence>
  <sentence verbless="yes">
    <sn entityref="nne" homophoricDD="yes" title="yes">
      <spec gen="f" num="p">
        <d gen="f" lem="el" num="p" pos="da0fp0" postype="article" wd="LAS"/>
      </spec>
      <grup.nom gen="f" num="p">
        <n gen="f" lem="matrícula" lexicalid="noun.matrícula.1.anticausative" num="p" origin="deverbal" pos="ncfp000" postype="common" sense="16:00810945" wd="MATRÍCULAS"/>
      </grup.nom>
    </sn>
    <f lem="." pos="fp" punct="period" wd="."/>
  </sentence>
  <sentence>
    <sn arg="arg0" coreftype="ident" entity="entity6" entityref="nne" func="suj" tem="agt">
      <spec gen="m" num="p">
        <d gen="m" lem="el" num="p" pos="da0mp0" postype="article" wd="Los"/>
      </spec>
      <grup.nom gen="m" num="p">
        <n gen="m" lem="alumno" num="p" pos="ncmp000" postype="common" sense="16:07617015" wd="alumnos"/>
      </grup.nom>
    </sn>
    <grup.verb>
      <v lem="aportar" lss="A21.transitive-agentive-patient" mood="indicative" num="p" person="3" pos="vmip3p0" postype="main" tense="present" wd="aportan"/>
    </grup.verb>
    <sp arg="argM" func="cc" tem="adv">
      <prep>
        <s lem="con" pos="sps00" postype="preposition" wd="con"/>
      </prep>
      <sn entityref="nne">
        <spec arg="arg1" gen="f" num="p" tem="tem">
          <d coreftype="ident" entity="entity6" entityref="nne" gen="c" lem="su" num="p" person="3" pos="dp3cp0" postype="possessive" wd="sus"/>
        </spec>
        <grup.nom gen="f" num="p">
          <n gen="f" lem="matrícula" lexicalid="noun.matrícula.1.anticausative" num="p" origin="deverbal" pos="ncfp000" postype="common" sense="16:09592315" wd="matrículas"/>
        </grup.nom>
      </sn>
    </sp>
    <sn arg="arg1" entityref="ne" func="cd" ne="number" tem="pat">
      <spec gen="m" num="s">
        <d gen="m" lem="el" num="s" pos="da0ms0" postype="article" wd="el"/>
      </spec>
      <grup.nom gen="m" num="s">
        <z lem="10.5/100" ne="number" pos="zp" postype="percentage" wd="10,5%"/>
        <sp>
          <prep>
            <s lem="de" pos="sps00" postype="preposition" wd="de"/>
          </prep>
          <sn entityref="nne" homophoricDD="yes">
            <spec gen="m" num="p">
              <d gen="m" lem="el" num="p" pos="da0mp0" postype="article" wd="los"/>
            </spec>
            <grup.nom gen="m" num="p">
              <n gen="m" lem="gasto" lexicalid="noun.gasto.1.default" num="p" origin="deverbal" pos="ncmp000" postype="common" sense="16:09552872" wd="gastos"/>
            </grup.nom>
          </sn>
        </sp>
      </grup.nom>
    </sn>
    <f lem="." pos="fp" punct="period" wd="."/>
  </sentence>
  <sentence>
    <sn arg="arg0" coreftype="ident" entity="entity4" entityref="spec" func="suj" tem="agt">
      <spec gen="m" num="s">
        <d gen="m" lem="el" num="s" pos="da0ms0" postype="article" wd="El"/>
      </spec>
      <grup.nom gen="m" num="s">
        <n gen="m" lem="informe" lexicalid="noun.informe.1.default" num="s" origin="deverbal" pos="ncms000" postype="common" sense="16:05391713" wd="informe"/>
      </grup.nom>
    </sn>
    <grup.verb>
      <v lem="asegurar" lss="A32.ditransitive-patient-benefactive" mood="indicative" num="s" person="3" pos="vmip3s0" postype="main" tense="present" wd="asegura"/>
    </grup.verb>
    <S arg="arg1" clausetype="completive" coord="yes" func="cd" tem="pat">
      <S clausetype="completive">
        <conj conjunctiontype="subordinating">
          <c lem="que" pos="cs" postype="subordinating" wd="que"/>
        </conj>
        <sn arg="argM" entityref="nne" func="cc" tem="tmp">
          <v lem="hacer" mood="indicative" num="s" person="3" pos="vmip3s0" postype="main" tense="present" wd="hace"/>
          <d gen="c" lem="dos" num="p" pos="dn0cp0" postype="numeral" wd="dos"/>
          <n gen="m" lem="año" num="p" pos="ncmp000" postype="common" sense="16:10917509" wd="años"/>
        </sn>
        <sn arg="arg1" elliptic="yes" func="suj" tem="tem"/>
        <grup.verb>
          <v lem="ser" lss="C21.state-attributive" mood="indicative" num="s" person="3" pos="vsii3s0" postype="semiauxiliary" tense="imperfect" wd="era"/>
        </grup.verb>
        <sn arg="arg2" entityref="ne" func="atr" ne="number" tem="atr">
          <spec gen="m" num="s">
            <d gen="m" lem="el" num="s" pos="da0ms0" postype="article" wd="el"/>
          </spec>
          <grup.nom gen="m" num="s">
            <z lem="12/100" ne="number" pos="zp" postype="percentage" wd="12%"/>
          </grup.nom>
        </sn>
      </S>
      <conj conjunctiontype="coordinating">
        <c lem="y" pos="cc" postype="coordinating" wd="y"/>
      </conj>
      <S clausetype="completive">
        <conj conjunctiontype="subordinating">
          <c lem="que" pos="cs" postype="subordinating" wd="que"/>
        </conj>
        <sp arg="arg1" func="creg" tem="tem">
          <prep>
            <s contracted="yes" gen="m" lem="al" num="s" pos="spcms" postype="preposition" wd="al"/>
          </prep>
          <sn entityref="nne" homophoricDD="yes">
            <grup.nom gen="m" num="s">
              <n gen="m" lem="descenso" lexicalid="noun.descenso.1.default" num="s" origin="deverbal" pos="ncms000" postype="common" sense="16:05454273" wd="descenso"/>
            </grup.nom>
          </sn>
        </sp>
        <grup.verb>
          <v lem="haber" mood="indicative" num="s" person="3" pos="vaip3s0" postype="auxiliary" tense="present" wd="ha"/>
          <v gen="m" lem="contribuir" lss="A22.transitive-agentive-theme" mood="participle" num="s" pos="vmp00sm" postype="main" wd="contribuido"/>
        </grup.verb>
        <sn arg="arg0" entityref="nne" func="suj" tem="agt">
          <spec gen="f" num="s">
            <d gen="f" lem="uno" num="s" pos="di0fs0" postype="indefinite" wd="una"/>
          </spec>
          <grup.nom gen="f" num="s">
            <s.a func="cn" gen="f" num="s">
              <grup.a gen="f" num="s">
                <a gen="c" lem="mayor" num="s" pos="aq0cs0" postype="qualificative" wd="mayor"/>
              </grup.a>
            </s.a>
            <f lem="&quot;" pos="fe" punct="quotation" wd="&quot;"/>
            <n gen="f" lem="racionalización" lexicalid="noun.racionalización.1.default" num="s" origin="deverbal" pos="ncfs000" postype="common" sense="16:04466164" wd="racionalización"/>
            <f lem="&quot;" pos="fe" punct="quotation" wd="&quot;"/>
          </grup.nom>
        </sn>
      </S>
    </S>
    <f lem="." pos="fp" punct="period" wd="."/>
  </sentence>
  <sentence>
    <S arg="arg1" clausetype="completive" func="cd" tem="pat">
      <f lem="&quot;" pos="fe" punct="quotation" wd="&quot;"/>
      <sn arg="arg1" coreftype="ident" elliptic="yes" entity="entity6" entityref="nne" func="suj" homophoricDD="yes" tem="tem"/>
      <morfema.pronominal>
        <p gen="c" lem="él" num="c" person="3" pos="p0300000" wd="Se"/>
      </morfema.pronominal>
      <grup.verb>
        <v lem="matricular" lss="B21.unaccusative-state" mood="indicative" num="p" person="3" pos="vmip3p0" postype="main" tense="present" wd="matriculan"/>
      </grup.verb>
      <sp arg="arg2" func="creg" tem="efi">
        <prep>
          <s lem="en" pos="sps00" postype="preposition" wd="en"/>
        </prep>
        <sn entityref="nne">
          <spec gen="f" num="p">
            <r lem="menos" pos="rg" wd="menos"/>
          </spec>
          <grup.nom gen="f" num="p">
            <n gen="f" lem="materia" num="p" pos="ncfp000" postype="common" sense="16:04479710" wd="materias"/>
          </grup.nom>
        </sn>
      </sp>
      <S clausesubtype="conditional" clausetype="adverbial" func="ao">
        <conj conjunctiontype="subordinating">
          <c lem="si" pos="cs" postype="subordinating" wd="si"/>
        </conj>
        <sn arg="arg0" coreftype="ident" elliptic="yes" entity="entity6" entityref="nne" func="suj" homophoricDD="yes" tem="agt"/>
        <grup.verb>
          <v lem="ver" lss="A21.transitive-agentive-patient" mood="indicative" num="p" person="3" pos="vmip3p0" postype="main" tense="present" wd="ven"/>
        </grup.verb>
        <S arg="arg1" clausetype="completive" coord="yes" func="cd" tem="pat">
          <conj conjunctiontype="subordinating">
            <c lem="que" pos="cs" postype="subordinating" wd="que"/>
          </conj>
          <S clausetype="completive">
            <sn arg="arg0" coreftype="ident" elliptic="yes" entity="entity6" entityref="nne" func="suj" homophoricDD="yes" tem="agt"/>
            <neg func="mod">
              <r lem="no" pos="rn" postype="negative" wd="no"/>
            </neg>
            <grup.verb>
              <v lem="poder" lss="A22.transitive-agentive-theme" mood="indicative" num="p" person="3" pos="vmip3p0" postype="main" tense="present" wd="pueden"/>
            </grup.verb>
            <sp arg="arg1" func="creg" tem="tem">
              <prep>
                <s lem="con" pos="sps00" postype="preposition" wd="con"/>
              </prep>
              <sn entityref="nne">
                <grup.nom gen="f" num="p">
                  <p gen="f" lem="él" num="p" person="3" pos="pp3fp000" postype="personal" wd="ellas"/>
                </grup.nom>
              </sn>
            </sp>
          </S>
          <conj conjunctiontype="coordinating">
            <c lem="y" pos="cc" postype="coordinating" wd="y"/>
          </conj>
          <S clausetype="completive">
            <sn arg="arg0" coreftype="ident" elliptic="yes" entity="entity6" entityref="nne" func="suj" tem="agt"/>
            <grup.verb>
              <v lem="ir" mood="indicative" num="p" person="3" pos="vmip3p0" postype="main" tense="present" wd="van"/>
              <s lem="a" pos="sps00" postype="preposition" wd="a"/>
              <infinitiu>
                <v lem="suspender" lss="A21.transitive-agentive-patient" mood="infinitive" pos="vmn0000" postype="main" wd="suspender"/>
              </infinitiu>
            </grup.verb>
          </S>
        </S>
      </S>
      <f lem="&quot;" pos="fe" punct="quotation" wd="&quot;"/>
      <f lem="," pos="fc" punct="comma" wd=","/>
    </S>
    <grup.verb>
      <v lem="comentar" lss="A32.ditransitive-patient-benefactive" mood="indicative" num="s" person="3" pos="vmis3s0" postype="main" tense="past" wd="comentó"/>
    </grup.verb>
    <sn arg="arg0" entity="entity13" entityref="ne" func="suj" ne="person" tem="agt">
      <spec gen="m" num="s">
        <d gen="m" lem="el" num="s" pos="da0ms0" postype="article" wd="el"/>
      </spec>
      <grup.nom gen="m" num="s">
        <n gen="m" lem="jefe" num="s" pos="ncms000" postype="common" sense="16:07273778" wd="jefe"/>
        <sp>
          <prep>
            <s lem="de" pos="sps00" postype="preposition" wd="de"/>
          </prep>
          <sn>
            <grup.nom gen="m" num="p">
              <n gen="m" lem="estudio" num="p" pos="ncmp000" postype="common" sense="16:04408095" wd="estudios"/>
              <sp>
                <prep>
                  <s lem="de" pos="sps00" postype="preposition" wd="de"/>
                </prep>
                <sn entityref="ne" ne="organization">
                  <spec gen="f" num="s">
                    <d gen="f" lem="el" num="s" pos="da0fs0" postype="article" wd="la"/>
                  </spec>
                  <grup.nom gen="f" num="s">
                    <n lem="CRUE" ne="organization" pos="np00000" postype="proper" wd="CRUE"/>
                  </grup.nom>
                </sn>
              </sp>
            </grup.nom>
          </sn>
        </sp>
        <sn corefsubtype="definit" coreftype="pred" entity="entity13" entityref="ne" ne="person">
          <f lem="," pos="fc" punct="comma" wd=","/>
          <grup.nom gen="m" num="s">
            <n lem="Miguel_Ángel_Quintanilla" ne="person" pos="np00000" postype="proper" wd="Miguel_Ángel_Quintanilla"/>
          </grup.nom>
        </sn>
      </grup.nom>
    </sn>
    <f lem="." pos="fp" punct="period" wd="."/>
  </sentence>
</article>
