<?xml version="1.0" encoding="UTF-8"?>
<!-- 

  ancora-2.0
       
			Copyright (C) 2007, 2008, 2009, 2010, 2011 UB - CLiC
			Centre de Llenguatge i Computació - Universitat de Barcelona
 
  This file is part of ancora-2.0.
 
  ancora-2.0 is free software and data: you can redistribute it and/or modify
  it under the terms of the GNU General Public License as published
  by the Free Software Foundation, either version 3 of the License,
  or (at your option) any later version.

  ancora-2.0 is distributed in the hope that it will be useful,
  but WITHOUT ANY WARRANTY; without even the implied warranty of
  MERCHANTABILITY or FITNESS FOR A PARTICULAR PURPOSE.  See the
  GNU General Public License for more details.
 
  You should have received a copy of the GNU General Public License
  along with ancora-2.0.  If not, see &lt;http://www.gnu.org/licenses/&gt;.
 
  Check a text in catalan explaining the terms of the license at http://www.softcatala.cat/wiki/GPL3.
  In spanish at http://www.viti.es/gnu/licenses/gpl.html
 

  The following paper must be cited when using this corpus:

 * Taulé, M., M.A. Martí, M. Recasens (2008) 'Ancora: Multilevel Annotated Corpora for Catalan and Spanish',
   Proceedings of 6th International Conference on Language Resources and Evaluation. Marrakesh (Morocco).

  In addition, the following paper must be cited if coreference information (attributes entity, coreftype,
  corefsubtype, homophoricDD or entityref) is used:

 * Recasens, Marta, M. Antònia Martí (2010) ‘AnCora-CO: Coreferentially annotated corpora for Spanish and
   Catalan’. Language Resources and Evaluation, Springer Science.

  Additionally, the following paper must be cited when argumental attributes in "sn" or "grup.nom"
  (attributes func, arg, tem or lexicalid) are used:

 * Peris, Aina, Mariona Taulé, Horacio Rodríguez (2010) ‘Semantic Annotation of Deverbal Nominalizations in the
   Spanish AnCora corpus’. Treebanks and Linguistic Theories (TLT-2010), Estonia.
-->
<article lng="es">
  <sentence>
    <sn arg="arg0" entity="entity1" entityref="ne" func="suj" ne="person" tem="agt">
      <spec gen="m" num="s">
        <d gen="m" lem="el" num="s" pos="da0ms0" postype="article" wd="El"/>
      </spec>
      <grup.nom gen="m" num="s">
        <n gen="m" lem="premio" num="s" pos="ncms000" postype="common" sense="16:09547800" wd="premio"/>
        <sn entityref="ne" ne="other">
          <grup.nom gen="m" num="s">
            <n lem="Nobel" ne="person" pos="np00000" postype="proper" wd="Nobel"/>
          </grup.nom>
        </sn>
        <sp>
          <prep>
            <s lem="de" pos="sps00" postype="preposition" wd="de"/>
          </prep>
          <sn entityref="ne" ne="other">
            <grup.nom>
              <n lem="Economía" ne="other" pos="np00000" postype="proper" wd="Economía"/>
            </grup.nom>
          </sn>
        </sp>
        <sp>
          <prep>
            <s lem="de" pos="sps00" postype="preposition" wd="de"/>
          </prep>
          <sn entityref="ne" ne="date">
            <grup.nom gen="m" num="s">
              <w lem="[??:??/??/1999:??.??]" ne="date" wd="1999"/>
            </grup.nom>
          </sn>
        </sp>
        <sn corefsubtype="definit" coreftype="pred" entity="entity1" entityref="ne" ne="person">
          <f lem="," pos="fc" punct="comma" wd=","/>
          <grup.nom gen="m" num="s">
            <n lem="Robert_Mundell" ne="person" pos="np00000" postype="proper" wd="Robert_Mundell"/>
          </grup.nom>
        </sn>
      </grup.nom>
    </sn>
    <grup.verb>
      <v lem="pedir" lss="A32.ditransitive-patient-benefactive" mood="indicative" num="s" person="3" pos="vmis3s0" postype="main" tense="past" wd="pidió"/>
    </grup.verb>
    <sadv arg="argM" func="cc" tem="tmp">
      <grup.adv>
        <r lem="hoy" pos="rg" wd="hoy"/>
      </grup.adv>
    </sadv>
    <S arg="arg1" clausetype="completive" func="cd" tem="pat">
      <conj conjunctiontype="subordinating">
        <c lem="que" pos="cs" postype="subordinating" wd="que"/>
      </conj>
      <sn arg="arg0" entity="entity2" entityref="ne" func="suj" ne="organization" tem="agt">
        <spec gen="m" num="s">
          <d gen="m" lem="el" num="s" pos="da0ms0" postype="article" wd="el"/>
        </spec>
        <grup.nom gen="m" num="s">
          <n lem="Banco_Central_Europeo" ne="organization" pos="np00000" postype="proper" wd="Banco_Central_Europeo"/>
          <sn corefsubtype="definit" coreftype="pred" entity="entity2" entityref="ne" ne="organization">
            <grup.nom gen="m" num="s">
              <f lem="(" pos="fpa" punct="bracket" punctenclose="open" wd="("/>
              <n lem="BCE" ne="organization" pos="np00000" postype="proper" wd="BCE"/>
              <f lem=")" pos="fpt" punct="bracket" punctenclose="close" wd=")"/>
            </grup.nom>
          </sn>
        </grup.nom>
      </sn>
      <grup.verb>
        <v lem="apoyar" lss="A21.transitive-agentive-patient" mood="subjunctive" num="s" person="3" pos="vmsp3s0" postype="main" tense="present" wd="apoye"/>
      </grup.verb>
      <sn arg="arg1" entity="entity3" entityref="nne" func="cd" homophoricDD="yes" tem="pat">
        <spec gen="m" num="s">
          <d gen="m" lem="el" num="s" pos="da0ms0" postype="article" wd="el"/>
        </spec>
        <grup.nom gen="m" num="s">
          <n gen="m" lem="euro" num="s" pos="ncms000" postype="common" sense="16:50000420" wd="euro"/>
        </grup.nom>
      </sn>
      <sadv arg="argM" func="cc" tem="adv">
        <sadv>
          <grup.adv>
            <r lem="más" pos="rg" wd="más"/>
          </grup.adv>
        </sadv>
        <S adjunct="yes" clausesubtype="comparative" clausetype="adverbial" verbless="yes">
          <conj conjunctiontype="subordinating">
            <c lem="que" pos="cs" postype="subordinating" wd="que"/>
          </conj>
          <sadv>
            <grup.adv>
              <r lem="ahora" pos="rg" wd="ahora"/>
            </grup.adv>
          </sadv>
        </S>
      </sadv>
      <sp arg="argM" func="cc" tem="fin">
        <prep>
          <s lem="para" pos="sps00" postype="preposition" wd="para"/>
        </prep>
        <S clausetype="completive" impersonal="yes">
          <infinitiu>
            <v lem="evitar" lss="A21.transitive-agentive-patient" mood="infinitive" pos="vmn0000" postype="main" wd="evitar"/>
          </infinitiu>
          <S arg="arg1" clausetype="completive" func="cd" tem="pat">
            <conj conjunctiontype="subordinating">
              <c lem="que" pos="cs" postype="subordinating" wd="que"/>
            </conj>
            <sn arg="arg1" coreftype="ident" elliptic="yes" entity="entity3" entityref="nne" func="suj" tem="tem"/>
            <grup.verb>
              <v lem="subir" lss="B11.unaccusative-motion" mood="subjunctive" num="s" person="3" pos="vmsp3s0" postype="main" tense="present" wd="suba"/>
            </grup.verb>
            <sadv arg="argM" func="cc" tem="adv">
              <grup.adv>
                <r lem="demasiado" pos="rg" wd="demasiado"/>
              </grup.adv>
            </sadv>
            <S arg="argM" clausetype="adverbial" coord="yes" func="cc" tem="tmp">
              <conj conjunctiontype="subordinating">
                <c lem="cuando" pos="cs" postype="subordinating" wd="cuando"/>
              </conj>
              <S clausetype="adverbial">
                <morfema.verbal func="pass">
                  <p gen="c" lem="se" num="c" pos="p0000000" wd="se"/>
                </morfema.verbal>
                <grup.verb>
                  <v lem="confirmar" lss="B22.unaccusative-passive-transitive" mood="subjunctive" num="s" person="3" pos="vmsp3s0" postype="main" tense="present" wd="confirme"/>
                </grup.verb>
                <sn arg="arg1" entity="entity15" entityref="nne" func="suj" homophoricDD="yes" tem="pat">
                  <spec gen="f" num="s">
                    <d gen="f" lem="el" num="s" pos="da0fs0" postype="article" wd="la"/>
                  </spec>
                  <grup.nom gen="f" num="s">
                    <n gen="f" lem="ralentización" lexicalid="noun.ralentización.2.anticausative" num="s" origin="deverbal" pos="ncfs000" postype="common" sense="16:03950799" wd="ralentización"/>
                    <sp arg="arg1" func="cn" tem="tem">
                      <prep>
                        <s contracted="yes" gen="m" lem="del" num="s" pos="spcms" postype="preposition" wd="del"/>
                      </prep>
                      <sn entity="entity16" entityref="nne" homophoricDD="yes">
                        <grup.nom gen="m" num="s">
                          <n gen="m" lem="crecimiento" lexicalid="noun.crecimiento.1.default" num="s" origin="deverbal" pos="ncms000" postype="common" sense="16:05458815" wd="crecimiento"/>
                          <s.a arg="arg1" func="cn" gen="m" num="s" tem="tem">
                            <grup.a gen="m" num="s">
                              <a gen="c" lem="estadounidense" num="s" pos="aq0cs0" postype="qualificative" wd="estadounidense"/>
                            </grup.a>
                          </s.a>
                        </grup.nom>
                      </sn>
                    </sp>
                  </grup.nom>
                </sn>
              </S>
              <conj conjunctiontype="coordinating">
                <c lem="y" pos="cc" postype="coordinating" wd="y"/>
              </conj>
              <S clausetype="adverbial">
                <morfema.verbal func="pass">
                  <p gen="c" lem="se" num="c" pos="p0000000" wd="se"/>
                </morfema.verbal>
                <grup.verb>
                  <v lem="invertir" lss="A21.transitive-agentive-patient" mood="subjunctive" num="s" person="3" pos="vmsp3s0" postype="main" tense="present" wd="invierta"/>
                </grup.verb>
                <sn arg="arg1" entity="entity12" entityref="nne" func="suj" homophoricDD="yes" tem="pat">
                  <spec gen="f" num="s">
                    <d gen="f" lem="el" num="s" pos="da0fs0" postype="article" wd="la"/>
                  </spec>
                  <grup.nom gen="f" num="s">
                    <n gen="f" lem="tendencia" lexicalid="noun.tendencia.1.default" num="s" origin="deverbal" pos="ncfs000" postype="common" sense="16:03867407" wd="tendencia"/>
                  </grup.nom>
                </sn>
              </S>
            </S>
          </S>
        </S>
      </sp>
    </S>
    <f lem="." pos="fp" punct="period" wd="."/>
  </sentence>
  <sentence>
    <sn arg="arg0" coreftype="ident" entity="entity1" entityref="ne" func="suj" ne="person" tem="agt">
      <grup.nom gen="m" num="s">
        <n lem="Mundell" ne="person" pos="np00000" postype="proper" wd="Mundell"/>
        <S clausetype="relative">
          <f lem="," pos="fc" punct="comma" wd=","/>
          <relatiu arg="arg0" coreftype="ident" entity="entity1" entityref="spec" func="suj" tem="agt">
            <p gen="c" lem="que" num="c" pos="pr0cn000" postype="relative" wd="que"/>
          </relatiu>
          <grup.verb>
            <v lem="pronunciar" lss="A21.transitive-agentive-patient" mood="indicative" num="s" person="3" pos="vmis3s0" postype="main" tense="past" wd="pronunció"/>
          </grup.verb>
          <sn arg="arg1" entityref="nne" func="cd" tem="pat">
            <spec gen="m" num="s">
              <d gen="m" lem="uno" num="s" pos="di0ms0" postype="indefinite" wd="un"/>
            </spec>
            <grup.nom discid="1n" num="s">
              <n gen="m" lem="discurso" num="s" pos="ncms000" postype="common" sense="16:05404801" wd="discurso"/>
            </grup.nom>
          </sn>
          <sp arg="argM" func="cc" tem="loc">
            <prep>
              <s lem="en" pos="sps00" postype="preposition" wd="en"/>
            </prep>
            <sn entityref="ne" ne="other">
              <spec gen="f" num="s">
                <d gen="f" lem="el" num="s" pos="da0fs0" postype="article" wd="la"/>
              </spec>
              <grup.nom gen="f" num="s">
                <n lem="Conferencia_del_Banco_Mundial" ne="other" pos="np00000" postype="proper" wd="Conferencia_del_Banco_Mundial"/>
              </grup.nom>
            </sn>
          </sp>
          <sp discid="1c">
            <prep>
              <s lem="sobre" pos="sps00" postype="preposition" wd="sobre"/>
            </prep>
            <sn coord="yes">
              <sn entityref="nne" homophoricDD="yes">
                <spec gen="f" num="s">
                  <d gen="f" lem="el" num="s" pos="da0fs0" postype="article" wd="la"/>
                </spec>
                <grup.nom gen="f" num="s">
                  <n gen="f" lem="globalización" lexicalid="noun.globalización.1.default" num="s" origin="deverbal" pos="ncfs000" postype="common" sense="16:cs2" wd="globalización"/>
                </grup.nom>
              </sn>
              <conj conjunctiontype="coordinating">
                <c lem="y" pos="cc" postype="coordinating" wd="y"/>
              </conj>
              <sn entityref="nne" homophoricDD="yes">
                <spec gen="m" num="s">
                  <d gen="m" lem="el" num="s" pos="da0ms0" postype="article" wd="el"/>
                </spec>
                <grup.nom gen="m" num="s">
                  <n gen="m" lem="desarrollo" lexicalid="noun.desarrollo.4.default" num="s" origin="deverbal" pos="ncms000" postype="common" sense="16:09725434" wd="desarrollo"/>
                </grup.nom>
              </sn>
            </sn>
          </sp>
          <f lem="," pos="fc" punct="comma" wd=","/>
        </S>
      </grup.nom>
    </sn>
    <grup.verb>
      <v lem="advertir" lss="A21.transitive-agentive-patient" mood="indicative" num="s" person="3" pos="vmis3s0" postype="main" tense="past" wd="advirtió"/>
    </grup.verb>
    <S arg="arg1" clausetype="completive" coord="yes" func="cd" tem="pat">
      <conj conjunctiontype="subordinating">
        <c lem="que" pos="cs" postype="subordinating" wd="que"/>
      </conj>
      <S clausetype="completive">
        <f lem="&quot;" pos="fe" punct="quotation" wd="&quot;"/>
        <grup.verb>
          <v lem="llegar" lss="B11.unaccusative-motion" mood="indicative" num="s" person="3" pos="vmif3s0" postype="main" tense="future" wd="llegará"/>
        </grup.verb>
        <sn arg="arg1" entity="entity4" entityref="nne" func="suj" tem="tem">
          <spec gen="m" num="s">
            <d gen="m" lem="uno" num="s" pos="di0ms0" postype="indefinite" wd="un"/>
          </spec>
          <grup.nom gen="m" num="s">
            <n gen="m" lem="momento" num="s" pos="ncms000" postype="common" sense="16:10850147" wd="momento"/>
            <S clausetype="relative">
              <sp arg="argM" func="cc" tem="tmp">
                <prep>
                  <s lem="en" pos="sps00" postype="preposition" wd="en"/>
                </prep>
                <sn coreftype="ident" entity="entity4" entityref="nne">
                  <grup.nom gen="m" num="s">
                    <relatiu>
                      <p gen="c" lem="que" num="c" pos="pr0cn000" postype="relative" wd="que"/>
                    </relatiu>
                  </grup.nom>
                </sn>
              </sp>
              <sn arg="arg0" coreftype="ident" entity="entity2" entityref="ne" func="suj" ne="organization" tem="agt">
                <spec gen="m" num="s">
                  <d gen="m" lem="el" num="s" pos="da0ms0" postype="article" wd="el"/>
                </spec>
                <grup.nom gen="m" num="s">
                  <n lem="BCE" ne="organization" pos="np00000" postype="proper" wd="BCE"/>
                </grup.nom>
              </sn>
              <grup.verb>
                <v lem="querer" lss="A21.transitive-agentive-patient" mood="indicative" num="s" person="3" pos="vmif3s0" postype="main" tense="future" wd="querrá"/>
              </grup.verb>
              <S arg="arg1" clausetype="completive" func="cd" impersonal="yes" tem="pat">
                <infinitiu>
                  <v lem="evitar" lss="A21.transitive-agentive-patient" mood="infinitive" pos="vmn0000" postype="main" wd="evitar"/>
                </infinitiu>
                <S arg="arg1" clausetype="completive" entity="entity14" func="cd" tem="pat">
                  <f lem="(" pos="fpa" punct="bracket" punctenclose="open" wd="("/>
                  <conj conjunctiontype="subordinating">
                    <c lem="que" pos="cs" postype="subordinating" wd="que"/>
                  </conj>
                  <sn arg="arg1" coreftype="ident" entity="entity3" entityref="nne" func="suj" homophoricDD="yes" tem="tem">
                    <spec gen="m" num="s">
                      <d gen="m" lem="el" num="s" pos="da0ms0" postype="article" wd="el"/>
                    </spec>
                    <grup.nom gen="m" num="s">
                      <n gen="m" lem="euro" num="s" pos="ncms000" postype="common" sense="16:50000420" wd="euro"/>
                    </grup.nom>
                  </sn>
                  <f lem=")" pos="fpt" punct="bracket" punctenclose="close" wd=")"/>
                  <grup.verb>
                    <v lem="subir" lss="B11.unaccusative-motion" mood="subjunctive" num="s" person="3" pos="vmsp3s0" postype="main" tense="present" wd="suba"/>
                  </grup.verb>
                  <sadv arg="argM" func="cc" tem="mnr">
                    <grup.adv>
                      <r lem="demasiado" pos="rg" wd="demasiado"/>
                    </grup.adv>
                  </sadv>
                </S>
              </S>
            </S>
          </grup.nom>
        </sn>
        <f lem="&quot;" pos="fe" punct="quotation" wd="&quot;"/>
        <f lem="," pos="fc" punct="comma" wd=","/>
      </S>
      <conj conjunctiontype="coordinating">
        <c lem="y" pos="cc" postype="coordinating" wd="y"/>
      </conj>
      <S clausetype="completive">
        <sp arg="argM" func="cc" tem="fin">
          <prep>
            <s lem="para" pos="sps00" postype="preposition" wd="para"/>
          </prep>
          <S clausetype="completive" coord="yes" impersonal="yes">
            <S clausetype="completive" impersonal="yes">
              <infinitiu>
                <v lem="tratar" mood="infinitive" pos="vmn0000" postype="main" wd="tratar"/>
                <s lem="de" pos="sps00" postype="preposition" wd="de"/>
                <infinitiu>
                  <v corefsubtype="token" coreftype="dx" entity="entity14" lem="impedir" lss="A21.transitive-agentive-patient" mood="infinitive" pos="vmn0000" postype="main" wd="impedirlo"/>
                </infinitiu>
              </infinitiu>
            </S>
            <conj conjunctiontype="coordinating">
              <c lem="y" pos="cc" postype="coordinating" wd="y"/>
            </conj>
            <S clausetype="completive" impersonal="yes">
              <infinitiu>
                <v lem="luchar" lss="A22.transitive-agentive-theme" mood="infinitive" pos="vmn0000" postype="main" wd="luchar"/>
              </infinitiu>
              <sp arg="arg1" func="creg" tem="tem">
                <prep>
                  <s lem="contra" pos="sps00" postype="preposition" wd="contra"/>
                </prep>
                <sn entityref="nne" homophoricDD="yes">
                  <spec gen="f" num="s">
                    <d gen="f" lem="el" num="s" pos="da0fs0" postype="article" wd="la"/>
                  </spec>
                  <grup.nom gen="f" num="s">
                    <n gen="f" lem="depreciación" lexicalid="noun.depreciación.2.anticausative" num="s" origin="deverbal" pos="ncfs000" postype="common" sense="16:00234534" wd="depreciación"/>
                    <sp arg="arg1" func="cn" tem="tem">
                      <prep>
                        <s lem="de" pos="sps00" postype="preposition" wd="de"/>
                      </prep>
                      <sn coreftype="ident" entity="entity3" entityref="nne" homophoricDD="yes">
                        <spec gen="f" num="s">
                          <d gen="f" lem="el" num="s" pos="da0fs0" postype="article" wd="la"/>
                        </spec>
                        <grup.nom gen="f" num="s">
                          <n gen="f" lem="moneda" num="s" pos="ncfs000" postype="common" sense="16:09639977" wd="moneda"/>
                          <s.a gen="f" num="s">
                            <grup.a gen="f" num="s">
                              <a gen="f" lem="único" num="s" pos="aq0fs0" postype="qualificative" wd="única"/>
                            </grup.a>
                          </s.a>
                        </grup.nom>
                      </sn>
                    </sp>
                  </grup.nom>
                </sn>
              </sp>
            </S>
          </S>
          <f lem="," pos="fc" punct="comma" wd=","/>
        </sp>
        <sn arg="arg0" coreftype="ident" elliptic="yes" entity="entity1" entityref="spec" func="suj" tem="agt"/>
        <grup.verb>
          <v lem="tener" mood="indicative" num="s" person="3" pos="vmic3s0" postype="main" tense="conditional" wd="tendría"/>
          <c lem="que" pos="cs" postype="subordinating" wd="que"/>
          <infinitiu>
            <v lem="actuar" lss="D11.inergative-agentive" mood="infinitive" pos="vmn0000" postype="main" wd="actuar"/>
          </infinitiu>
        </grup.verb>
        <sadv arg="argM" func="cc" tem="tmp">
          <grup.adv>
            <r lem="ahora" pos="rg" wd="ahora"/>
          </grup.adv>
        </sadv>
      </S>
    </S>
    <f lem="." pos="fp" punct="period" wd="."/>
  </sentence>
  <sentence>
    <sn arg="arg0" coreftype="ident" elliptic="yes" entity="entity1" entityref="spec" func="suj" tem="agt"/>
    <grup.verb>
      <v lem="recordar" lss="A21.transitive-agentive-patient" mood="indicative" num="s" person="3" pos="vmis3s0" postype="main" tense="past" wd="Recordó"/>
    </grup.verb>
    <S arg="arg1" clausetype="completive" coord="yes" entity="entity7" func="cd" tem="pat">
      <S clausetype="completive" coord="yes">
        <conj conjunctiontype="subordinating">
          <c lem="que" pos="cs" postype="subordinating" wd="que"/>
        </conj>
        <f lem="&quot;" pos="fe" punct="quotation" wd="&quot;"/>
        <S clausetype="completive">
          <sadv arg="argM" func="cc" tem="tmp">
            <grup.adv>
              <r lem="hoy" pos="rg" wd="hoy"/>
            </grup.adv>
          </sadv>
          <sn arg="arg1" entity="entity5" entityref="ne" func="suj" ne="organization" tem="tem">
            <grup.nom>
              <n lem="Estados_Unidos" ne="organization" pos="np00000" postype="proper" sense="16:06593275" wd="Estados_Unidos"/>
            </grup.nom>
          </sn>
          <grup.verb>
            <v lem="ser" lss="C21.state-attributive" mood="indicative" num="s" person="3" pos="vsip3s0" postype="semiauxiliary" tense="present" wd="es"/>
          </grup.verb>
          <sp arg="argM" func="cc" tem="adv">
            <prep>
              <s lem="de" pos="sps00" postype="preposition" wd="de"/>
            </prep>
            <sadv>
              <grup.adv>
                <r lem="lejos" pos="rg" wd="lejos"/>
              </grup.adv>
            </sadv>
          </sp>
          <sn arg="arg2" corefsubtype="definit" coreftype="pred" entity="entity5" func="atr" tem="atr">
            <spec gen="m" num="s">
              <d gen="m" lem="el" num="s" pos="da0ms0" postype="article" wd="el"/>
            </spec>
            <grup.nom gen="m" num="s">
              <s.a gen="m" num="s">
                <grup.a gen="m" num="s">
                  <a gen="m" lem="primero" num="s" pos="ao0ms0" postype="ordinal" wd="primer"/>
                </grup.a>
              </s.a>
              <n gen="m" lem="deudor" num="s" pos="ncms000" postype="common" sense="16:07205503" wd="deudor"/>
              <sp>
                <prep>
                  <s contracted="yes" gen="m" lem="del" num="s" pos="spcms" postype="preposition" wd="del"/>
                </prep>
                <sn entityref="nne" homophoricDD="yes">
                  <grup.nom gen="m" num="s">
                    <n gen="m" lem="mundo" num="s" pos="ncms000" postype="common" sense="16:06691078" wd="mundo"/>
                  </grup.nom>
                </sn>
              </sp>
            </grup.nom>
          </sn>
        </S>
        <conj conjunctiontype="coordinating">
          <c lem="y" pos="cc" postype="coordinating" wd="y"/>
        </conj>
        <S clausetype="completive">
          <sn arg="arg1" coreftype="ident" elliptic="yes" entity="entity5" entityref="spec" func="suj" tem="tem"/>
          <grup.verb>
            <v lem="tener" lss="C21.state-attributive" mood="indicative" num="s" person="3" pos="vmip3s0" postype="main" tense="present" wd="tiene"/>
          </grup.verb>
          <sn arg="arg2" entity="entity6" entityref="nne" func="cd" functype="quantitative" tem="atr">
            <spec gen="m" num="s">
              <d gen="m" lem="uno" num="s" pos="di0ms0" postype="indefinite" wd="un"/>
            </spec>
            <grup.nom gen="m" num="s">
              <n gen="m" lem="déficit" num="s" pos="ncms000" postype="common" sense="16:09594954" wd="déficit"/>
              <sp>
                <prep>
                  <s lem="por" pos="sps00" postype="preposition" wd="por"/>
                </prep>
                <sn>
                  <grup.nom gen="f" num="s">
                    <n gen="f" lem="cuenta" lexicalid="noun.cuenta.8.default" num="s" origin="deverbal" pos="ncfs000" postype="common" sense="16:09623476" wd="cuenta"/>
                    <s.a arg="argL" func="cn" gen="f" num="s">
                      <grup.a gen="f" num="s">
                        <a gen="c" lem="corriente" num="s" pos="aq0cs0" postype="qualificative" wd="corriente"/>
                      </grup.a>
                    </s.a>
                  </grup.nom>
                </sn>
              </sp>
              <sp>
                <prep>
                  <s lem="de" pos="sps00" postype="preposition" wd="de"/>
                </prep>
                <sn coord="yes">
                  <sn entityref="ne" ne="number">
                    <spec gen="m" num="p">
                      <z lem="350000" ne="number" wd="350.000"/>
                    </spec>
                    <grup.nom gen="m" num="p">
                      <n gen="m" lem="millón" num="p" pos="ncmp000" postype="common" sense="16:09902865" wd="millones"/>
                      <sp>
                        <prep>
                          <s lem="de" pos="sps00" postype="preposition" wd="de"/>
                        </prep>
                        <sn entityref="ne" ne="number">
                          <grup.nom gen="m" num="p">
                            <z lem="dólar" ne="number" pos="zm" postype="currency" wd="dólares"/>
                          </grup.nom>
                        </sn>
                      </sp>
                    </grup.nom>
                  </sn>
                  <conj conjunctiontype="coordinating">
                    <c lem="o" pos="cc" postype="coordinating" wd="o"/>
                  </conj>
                  <sadv>
                    <spec>
                      <r lem="incluso" pos="rg" wd="incluso"/>
                    </spec>
                    <grup.adv>
                      <r lem="más" pos="rg" wd="más"/>
                    </grup.adv>
                  </sadv>
                </sn>
              </sp>
            </grup.nom>
          </sn>
        </S>
        <f lem="&quot;" pos="fe" punct="quotation" wd="&quot;"/>
        <f lem="," pos="fc" punct="comma" wd=","/>
      </S>
      <conj conjunctiontype="coordinating">
        <c lem="y" pos="cc" postype="coordinating" wd="y"/>
      </conj>
      <S clausetype="completive">
        <conj conjunctiontype="subordinating">
          <c lem="que" pos="cs" postype="subordinating" wd="que"/>
        </conj>
        <sn arg="arg0" coreftype="ident" entity="entity15" entityref="nne" func="suj" tem="cau">
          <spec gen="f" num="s">
            <d gen="f" lem="uno" num="s" pos="di0fs0" postype="indefinite" wd="una"/>
          </spec>
          <grup.nom gen="f" num="s">
            <n gen="f" lem="ralentización" lexicalid="noun.ralentización.1.anticausative" num="s" origin="deverbal" pos="ncfs000" postype="common" sense="16:03950799" wd="ralentización"/>
            <sp arg="arg1" func="cn" tem="tem">
              <prep>
                <s lem="de" pos="sps00" postype="preposition" wd="de"/>
              </prep>
              <sn coreftype="ident" entity="entity16" entityref="nne">
                <spec gen="f" num="s">
                  <d coreftype="ident" entity="entity5" entityref="spec" gen="c" lem="su" num="s" person="3" pos="dp3cs0" postype="possessive" wd="su"/>
                </spec>
                <grup.nom gen="f" num="s">
                  <n gen="f" lem="economía" num="s" pos="ncfs000" postype="common" sense="16:06193947" wd="economía"/>
                </grup.nom>
              </sn>
            </sp>
          </grup.nom>
        </sn>
        <grup.verb>
          <v lem="dificultar" lss="A11.transitive-causative" mood="indicative" num="s" person="3" pos="vmif3s0" postype="main" tense="future" wd="dificultará"/>
        </grup.verb>
        <sn arg="arg1" entityref="nne" func="cd" homophoricDD="yes" tem="tem">
          <spec gen="f" num="s">
            <d gen="f" lem="el" num="s" pos="da0fs0" postype="article" wd="la"/>
          </spec>
          <grup.nom gen="f" num="s">
            <n gen="f" lem="financiación" lexicalid="noun.financiación.3.default" num="s" origin="deverbal" pos="ncfs000" postype="common" sense="16:00712138" wd="financiación"/>
            <sp arg="arg1" func="cn" tem="pat">
              <prep>
                <s lem="de" pos="sps00" postype="preposition" wd="de"/>
              </prep>
              <sn coreftype="ident" entity="entity6" entityref="nne">
                <spec gen="m" num="s">
                  <d gen="m" lem="ese" num="s" pos="dd0ms0" postype="demonstrative" wd="ese"/>
                </spec>
                <grup.nom gen="m" num="s">
                  <n gen="m" lem="déficit" num="s" pos="ncms000" postype="common" sense="16:09594954" wd="déficit"/>
                </grup.nom>
              </sn>
            </sp>
          </grup.nom>
        </sn>
      </S>
    </S>
    <f lem="." pos="fp" punct="period" wd="."/>
  </sentence>
  <sentence>
    <S arg="arg1" clausetype="completive" func="cd" tem="pat">
      <sp arg="argM" func="cc" tem="adv">
        <prep>
          <s lem="ante" pos="sps00" postype="preposition" wd="Ante"/>
        </prep>
        <sn corefsubtype="token" coreftype="dx" entity="entity7" entityref="nne">
          <spec gen="f" num="s">
            <d gen="f" lem="este" num="s" pos="dd0fs0" postype="demonstrative" wd="esta"/>
          </spec>
          <grup.nom gen="f" num="s">
            <n gen="f" lem="debilidad" num="s" pos="ncfs000" postype="common" sense="16:cs1" wd="debilidad"/>
            <s.a gen="f" num="s">
              <grup.a gen="f" num="s">
                <a gen="f" lem="económico" num="s" pos="aq0fs0" postype="qualificative" wd="económica"/>
              </grup.a>
            </s.a>
          </grup.nom>
        </sn>
        <f lem="," pos="fc" punct="comma" wd=","/>
      </sp>
      <sn arg="arg0" entity="entity13" entityref="ne" func="suj" ne="organization" tem="agt">
        <spec gen="m" num="s">
          <d gen="m" lem="el" num="s" pos="da0ms0" postype="article" wd="el"/>
        </spec>
        <grup.nom gen="m" num="s">
          <n lem="Tesoro" ne="organization" pos="np00000" postype="proper" wd="Tesoro"/>
          <s.a gen="m" num="s">
            <grup.a gen="m" num="s">
              <a gen="c" lem="estadounidense" num="s" pos="aq0cs0" postype="qualificative" wd="estadounidense"/>
            </grup.a>
          </s.a>
        </grup.nom>
      </sn>
      <grup.verb>
        <v lem="querer" lss="A21.transitive-agentive-patient" mood="indicative" num="s" person="3" pos="vmif3s0" postype="main" tense="future" wd="querrá"/>
      </grup.verb>
      <S arg="arg1" clausetype="completive" func="cd" impersonal="yes" tem="pat">
        <infinitiu>
          <v lem="favorecer" lss="A21.transitive-agentive-patient" mood="infinitive" pos="vmn0000" postype="main" wd="favorecer"/>
        </infinitiu>
        <sn arg="arg1" entityref="nne" func="cd" homophoricDD="yes" tem="pat">
          <spec gen="f" num="s">
            <d gen="f" lem="el" num="s" pos="da0fs0" postype="article" wd="la"/>
          </spec>
          <grup.nom gen="f" num="s">
            <n gen="f" lem="devaluación" lexicalid="noun.devaluación.2.anticausative" num="s" origin="deverbal" pos="ncfs000" postype="common" sense="16:00234534" wd="devaluación"/>
            <sp arg="arg1" func="cn" tem="tem">
              <prep>
                <s lem="de" pos="sps00" postype="preposition" wd="de"/>
              </prep>
              <sn entity="entity9" entityref="nne">
                <spec gen="f" num="s">
                  <d coreftype="ident" entity="entity13" entityref="spec" gen="c" lem="su" num="s" person="3" pos="dp3cs0" postype="possessive" wd="su"/>
                </spec>
                <grup.nom gen="f" num="s">
                  <n gen="f" lem="moneda" num="s" pos="ncfs000" postype="common" sense="16:09639977" wd="moneda"/>
                </grup.nom>
              </sn>
            </sp>
          </grup.nom>
        </sn>
      </S>
      <sp func="ao">
        <f lem="," pos="fc" punct="comma" wd=","/>
        <prep>
          <s lem="con" pos="sps00" postype="preposition" wd="con"/>
        </prep>
        <sn entityref="nne">
          <spec gen="m" num="s">
            <d gen="c" lem="el" num="s" pos="da0ns0" postype="article" wd="lo"/>
          </spec>
          <grup.nom gen="m" num="s">
            <S clausetype="relative" coord="yes">
              <S clausetype="relative" coord="yes">
                <relatiu arg="argM" entityref="nne" func="cc" tem="cau">
                  <p gen="c" lem="que" num="c" pos="pr0cn000" postype="relative" wd="que"/>
                </relatiu>
                <f lem="&quot;" pos="fe" punct="quotation" wd="&quot;"/>
                <S clausetype="relative">
                  <sn arg="arg1" coreftype="ident" entity="entity9" entityref="nne" func="suj" homophoricDD="yes" tem="tem">
                    <spec gen="m" num="s">
                      <d gen="m" lem="el" num="s" pos="da0ms0" postype="article" wd="el"/>
                    </spec>
                    <grup.nom gen="m" num="s">
                      <n gen="m" lem="dólar" num="s" pos="ncms000" postype="common" sense="16:09824246" wd="dólar"/>
                    </grup.nom>
                  </sn>
                  <grup.verb>
                    <v lem="empezar" mood="indicative" num="s" person="3" pos="vmif3s0" postype="main" tense="future" wd="empezará"/>
                    <sadv arg="argM" func="cc" tem="tmp">
                      <grup.adv>
                        <r lem="entonces" pos="rg" wd="entonces"/>
                      </grup.adv>
                    </sadv>
                    <s lem="a" pos="sps00" postype="preposition" wd="a"/>
                    <infinitiu>
                      <v lem="retroceder" lss="B11.unaccusative-motion" mood="infinitive" pos="vmn0000" postype="main" wd="retroceder"/>
                    </infinitiu>
                  </grup.verb>
                  <f lem="(" pos="fpa" punct="bracket" punctenclose="open" wd="("/>
                  <f lem="..." pos="fs" punct="etc" wd="..."/>
                  <f lem=")" pos="fpt" punct="bracket" punctenclose="close" wd=")"/>
                </S>
                <conj conjunctiontype="coordinating">
                  <c lem="y" pos="cc" postype="coordinating" wd="y"/>
                </conj>
                <S clausetype="relative" entity="entity10">
                  <sn arg="arg1" coreftype="ident" entity="entity3" entityref="nne" func="suj" homophoricDD="yes" tem="pat">
                    <spec gen="m" num="s">
                      <d gen="m" lem="el" num="s" pos="da0ms0" postype="article" wd="el"/>
                    </spec>
                    <grup.nom gen="m" num="s">
                      <n gen="m" lem="euro" num="s" pos="ncms000" postype="common" sense="16:50000420" wd="euro"/>
                    </grup.nom>
                  </sn>
                  <grup.verb>
                    <v lem="poder" mood="indicative" num="s" person="3" pos="vmic3s0" postype="main" tense="conditional" wd="podría"/>
                    <infinitiu>
                      <v lem="ser" mood="infinitive" pos="vsn0000" postype="semiauxiliary" wd="ser"/>
                      <v gen="m" lem="propulsar" lss="B22.unaccusative-passive-transitive" mood="participle" num="s" pos="vmp00sm" postype="main" wd="propulsado"/>
                    </infinitiu>
                  </grup.verb>
                </S>
                <f lem="&quot;" pos="fe" punct="quotation" wd="&quot;"/>
              </S>
              <sn adjunct="yes" corefsubtype="token" coreftype="dx" entity="entity10" entityref="nne" func="ao">
                <f lem="," pos="fc" punct="comma" wd=","/>
                <spec gen="m" num="s">
                  <d gen="c" lem="el" num="s" pos="da0ns0" postype="article" wd="lo"/>
                </spec>
                <grup.nom gen="m" num="s">
                  <S clausetype="relative">
                    <relatiu arg="arg0" func="suj" tem="cau">
                      <p gen="c" lem="que" num="c" pos="pr0cn000" postype="relative" wd="que"/>
                    </relatiu>
                    <grup.verb>
                      <v lem="afectar" lss="A11.transitive-causative" mood="indicative" num="s" person="3" pos="vmic3s0" postype="main" tense="conditional" wd="afectaría"/>
                    </grup.verb>
                    <sp arg="arg1" func="cd" tem="tem">
                      <prep>
                        <s lem="a" pos="sps00" postype="preposition" wd="a"/>
                      </prep>
                      <sn entityref="nne" homophoricDD="yes">
                        <spec gen="f" num="s">
                          <d gen="f" lem="el" num="s" pos="da0fs0" postype="article" wd="la"/>
                        </spec>
                        <grup.nom gen="f" num="s">
                          <n gen="f" lem="competitividad" num="s" pos="ncfs000" postype="common" sense="16:03791653" wd="competitividad"/>
                          <sp>
                            <prep>
                              <s lem="de" pos="sps00" postype="preposition" wd="de"/>
                            </prep>
                            <sn entityref="nne" homophoricDD="yes">
                              <spec gen="m" num="p">
                                <d gen="m" lem="el" num="p" pos="da0mp0" postype="article" wd="los"/>
                                <z lem="11" ne="number" wd="11"/>
                              </spec>
                              <grup.nom gen="m" num="p">
                                <n gen="m" lem="país" num="p" pos="ncmp000" postype="common" sense="16:06299747" wd="países"/>
                                <sp>
                                  <prep>
                                    <s lem="de" pos="sps00" postype="preposition" wd="de"/>
                                  </prep>
                                  <sn entityref="nne" homophoricDD="yes">
                                    <spec gen="f" num="s">
                                      <d gen="f" lem="el" num="s" pos="da0fs0" postype="article" wd="la"/>
                                    </spec>
                                    <grup.nom gen="f" num="s">
                                      <n gen="f" lem="zona" num="s" pos="ncfs000" postype="common" sense="16:06395720" wd="zona"/>
                                      <s.a gen="f" num="s">
                                        <grup.a gen="f" num="s">
                                          <n gen="m" lem="euro" num="s" pos="ncms000" postype="common" sense="16:50000420" wd="euro"/>
                                        </grup.a>
                                      </s.a>
                                    </grup.nom>
                                  </sn>
                                </sp>
                              </grup.nom>
                            </sn>
                          </sp>
                        </grup.nom>
                      </sn>
                    </sp>
                  </S>
                </grup.nom>
              </sn>
            </S>
          </grup.nom>
        </sn>
      </sp>
      <f lem="," pos="fc" punct="comma" wd=","/>
    </S>
    <grup.verb>
      <v lem="explicar" lss="A32.ditransitive-patient-benefactive" mood="indicative" num="s" person="3" pos="vmis3s0" postype="main" tense="past" wd="explicó"/>
    </grup.verb>
    <sn arg="arg0" coreftype="ident" elliptic="yes" entity="entity1" entityref="spec" func="suj" tem="agt"/>
    <f lem="." pos="fp" punct="period" wd="."/>
  </sentence>
  <sentence>
    <sn arg="arg0" coreftype="ident" entity="entity1" entityref="ne" func="suj" ne="person" tem="agt">
      <grup.nom gen="m" num="s">
        <n lem="Mundell" ne="person" pos="np00000" postype="proper" wd="Mundell"/>
      </grup.nom>
    </sn>
    <grup.verb>
      <v lem="insistir" lss="A22.transitive-agentive-theme" mood="indicative" num="s" person="3" pos="vmis3s0" postype="main" tense="past" wd="insistió"/>
    </grup.verb>
    <sp arg="arg1" func="creg" tem="tem">
      <prep>
        <s lem="en" pos="sps00" postype="preposition" wd="en"/>
      </prep>
      <S clausetype="completive">
        <conj conjunctiontype="subordinating">
          <c lem="que" pos="cs" postype="subordinating" wd="que"/>
        </conj>
        <S clausesubtype="conditional" clausetype="adverbial" func="ao">
          <conj conjunctiontype="subordinating">
            <c lem="si" pos="cs" postype="subordinating" wd="si"/>
          </conj>
          <sn arg="arg0" entity="entity11" entityref="ne" func="suj" ne="person" tem="agt">
            <spec gen="m" num="p">
              <d gen="m" lem="el" num="p" pos="da0mp0" postype="article" wd="los"/>
            </spec>
            <grup.nom gen="m" num="p">
              <n gen="m" lem="europeo" num="p" pos="ncmp000" postype="common" sense="16:07002675" wd="europeos"/>
            </grup.nom>
          </sn>
          <neg func="mod">
            <r lem="no" pos="rn" postype="negative" wd="no"/>
          </neg>
          <grup.verb>
            <v lem="impedir" lss="A21.transitive-agentive-patient" mood="indicative" num="p" person="3" pos="vmip3p0" postype="main" tense="present" wd="impiden"/>
          </grup.verb>
          <sp arg="argM" func="cc" tem="tmp">
            <prep>
              <s lem="desde" pos="sps00" postype="preposition" wd="desde"/>
            </prep>
            <sadv>
              <grup.adv>
                <r lem="ahora" pos="rg" wd="ahora"/>
              </grup.adv>
            </sadv>
          </sp>
          <sn arg="arg1" entityref="nne" func="cd" tem="pat">
            <spec gen="m" num="s">
              <d gen="m" lem="uno" num="s" pos="di0ms0" postype="indefinite" wd="un"/>
            </spec>
            <grup.nom gen="m" num="s">
              <n gen="m" lem="nivel" num="s" pos="ncms000" postype="common" sense="16:03973686" wd="nivel"/>
              <s.a gen="m" num="s">
                <spec>
                  <r lem="excesivamente" pos="rg" wd="excesivamente"/>
                </spec>
                <grup.a gen="m" num="s">
                  <a gen="m" lem="alto" num="s" pos="aq0ms0" postype="qualificative" wd="alto"/>
                </grup.a>
              </s.a>
              <sp>
                <prep>
                  <s contracted="yes" gen="m" lem="del" num="s" pos="spcms" postype="preposition" wd="del"/>
                </prep>
                <sn coreftype="ident" entity="entity9" entityref="nne" homophoricDD="yes">
                  <grup.nom gen="m" num="s">
                    <n gen="m" lem="dólar" num="s" pos="ncms000" postype="common" sense="16:09824246" wd="dólar"/>
                  </grup.nom>
                </sn>
              </sp>
              <sadv>
                <grup.adv>
                  <r lem="frente" pos="rg" wd="frente"/>
                  <sp>
                    <prep>
                      <s contracted="yes" gen="m" lem="al" num="s" pos="spcms" postype="preposition" wd="al"/>
                    </prep>
                    <sn coreftype="ident" entity="entity3" entityref="nne" homophoricDD="yes">
                      <grup.nom gen="m" num="s">
                        <n gen="m" lem="euro" num="s" pos="ncms000" postype="common" sense="16:50000420" wd="euro"/>
                      </grup.nom>
                    </sn>
                  </sp>
                </grup.adv>
              </sadv>
            </grup.nom>
          </sn>
          <f lem="," pos="fc" punct="comma" wd=","/>
        </S>
        <sn arg="arg0" coreftype="ident" elliptic="yes" entity="entity11" entityref="spec" func="suj" tem="agt"/>
        <grup.verb>
          <v lem="perder" lss="A21.transitive-agentive-patient" mood="indicative" num="p" person="3" pos="vmif3p0" postype="main" tense="future" wd="perderán"/>
        </grup.verb>
        <sn arg="arg1" entityref="nne" func="cd" tem="pat">
          <grup.nom gen="f" num="s">
            <n gen="c" lem="margen" num="s" pos="nccs000" postype="common" sense="16:03731940" wd="margen"/>
            <sp>
              <prep>
                <s lem="de" pos="sps00" postype="preposition" wd="de"/>
              </prep>
              <sn>
                <grup.nom gen="f" num="s">
                  <n gen="f" lem="maniobra" num="s" pos="ncfs000" postype="common" sense="16:00109256" wd="maniobra"/>
                </grup.nom>
              </sn>
            </sp>
          </grup.nom>
        </sn>
        <S arg="argM" clausetype="adverbial" func="cc" tem="tmp">
          <conj conjunctiontype="subordinating">
            <c lem="cuando" pos="cs" postype="subordinating" wd="cuando"/>
          </conj>
          <grup.verb>
            <v lem="cambiar" lss="B21.unaccusative-state" mood="subjunctive" num="s" person="3" pos="vmsp3s0" postype="main" tense="present" wd="cambie"/>
          </grup.verb>
          <sn arg="arg1" coreftype="ident" entity="entity12" entityref="nne" func="suj" homophoricDD="yes" tem="tem">
            <spec gen="f" num="s">
              <d gen="f" lem="el" num="s" pos="da0fs0" postype="article" wd="la"/>
            </spec>
            <grup.nom gen="f" num="s">
              <n gen="f" lem="tendencia" lexicalid="noun.tendencia.1.default" num="s" origin="deverbal" pos="ncfs000" postype="common" sense="16:03867407" wd="tendencia"/>
            </grup.nom>
          </sn>
        </S>
      </S>
    </sp>
    <f lem="." pos="fp" punct="period" wd="."/>
  </sentence>
  <sentence>
    <S arg="arg1" clausetype="completive" func="cd" tem="pat">
      <sp arg="argM" func="cc" tem="adv">
        <prep>
          <s lem="en" pos="sps00" postype="preposition" wd="En"/>
        </prep>
        <sn entityref="nne">
          <grup.nom gen="m" num="p">
            <n gen="m" lem="término" num="p" pos="ncmp000" postype="common" sense="16:04758968" wd="términos"/>
            <sp>
              <prep>
                <s lem="de" pos="sps00" postype="preposition" wd="de"/>
              </prep>
              <sn>
                <grup.nom gen="f" num="s">
                  <n gen="f" lem="política" num="s" pos="ncfs000" postype="common" sense="16:04991678" wd="política"/>
                  <s.a gen="f" num="s">
                    <grup.a gen="f" num="s">
                      <a gen="f" lem="económico" num="s" pos="aq0fs0" postype="qualificative" wd="económica"/>
                    </grup.a>
                  </s.a>
                </grup.nom>
              </sn>
            </sp>
          </grup.nom>
        </sn>
        <f lem="," pos="fc" punct="comma" wd=","/>
      </sp>
      <S arg="arg1" clausetype="completive" func="suj" impersonal="yes" tem="tem">
        <neg func="mod">
          <r lem="no" pos="rn" postype="negative" wd="no"/>
        </neg>
        <infinitiu>
          <v lem="apoyar" lss="A21.transitive-agentive-patient" mood="infinitive" pos="vmn0000" postype="main" wd="apoyar"/>
        </infinitiu>
        <sn arg="arg1" coreftype="ident" entity="entity3" entityref="nne" func="cd" homophoricDD="yes" tem="pat">
          <spec gen="m" num="s">
            <d gen="m" lem="el" num="s" pos="da0ms0" postype="article" wd="el"/>
          </spec>
          <grup.nom gen="m" num="s">
            <n gen="m" lem="euro" num="s" pos="ncms000" postype="common" sense="16:50000420" wd="euro"/>
          </grup.nom>
        </sn>
      </S>
      <f lem="&quot;" pos="fe" punct="quotation" wd="&quot;"/>
      <grup.verb>
        <v lem="ser" lss="C21.state-attributive" mood="indicative" num="s" person="3" pos="vsic3s0" postype="semiauxiliary" tense="conditional" wd="sería"/>
      </grup.verb>
      <sn arg="arg2" func="atr" tem="atr">
        <spec gen="m" num="s">
          <d gen="m" lem="uno" num="s" pos="di0ms0" postype="indefinite" wd="un"/>
        </spec>
        <grup.nom gen="m" num="s">
          <n gen="m" lem="error" num="s" pos="ncms000" postype="common" sense="16:00042411" wd="error"/>
          <sp>
            <prep>
              <s lem="de" pos="sps00" postype="preposition" wd="de"/>
            </prep>
            <sn entityref="nne" homophoricDD="yes">
              <spec gen="f" num="s">
                <d gen="f" lem="el" num="s" pos="da0fs0" postype="article" wd="la"/>
              </spec>
              <grup.nom gen="f" num="s">
                <n gen="f" lem="parte" num="s" pos="ncfs000" postype="common" sense="16:cs1" wd="parte"/>
                <sp>
                  <prep>
                    <s contracted="yes" gen="m" lem="del" num="s" pos="spcms" postype="preposition" wd="del"/>
                  </prep>
                  <sn coreftype="ident" entity="entity2" entityref="ne" ne="organization">
                    <grup.nom gen="m" num="s">
                      <n lem="BCE" ne="organization" pos="np00000" postype="proper" wd="BCE"/>
                      <S clausetype="relative">
                        <f lem="," pos="fc" punct="comma" wd=","/>
                        <relatiu arg="arg1" coreftype="ident" entity="entity2" entityref="spec" func="suj" tem="tem">
                          <p gen="c" lem="que" num="c" pos="pr0cn000" postype="relative" wd="que"/>
                        </relatiu>
                        <grup.verb>
                          <v lem="ser" lss="C21.state-attributive" mood="indicative" num="s" person="3" pos="vsip3s0" postype="semiauxiliary" tense="present" wd="es"/>
                        </grup.verb>
                        <sa arg="arg2" coord="yes" func="atr" tem="atr">
                          <sa>
                            <spec>
                              <r lem="tanto" pos="rg" wd="tan"/>
                            </spec>
                            <grup.a>
                              <a gen="m" lem="pequeño" num="s" pos="aq0ms0" postype="qualificative" wd="pequeño"/>
                            </grup.a>
                          </sa>
                          <conj conjunctiontype="coordinating">
                            <c lem="y" pos="cc" postype="coordinating" wd="y"/>
                          </conj>
                          <sa>
                            <spec>
                              <r lem="tanto" pos="rg" wd="tan"/>
                              <r lem="poco" pos="rg" wd="poco"/>
                            </spec>
                            <grup.a>
                              <a gen="m" lem="poderoso" num="s" pos="aq0ms0" postype="qualificative" wd="poderoso"/>
                            </grup.a>
                          </sa>
                        </sa>
                        <S arg="argM" clausetype="participle" func="cpred" impersonal="yes" predicate="suj" tem="atr">
                          <participi>
                            <a gen="m" lem="comparado" lss="B22.unaccusative-passive-transitive" num="s" pos="aq0msp" posfunction="participle" postype="qualificative" wd="comparado"/>
                          </participi>
                          <sp arg="arg2" func="creg" tem="tem">
                            <prep>
                              <s lem="con" pos="sps00" postype="preposition" wd="con"/>
                            </prep>
                            <sn coreftype="ident" entity="entity13" entityref="ne" ne="organization">
                              <spec gen="m" num="s">
                                <d gen="m" lem="el" num="s" pos="da0ms0" postype="article" wd="el"/>
                              </spec>
                              <grup.nom gen="m" num="s">
                                <n lem="Tesoro" ne="organization" pos="np00000" postype="proper" wd="Tesoro"/>
                                <s.a gen="m" num="s">
                                  <grup.a gen="m" num="s">
                                    <a gen="c" lem="estadounidense" num="s" pos="aq0cs0" postype="qualificative" wd="estadounidense"/>
                                  </grup.a>
                                </s.a>
                              </grup.nom>
                            </sn>
                          </sp>
                        </S>
                      </S>
                    </grup.nom>
                  </sn>
                </sp>
              </grup.nom>
            </sn>
          </sp>
        </grup.nom>
      </sn>
      <f lem="&quot;" pos="fe" punct="quotation" wd="&quot;"/>
      <f lem="," pos="fc" punct="comma" wd=","/>
    </S>
    <grup.verb>
      <v lem="añadir" lss="A21.transitive-agentive-patient" mood="indicative" num="s" person="3" pos="vmis3s0" postype="main" tense="past" wd="añadió"/>
    </grup.verb>
    <sn arg="arg0" coreftype="ident" elliptic="yes" entity="entity1" entityref="spec" func="suj" tem="agt"/>
    <f lem="." pos="fp" punct="period" wd="."/>
  </sentence>
  <sentence>
    <sn arg="arg0" coreftype="ident" entity="entity1" entityref="ne" func="suj" ne="person" tem="agt">
      <spec gen="m" num="s">
        <d gen="m" lem="el" num="s" pos="da0ms0" postype="article" wd="El"/>
      </spec>
      <grup.nom gen="m" num="s">
        <n gen="m" lem="premio" num="s" pos="ncms000" postype="common" sense="16:09547800" wd="premio"/>
        <sn entityref="ne" ne="organization">
          <grup.nom gen="m" num="s">
            <n lem="Nobel" ne="person" pos="np00000" postype="proper" wd="Nobel"/>
          </grup.nom>
        </sn>
      </grup.nom>
    </sn>
    <grup.verb>
      <v lem="estimar" lss="A21.transitive-agentive-patient" mood="indicative" num="s" person="3" pos="vmis3s0" postype="main" tense="past" wd="estimó"/>
    </grup.verb>
    <S arg="arg1" clausetype="completive" func="cd" tem="pat">
      <conj conjunctiontype="subordinating">
        <c lem="que" pos="cs" postype="subordinating" wd="que"/>
      </conj>
      <sn arg="arg0" coreftype="ident" entity="entity2" entityref="ne" func="suj" ne="organization" tem="agt">
        <spec gen="m" num="s">
          <d gen="m" lem="el" num="s" pos="da0ms0" postype="article" wd="el"/>
        </spec>
        <grup.nom gen="m" num="s">
          <n lem="BCE" ne="organization" pos="np00000" postype="proper" wd="BCE"/>
        </grup.nom>
      </sn>
      <neg func="mod">
        <r lem="no" pos="rn" postype="negative" wd="no"/>
      </neg>
      <grup.verb>
        <v lem="tener" mood="indicative" num="s" person="3" pos="vmic3s0" postype="main" tense="conditional" wd="tendría"/>
        <c lem="que" pos="cs" postype="subordinating" wd="que"/>
        <infinitiu>
          <v lem="haber" mood="infinitive" pos="van0000" postype="auxiliary" wd="haber"/>
          <v gen="m" lem="permitir" lss="A32.ditransitive-patient-benefactive" mood="participle" num="s" pos="vmp00sm" postype="main" wd="permitido"/>
        </infinitiu>
      </grup.verb>
      <S arg="arg1" clausetype="completive" func="cd" tem="pat">
        <conj conjunctiontype="subordinating">
          <c lem="que" pos="cs" postype="subordinating" wd="que"/>
        </conj>
        <sn arg="arg1" coreftype="ident" entity="entity3" entityref="nne" func="suj" homophoricDD="yes" tem="pat">
          <spec gen="m" num="s">
            <d gen="m" lem="el" num="s" pos="da0ms0" postype="article" wd="el"/>
          </spec>
          <grup.nom gen="m" num="s">
            <n gen="m" lem="euro" num="s" pos="ncms000" postype="common" sense="16:50000420" wd="euro"/>
          </grup.nom>
        </sn>
        <morfema.verbal func="pass">
          <p gen="c" lem="se" num="c" pos="p0000000" wd="se"/>
        </morfema.verbal>
        <grup.verb>
          <v lem="depreciar" lss="B22.unaccusative-passive-transitive" mood="subjunctive" num="s" person="3" pos="vmsi3s0" postype="main" tense="imperfect" wd="depreciara"/>
        </grup.verb>
        <sp arg="argM" func="cc" tem="adv">
          <prep>
            <s lem="por_debajo_de" pos="sps00" postype="preposition" wd="por_debajo_de"/>
          </prep>
          <sn entityref="nne" homophoricDD="yes">
            <spec gen="f" num="s">
              <d gen="f" lem="el" num="s" pos="da0fs0" postype="article" wd="la"/>
            </spec>
            <grup.nom gen="f" num="s">
              <n gen="f" lem="paridad" num="s" pos="ncfs000" postype="common" sense="16:03730853" wd="paridad"/>
              <sp>
                <prep>
                  <s lem="con" pos="sps00" postype="preposition" wd="con"/>
                </prep>
                <sn coreftype="ident" entity="entity9" entityref="nne" homophoricDD="yes">
                  <spec gen="m" num="s">
                    <d gen="m" lem="el" num="s" pos="da0ms0" postype="article" wd="el"/>
                  </spec>
                  <grup.nom gen="m" num="s">
                    <n gen="m" lem="dólar" num="s" pos="ncms000" postype="common" sense="16:09824246" wd="dólar"/>
                  </grup.nom>
                </sn>
              </sp>
            </grup.nom>
          </sn>
        </sp>
      </S>
    </S>
    <f lem="." pos="fp" punct="period" wd="."/>
  </sentence>
</article>
