<?xml version="1.0" encoding="UTF-8"?>
<!-- 

  ancora-2.0
       
			Copyright (C) 2007, 2008, 2009, 2010, 2011 UB - CLiC
			Centre de Llenguatge i Computació - Universitat de Barcelona
 
  This file is part of ancora-2.0.
 
  ancora-2.0 is free software and data: you can redistribute it and/or modify
  it under the terms of the GNU General Public License as published
  by the Free Software Foundation, either version 3 of the License,
  or (at your option) any later version.

  ancora-2.0 is distributed in the hope that it will be useful,
  but WITHOUT ANY WARRANTY; without even the implied warranty of
  MERCHANTABILITY or FITNESS FOR A PARTICULAR PURPOSE.  See the
  GNU General Public License for more details.
 
  You should have received a copy of the GNU General Public License
  along with ancora-2.0.  If not, see &lt;http://www.gnu.org/licenses/&gt;.
 
  Check a text in catalan explaining the terms of the license at http://www.softcatala.cat/wiki/GPL3.
  In spanish at http://www.viti.es/gnu/licenses/gpl.html
 

  The following paper must be cited when using this corpus:

 * Taulé, M., M.A. Martí, M. Recasens (2008) 'Ancora: Multilevel Annotated Corpora for Catalan and Spanish',
   Proceedings of 6th International Conference on Language Resources and Evaluation. Marrakesh (Morocco).

  In addition, the following paper must be cited if coreference information (attributes entity, coreftype,
  corefsubtype, homophoricDD or entityref) is used:

 * Recasens, Marta, M. Antònia Martí (2010) ‘AnCora-CO: Coreferentially annotated corpora for Spanish and
   Catalan’. Language Resources and Evaluation, Springer Science.

  Additionally, the following paper must be cited when argumental attributes in "sn" or "grup.nom"
  (attributes func, arg, tem or lexicalid) are used:

 * Peris, Aina, Mariona Taulé, Horacio Rodríguez (2010) ‘Semantic Annotation of Deverbal Nominalizations in the
   Spanish AnCora corpus’. Treebanks and Linguistic Theories (TLT-2010), Estonia.
-->
<article lng="es">
  <sentence title="yes">
    <sn entity="entity14" missing="yes" title="yes"/>
  </sentence>
  <sentence verbless="yes">
    <sn entityref="nne">
      <grup.nom gen="f" num="p">
        <n gen="f" lem="incidencia" num="p" pos="ncfp000" postype="common" sense="16:09959028" wd="Incidencias"/>
        <S verbless="yes">
          <f lem=":" pos="fd" punct="colon" wd=":"/>
          <sn entity="entity8" entityref="nne">
            <grup.nom gen="m" num="s">
              <n gen="m" lem="partido" num="s" pos="ncms000" postype="common" sense="16:05554348" wd="Partido"/>
              <S clausetype="participle" impersonal="yes">
                <participi>
                  <a gen="m" lem="disputado" lss="B22.unaccusative-passive-transitive" num="s" pos="aq0msp" posfunction="participle" postype="qualificative" wd="disputado"/>
                </participi>
                <sp arg="argM" func="cc" tem="loc">
                  <prep>
                    <s lem="en" pos="sps00" postype="preposition" wd="en"/>
                  </prep>
                  <sn entityref="ne" ne="location">
                    <spec gen="m" num="s">
                      <d gen="m" lem="el" num="s" pos="da0ms0" postype="article" wd="el"/>
                    </spec>
                    <grup.nom gen="m" num="s">
                      <n lem="Miniestadi_del_FC_Barcelona" ne="location" pos="np00000" postype="proper" wd="Miniestadi_del_FC_Barcelona"/>
                    </grup.nom>
                  </sn>
                </sp>
                <sp arg="argM" func="cc" tem="loc">
                  <prep>
                    <s lem="ante" pos="sps00" postype="preposition" wd="ante"/>
                  </prep>
                  <sn entityref="nne">
                    <spec gen="m" num="p">
                      <d gen="m" lem="uno" num="p" pos="di0mp0" postype="indefinite" wd="unos"/>
                      <z lem="tres_mil" ne="number" wd="tres_mil"/>
                    </spec>
                    <grup.nom gen="m" num="p">
                      <n gen="m" lem="aficionado" num="p" pos="ncmp000" postype="common" sense="16:07602661" wd="aficionados"/>
                    </grup.nom>
                  </sn>
                </sp>
              </S>
            </grup.nom>
          </sn>
        </S>
      </grup.nom>
    </sn>
    <f lem="." pos="fp" punct="period" wd="."/>
  </sentence>
  <sentence>
    <sn arg="arg1" entity="entity1" entityref="nne" func="suj" homophoricDD="yes" tem="tem">
      <spec gen="f" num="s">
        <d gen="f" lem="el" num="s" pos="da0fs0" postype="article" wd="La"/>
      </spec>
      <grup.nom gen="f" num="s">
        <n gen="f" lem="eliminatoria" num="s" pos="ncfs000" postype="common" sense="16:cs2" wd="eliminatoria"/>
        <sp>
          <prep>
            <s lem="a" pos="sps00" postype="preposition" wd="a"/>
          </prep>
          <sn entity="entity8" entityref="nne">
            <grup.nom gen="m" num="s">
              <n gen="m" lem="partido" num="s" pos="ncms000" postype="common" sense="16:05554348" wd="partido"/>
              <s.a gen="m" num="s">
                <grup.a gen="m" num="s">
                  <a gen="m" lem="único" num="s" pos="aq0ms0" postype="qualificative" wd="único"/>
                </grup.a>
              </s.a>
              <sp>
                <prep>
                  <s lem="entre" pos="sps00" postype="preposition" wd="entre"/>
                </prep>
                <sn coreftype="ident" entity="entity14" entityref="nne">
                  <spec gen="m" num="p">
                    <d gen="m" lem="ambos" num="p" pos="dn0mp0" postype="numeral" wd="ambos"/>
                  </spec>
                  <grup.nom gen="m" num="p">
                    <n gen="m" lem="conjunto" num="p" pos="ncmp000" postype="common" sense="16:05963394" wd="conjuntos"/>
                  </grup.nom>
                </sn>
              </sp>
            </grup.nom>
          </sn>
        </sp>
        <S clausetype="participle" impersonal="yes">
          <f lem="," pos="fc" punct="comma" wd=","/>
          <participi>
            <a gen="f" lem="disputado" lss="B22.unaccusative-passive-transitive" num="s" pos="aq0fsp" posfunction="participle" postype="qualificative" wd="disputada"/>
          </participi>
          <sp arg="argM" func="cc" tem="loc">
            <prep>
              <s lem="en" pos="sps00" postype="preposition" wd="en"/>
            </prep>
            <sn entityref="nne">
              <grup.nom gen="m" num="s">
                <n gen="m" lem="campo" num="s" pos="ncms000" postype="common" sense="16:02510690" wd="campo"/>
                <s.a gen="m" num="s">
                  <grup.a gen="m" num="s">
                    <a gen="c" lem="neutral" num="s" pos="aq0cs0" postype="qualificative" wd="neutral"/>
                  </grup.a>
                </s.a>
              </grup.nom>
            </sn>
          </sp>
          <S arg="argM" clausetype="adverbial" func="cc" tem="cau">
            <conj conjunctiontype="subordinating">
              <c lem="porque" pos="cs" postype="subordinating" wd="porque"/>
            </conj>
            <sn arg="arg0" entityref="ne" func="suj" ne="organization" tem="agt">
              <spec gen="f" num="s">
                <d gen="f" lem="el" num="s" pos="da0fs0" postype="article" wd="la"/>
              </spec>
              <grup.nom gen="f" num="s">
                <n lem="UEFA" ne="organization" pos="np00000" postype="proper" sense="16:50001234" wd="UEFA"/>
              </grup.nom>
            </sn>
            <neg func="mod">
              <r lem="no" pos="rn" postype="negative" wd="no"/>
            </neg>
            <grup.verb>
              <v lem="garantizar" lss="A21.transitive-agentive-patient" mood="indicative" num="s" person="3" pos="vmii3s0" postype="main" tense="imperfect" wd="garantizaba"/>
            </grup.verb>
            <sn arg="arg1" entityref="nne" func="cd" homophoricDD="yes" tem="pat">
              <spec gen="f" num="s">
                <d gen="f" lem="el" num="s" pos="da0fs0" postype="article" wd="la"/>
              </spec>
              <grup.nom gen="f" num="s">
                <n gen="f" lem="seguridad" num="s" pos="ncfs000" postype="common" sense="16:05012503" wd="seguridad"/>
              </grup.nom>
            </sn>
            <sp arg="arg2" func="cc" tem="loc">
              <prep>
                <s lem="en" pos="sps00" postype="preposition" wd="en"/>
              </prep>
              <sn entityref="ne" ne="location">
                <spec gen="m" num="s">
                  <d gen="m" lem="el" num="s" pos="da0ms0" postype="article" wd="el"/>
                </spec>
                <grup.nom gen="m" num="s">
                  <n gen="m" lem="país" num="s" pos="ncms000" postype="common" sense="16:06299747" wd="país"/>
                  <s.a gen="m" num="s">
                    <grup.a gen="m" num="s">
                      <a gen="m" lem="balcánico" num="s" pos="aq0ms0" postype="qualificative" wd="balcánico"/>
                    </grup.a>
                  </s.a>
                </grup.nom>
              </sn>
            </sp>
          </S>
          <f lem="," pos="fc" punct="comma" wd=","/>
        </S>
      </grup.nom>
    </sn>
    <grup.verb>
      <v lem="servir" lss="C41.state-benefactive" mood="indicative" num="s" person="3" pos="vmis3s0" postype="main" tense="past" wd="sirvió"/>
    </grup.verb>
    <sp arg="arg3" func="creg" tem="fin">
      <prep>
        <s lem="para" pos="sps00" postype="preposition" wd="para"/>
      </prep>
      <S clausetype="completive" impersonal="yes">
        <infinitiu>
          <v lem="completar" lss="A21.transitive-agentive-patient" mood="infinitive" pos="vmn0000" postype="main" wd="completar"/>
        </infinitiu>
        <sadv arg="argM" func="cc" tem="adv">
          <grup.adv>
            <r lem="definitivamente" pos="rg" wd="definitivamente"/>
          </grup.adv>
        </sadv>
        <sn arg="arg1" entityref="nne" func="cd" homophoricDD="yes" tem="pat">
          <spec gen="m" num="s">
            <d gen="m" lem="el" num="s" pos="da0ms0" postype="article" wd="el"/>
          </spec>
          <grup.nom gen="m" num="s">
            <n gen="m" lem="cuadro" num="s" pos="ncms000" postype="common" sense="16:10042358" wd="cuadro"/>
            <sp>
              <prep>
                <s lem="de" pos="sps00" postype="preposition" wd="de"/>
              </prep>
              <sn entity="entity2" entityref="nne" homophoricDD="yes">
                <spec gen="f" num="s">
                  <d gen="f" lem="el" num="s" pos="da0fs0" postype="article" wd="la"/>
                </spec>
                <grup.nom gen="f" num="s">
                  <n gen="f" lem="fase" num="s" pos="ncfs000" postype="common" sense="16:10044643" wd="fase"/>
                  <s.a gen="f" num="s">
                    <grup.a gen="f" num="s">
                      <a gen="c" lem="final" num="s" pos="aq0cs0" postype="qualificative" wd="final"/>
                    </grup.a>
                  </s.a>
                  <sp>
                    <prep>
                      <s lem="de" pos="sps00" postype="preposition" wd="de"/>
                    </prep>
                    <sn entityref="ne" ne="other">
                      <spec gen="f" num="s">
                        <d gen="f" lem="el" num="s" pos="da0fs0" postype="article" wd="la"/>
                      </spec>
                      <grup.nom gen="f" num="s">
                        <n lem="Eurocopa_sub`21" ne="other" pos="np00000" postype="proper" wd="Eurocopa_sub`21"/>
                      </grup.nom>
                    </sn>
                  </sp>
                  <S clausetype="relative">
                    <f lem="," pos="fc" punct="comma" wd=","/>
                    <relatiu arg="arg1" coreftype="ident" entity="entity2" entityref="nne" func="suj" num="p" tem="pat">
                      <p gen="c" lem="que" num="c" pos="pr0cn000" postype="relative" wd="que"/>
                    </relatiu>
                    <morfema.verbal func="pass">
                      <p gen="c" lem="se" num="c" pos="p0000000" wd="se"/>
                    </morfema.verbal>
                    <grup.verb>
                      <v lem="disputar" lss="B22.unaccusative-passive-transitive" mood="indicative" num="s" person="3" pos="vmif3s0" postype="main" tense="future" wd="disputará"/>
                    </grup.verb>
                    <sp arg="argM" func="cc" tem="tmp">
                      <prep>
                        <s lem="a" pos="sps00" postype="preposition" wd="a"/>
                      </prep>
                      <sn complex="yes" entityref="nne">
                        <grup.nom coord="yes">
                          <grup.nom gen="m" num="p">
                            <n gen="m" lem="final" num="p" pos="ncmp000" postype="common" sense="16:04515461" wd="finales"/>
                            <sp>
                              <prep>
                                <s lem="de" pos="sps00" postype="preposition" wd="de"/>
                              </prep>
                              <sn entityref="ne" ne="date">
                                <grup.nom gen="m" num="s">
                                  <w lem="[??:??/05/??:??.??]" ne="date" wd="Mayo"/>
                                </grup.nom>
                              </sn>
                            </sp>
                          </grup.nom>
                          <conj conjunctiontype="coordinating">
                            <c lem="y" pos="cc" postype="coordinating" wd="y"/>
                          </conj>
                          <grup.nom gen="m" num="p">
                            <n gen="m" lem="principio" num="p" pos="ncmp000" postype="common" sense="16:04515071" wd="principios"/>
                            <sp>
                              <prep>
                                <s lem="de" pos="sps00" postype="preposition" wd="de"/>
                              </prep>
                              <sn entityref="ne" ne="date">
                                <grup.nom gen="m" num="s">
                                  <w lem="[??:??/06/??:??.??]" ne="date" wd="Junio"/>
                                </grup.nom>
                              </sn>
                            </sp>
                          </grup.nom>
                        </grup.nom>
                      </sn>
                    </sp>
                    <sp arg="argM" func="cc" tem="loc">
                      <prep>
                        <s lem="en" pos="sps00" postype="preposition" wd="en"/>
                      </prep>
                      <sn entityref="ne" ne="location">
                        <grup.nom>
                          <n lem="Eslovaquia" ne="location" pos="np00000" postype="proper" wd="Eslovaquia"/>
                        </grup.nom>
                      </sn>
                    </sp>
                  </S>
                </grup.nom>
              </sn>
            </sp>
          </grup.nom>
        </sn>
      </S>
    </sp>
    <f lem="." pos="fp" punct="period" wd="."/>
  </sentence>
  <sentence verbless="yes">
    <sn entityref="nne">
      <grup.nom gen="m" num="s">
        <n gen="m" lem="comentario" num="s" pos="ncms000" postype="common" sense="16:04412315" wd="Comentario"/>
        <S coord="yes">
          <f lem=":" pos="fd" punct="colon" wd=":"/>
          <S entity="entity5">
            <sn arg="arg0" entity="entity3" entityref="ne" func="suj" ne="organization" tem="agt">
              <grup.nom>
                <n lem="Inglaterra" ne="location" pos="np00000" postype="proper" sense="16:06495688" wd="Inglaterra"/>
              </grup.nom>
            </sn>
            <grup.verb>
              <v lem="ganar" lss="A21.transitive-agentive-patient" mood="indicative" num="s" person="3" pos="vmis3s0" postype="main" tense="past" wd="ganó"/>
            </grup.verb>
            <sp arg="argM" func="cc" tem="adv">
              <prep>
                <s lem="por" pos="sps00" postype="preposition" wd="por"/>
              </prep>
              <sn entityref="ne" ne="number">
                <grup.nom>
                  <z lem="3-0" ne="number" wd="3-0"/>
                </grup.nom>
              </sn>
            </sp>
            <sp arg="arg1" func="cd" tem="pat">
              <prep>
                <s lem="a" pos="sps00" postype="preposition" wd="a"/>
              </prep>
              <sn entity="entity4" entityref="ne" ne="organization">
                <grup.nom>
                  <n lem="Yugoslavia" ne="location" pos="np00000" postype="proper" sense="16:06468727" wd="Yugoslavia"/>
                </grup.nom>
              </sn>
            </sp>
          </S>
          <conj conjunctiontype="coordinating">
            <c lem="y" pos="cc" postype="coordinating" wd="y"/>
          </conj>
          <S>
            <sp arg="argM" func="cc" tem="adv">
              <prep>
                <s lem="con" pos="sps00" postype="preposition" wd="con"/>
              </prep>
              <sn corefsubtype="token" coreftype="dx" entity="entity5" entityref="nne">
                <grup.nom gen="m" num="s">
                  <p gen="c" lem="él" num="s" person="3" pos="pp3ns000" postype="personal" wd="ello"/>
                </grup.nom>
              </sn>
            </sp>
            <sn arg="arg1" coreftype="ident" elliptic="yes" entity="entity3" entityref="spec" func="suj" tem="tem"/>
            <grup.verb>
              <v lem="obtener" lss="C21.state-attributive" mood="indicative" num="s" person="3" pos="vmis3s0" postype="main" tense="past" wd="obtuvo"/>
            </grup.verb>
            <sn arg="arg2" entityref="nne" func="cd" functype="quantitative" homophoricDD="yes" tem="atr">
              <spec gen="f" num="s">
                <d gen="f" lem="el" num="s" pos="da0fs0" postype="article" wd="la"/>
              </spec>
              <grup.nom gen="f" num="s">
                <n gen="f" lem="clasificación" lexicalid="noun.clasificación.3.default" num="s" origin="deverbal" pos="ncfs000" postype="common" sense="16:10352060" wd="clasificación"/>
                <sp arg="argM" func="cn" tem="adv">
                  <prep>
                    <s lem="para" pos="sps00" postype="preposition" wd="para"/>
                  </prep>
                  <sn entity="entity6" entityref="ne" ne="other">
                    <spec gen="f" num="s">
                      <d gen="f" lem="el" num="s" pos="da0fs0" postype="article" wd="la"/>
                    </spec>
                    <grup.nom gen="f" num="s">
                      <n lem="Eurocopa_de_Eslovaquia" ne="other" pos="np00000" postype="proper" wd="Eurocopa_de_Eslovaquia"/>
                      <S clausetype="relative">
                        <f lem="," pos="fc" punct="comma" wd=","/>
                        <sp arg="argM" func="cc" tem="loc">
                          <prep>
                            <s lem="en" pos="sps00" postype="preposition" wd="en"/>
                          </prep>
                          <sn coreftype="ident" entity="entity6" entityref="spec">
                            <spec gen="f" num="s">
                              <d gen="f" lem="el" num="s" pos="da0fs0" postype="article" wd="la"/>
                            </spec>
                            <grup.nom gen="f" num="s">
                              <relatiu>
                                <p gen="c" lem="que" num="c" pos="pr0cn000" postype="relative" wd="que"/>
                              </relatiu>
                            </grup.nom>
                          </sn>
                        </sp>
                        <sn arg="arg0" coreftype="ident" elliptic="yes" entity="entity3" entityref="spec" func="suj" tem="agt"/>
                        <grup.verb>
                          <v lem="jugar" lss="A21.transitive-agentive-patient" mood="indicative" num="s" person="3" pos="vmif3s0" postype="main" tense="future" wd="jugará"/>
                        </grup.verb>
                        <sp arg="argM" func="cc" tem="loc">
                          <prep>
                            <s lem="en" pos="sps00" postype="preposition" wd="en"/>
                          </prep>
                          <sn entityref="ne" ne="other">
                            <spec gen="m" num="s">
                              <d gen="m" lem="el" num="s" pos="da0ms0" postype="article" wd="el"/>
                            </spec>
                            <grup.nom gen="m" num="s">
                              <n lem="Grupo_B" ne="other" pos="np00000" postype="proper" wd="Grupo_B"/>
                            </grup.nom>
                          </sn>
                        </sp>
                        <sp arg="argM" func="cc" tem="adv">
                          <f lem="," pos="fc" punct="comma" wd=","/>
                          <prep>
                            <s lem="junto_a" pos="sps00" postype="preposition" wd="junto_a"/>
                          </prep>
                          <sn coord="yes">
                            <sn entityref="ne" ne="organization">
                              <grup.nom>
                                <n lem="Italia" ne="location" pos="np00000" postype="proper" sense="16:06459750" wd="Italia"/>
                              </grup.nom>
                            </sn>
                            <f lem="," pos="fc" punct="comma" wd=","/>
                            <sn entityref="ne" ne="organization">
                              <grup.nom>
                                <n lem="Turquía" ne="location" pos="np00000" postype="proper" sense="16:06591295" wd="Turquía"/>
                              </grup.nom>
                            </sn>
                            <conj conjunctiontype="coordinating">
                              <c lem="y" pos="cc" postype="coordinating" wd="y"/>
                            </conj>
                            <sn entityref="nne" homophoricDD="yes">
                              <spec gen="m" num="s">
                                <d gen="m" lem="el" num="s" pos="da0ms0" postype="article" wd="el"/>
                              </spec>
                              <grup.nom gen="m" num="s">
                                <n gen="m" lem="equipo" num="s" pos="ncms000" postype="common" sense="16:06093198" wd="equipo"/>
                                <s.a gen="m" num="s">
                                  <grup.a gen="m" num="s">
                                    <n gen="m" lem="anfitrión" num="s" pos="ncms000" postype="common" sense="16:07326946" wd="anfitrión"/>
                                  </grup.a>
                                </s.a>
                              </grup.nom>
                            </sn>
                          </sn>
                        </sp>
                      </S>
                    </grup.nom>
                  </sn>
                </sp>
              </grup.nom>
            </sn>
          </S>
        </S>
      </grup.nom>
    </sn>
    <f lem="." pos="fp" punct="period" wd="."/>
  </sentence>
  <sentence>
    <sp arg="argM" func="cc" tem="loc">
      <prep>
        <s lem="en" pos="sps00" postype="preposition" wd="En"/>
      </prep>
      <sn entity="entity7" entityref="spec">
        <spec gen="m" num="s">
          <d gen="m" lem="el" num="s" pos="da0ms0" postype="article" wd="el"/>
          <d gen="m" lem="otro" num="s" pos="di0ms0" postype="indefinite" wd="otro"/>
        </spec>
        <grup.nom gen="m" num="s">
          <n gen="m" lem="grupo" num="s" pos="ncms000" postype="common" sense="16:00017954" wd="grupo"/>
          <sn corefsubtype="definit" coreftype="pred" entity="entity7" entityref="ne" ne="other">
            <f lem="," pos="fc" punct="comma" wd=","/>
            <spec gen="m" num="s">
              <d gen="m" lem="el" num="s" pos="da0ms0" postype="article" wd="el"/>
            </spec>
            <grup.nom gen="m" num="s">
              <n lem="A" ne="other" pos="np00000" postype="proper" wd="A"/>
            </grup.nom>
            <f lem="," pos="fc" punct="comma" wd=","/>
          </sn>
        </grup.nom>
      </sn>
    </sp>
    <sn arg="arg0" entityref="ne" func="suj" ne="organization" tem="agt">
      <grup.nom>
        <n lem="España" ne="location" pos="np00000" postype="proper" sense="16:06581760" wd="España"/>
      </grup.nom>
    </sn>
    <grup.verb>
      <v lem="defender" lss="A21.transitive-agentive-patient" mood="indicative" num="s" person="3" pos="vmif3s0" postype="main" tense="future" wd="defenderá"/>
    </grup.verb>
    <sp arg="argM" func="cc" tem="adv">
      <prep>
        <s lem="ante" pos="sps00" postype="preposition" wd="ante"/>
      </prep>
      <sn coord="yes">
        <sn entityref="ne" ne="organization">
          <grup.nom>
            <n lem="Croacia" ne="location" pos="np00000" postype="proper" sense="16:06468938" wd="Croacia"/>
          </grup.nom>
        </sn>
        <f lem="," pos="fc" punct="comma" wd=","/>
        <sn entityref="ne" ne="organization">
          <spec gen="f" num="s">
            <d gen="f" lem="el" num="s" pos="da0fs0" postype="article" wd="la"/>
          </spec>
          <grup.nom gen="f" num="s">
            <n lem="República_Checa" ne="location" pos="np00000" postype="proper" wd="República_Checa"/>
          </grup.nom>
        </sn>
        <conj conjunctiontype="coordinating">
          <c lem="y" pos="cc" postype="coordinating" wd="y"/>
        </conj>
        <sn entityref="ne" ne="organization">
          <grup.nom>
            <n lem="Holanda" ne="location" pos="np00000" postype="proper" sense="16:06536741" wd="Holanda"/>
          </grup.nom>
        </sn>
      </sn>
    </sp>
    <sn arg="arg1" entityref="nne" func="cd" homophoricDD="yes" tem="pat">
      <spec gen="m" num="s">
        <d gen="m" lem="el" num="s" pos="da0ms0" postype="article" wd="el"/>
      </spec>
      <grup.nom gen="m" num="s">
        <n gen="m" lem="título" num="s" pos="ncms000" postype="common" sense="16:cs1" wd="título"/>
        <S clausetype="participle" impersonal="yes">
          <participi>
            <a gen="m" lem="alcanzado" lss="B22.unaccusative-passive-transitive" num="s" pos="aq0msp" posfunction="participle" postype="qualificative" wd="alcanzado"/>
          </participi>
          <sn arg="argM" entityref="nne" func="cc" tem="tmp">
            <v lem="hacer" mood="indicative" num="s" person="3" pos="vmip3s0" postype="main" tense="present" wd="hace"/>
            <d gen="c" lem="dos" num="p" pos="dn0cp0" postype="numeral" wd="dos"/>
            <n gen="m" lem="año" num="p" pos="ncmp000" postype="common" sense="16:10917509" wd="años"/>
          </sn>
        </S>
      </grup.nom>
    </sn>
    <f lem="." pos="fp" punct="period" wd="."/>
  </sentence>
  <sentence>
    <sn arg="arg1" coreftype="ident" entity="entity3" entityref="ne" func="suj" ne="organization" tem="tem">
      <spec gen="m" num="s">
        <d gen="m" lem="el" num="s" pos="da0ms0" postype="article" wd="El"/>
      </spec>
      <grup.nom gen="m" num="s">
        <n gen="m" lem="conjunto" num="s" pos="ncms000" postype="common" sense="16:05963394" wd="conjunto"/>
        <s.a gen="m" num="s">
          <grup.a gen="m" num="s">
            <a gen="m" lem="inglés" num="s" pos="aq0ms0" postype="qualificative" wd="inglés"/>
          </grup.a>
        </s.a>
      </grup.nom>
    </sn>
    <grup.verb>
      <v lem="ser" lss="C21.state-attributive" mood="indicative" num="s" person="3" pos="vsis3s0" postype="semiauxiliary" tense="past" wd="fue"/>
    </grup.verb>
    <sa arg="arg2" func="atr" tem="atr">
      <spec>
        <r lem="mucho" pos="rg" wd="muy"/>
      </spec>
      <grup.a>
        <a gen="c" lem="superior" num="s" pos="aq0cs0" postype="qualificative" wd="superior"/>
        <sp>
          <prep>
            <s lem="a" pos="sps00" postype="preposition" wd="a"/>
          </prep>
          <sn coreftype="ident" entity="entity4" entityref="ne" ne="organization">
            <grup.nom>
              <n lem="Yugoslavia" ne="location" pos="np00000" postype="proper" sense="16:06468727" wd="Yugoslavia"/>
            </grup.nom>
          </sn>
        </sp>
      </grup.a>
    </sa>
    <S clausesubtype="concessive" clausetype="adverbial" func="ao">
      <f lem="," pos="fc" punct="comma" wd=","/>
      <conj conjunctiontype="subordinating">
        <c lem="aunque" pos="cs" postype="subordinating" wd="aunque"/>
      </conj>
      <sp arg="argM" func="cc" tem="tmp">
        <prep>
          <s contracted="yes" gen="m" lem="al" num="s" pos="spcms" postype="preposition" wd="al"/>
        </prep>
        <sn entityref="nne" homophoricDD="yes">
          <grup.nom gen="m" num="s">
            <n gen="m" lem="principio" num="s" pos="ncms000" postype="common" sense="16:04515071" wd="principio"/>
            <sp>
              <prep>
                <s contracted="yes" gen="m" lem="del" num="s" pos="spcms" postype="preposition" wd="del"/>
              </prep>
              <sn coreftype="ident" entity="entity8" entityref="nne">
                <grup.nom gen="m" num="s">
                  <n gen="m" lem="partido" num="s" pos="ncms000" postype="common" sense="16:05554348" wd="partido"/>
                </grup.nom>
              </sn>
            </sp>
          </grup.nom>
        </sn>
      </sp>
      <sn arg="arg0" entityref="nne" func="suj" tem="agt">
        <grup.nom gen="m" num="s">
          <p gen="m" lem="todo" num="s" pos="pi0ms000" postype="indefinite" wd="todo"/>
        </grup.nom>
      </sn>
      <grup.verb>
        <v lem="apuntar" lss="A21.transitive-agentive-patient" mood="indicative" num="s" person="3" pos="vmii3s0" postype="main" tense="imperfect" wd="apuntaba"/>
      </grup.verb>
      <sp arg="arg1" func="cd" tem="pat">
        <prep>
          <s lem="a" pos="sps00" postype="preposition" wd="a"/>
        </prep>
        <sn entity="entity10" entityref="nne">
          <spec gen="m" num="s">
            <d gen="m" lem="uno" num="s" pos="di0ms0" postype="indefinite" wd="un"/>
          </spec>
          <grup.nom gen="m" num="s">
            <n gen="m" lem="envite" lexicalid="noun.envite.1.default" num="s" origin="deverbal" pos="ncms000" postype="common" sense="16:50000088" wd="envite"/>
            <S clausetype="participle" func="cn" impersonal="yes">
              <sadv arg="argM" func="cc" tem="adv">
                <grup.adv>
                  <r lem="mucho" pos="rg" wd="muy"/>
                </grup.adv>
              </sadv>
              <participi>
                <a gen="m" lem="igualado" lss="B22.unaccusative-passive-transitive" num="s" pos="aq0msp" posfunction="participle" postype="qualificative" wd="igualado"/>
              </participi>
              <sp arg="argM" func="cc" tem="cau">
                <f lem="," pos="fc" punct="comma" wd=","/>
                <prep>
                  <s lem="debido_a" pos="sps00" postype="preposition" wd="debido_a"/>
                </prep>
                <sn entityref="nne" homophoricDD="yes">
                  <spec gen="f" num="s">
                    <d gen="f" lem="el" num="s" pos="da0fs0" postype="article" wd="la"/>
                  </spec>
                  <grup.nom gen="f" num="s">
                    <n gen="f" lem="intensidad" num="s" pos="ncfs000" postype="common" sense="16:04043575" wd="intensidad"/>
                    <S clausetype="participle" impersonal="yes">
                      <participi>
                        <a gen="f" lem="mostrado" lss="B12.unaccusative-passive-ditransitive" num="s" pos="aq0fsp" posfunction="participle" postype="qualificative" wd="mostrada"/>
                      </participi>
                      <sp arg="arg0" func="cag" tem="agt">
                        <prep>
                          <s lem="por" pos="sps00" postype="preposition" wd="por"/>
                        </prep>
                        <sn coreftype="ident" entity="entity14" entityref="nne">
                          <spec gen="m" num="p">
                            <d gen="m" lem="ambos" num="p" pos="dn0mp0" postype="numeral" wd="ambos"/>
                          </spec>
                          <grup.nom gen="m" num="p">
                            <n gen="m" lem="equipo" num="p" pos="ncmp000" postype="common" sense="16:06093198" wd="equipos"/>
                          </grup.nom>
                        </sn>
                      </sp>
                    </S>
                  </grup.nom>
                </sn>
              </sp>
            </S>
          </grup.nom>
        </sn>
      </sp>
    </S>
    <f lem="." pos="fp" punct="period" wd="."/>
  </sentence>
  <sentence>
    <sp arg="arg3" func="ci" repetition="yes" tem="ben">
      <prep>
        <s lem="a" pos="sps00" postype="preposition" wd="A"/>
      </prep>
      <sn coreftype="ident" entity="entity3" entityref="ne" ne="organization">
        <grup.nom>
          <n lem="Inglaterra" ne="location" pos="np00000" postype="proper" sense="16:06495688" wd="Inglaterra"/>
        </grup.nom>
      </sn>
    </sp>
    <sn arg="arg3" coreftype="ident" entity="entity3" entityref="spec" func="ci" repetition="yes" tem="ben">
      <grup.nom num="s">
        <p case="dative" gen="c" lem="él" num="s" person="3" pos="pp3csd00" postype="personal" wd="le"/>
      </grup.nom>
    </sn>
    <grup.verb>
      <v lem="costar" lss="C41.state-benefactive" mood="indicative" num="s" person="3" pos="vmii3s0" postype="main" tense="imperfect" wd="costaba"/>
    </grup.verb>
    <sn arg="arg2" entityref="nne" func="cd" functype="quantitative" tem="atr">
      <grup.nom gen="m" num="s">
        <sadv func="cn">
          <grup.adv>
            <r lem="bastante" pos="rg" wd="bastante"/>
          </grup.adv>
        </sadv>
        <n gen="m" lem="trabajo" lexicalid="noun.trabajo.1.default" num="s" origin="deverbal" pos="ncms000" postype="common" sense="16:00377835" wd="trabajo"/>
      </grup.nom>
    </sn>
    <S arg="arg1" clausetype="completive" func="suj" impersonal="yes" tem="tem">
      <infinitiu>
        <v lem="llevar" lss="A21.transitive-agentive-patient" mood="infinitive" pos="vmn0000" postype="main" wd="llevar"/>
      </infinitiu>
      <sn arg="arg1" entityref="nne" func="cd" homophoricDD="yes" tem="pat">
        <spec gen="m" num="s">
          <d gen="m" lem="el" num="s" pos="da0ms0" postype="article" wd="el"/>
        </spec>
        <grup.nom gen="m" num="s">
          <n gen="m" lem="balón" num="s" pos="ncms000" postype="common" sense="16:02240791" wd="balón"/>
        </grup.nom>
      </sn>
      <sp arg="arg4" func="creg" tem="des">
        <prep>
          <s contracted="yes" gen="m" lem="al" num="s" pos="spcms" postype="preposition" wd="al"/>
        </prep>
        <sn entity="entity9" entityref="ne" ne="location">
          <grup.nom gen="f" num="s">
            <n gen="f" lem="área" num="s" pos="ncfs000" postype="common" sense="16:02758894" wd="área"/>
            <s.a gen="f" num="s">
              <grup.a gen="f" num="s">
                <a gen="f" lem="yugoslavo" num="s" pos="aq0fs0" postype="qualificative" wd="yugoslava"/>
              </grup.a>
            </s.a>
            <S clausetype="relative">
              <f lem="," pos="fc" punct="comma" wd=","/>
              <relatiu arg="argM" coreftype="ident" entity="entity9" entityref="spec" func="cc" tem="loc">
                <p gen="c" lem="donde" num="c" pos="pr000000" postype="relative" wd="donde"/>
              </relatiu>
              <sn arg="arg0" entityref="ne" func="suj" ne="person" tem="agt">
                <spec gen="m" num="s">
                  <d gen="m" lem="el" num="s" pos="da0ms0" postype="article" wd="el"/>
                </spec>
                <grup.nom gen="m" num="s">
                  <n gen="m" lem="ariete" num="s" pos="ncms000" postype="common" sense="16:02265594" wd="ariete"/>
                  <sn entityref="ne" ne="person">
                    <grup.nom gen="m" num="s">
                      <n lem="Heskey" ne="person" pos="np00000" postype="proper" wd="Heskey"/>
                    </grup.nom>
                  </sn>
                </grup.nom>
              </sn>
              <grup.verb>
                <v lem="mantener" lss="A21.transitive-agentive-patient" mood="indicative" num="s" person="3" pos="vmis3s0" postype="main" tense="past" wd="mantuvo"/>
              </grup.verb>
              <sn arg="arg1" entityref="nne" func="cd" tem="pat">
                <spec gen="f" num="s">
                  <d gen="f" lem="uno" num="s" pos="di0fs0" postype="indefinite" wd="una"/>
                </spec>
                <grup.nom gen="f" num="s">
                  <n gen="f" lem="lucha" lexicalid="noun.lucha.1.default" num="s" origin="deverbal" pos="ncfs000" postype="common" sense="16:00614914" wd="lucha"/>
                  <s.a func="cn" gen="f" num="s">
                    <grup.a gen="f" num="s">
                      <a gen="c" lem="desigual" num="s" pos="aq0cs0" postype="qualificative" wd="desigual"/>
                    </grup.a>
                  </s.a>
                  <sp arg="arg1" func="cn" tem="tem">
                    <prep>
                      <s lem="contra" pos="sps00" postype="preposition" wd="contra"/>
                    </prep>
                    <sn entityref="nne" homophoricDD="yes">
                      <spec gen="m" num="p">
                        <d gen="m" lem="el" num="p" pos="da0mp0" postype="article" wd="los"/>
                        <d gen="c" lem="dos" num="p" pos="dn0cp0" postype="numeral" wd="dos"/>
                      </spec>
                      <grup.nom gen="m" num="p">
                        <n gen="m" lem="central" num="p" pos="ncmp000" postype="common" sense="16:07146075" wd="centrales"/>
                      </grup.nom>
                    </sn>
                  </sp>
                </grup.nom>
              </sn>
            </S>
          </grup.nom>
        </sn>
      </sp>
    </S>
    <f lem="." pos="fp" punct="period" wd="."/>
  </sentence>
  <sentence>
    <sp func="ao">
      <prep>
        <s lem="por" pos="sps00" postype="preposition" wd="Por"/>
      </prep>
      <sn entityref="lex">
        <spec gen="f" num="s">
          <d entityref="lex" gen="c" lem="su" num="s" person="3" pos="dp3cs0" postype="possessive" wd="su"/>
        </spec>
        <grup.nom gen="f" num="s">
          <n gen="f" lem="parte" num="s" pos="ncfs000" postype="common" sense="16:04505974" wd="parte"/>
        </grup.nom>
      </sn>
      <f lem="," pos="fc" punct="comma" wd=","/>
    </sp>
    <sn arg="arg0" coreftype="ident" entity="entity4" entityref="ne" func="suj" ne="organization" tem="agt">
      <grup.nom>
        <n lem="Yugoslavia" ne="location" pos="np00000" postype="proper" sense="16:06468727" wd="Yugoslavia"/>
      </grup.nom>
    </sn>
    <grup.verb>
      <v lem="aplicar" lss="A21.transitive-agentive-patient" mood="indicative" num="s" person="3" pos="vmis3s0" postype="main" tense="past" wd="aplicó"/>
    </grup.verb>
    <sn arg="arg1" entityref="nne" func="cd" homophoricDD="yes" tem="pat">
      <spec gen="m" num="s">
        <d gen="m" lem="el" num="s" pos="da0ms0" postype="article" wd="el"/>
      </spec>
      <grup.nom gen="m" num="s">
        <n gen="m" lem="pase" lexicalid="noun.pase.3.default" num="s" origin="deverbal" pos="ncms000" postype="common" sense="16:00366105" wd="pase"/>
        <s.a arg="argM" coord="yes" func="cn" gen="m" num="s" tem="mnr">
          <s.a gen="m" num="s">
            <grup.a gen="m" num="s">
              <a gen="m" lem="corto" num="s" pos="aq0ms0" postype="qualificative" wd="corto"/>
            </grup.a>
          </s.a>
          <conj conjunctiontype="coordinating">
            <c lem="y" pos="cc" postype="coordinating" wd="y"/>
          </conj>
          <sp>
            <prep>
              <s lem="en" pos="sps00" postype="preposition" wd="en"/>
            </prep>
            <sn entityref="nne">
              <grup.nom gen="f" num="s">
                <n gen="f" lem="profundidad" num="s" pos="ncfs000" postype="common" sense="16:04000219" wd="profundidad"/>
              </grup.nom>
            </sn>
          </sp>
        </s.a>
      </grup.nom>
    </sn>
    <sp arg="argM" func="cc" tem="fin">
      <prep>
        <s lem="para" pos="sps00" postype="preposition" wd="para"/>
      </prep>
      <S clausetype="completive" impersonal="yes">
        <infinitiu>
          <v lem="poner" lss="A21.transitive-agentive-patient" mood="infinitive" pos="vmn0000" postype="main" wd="poner"/>
        </infinitiu>
        <sp arg="argL" func="cc">
          <prep>
            <s lem="en" pos="sps00" postype="preposition" wd="en"/>
          </prep>
          <sn entityref="nne">
            <grup.nom gen="m" num="p">
              <n gen="m" lem="aprieto" num="p" pos="ncmp000" postype="common" sense="16:10339565" wd="aprietos"/>
            </grup.nom>
          </sn>
        </sp>
        <sp arg="arg1" func="cd" tem="pat">
          <prep>
            <s contracted="yes" gen="m" lem="al" num="s" pos="spcms" postype="preposition" wd="al"/>
          </prep>
          <sn entityref="ne" ne="person">
            <grup.nom gen="m" num="s">
              <n gen="m" lem="meta" num="s" pos="ncms000" postype="common" sense="16:cs1" wd="meta"/>
              <sn entityref="ne" ne="person">
                <grup.nom gen="m" num="s">
                  <n lem="Richard_Wright" ne="person" pos="np00000" postype="proper" wd="Richard_Wright"/>
                </grup.nom>
              </sn>
            </grup.nom>
          </sn>
        </sp>
      </S>
    </sp>
    <f lem="." pos="fp" punct="period" wd="."/>
  </sentence>
  <sentence>
    <sn arg="arg1" coreftype="ident" entity="entity10" entityref="nne" func="suj" tem="tem">
      <spec gen="m" num="s">
        <d gen="m" lem="este" num="s" pos="dd0ms0" postype="demonstrative" wd="Este"/>
      </spec>
      <grup.nom gen="m" num="s">
        <n gen="m" lem="panorama" num="s" pos="ncms000" postype="common" sense="16:cs1" wd="panorama"/>
        <sp>
          <prep>
            <s lem="de" pos="sps00" postype="preposition" wd="de"/>
          </prep>
          <sn entityref="nne">
            <grup.nom gen="f" num="s">
              <s.a gen="f" num="s">
                <grup.a gen="f" num="s">
                  <a gen="f" lem="relativo" num="s" pos="aq0fs0" postype="qualificative" wd="relativa"/>
                </grup.a>
              </s.a>
              <n gen="f" lem="igualdad" num="s" pos="ncfs000" postype="common" sense="16:10049536" wd="igualdad"/>
            </grup.nom>
          </sn>
        </sp>
      </grup.nom>
    </sn>
    <morfema.pronominal>
      <p gen="c" lem="él" num="c" person="3" pos="p0300000" wd="se"/>
    </morfema.pronominal>
    <grup.verb>
      <v lem="romper" lss="B21.unaccusative-state" mood="indicative" num="s" person="3" pos="vmis3s0" postype="main" tense="past" wd="rompió"/>
    </grup.verb>
    <S arg="argM" clausetype="adverbial" func="cc" tem="tmp">
      <conj conjunctiontype="subordinating">
        <c lem="cuando" pos="cs" postype="subordinating" wd="cuando"/>
      </conj>
      <sn arg="arg0" entityref="ne" func="suj" ne="person" tem="agt">
        <grup.nom gen="m" num="s">
          <n lem="Campbell" ne="person" pos="np00000" postype="proper" wd="Campbell"/>
        </grup.nom>
      </sn>
      <grup.verb>
        <v lem="aprovechar" lss="A21.transitive-agentive-patient" mood="indicative" num="s" person="3" pos="vmis3s0" postype="main" tense="past" wd="aprovechó"/>
      </grup.verb>
      <sn arg="arg1" entityref="nne" func="cd" tem="pat">
        <spec gen="f" num="s">
          <d gen="f" lem="uno" num="s" pos="di0fs0" postype="indefinite" wd="una"/>
        </spec>
        <grup.nom gen="f" num="s">
          <n gen="f" lem="indecisión" num="s" pos="ncfs000" postype="common" sense="16:04403239" wd="indecisión"/>
          <sp>
            <prep>
              <s lem="de" pos="sps00" postype="preposition" wd="de"/>
            </prep>
            <sn entityref="nne" homophoricDD="yes">
              <spec gen="f" num="s">
                <d gen="f" lem="el" num="s" pos="da0fs0" postype="article" wd="la"/>
              </spec>
              <grup.nom gen="f" num="s">
                <n gen="c" lem="defensa" lexicalid="noun.defensa.1.default" num="s" origin="deverbal" pos="nccs000" postype="common" sense="16:07095815" wd="defensa"/>
              </grup.nom>
            </sn>
          </sp>
        </grup.nom>
      </sn>
      <sp arg="argM" func="cc" tem="fin">
        <prep>
          <s lem="para" pos="sps00" postype="preposition" wd="para"/>
        </prep>
        <S clausetype="completive" impersonal="yes">
          <infinitiu>
            <v lem="marcar" lss="A21.transitive-agentive-patient" mood="infinitive" pos="vmn0000" postype="main" wd="marcar"/>
          </infinitiu>
          <sn arg="arg1" entityref="nne" func="cd" homophoricDD="yes" tem="pat">
            <spec gen="m" num="s">
              <d gen="m" lem="el" num="s" pos="da0ms0" postype="article" wd="el"/>
            </spec>
            <grup.nom gen="m" num="s">
              <s.a gen="m" num="s">
                <grup.a gen="m" num="s">
                  <a gen="m" lem="primero" num="s" pos="ao0ms0" postype="ordinal" wd="primer"/>
                </grup.a>
              </s.a>
              <n gen="m" lem="gol" num="s" pos="ncms000" postype="common" sense="16:50004855" wd="gol"/>
            </grup.nom>
          </sn>
          <sadv arg="argM" func="cc" tem="tmp">
            <f lem="," pos="fc" punct="comma" wd=","/>
            <grup.adv>
              <sn entityref="nne">
                <spec gen="m" num="p">
                  <d gen="m" lem="poco" num="p" pos="di0mp0" postype="indefinite" wd="pocos"/>
                </spec>
                <grup.nom gen="m" num="p">
                  <n gen="m" lem="minuto" num="p" pos="ncmp000" postype="common" sense="16:10953688" wd="minutos"/>
                </grup.nom>
              </sn>
              <r lem="después" pos="rg" wd="después"/>
              <sp>
                <prep>
                  <s lem="de" pos="sps00" postype="preposition" wd="de"/>
                </prep>
                <S clausetype="completive">
                  <conj conjunctiontype="subordinating">
                    <c lem="que" pos="cs" postype="subordinating" wd="que"/>
                  </conj>
                  <sn arg="arg0" entity="entity13" entityref="ne" func="suj" ne="person" tem="agt">
                    <grup.nom gen="m" num="s">
                      <n lem="Stankovic" ne="person" pos="np00000" postype="proper" wd="Stankovic"/>
                    </grup.nom>
                  </sn>
                  <grup.verb>
                    <v lem="lanzar" lss="A21.transitive-agentive-patient" mood="subjunctive" num="s" person="3" pos="vmsi3s0" postype="main" tense="imperfect" wd="lanzara"/>
                  </grup.verb>
                  <sn arg="arg1" entity="entity11" entityref="nne" func="cd" tem="pat">
                    <spec gen="m" num="s">
                      <d gen="m" lem="uno" num="s" pos="di0ms0" postype="indefinite" wd="un"/>
                    </spec>
                    <grup.nom gen="m" num="s">
                      <s.a func="cn" gen="m" num="s">
                        <grup.a gen="m" num="s">
                          <a gen="m" lem="duro" num="s" pos="aq0ms0" postype="qualificative" wd="duro"/>
                        </grup.a>
                      </s.a>
                      <n gen="m" lem="disparo" lexicalid="noun.disparo.1.default" num="s" origin="deverbal" pos="ncms000" postype="common" sense="16:cs1" wd="disparo"/>
                      <S clausetype="relative" func="cn">
                        <relatiu arg="arg0" coreftype="ident" entity="entity11" entityref="nne" func="suj" tem="agt">
                          <p gen="c" lem="que" num="c" pos="pr0cn000" postype="relative" wd="que"/>
                        </relatiu>
                        <grup.verb>
                          <v lem="acabar" lss="A21.transitive-agentive-patient" mood="indicative" num="s" person="3" pos="vmis3s0" postype="main" tense="past" wd="acabó"/>
                        </grup.verb>
                        <sp arg="argM" func="creg" tem="mnr">
                          <prep>
                            <s lem="con" pos="sps00" postype="preposition" wd="con"/>
                          </prep>
                          <sn entityref="nne" homophoricDD="yes">
                            <spec gen="m" num="s">
                              <d gen="m" lem="el" num="s" pos="da0ms0" postype="article" wd="el"/>
                            </spec>
                            <grup.nom gen="m" num="s">
                              <n gen="m" lem="balón" num="s" pos="ncms000" postype="common" sense="16:02240791" wd="balón"/>
                              <sp>
                                <prep>
                                  <s lem="en" pos="sps00" postype="preposition" wd="en"/>
                                </prep>
                                <sn entityref="nne" homophoricDD="yes">
                                  <spec gen="m" num="s">
                                    <d gen="m" lem="el" num="s" pos="da0ms0" postype="article" wd="el"/>
                                  </spec>
                                  <grup.nom gen="m" num="s">
                                    <n gen="m" lem="lateral" num="s" pos="ncms000" postype="common" sense="16:cs1" wd="lateral"/>
                                    <sp>
                                      <prep>
                                        <s lem="de" pos="sps00" postype="preposition" wd="de"/>
                                      </prep>
                                      <sn entityref="nne" homophoricDD="yes">
                                        <spec gen="f" num="s">
                                          <d gen="f" lem="el" num="s" pos="da0fs0" postype="article" wd="la"/>
                                        </spec>
                                        <grup.nom gen="f" num="s">
                                          <n gen="f" lem="red" num="s" pos="ncfs000" postype="common" sense="16:cs1" wd="red"/>
                                          <sp>
                                            <prep>
                                              <s lem="de" pos="sps00" postype="preposition" wd="de"/>
                                            </prep>
                                            <sn entityref="nne" homophoricDD="yes">
                                              <spec gen="f" num="s">
                                                <d gen="f" lem="el" num="s" pos="da0fs0" postype="article" wd="la"/>
                                              </spec>
                                              <grup.nom gen="f" num="s">
                                                <n gen="f" lem="meta" num="s" pos="ncfs000" postype="common" sense="16:cs1" wd="meta"/>
                                                <s.a gen="f" num="s">
                                                  <grup.a gen="f" num="s">
                                                    <a gen="f" lem="inglés" num="s" pos="aq0fs0" postype="qualificative" wd="inglesa"/>
                                                  </grup.a>
                                                </s.a>
                                              </grup.nom>
                                            </sn>
                                          </sp>
                                        </grup.nom>
                                      </sn>
                                    </sp>
                                  </grup.nom>
                                </sn>
                              </sp>
                            </grup.nom>
                          </sn>
                        </sp>
                      </S>
                    </grup.nom>
                  </sn>
                </S>
              </sp>
            </grup.adv>
          </sadv>
        </S>
      </sp>
    </S>
    <f lem="." pos="fp" punct="period" wd="."/>
  </sentence>
  <sentence coord="yes">
    <S>
      <sn arg="arg1" coreftype="ident" entity="entity13" entityref="ne" func="suj" ne="person" tem="tem">
        <spec gen="m" num="s">
          <d gen="m" lem="el" num="s" pos="da0ms0" postype="article" wd="El"/>
          <d gen="m" lem="mismo" num="s" pos="di0ms0" postype="indefinite" wd="mismo"/>
        </spec>
        <grup.nom gen="m" num="s">
          <n gen="m" lem="jugador" num="s" pos="ncms000" postype="common" sense="16:07480903" wd="jugador"/>
          <s.a gen="m" num="s">
            <grup.a gen="m" num="s">
              <a gen="m" lem="yugoslavo" num="s" pos="aq0ms0" postype="qualificative" wd="yugoslavo"/>
            </grup.a>
          </s.a>
        </grup.nom>
      </sn>
      <grup.verb>
        <v lem="disponer" lss="C21.state-attributive" mood="indicative" num="s" person="3" pos="vmis3s0" postype="main" tense="past" wd="dispuso"/>
      </grup.verb>
      <sp arg="arg2" func="creg" tem="atr">
        <prep>
          <s lem="de" pos="sps00" postype="preposition" wd="de"/>
        </prep>
        <sn entityref="nne">
          <spec gen="f" num="s">
            <d gen="f" lem="uno" num="s" pos="di0fs0" postype="indefinite" wd="una"/>
          </spec>
          <grup.nom gen="f" num="s">
            <s.a gen="f" num="s">
              <grup.a gen="f" num="s">
                <a gen="c" lem="inmejorable" num="s" pos="aq0cs0" postype="qualificative" wd="inmejorable"/>
              </grup.a>
            </s.a>
            <n gen="f" lem="oportunidad" num="s" pos="ncfs000" postype="common" sense="16:10391618" wd="oportunidad"/>
            <sp>
              <prep>
                <s lem="para" pos="sps00" postype="preposition" wd="para"/>
              </prep>
              <S clausetype="completive" impersonal="yes">
                <infinitiu>
                  <v lem="empatar" lss="C21.state-attributive" mood="infinitive" pos="vmn0000" postype="main" wd="empatar"/>
                </infinitiu>
                <sn arg="arg2" coreftype="ident" entity="entity8" entityref="nne" func="cd" functype="quantitative" homophoricDD="yes" tem="atr">
                  <spec gen="m" num="s">
                    <d gen="m" lem="el" num="s" pos="da0ms0" postype="article" wd="el"/>
                  </spec>
                  <grup.nom gen="m" num="s">
                    <n gen="m" lem="partido" num="s" pos="ncms000" postype="common" sense="16:05554348" wd="partido"/>
                  </grup.nom>
                </sn>
                <sp arg="argM" func="cc" tem="tmp">
                  <prep>
                    <s lem="a" pos="sps00" postype="preposition" wd="a"/>
                  </prep>
                  <sn entityref="nne" homophoricDD="yes">
                    <spec gen="m" num="p">
                      <d gen="m" lem="el" num="p" pos="da0mp0" postype="article" wd="los"/>
                      <d gen="c" lem="dos" num="p" pos="dn0cp0" postype="numeral" wd="dos"/>
                    </spec>
                    <grup.nom gen="m" num="p">
                      <n gen="m" lem="minuto" num="p" pos="ncmp000" postype="common" sense="16:10943650" wd="minutos"/>
                      <sp>
                        <prep>
                          <s lem="de" pos="sps00" postype="preposition" wd="de"/>
                        </prep>
                        <sn entityref="nne" homophoricDD="yes">
                          <spec gen="f" num="s">
                            <d gen="f" lem="el" num="s" pos="da0fs0" postype="article" wd="la"/>
                          </spec>
                          <grup.nom gen="f" num="s">
                            <s.a gen="f" num="s">
                              <grup.a gen="f" num="s">
                                <a gen="f" lem="segundo" num="s" pos="ao0fs0" postype="ordinal" wd="segunda"/>
                              </grup.a>
                            </s.a>
                            <n gen="f" lem="parte" num="s" pos="ncfs000" postype="common" sense="16:10960792" wd="parte"/>
                          </grup.nom>
                        </sn>
                      </sp>
                    </grup.nom>
                  </sn>
                </sp>
              </S>
            </sp>
          </grup.nom>
        </sn>
      </sp>
      <f lem="," pos="fc" punct="comma" wd=","/>
    </S>
    <conj conjunctiontype="coordinating">
      <c lem="pero" pos="cc" postype="coordinating" wd="pero"/>
    </conj>
    <S>
      <sn arg="arg1" entityref="nne" func="suj" tem="tem">
        <spec arg="arg0" gen="m" num="s" tem="agt">
          <d coreftype="ident" entity="entity13" entityref="spec" gen="c" lem="su" num="s" person="3" pos="dp3cs0" postype="possessive" wd="su"/>
        </spec>
        <grup.nom gen="m" num="s">
          <n gen="m" lem="lanzamiento" lexicalid="noun.lanzamiento.6.default" num="s" origin="deverbal" pos="ncms000" postype="common" sense="16:00064905" wd="lanzamiento"/>
          <sp arg="arg1" func="cn" tem="pat">
            <prep>
              <s lem="de" pos="sps00" postype="preposition" wd="de"/>
            </prep>
            <sn entityref="nne">
              <grup.nom gen="f" num="s">
                <n gen="f" lem="falta" lexicalid="noun.falta.3.default" num="s" origin="deverbal" pos="ncfs000" postype="common" sense="16:00474548" wd="falta"/>
                <s.a func="cn" gen="f" num="s">
                  <grup.a gen="f" num="s">
                    <a gen="f" lem="directo" num="s" pos="aq0fs0" postype="qualificative" wd="directa"/>
                  </grup.a>
                </s.a>
              </grup.nom>
            </sn>
          </sp>
        </grup.nom>
      </sn>
      <grup.verb>
        <v lem="salir" lss="B21.unaccusative-state" mood="indicative" num="s" person="3" pos="vmis3s0" postype="main" tense="past" wd="salió"/>
      </grup.verb>
      <S arg="argM" clausetype="adverbial" func="cc" impersonal="yes" tem="tmp">
        <gerundi>
          <v lem="rozar" lss="A21.transitive-agentive-patient" mood="gerund" pos="vmg0000" postype="main" wd="rozando"/>
        </gerundi>
        <sn arg="arg1" entityref="nne" func="cd" homophoricDD="yes" tem="pat">
          <spec gen="m" num="s">
            <d gen="m" lem="el" num="s" pos="da0ms0" postype="article" wd="el"/>
          </spec>
          <grup.nom gen="m" num="s">
            <n gen="m" lem="larguero" num="s" pos="ncms000" postype="common" sense="16:cs1" wd="larguero"/>
          </grup.nom>
        </sn>
      </S>
    </S>
    <f lem="." pos="fp" punct="period" wd="."/>
  </sentence>
  <sentence coord="yes">
    <S>
      <sn arg="arg0" coreftype="ident" entity="entity3" entityref="ne" func="suj" ne="organization" tem="agt">
        <grup.nom>
          <n lem="Inglaterra" ne="location" pos="np00000" postype="proper" sense="16:06495688" wd="Inglaterra"/>
        </grup.nom>
      </sn>
      <neg func="mod">
        <r lem="no" pos="rn" postype="negative" wd="no"/>
      </neg>
      <grup.verb>
        <v lem="permitir" lss="A32.ditransitive-patient-benefactive" mood="indicative" num="s" person="3" pos="vmis3s0" postype="main" tense="past" wd="permitió"/>
      </grup.verb>
      <sn arg="arg1" entityref="nne" func="cd" tem="pat">
        <grup.nom gen="f" num="p">
          <s.a func="cn" gen="f" num="p">
            <grup.a gen="f" num="p">
              <a gen="c" lem="mayor" num="p" pos="aq0cp0" postype="qualificative" wd="mayores"/>
            </grup.a>
          </s.a>
          <n gen="f" lem="confianza" lexicalid="noun.confianza.1.default" num="p" origin="deverbal" pos="ncfp000" postype="common" sense="16:05595498" wd="confianzas"/>
        </grup.nom>
      </sn>
      <sp arg="arg2" func="ci" tem="ben">
        <prep>
          <s lem="a" pos="sps00" postype="preposition" wd="a"/>
        </prep>
        <sn coreftype="ident" entity="entity4" entityref="spec">
          <spec gen="f" num="s">
            <d coreftype="ident" entity="entity3" entityref="spec" gen="c" lem="su" num="s" person="3" pos="dp3cs0" postype="possessive" wd="su"/>
          </spec>
          <grup.nom gen="f" num="s">
            <n gen="c" lem="rival" num="s" pos="nccs000" postype="common" sense="16:07535673" wd="rival"/>
          </grup.nom>
        </sn>
      </sp>
    </S>
    <conj conjunctiontype="coordinating">
      <c lem="y" pos="cc" postype="coordinating" wd="y"/>
    </conj>
    <S>
      <sp arg="argM" func="cc" tem="tmp">
        <f lem="," pos="fc" punct="comma" wd=","/>
        <prep>
          <s lem="tras" pos="sps00" postype="preposition" wd="tras"/>
        </prep>
        <S clausetype="completive" impersonal="yes">
          <infinitiu>
            <v lem="obtener" lss="A22.transitive-agentive-theme" mood="infinitive" pos="vmn0000" postype="main" wd="obtener"/>
          </infinitiu>
          <sn arg="arg1" entityref="ne" func="cd" ne="number" tem="tem">
            <spec gen="m" num="s">
              <d gen="m" lem="el" num="s" pos="da0ms0" postype="article" wd="el"/>
            </spec>
            <grup.nom gen="m" num="s">
              <z lem="2-0" ne="number" wd="2-0"/>
            </grup.nom>
          </sn>
          <sp arg="argM" func="cc" tem="tmp">
            <prep>
              <s contracted="yes" gen="m" lem="al" num="s" pos="spcms" postype="preposition" wd="al"/>
            </prep>
            <S clausetype="completive" impersonal="yes">
              <infinitiu>
                <v lem="transformar" lss="A21.transitive-agentive-patient" mood="infinitive" pos="vmn0000" postype="main" wd="transformar"/>
              </infinitiu>
              <sn arg="arg0" entityref="ne" func="suj" ne="person" tem="agt">
                <grup.nom gen="m" num="s">
                  <n lem="Lampard" ne="person" pos="np00000" postype="proper" wd="Lampard"/>
                </grup.nom>
              </sn>
              <sn arg="arg1" entityref="nne" func="cd" tem="pat">
                <spec gen="m" num="s">
                  <d gen="m" lem="uno" num="s" pos="di0ms0" postype="indefinite" wd="un"/>
                </spec>
                <grup.nom gen="m" num="s">
                  <n gen="m" lem="penalti" num="s" pos="ncms000" postype="common" sense="16:cs2" wd="penalti"/>
                </grup.nom>
              </sn>
            </S>
          </sp>
        </S>
        <f lem="," pos="fc" punct="comma" wd=","/>
      </sp>
      <sn arg="arg1" coreftype="ident" entity="entity4" entityref="ne" func="suj" ne="organization" tem="tem">
        <grup.nom gen="m" num="s">
          <n lem="Yugoslavia" ne="location" pos="np00000" postype="proper" sense="16:06468727" wd="Yugoslavia"/>
        </grup.nom>
      </sn>
      <grup.verb>
        <v lem="caer" lss="B22.unaccusative-passive-transitive" mood="indicative" num="s" person="3" pos="vmis3s0" postype="main" tense="past" wd="cayó"/>
      </grup.verb>
      <sadv arg="argM" func="cc" tem="mnr">
        <grup.adv>
          <r lem="por_completo" pos="rg" wd="por_completo"/>
        </grup.adv>
      </sadv>
      <sp arg="arg2" func="cc" tem="loc">
        <prep>
          <s lem="en" pos="sps00" postype="preposition" wd="en"/>
        </prep>
        <sn entityref="nne" homophoricDD="yes">
          <spec gen="f" num="s">
            <d gen="f" lem="el" num="s" pos="da0fs0" postype="article" wd="la"/>
          </spec>
          <grup.nom gen="f" num="s">
            <n gen="f" lem="impotencia" num="s" pos="ncfs000" postype="common" sense="16:05603715" wd="impotencia"/>
          </grup.nom>
        </sn>
      </sp>
    </S>
    <f lem="." pos="fp" punct="period" wd="."/>
  </sentence>
  <sentence>
    <sn arg="arg0" entityref="nne" func="suj" tem="agt">
      <spec gen="m" num="s">
        <d gen="m" lem="uno" num="s" pos="di0ms0" postype="indefinite" wd="Un"/>
      </spec>
      <grup.nom gen="m" num="s">
        <s.a gen="m" num="s">
          <grup.a gen="m" num="s">
            <a gen="m" lem="nuevo" num="s" pos="aq0ms0" postype="qualificative" wd="nuevo"/>
          </grup.a>
        </s.a>
        <n gen="m" lem="tanto" num="s" pos="ncms000" postype="common" sense="16:00122416" wd="tanto"/>
        <sp>
          <f lem="," pos="fc" punct="comma" wd=","/>
          <prep>
            <s contracted="yes" gen="m" lem="del" num="s" pos="spcms" postype="preposition" wd="del"/>
          </prep>
          <sn entityref="ne" ne="person">
            <grup.nom gen="m" num="s">
              <n gen="c" lem="centrocampista" num="s" pos="nccs000" postype="common" sense="16:07146075" wd="centrocampista"/>
              <sp>
                <prep>
                  <s contracted="yes" gen="m" lem="del" num="s" pos="spcms" postype="preposition" wd="del"/>
                </prep>
                <sn entityref="ne" ne="organization">
                  <grup.nom gen="m" num="s">
                    <n lem="Aston_Villa" ne="organization" pos="np00000" postype="proper" wd="Aston_Villa"/>
                  </grup.nom>
                </sn>
              </sp>
              <sn entityref="ne" ne="person">
                <grup.nom gen="m" num="s">
                  <n lem="Lee_Hendrie" ne="person" pos="np00000" postype="proper" wd="Lee_Hendrie"/>
                </grup.nom>
              </sn>
            </grup.nom>
          </sn>
          <f lem="," pos="fc" punct="comma" wd=","/>
        </sp>
      </grup.nom>
    </sn>
    <grup.verb>
      <v lem="anular" lss="A21.transitive-agentive-patient" mood="indicative" num="s" person="3" pos="vmis3s0" postype="main" tense="past" wd="anuló"/>
    </grup.verb>
    <sn arg="arg1" entityref="nne" func="cd" tem="pat">
      <spec gen="f" num="s">
        <d gen="c" lem="cualquiera" num="s" pos="di0cs0" postype="indefinite" wd="cualquier"/>
      </spec>
      <grup.nom gen="f" num="s">
        <n gen="f" lem="reacción" lexicalid="noun.reacción.1.default" num="s" origin="deverbal" pos="ncfs000" postype="common" sense="16:00132807" wd="reacción"/>
        <s.a arg="arg1" func="cn" gen="f" num="s" tem="tem">
          <grup.a gen="f" num="s">
            <a gen="c" lem="rival" num="s" pos="aq0cs0" postype="qualificative" wd="rival"/>
          </grup.a>
        </s.a>
      </grup.nom>
    </sn>
    <sp arg="argM" func="cc" tem="adv">
      <f lem="," pos="fc" punct="comma" wd=","/>
      <prep>
        <s lem="a_pesar_de" pos="sps00" postype="preposition" wd="a_pesar_de"/>
      </prep>
      <S clausetype="completive" impersonal="yes">
        <infinitiu>
          <v lem="quedar" lss="C41.state-benefactive" mood="infinitive" pos="vmn0000" postype="main" wd="quedar"/>
        </infinitiu>
        <sadv arg="argM" func="cc" tem="tmp">
          <grup.adv>
            <r lem="aún" pos="rg" wd="aún"/>
          </grup.adv>
        </sadv>
        <sn arg="arg1" entityref="nne" func="suj" tem="tem">
          <spec gen="f" num="s">
            <d gen="f" lem="medio" num="s" pos="dn0fs0" postype="numeral" wd="media"/>
          </spec>
          <grup.nom gen="f" num="s">
            <n gen="f" lem="hora" num="s" pos="ncfs000" postype="common" sense="16:10938063" wd="hora"/>
            <sp>
              <prep>
                <s lem="de" pos="sps00" postype="preposition" wd="de"/>
              </prep>
              <sn>
                <grup.nom gen="m" num="s">
                  <n gen="m" lem="partido" num="s" pos="ncms000" postype="common" sense="16:05554348" wd="partido"/>
                </grup.nom>
              </sn>
            </sp>
          </grup.nom>
        </sn>
      </S>
    </sp>
    <f lem="." pos="fp" punct="period" wd="."/>
  </sentence>
</article>
