<?xml version="1.0" encoding="UTF-8"?>
<!-- 

  ancora-2.0
       
			Copyright (C) 2007, 2008, 2009, 2010, 2011 UB - CLiC
			Centre de Llenguatge i Computació - Universitat de Barcelona
 
  This file is part of ancora-2.0.
 
  ancora-2.0 is free software and data: you can redistribute it and/or modify
  it under the terms of the GNU General Public License as published
  by the Free Software Foundation, either version 3 of the License,
  or (at your option) any later version.

  ancora-2.0 is distributed in the hope that it will be useful,
  but WITHOUT ANY WARRANTY; without even the implied warranty of
  MERCHANTABILITY or FITNESS FOR A PARTICULAR PURPOSE.  See the
  GNU General Public License for more details.
 
  You should have received a copy of the GNU General Public License
  along with ancora-2.0.  If not, see &lt;http://www.gnu.org/licenses/&gt;.
 
  Check a text in catalan explaining the terms of the license at http://www.softcatala.cat/wiki/GPL3.
  In spanish at http://www.viti.es/gnu/licenses/gpl.html
 

  The following paper must be cited when using this corpus:

 * Taulé, M., M.A. Martí, M. Recasens (2008) 'Ancora: Multilevel Annotated Corpora for Catalan and Spanish',
   Proceedings of 6th International Conference on Language Resources and Evaluation. Marrakesh (Morocco).

  In addition, the following paper must be cited if coreference information (attributes entity, coreftype,
  corefsubtype, homophoricDD or entityref) is used:

 * Recasens, Marta, M. Antònia Martí (2010) ‘AnCora-CO: Coreferentially annotated corpora for Spanish and
   Catalan’. Language Resources and Evaluation, Springer Science.

  Additionally, the following paper must be cited when argumental attributes in "sn" or "grup.nom"
  (attributes func, arg, tem or lexicalid) are used:

 * Peris, Aina, Mariona Taulé, Horacio Rodríguez (2010) ‘Semantic Annotation of Deverbal Nominalizations in the
   Spanish AnCora corpus’. Treebanks and Linguistic Theories (TLT-2010), Estonia.
-->
<article lng="es">
  <sentence id="31" verbless="yes">
    <sn entity="entity42" entityref="nne" title="yes">
      <spec gen="f" num="p">
        <z lem="14" ne="number" wd="14"/>
      </spec>
      <grup.nom gen="f" num="p">
        <n gen="f" lem="hora" num="p" pos="ncfp000" postype="common" sense="16:10938063" wd="horas"/>
        <sp>
          <prep>
            <s lem="de" pos="sps00" postype="preposition" wd="de"/>
          </prep>
          <sn>
            <grup.nom gen="f" num="s">
              <n gen="f" lem="espera" lexicalid="noun.espera.1.default" num="s" origin="deverbal" pos="ncfs000" postype="common" sense="16:00688424" wd="espera"/>
            </grup.nom>
          </sn>
        </sp>
        <sp>
          <prep>
            <s lem="en" pos="sps00" postype="preposition" wd="en"/>
          </prep>
          <sn entity="entity33" entityref="ne" ne="location">
            <spec gen="m" num="s">
              <d gen="m" lem="el" num="s" pos="da0ms0" postype="article" wd="el"/>
            </spec>
            <grup.nom gen="m" num="s">
              <n gen="m" lem="aeropuerto" num="s" pos="ncms000" postype="common" sense="16:02175180" wd="aeropuerto"/>
              <sp>
                <prep>
                  <s lem="de" pos="sps00" postype="preposition" wd="de"/>
                </prep>
                <sn entity="entity37" entityref="ne" ne="location">
                  <grup.nom>
                    <n lem="Maó" ne="location" pos="np00000" postype="proper" wd="Maó"/>
                  </grup.nom>
                </sn>
              </sp>
            </grup.nom>
          </sn>
        </sp>
      </grup.nom>
    </sn>
    <f lem="." pos="fp" punct="period" wd="."/>
  </sentence>
  <sentence id="32">
    <sn arg="arg1" entity="entity31" entityref="nne" func="suj" homophoricDD="yes" tem="tem">
      <spec gen="f" num="p">
        <d gen="f" lem="el" num="p" pos="da0fp0" postype="article" wd="Las"/>
      </spec>
      <grup.nom gen="f" num="p">
        <n gen="f" lem="desventura" num="p" pos="ncfp000" postype="common" sense="16:07777626" wd="desventuras"/>
        <S clausetype="relative">
          <relatiu arg="arg1" coreftype="ident" entity="entity31" entityref="nne" func="cd" tem="pat">
            <p gen="c" lem="que" num="c" pos="pr0cn000" postype="relative" wd="que"/>
          </relatiu>
          <sn arg="arg0" entity="entity32" entityref="nne" func="suj" tem="agt">
            <spec gen="m" num="s">
              <d gen="m" lem="uno" num="s" pos="di0ms0" postype="indefinite" wd="un"/>
            </spec>
            <grup.nom gen="m" num="s">
              <n gen="m" lem="pasajero" num="s" pos="ncms000" postype="common" sense="16:07460409" wd="pasajero"/>
              <sp>
                <prep>
                  <s contracted="yes" gen="m" lem="del" num="s" pos="spcms" postype="preposition" wd="del"/>
                </prep>
                <sn entityref="ne" ne="other">
                  <grup.nom gen="m" num="s">
                    <n lem="Turbocat" ne="other" pos="np00000" postype="proper" wd="Turbocat"/>
                  </grup.nom>
                </sn>
              </sp>
              <sn corefsubtype="definit" coreftype="pred" entity="entity32" entityref="ne" ne="person">
                <f lem="," pos="fc" punct="comma" wd=","/>
                <grup.nom gen="m" num="s">
                  <n lem="Joel_Manrique" ne="person" pos="np00000" postype="proper" wd="Joel_Manrique"/>
                </grup.nom>
                <f lem="," pos="fc" punct="comma" wd=","/>
              </sn>
            </grup.nom>
          </sn>
          <grup.verb>
            <v lem="comenzar" mood="indicative" num="s" person="3" pos="vmis3s0" postype="main" tense="past" wd="comenzó"/>
            <s lem="a" pos="sps00" postype="preposition" wd="a"/>
            <infinitiu>
              <v lem="narrar" lss="A32.ditransitive-patient-benefactive" mood="infinitive" pos="vmn0000" postype="main" wd="narrar"/>
            </infinitiu>
          </grup.verb>
          <sp arg="arg2" func="ci" tem="ben">
            <prep>
              <s lem="a" pos="sps00" postype="preposition" wd="a"/>
            </prep>
            <sn entityref="nne">
              <spec gen="m" num="s">
                <d gen="m" lem="este" num="s" pos="dd0ms0" postype="demonstrative" wd="este"/>
              </spec>
              <grup.nom gen="m" num="s">
                <n gen="m" lem="diario" num="s" pos="ncms000" postype="common" sense="16:04738466" wd="diario"/>
              </grup.nom>
            </sn>
          </sp>
          <sn arg="argM" entity="entity43" entityref="ne" func="cc" ne="date" tem="tmp">
            <spec gen="m" num="s">
              <d gen="m" lem="el" num="s" pos="da0ms0" postype="article" wd="el"/>
            </spec>
            <grup.nom gen="m" num="s">
              <S clausetype="participle" impersonal="yes">
                <participi>
                  <a gen="m" lem="pasado" num="s" pos="aq0msp" posfunction="participle" postype="qualificative" wd="pasado"/>
                </participi>
              </S>
              <w lem="[M:??/??/??:??.??]" ne="date" wd="Martes"/>
            </grup.nom>
          </sn>
        </S>
      </grup.nom>
    </sn>
    <morfema.pronominal>
      <p gen="c" lem="él" num="c" person="3" pos="p0300000" wd="se"/>
    </morfema.pronominal>
    <grup.verb>
      <v lem="convertir" lss="B21.unaccusative-state" mood="indicative" num="p" person="3" pos="vmis3p0" postype="main" tense="past" wd="convirtieron"/>
    </grup.verb>
    <sadv arg="argM" func="cc" tem="tmp">
      <grup.adv>
        <r lem="ayer" pos="rg" wd="ayer"/>
      </grup.adv>
    </sadv>
    <sp arg="arg2" func="creg" tem="efi">
      <prep>
        <s lem="en" pos="sps00" postype="preposition" wd="en"/>
      </prep>
      <sn entityref="nne">
        <spec gen="f" num="s">
          <d gen="f" lem="uno" num="s" pos="di0fs0" postype="indefinite" wd="una"/>
        </spec>
        <grup.nom gen="f" num="s">
          <n gen="f" lem="odisea" num="s" pos="ncfs000" postype="common" sense="16:00199551" wd="odisea"/>
        </grup.nom>
      </sn>
    </sp>
    <f lem="." pos="fp" punct="period" wd="."/>
  </sentence>
  <sentence id="33">
    <sn arg="arg2" entityref="nne" func="atr" tem="atr">
      <spec gen="m" num="s">
        <d coreftype="ident" entity="entity31" entityref="nne" gen="c" lem="su" num="s" person="3" pos="dp3cs0" postype="possessive" wd="Su"/>
      </spec>
      <grup.nom gen="m" num="s">
        <n gen="m" lem="colofón" num="s" pos="ncms000" postype="common" sense="16:cs2" wd="colofón"/>
      </grup.nom>
    </sn>
    <grup.verb>
      <v lem="ser" lss="C21.state-attributive" mood="indicative" num="p" person="3" pos="vsis3p0" postype="semiauxiliary" tense="past" wd="fueron"/>
    </grup.verb>
    <sn arg="arg1" coreftype="ident" entity="entity42" entityref="ne" func="suj" ne="number" tem="tem">
      <spec gen="f" num="p">
        <z lem="14" ne="number" wd="14"/>
      </spec>
      <grup.nom gen="f" num="p">
        <n gen="f" lem="hora" num="p" pos="ncfp000" postype="common" sense="16:10938063" wd="horas"/>
        <sp>
          <prep>
            <s lem="de" pos="sps00" postype="preposition" wd="de"/>
          </prep>
          <sn>
            <grup.nom gen="f" num="s">
              <n gen="f" lem="espera" lexicalid="noun.espera.1.default" num="s" origin="deverbal" pos="ncfs000" postype="common" sense="16:10970463" wd="espera"/>
            </grup.nom>
          </sn>
        </sp>
        <sp>
          <prep>
            <s lem="en" pos="sps00" postype="preposition" wd="en"/>
          </prep>
          <sn coreftype="ident" entity="entity33" entityref="ne" ne="location">
            <spec gen="m" num="s">
              <d gen="m" lem="el" num="s" pos="da0ms0" postype="article" wd="el"/>
            </spec>
            <grup.nom gen="m" num="s">
              <n gen="m" lem="aeropuerto" num="s" pos="ncms000" postype="common" sense="16:02175180" wd="aeropuerto"/>
              <sp>
                <prep>
                  <s lem="de" pos="sps00" postype="preposition" wd="de"/>
                </prep>
                <sn entityref="ne" ne="location">
                  <sn coreftype="ident" entity="entity37" entityref="ne" ne="location">
                    <grup.nom>
                      <n lem="Maó" ne="location" pos="np00000" postype="proper" wd="Maó"/>
                    </grup.nom>
                  </sn>
                  <sn adjunct="yes" entity="entity44" entityref="ne" ne="location">
                    <grup.nom>
                      <f lem="(" pos="fpa" punct="bracket" punctenclose="open" wd="("/>
                      <n lem="Menorca" ne="location" pos="np00000" postype="proper" wd="Menorca"/>
                      <f lem=")" pos="fpt" punct="bracket" punctenclose="close" wd=")"/>
                    </grup.nom>
                  </sn>
                </sn>
              </sp>
            </grup.nom>
          </sn>
        </sp>
      </grup.nom>
    </sn>
    <f lem="." pos="fp" punct="period" wd="."/>
  </sentence>
  <sentence id="34">
    <sn arg="arg0" coord="yes" entity="entity35" func="suj" tem="agt">
      <sn coreftype="ident" entity="entity32" entityref="spec">
        <spec gen="m" num="s">
          <d gen="m" lem="este" num="s" pos="dd0ms0" postype="demonstrative" wd="Este"/>
        </spec>
        <grup.nom gen="m" num="s">
          <n gen="m" lem="barcelonés" num="s" pos="ncms000" postype="common" sense="16:50001029" wd="barcelonés"/>
        </grup.nom>
      </sn>
      <conj conjunctiontype="coordinating">
        <c lem="y" pos="cc" postype="coordinating" wd="y"/>
      </conj>
      <sn entity="entity34" entityref="nne">
        <spec gen="m" num="p">
          <d gen="c" lem="dos" num="p" pos="dn0cp0" postype="numeral" wd="dos"/>
        </spec>
        <grup.nom gen="m" num="p">
          <n gen="m" lem="amigo" num="p" pos="ncmp000" postype="common" sense="16:07280379" wd="amigos"/>
          <spec gen="m" num="p">
            <d coreftype="ident" entity="entity32" entityref="spec" gen="m" lem="suyo" num="p" person="3" pos="dp3mp0" postype="possessive" wd="suyos"/>
          </spec>
          <S clausetype="relative">
            <f lem="," pos="fc" punct="comma" wd=","/>
            <relatiu arg="arg1" coreftype="ident" entity="entity34" entityref="nne" func="suj" tem="tem">
              <p gen="c" lem="que" num="c" pos="pr0cn000" postype="relative" wd="que"/>
            </relatiu>
            <grup.verb>
              <v lem="haber" mood="indicative" num="p" person="3" pos="vaii3p0" postype="auxiliary" tense="imperfect" wd="habían"/>
              <v gen="m" lem="llegar" lss="B11.unaccusative-motion" mood="participle" num="s" pos="vmp00sm" postype="main" wd="llegado"/>
            </grup.verb>
            <sn arg="argM" entityref="ne" func="cc" ne="date" tem="tmp">
              <spec gen="m" num="s">
                <d gen="m" lem="el" num="s" pos="da0ms0" postype="article" wd="el"/>
              </spec>
              <grup.nom gen="m" num="s">
                <S clausetype="participle" impersonal="yes">
                  <participi>
                    <a gen="m" lem="pasado" num="s" pos="aq0msp" posfunction="participle" postype="qualificative" wd="pasado"/>
                  </participi>
                </S>
                <w lem="[viernes:??/??/??:??.??]" ne="date" wd="viernes"/>
              </grup.nom>
            </sn>
            <sp arg="arg4" func="cc" tem="des">
              <prep>
                <s lem="a" pos="sps00" postype="preposition" wd="a"/>
              </prep>
              <sn entityref="ne" ne="location">
                <grup.nom>
                  <n lem="Ciutadella" ne="location" pos="np00000" postype="proper" wd="Ciutadella"/>
                </grup.nom>
              </sn>
            </sp>
            <f lem="," pos="fc" punct="comma" wd=","/>
          </S>
        </grup.nom>
      </sn>
    </sn>
    <neg func="mod">
      <r lem="no" pos="rn" postype="negative" wd="no"/>
    </neg>
    <grup.verb>
      <v lem="poder" mood="indicative" num="p" person="3" pos="vmis3p0" postype="main" tense="past" wd="pudieron"/>
      <infinitiu>
        <v lem="regresar" lss="D11.inergative-agentive" mood="infinitive" pos="vmn0000" postype="main" wd="regresar"/>
      </infinitiu>
    </grup.verb>
    <sn arg="argM" coreftype="ident" entity="entity43" entityref="ne" func="cc" ne="date" tem="tmp">
      <spec gen="m" num="s">
        <d gen="m" lem="el" num="s" pos="da0ms0" postype="article" wd="el"/>
      </spec>
      <grup.nom gen="m" num="s">
        <w lem="[M:??/??/??:??.??]" ne="date" wd="martes"/>
      </grup.nom>
    </sn>
    <sp arg="argM" func="cc" tem="cau">
      <prep>
        <s lem="a_causa_de" pos="sps00" postype="preposition" wd="a_causa_de"/>
      </prep>
      <sn coord="yes">
        <sn entityref="nne">
          <spec gen="f" num="s">
            <d gen="f" lem="el" num="s" pos="da0fs0" postype="article" wd="la"/>
          </spec>
          <grup.nom gen="f" num="s">
            <n gen="f" lem="avería" num="s" pos="ncfs000" postype="common" sense="16:cs1" wd="avería"/>
          </grup.nom>
        </sn>
        <conj conjunctiontype="coordinating">
          <c lem="y" pos="cc" postype="coordinating" wd="y"/>
        </conj>
        <sn entityref="nne">
          <spec gen="f" num="s">
            <d gen="f" lem="el" num="s" pos="da0fs0" postype="article" wd="la"/>
          </spec>
          <grup.nom gen="f" num="s">
            <n gen="f" lem="anulación" lexicalid="noun.anulación.2.default" num="s" origin="deverbal" pos="ncfs000" postype="common" sense="16:00150748" wd="anulación"/>
            <sp arg="arg1" func="cn" tem="pat">
              <prep>
                <s contracted="yes" gen="m" lem="del" num="s" pos="spcms" postype="preposition" wd="del"/>
              </prep>
              <sn entityref="nne">
                <grup.nom gen="m" num="s">
                  <n gen="m" lem="servicio" lexicalid="noun.servicio.1.default" num="s" origin="deverbal" pos="ncms000" postype="common" sense="16:00379388" wd="servicio"/>
                </grup.nom>
              </sn>
            </sp>
          </grup.nom>
        </sn>
      </sn>
    </sp>
    <f lem="." pos="fp" punct="period" wd="."/>
  </sentence>
  <sentence id="35">
    <sn arg="arg0" entity="entity36" entityref="spec" func="suj" tem="agt">
      <spec gen="f" num="s">
        <d gen="f" lem="el" num="s" pos="da0fs0" postype="article" wd="La"/>
      </spec>
      <grup.nom gen="f" num="s">
        <n gen="f" lem="compañía" num="s" pos="ncfs000" postype="common" sense="16:06006256" wd="compañía"/>
      </grup.nom>
    </sn>
    <neg func="mod">
      <r lem="no" pos="rn" postype="negative" wd="no"/>
    </neg>
    <grup.verb>
      <v lem="lograr" lss="A21.transitive-agentive-patient" mood="indicative" num="s" person="3" pos="vmis3s0" postype="main" tense="past" wd="logró"/>
    </grup.verb>
    <S arg="arg1" clausetype="completive" func="cd" impersonal="yes" tem="pat">
      <infinitiu coreftype="ident" entity="entity35" entityref="nne">
        <v coreftype="ident" entity="entity35" lem="reubicar" lss="A31.ditransitive-patient-locative" mood="infinitive" pos="vmn0000" postype="main" wd="reubicarlos"/>
      </infinitiu>
      <sp arg="arg2" func="cc" tem="loc">
        <prep>
          <s lem="en" pos="sps00" postype="preposition" wd="en"/>
        </prep>
        <sn entityref="nne">
          <spec gen="m" num="s">
            <d gen="m" lem="otro" num="s" pos="di0ms0" postype="indefinite" wd="otro"/>
          </spec>
          <grup.nom gen="m" num="s">
            <n gen="m" lem="transporte" lexicalid="noun.transporte.1.default" num="s" origin="deverbal" pos="ncms000" postype="common" sense="16:02495376n" wd="transporte"/>
          </grup.nom>
        </sn>
      </sp>
      <sn arg="argM" coreftype="ident" entity="entity43" entityref="ne" func="cc" ne="date" tem="tmp">
        <spec gen="m" num="s">
          <d gen="m" lem="el" num="s" pos="da0ms0" postype="article" wd="el"/>
        </spec>
        <grup.nom gen="m" num="s">
          <w lem="[M:??/??/??:??.??]" ne="date" wd="martes"/>
        </grup.nom>
      </sn>
    </S>
    <sp arg="argM" func="cc" tem="adv">
      <f lem="," pos="fc" punct="comma" wd=","/>
      <prep>
        <s lem="por" pos="sps00" postype="preposition" wd="por"/>
      </prep>
      <sn entityref="nne">
        <spec gen="m" num="s">
          <d gen="c" lem="el" num="s" pos="da0ns0" postype="article" wd="lo"/>
        </spec>
        <grup.nom gen="m" num="s">
          <S clausetype="relative">
            <relatiu arg="argM" func="cc" tem="cau">
              <p gen="c" lem="que" num="c" pos="pr0cn000" postype="relative" wd="que"/>
            </relatiu>
            <sn arg="arg0" coreftype="ident" elliptic="yes" entity="entity36" entityref="nne" func="suj" tem="agt"/>
            <sn arg="arg1" coreftype="ident" entity="entity35" entityref="nne" func="cd" tem="pat">
              <grup.nom gen="m" num="p">
                <p case="accusative" gen="m" lem="él" num="p" person="3" pos="pp3mpa00" postype="personal" wd="los"/>
              </grup.nom>
            </sn>
            <grup.verb>
              <v lem="citar" lss="A21.transitive-agentive-patient" mood="indicative" num="s" person="3" pos="vmis3s0" postype="main" tense="past" wd="citó"/>
            </grup.verb>
            <sadv arg="argM" func="cc" tem="tmp">
              <grup.adv>
                <r lem="ayer" pos="rg" wd="ayer"/>
                <sp>
                  <f lem="-" pos="fg" punct="hyphen" wd="-"/>
                  <f lem="-" pos="fg" punct="hyphen" wd="-"/>
                  <prep>
                    <s lem="a" pos="sps00" postype="preposition" wd="a"/>
                  </prep>
                  <sn entityref="nne" homophoricDD="yes">
                    <spec gen="f" num="p">
                      <d gen="f" lem="el" num="p" pos="da0fp0" postype="article" wd="las"/>
                    </spec>
                    <grup.nom gen="f" num="p">
                      <p gen="c" lem="cinco" num="p" pos="pn0cp000" postype="numeral" wd="cinco"/>
                      <sp>
                        <prep>
                          <s lem="de" pos="sps00" postype="preposition" wd="de"/>
                        </prep>
                        <sn entityref="nne" homophoricDD="yes">
                          <spec gen="f" num="s">
                            <d gen="f" lem="el" num="s" pos="da0fs0" postype="article" wd="la"/>
                          </spec>
                          <grup.nom gen="f" num="s">
                            <n gen="f" lem="mañana" num="s" pos="ncfs000" postype="common" sense="16:10884278" wd="mañana"/>
                          </grup.nom>
                        </sn>
                      </sp>
                    </grup.nom>
                  </sn>
                  <f lem="-" pos="fg" punct="hyphen" wd="-"/>
                  <f lem="-" pos="fg" punct="hyphen" wd="-"/>
                </sp>
              </grup.adv>
            </sadv>
            <sp arg="argM" func="cc" tem="loc">
              <prep>
                <s lem="en" pos="sps00" postype="preposition" wd="en"/>
              </prep>
              <sn entityref="nne">
                <spec gen="m" num="s">
                  <d gen="m" lem="el" num="s" pos="da0ms0" postype="article" wd="el"/>
                </spec>
                <grup.nom gen="m" num="s">
                  <n gen="m" lem="puerto" num="s" pos="ncms000" postype="common" sense="16:06362245" wd="puerto"/>
                </grup.nom>
              </sn>
            </sp>
          </S>
        </grup.nom>
      </sn>
    </sp>
    <f lem="." pos="fp" punct="period" wd="."/>
  </sentence>
  <sentence id="36">
    <sp arg="arg3" func="cc" tem="ori">
      <prep>
        <s lem="desde" pos="sps00" postype="preposition" wd="Desde"/>
      </prep>
      <sadv>
        <grup.adv>
          <r lem="allí" pos="rg" wd="allí"/>
        </grup.adv>
      </sadv>
    </sp>
    <sn arg="arg0" coreftype="ident" elliptic="yes" entity="entity36" entityref="spec" func="suj" tem="agt"/>
    <sn arg="arg1" coreftype="ident" entity="entity35" entityref="nne" func="cd" tem="pat">
      <grup.nom discid="1n" num="p">
        <p case="dative" gen="c" lem="él" num="p" person="3" pos="pp3cpd00" postype="personal" wd="les"/>
      </grup.nom>
    </sn>
    <grup.verb>
      <v lem="llevar" lss="A31.ditransitive-patient-locative" mood="indicative" num="p" person="3" pos="vmis3p0" postype="main" tense="past" wd="llevaron"/>
    </grup.verb>
    <sp discid="1c">
      <f lem="," pos="fc" punct="comma" wd=","/>
      <prep>
        <s lem="junto_a" pos="sps00" postype="preposition" wd="junto_a"/>
      </prep>
      <sn entityref="nne">
        <spec gen="m" num="p">
          <d gen="m" lem="otro" num="p" pos="di0mp0" postype="indefinite" wd="otros"/>
          <z lem="45" ne="number" wd="45"/>
        </spec>
        <grup.nom gen="m" num="p">
          <S clausetype="participle" impersonal="yes">
            <participi>
              <a gen="m" lem="sufrido" num="p" pos="aq0mpp" posfunction="participle" postype="qualificative" wd="sufridos"/>
            </participi>
          </S>
          <n gen="m" lem="pasajero" num="p" pos="ncmp000" postype="common" sense="16:07460409" wd="pasajeros"/>
        </grup.nom>
      </sn>
      <f lem="," pos="fc" punct="comma" wd=","/>
    </sp>
    <sp arg="arg4" func="cc" tem="des">
      <prep>
        <s lem="hasta" pos="sps00" postype="preposition" wd="hasta"/>
      </prep>
      <sn coreftype="ident" entity="entity33" entityref="ne" ne="location">
        <spec gen="m" num="s">
          <d gen="m" lem="el" num="s" pos="da0ms0" postype="article" wd="el"/>
        </spec>
        <grup.nom gen="m" num="s">
          <n gen="m" lem="aeropuerto" num="s" pos="ncms000" postype="common" sense="16:02175180" wd="aeropuerto"/>
          <sp>
            <prep>
              <s lem="de" pos="sps00" postype="preposition" wd="de"/>
            </prep>
            <sn coreftype="ident" entity="entity37" entityref="ne" ne="location">
              <grup.nom>
                <n lem="Maó" ne="location" pos="np00000" postype="proper" wd="Maó"/>
              </grup.nom>
            </sn>
          </sp>
          <sp>
            <f lem="(" pos="fpa" punct="bracket" punctenclose="open" wd="("/>
            <prep>
              <s lem="en" pos="sps00" postype="preposition" wd="en"/>
            </prep>
            <sn entityref="nne" homophoricDD="yes">
              <spec gen="m" num="s">
                <d gen="m" lem="el" num="s" pos="da0ms0" postype="article" wd="el"/>
                <d gen="m" lem="otro" num="s" pos="di0ms0" postype="indefinite" wd="otro"/>
              </spec>
              <grup.nom gen="m" num="s">
                <n gen="m" lem="extremo" num="s" pos="ncms000" postype="common" sense="16:06316649" wd="extremo"/>
                <sp>
                  <prep>
                    <s lem="de" pos="sps00" postype="preposition" wd="de"/>
                  </prep>
                  <sn coreftype="ident" entity="entity44" entityref="spec">
                    <spec gen="f" num="s">
                      <d gen="f" lem="el" num="s" pos="da0fs0" postype="article" wd="la"/>
                    </spec>
                    <grup.nom gen="f" num="s">
                      <n gen="f" lem="isla" num="s" pos="ncfs000" postype="common" sense="16:06741251" wd="isla"/>
                    </grup.nom>
                  </sn>
                </sp>
              </grup.nom>
            </sn>
            <f lem=")" pos="fpt" punct="bracket" punctenclose="close" wd=")"/>
          </sp>
          <S clausetype="relative">
            <f lem="," pos="fc" punct="comma" wd=","/>
            <relatiu arg="argM" coreftype="ident" entity="entity33" entityref="spec" func="cc" tem="loc">
              <p gen="c" lem="donde" num="c" pos="pr000000" postype="relative" wd="donde"/>
            </relatiu>
            <sn arg="arg0" coreftype="ident" elliptic="yes" entity="entity35" entityref="nne" func="suj" tem="agt"/>
            <grup.verb>
              <v lem="saber" lss="A22.transitive-agentive-theme" mood="indicative" num="p" person="3" pos="vmis3p0" postype="main" tense="past" wd="supieron"/>
            </grup.verb>
            <sp arg="argM" func="cc" tem="tmp">
              <f lem="-" pos="fg" punct="hyphen" wd="-"/>
              <f lem="-" pos="fg" punct="hyphen" wd="-"/>
              <prep>
                <s lem="a" pos="sps00" postype="preposition" wd="a"/>
              </prep>
              <sn entityref="nne" homophoricDD="yes">
                <spec gen="f" num="p">
                  <d gen="f" lem="el" num="p" pos="da0fp0" postype="article" wd="las"/>
                </spec>
                <grup.nom gen="f" num="p">
                  <n gen="f" lem="seis" num="p" pos="ncfp000" postype="common" sense="16:09896532" wd="seis"/>
                </grup.nom>
              </sn>
              <f lem="-" pos="fg" punct="hyphen" wd="-"/>
              <f lem="-" pos="fg" punct="hyphen" wd="-"/>
            </sp>
            <S arg="arg1" clausetype="completive" func="cd" tem="pat">
              <conj conjunctiontype="subordinating">
                <c lem="que" pos="cs" postype="subordinating" wd="que"/>
              </conj>
              <sn arg="arg1" coreftype="ident" elliptic="yes" entity="entity35" entityref="nne" func="suj" tem="tem"/>
              <neg func="mod">
                <r lem="no" pos="rn" postype="negative" wd="no"/>
              </neg>
              <grup.verb>
                <v lem="tener" lss="C21.state-attributive" mood="indicative" num="p" person="3" pos="vmic3p0" postype="main" tense="conditional" wd="tendrían"/>
              </grup.verb>
              <sn arg="arg2" entityref="nne" func="cd" functype="quantitative" tem="atr">
                <grup.nom gen="m" num="s">
                  <n gen="m" lem="billete" num="s" pos="ncms000" postype="common" sense="16:04892853" wd="billete"/>
                  <sp>
                    <prep>
                      <s lem="para" pos="sps00" postype="preposition" wd="para"/>
                    </prep>
                    <S clausetype="completive" impersonal="yes">
                      <infinitiu>
                        <v lem="viajar" lss="D11.inergative-agentive" mood="infinitive" pos="vmn0000" postype="main" wd="viajar"/>
                      </infinitiu>
                      <sp arg="argM" func="cc" tem="tmp">
                        <prep>
                          <s lem="por" pos="sps00" postype="preposition" wd="por"/>
                        </prep>
                        <sn entityref="nne" homophoricDD="yes">
                          <spec gen="f" num="s">
                            <d gen="f" lem="el" num="s" pos="da0fs0" postype="article" wd="la"/>
                          </spec>
                          <grup.nom gen="f" num="s">
                            <n gen="f" lem="mañana" num="s" pos="ncfs000" postype="common" sense="16:10884278" wd="mañana"/>
                          </grup.nom>
                        </sn>
                      </sp>
                    </S>
                  </sp>
                </grup.nom>
              </sn>
            </S>
          </S>
        </grup.nom>
      </sn>
    </sp>
    <f lem="." pos="fp" punct="period" wd="."/>
  </sentence>
  <sentence id="37">
    <S arg="arg1" clausetype="completive" func="cd" tem="pat">
      <f lem="&quot;" pos="fe" punct="quotation" wd="&quot;"/>
      <sn arg="arg1" coreftype="ident" elliptic="yes" entity="entity35" entityref="nne" func="suj" tem="tem"/>
      <morfema.pronominal>
        <p gen="c" lem="yo" num="p" person="1" pos="p010p000" wd="Nos"/>
      </morfema.pronominal>
      <grup.verb>
        <v lem="haber" mood="indicative" num="p" person="1" pos="vaip1p0" postype="auxiliary" tense="present" wd="hemos"/>
        <v gen="m" lem="tener" mood="participle" num="s" pos="vmp00sm" postype="main" wd="tenido"/>
        <c lem="que" pos="cs" postype="subordinating" wd="que"/>
        <infinitiu>
          <v lem="levantar" lss="B21.unaccusative-state" mood="infinitive" pos="vmn0000" postype="main" wd="levantar"/>
        </infinitiu>
      </grup.verb>
      <sp arg="argM" func="cc" tem="tmp">
        <prep>
          <s lem="a" pos="sps00" postype="preposition" wd="a"/>
        </prep>
        <sn entityref="nne" homophoricDD="yes">
          <spec gen="f" num="p">
            <d gen="f" lem="el" num="p" pos="da0fp0" postype="article" wd="las"/>
          </spec>
          <grup.nom gen="f" num="p">
            <p gen="c" lem="cuatro" num="p" pos="pn0cp000" postype="numeral" wd="cuatro"/>
            <sp>
              <prep>
                <s lem="de" pos="sps00" postype="preposition" wd="de"/>
              </prep>
              <sn entityref="nne" homophoricDD="yes">
                <spec gen="f" num="s">
                  <d gen="f" lem="el" num="s" pos="da0fs0" postype="article" wd="la"/>
                </spec>
                <grup.nom gen="f" num="s">
                  <n gen="f" lem="mañana" num="s" pos="ncfs000" postype="common" sense="16:10884278" wd="mañana"/>
                </grup.nom>
              </sn>
            </sp>
          </grup.nom>
        </sn>
      </sp>
      <sp arg="argM" func="cc" tem="adv">
        <prep>
          <s lem="para" pos="sps00" postype="preposition" wd="para"/>
        </prep>
        <sn>
          <grup.nom gen="m" num="s">
            <p gen="c" lem="nada" num="s" pos="pi0cs000" postype="indefinite" wd="nada"/>
          </grup.nom>
        </sn>
      </sp>
      <f lem="&quot;" pos="fe" punct="quotation" wd="&quot;"/>
      <f lem="," pos="fc" punct="comma" wd=","/>
    </S>
    <grup.verb>
      <v lem="lamentar" lss="A21.transitive-agentive-patient" mood="indicative" num="s" person="3" pos="vmii3s0" postype="main" tense="imperfect" wd="lamentaba"/>
    </grup.verb>
    <S arg="argM" clausetype="participle" func="cpred" impersonal="yes" predicate="suj" tem="atr">
      <participi>
        <a gen="m" lem="agotado" num="s" pos="aq0msp" posfunction="participle" postype="qualificative" wd="agotado"/>
      </participi>
    </S>
    <sadv arg="argM" func="cc" tem="tmp">
      <grup.adv>
        <r lem="a_mediodía" pos="rg" wd="a_mediodía"/>
      </grup.adv>
    </sadv>
    <sn arg="arg0" coreftype="ident" entity="entity32" entityref="ne" func="suj" ne="person" tem="agt">
      <grup.nom gen="m" num="s">
        <n lem="Joel" ne="person" pos="np00000" postype="proper" wd="Joel"/>
      </grup.nom>
    </sn>
    <sp arg="argM" func="cc" tem="tmp">
      <f lem="," pos="fc" punct="comma" wd=","/>
      <prep>
        <s lem="tras" pos="sps00" postype="preposition" wd="tras"/>
      </prep>
      <S clausetype="completive" impersonal="yes">
        <infinitiu>
          <v lem="haber" mood="infinitive" pos="van0000" postype="auxiliary" wd="haber"/>
          <v gen="m" lem="dormir" lss="D21.inergative-experiencer" mood="participle" num="s" pos="vmp00sm" postype="main" wd="dormido"/>
        </infinitiu>
        <sp arg="argM" func="cc" tem="loc">
          <prep>
            <s lem="en" pos="sps00" postype="preposition" wd="en"/>
          </prep>
          <sn complex="yes">
            <grup.nom coord="yes">
              <grup.nom coord="yes">
                <grup.nom gen="m" num="p">
                  <n gen="m" lem="asiento" num="p" pos="ncmp000" postype="common" sense="16:06368526" wd="asientos"/>
                </grup.nom>
                <conj conjunctiontype="coordinating">
                  <c lem="y" pos="cc" postype="coordinating" wd="y"/>
                </conj>
                <grup.nom gen="m" num="p">
                  <n gen="m" lem="lavabo" num="p" pos="ncmp000" postype="common" sense="16:03512626" wd="lavabos"/>
                </grup.nom>
              </grup.nom>
              <sp adjunct="yes">
                <prep>
                  <s contracted="yes" gen="m" lem="del" num="s" pos="spcms" postype="preposition" wd="del"/>
                </prep>
                <sn coreftype="ident" entity="entity33" entityref="spec">
                  <grup.nom gen="m" num="s">
                    <n gen="m" lem="aeropuerto" num="s" pos="ncms000" postype="common" sense="16:02175180" wd="aeropuerto"/>
                  </grup.nom>
                </sn>
              </sp>
            </grup.nom>
          </sn>
        </sp>
      </S>
    </sp>
    <f lem="." pos="fp" punct="period" wd="."/>
  </sentence>
  <sentence coord="yes" id="38">
    <S>
      <sn arg="arg1" entity="entity38" entityref="nne" func="suj" tem="tem">
        <spec gen="f" num="s">
          <d gen="f" lem="el" num="s" pos="da0fs0" postype="article" wd="La"/>
        </spec>
        <grup.nom gen="f" num="s">
          <s.a gen="f" num="s">
            <grup.a gen="f" num="s">
              <a gen="f" lem="único" num="s" pos="aq0fs0" postype="qualificative" wd="única"/>
            </grup.a>
          </s.a>
          <n gen="f" lem="persona" num="s" pos="ncfs000" postype="common" sense="16:00004123" wd="persona"/>
          <sp>
            <prep>
              <s lem="de" pos="sps00" postype="preposition" wd="de"/>
            </prep>
            <sn coreftype="ident" entity="entity36" entityref="ne" ne="organization">
              <grup.nom>
                <n lem="Turbocat" ne="organization" pos="np00000" postype="proper" wd="Turbocat"/>
              </grup.nom>
            </sn>
          </sp>
          <S clausetype="relative">
            <relatiu arg="arg0" coreftype="ident" entity="entity38" entityref="nne" func="suj" tem="agt">
              <p gen="c" lem="que" num="c" pos="pr0cn000" postype="relative" wd="que"/>
            </relatiu>
            <sn arg="arg1" coreftype="ident" entity="entity35" entityref="nne" func="cd" tem="pat">
              <grup.nom num="p">
                <p case="dative" gen="c" lem="él" num="p" person="3" pos="pp3cpd00" postype="personal" wd="les"/>
              </grup.nom>
            </sn>
            <grup.verb>
              <v lem="atender" lss="A21.transitive-agentive-patient" mood="indicative" num="s" person="3" pos="vmis3s0" postype="main" tense="past" wd="atendió"/>
            </grup.verb>
          </S>
        </grup.nom>
      </sn>
      <neg func="mod">
        <r lem="no" pos="rn" postype="negative" wd="no"/>
      </neg>
      <grup.verb>
        <v lem="tener" lss="C21.state-attributive" mood="indicative" num="s" person="3" pos="vmii3s0" postype="main" tense="imperfect" wd="tenía"/>
      </grup.verb>
      <sn arg="arg2" entityref="nne" func="cd" functype="quantitative" tem="atr">
        <grup.nom gen="f" num="s">
          <n gen="f" lem="capacidad" num="s" pos="ncfs000" postype="common" sense="16:04014700" wd="capacidad"/>
          <s.a gen="f" num="s">
            <grup.a gen="f" num="s">
              <a gen="f" lem="decisorio" num="s" pos="aq0fs0" postype="qualificative" wd="decisoria"/>
            </grup.a>
          </s.a>
        </grup.nom>
      </sn>
    </S>
    <conj conjunctiontype="coordinating">
      <c lem="y" pos="cc" postype="coordinating" wd="y"/>
    </conj>
    <S>
      <sn arg="arg0" coreftype="ident" elliptic="yes" entity="entity38" entityref="nne" func="suj" tem="agt"/>
      <grup.verb>
        <v lem="esperar" lss="A21.transitive-agentive-patient" mood="indicative" num="s" person="3" pos="vmii3s0" postype="main" tense="imperfect" wd="esperaba"/>
      </grup.verb>
      <sn arg="arg1" entity="entity39" entityref="nne" func="cd" tem="pat">
        <spec gen="f" num="p">
          <d gen="f" lem="uno" num="p" pos="di0fp0" postype="indefinite" wd="unas"/>
        </spec>
        <grup.nom gen="f" num="p">
          <n gen="f" lem="orden" num="p" pos="ncfp000" postype="common" sense="16:05359821" wd="órdenes"/>
          <S clausetype="relative">
            <relatiu arg="arg1" coreftype="ident" entity="entity39" entityref="nne" func="suj" tem="tem">
              <p gen="c" lem="que" num="c" pos="pr0cn000" postype="relative" wd="que"/>
            </relatiu>
            <sadv arg="argM" func="cc" tem="tmp">
              <grup.adv>
                <r lem="nunca" pos="rg" wd="nunca"/>
              </grup.adv>
            </sadv>
            <grup.verb>
              <v lem="llegar" lss="B11.unaccusative-motion" mood="indicative" num="p" person="3" pos="vmis3p0" postype="main" tense="past" wd="llegaron"/>
            </grup.verb>
          </S>
        </grup.nom>
      </sn>
    </S>
    <f lem="." pos="fp" punct="period" wd="."/>
  </sentence>
  <sentence id="39">
    <sadv arg="argM" func="cc" tem="tmp">
      <grup.adv>
        <r lem="finalmente" pos="rg" wd="Finalmente"/>
      </grup.adv>
      <f lem="," pos="fc" punct="comma" wd=","/>
    </sadv>
    <sn arg="arg0" coreftype="ident" elliptic="yes" entity="entity38" entityref="nne" func="suj" tem="agt"/>
    <grup.verb>
      <v lem="tramitar" lss="A21.transitive-agentive-patient" mood="indicative" num="s" person="3" pos="vmis3s0" postype="main" tense="past" wd="tramitó"/>
    </grup.verb>
    <sp arg="arg2" func="ci" tem="ben">
      <prep>
        <s lem="a" pos="sps00" postype="preposition" wd="a"/>
      </prep>
      <sn coreftype="ident" entity="entity35" entityref="nne">
        <spec gen="m" num="s">
          <d gen="m" lem="todo" num="s" pos="di0ms0" postype="indefinite" wd="todo"/>
          <d gen="m" lem="el" num="s" pos="da0ms0" postype="article" wd="el"/>
        </spec>
        <grup.nom gen="m" num="s">
          <n gen="m" lem="grupo" num="s" pos="ncms000" postype="common" sense="16:00017954" wd="grupo"/>
        </grup.nom>
      </sn>
    </sp>
    <sn arg="arg1" entityref="nne" func="cd" tem="pat">
      <spec gen="m" num="p">
        <d gen="m" lem="uno" num="p" pos="di0mp0" postype="indefinite" wd="unos"/>
      </spec>
      <grup.nom gen="m" num="p">
        <n gen="m" lem="billete" num="p" pos="ncmp000" postype="common" sense="16:04892853" wd="billetes"/>
        <sp>
          <prep>
            <s lem="de" pos="sps00" postype="preposition" wd="de"/>
          </prep>
          <sn>
            <grup.nom gen="m" num="s">
              <n gen="m" lem="avión" num="s" pos="ncms000" postype="common" sense="16:02174460" wd="avión"/>
            </grup.nom>
          </sn>
        </sp>
        <sp>
          <prep>
            <s lem="para" pos="sps00" postype="preposition" wd="para"/>
          </prep>
          <sn entityref="ne" ne="date">
            <spec gen="f" num="p">
              <d gen="f" lem="el" num="p" pos="da0fp0" postype="article" wd="las"/>
            </spec>
            <grup.nom gen="f" num="p">
              <w lem="[??:??/??/??:18.15]_hora" ne="date" wd="18.15_horas"/>
            </grup.nom>
          </sn>
        </sp>
        <sp>
          <f lem="," pos="fc" punct="comma" wd=","/>
          <prep>
            <s lem="con" pos="sps00" postype="preposition" wd="con"/>
          </prep>
          <sn entityref="ne" ne="organization">
            <grup.nom>
              <n lem="Spanair" ne="organization" pos="np00000" postype="proper" wd="Spanair"/>
            </grup.nom>
          </sn>
        </sp>
      </grup.nom>
    </sn>
    <f lem="." pos="fp" punct="period" wd="."/>
  </sentence>
  <sentence id="40">
    <sp arg="argM" func="cc" tem="tmp">
      <prep>
        <s lem="tras" pos="sps00" postype="preposition" wd="Tras"/>
      </prep>
      <sn entityref="ne" ne="number">
        <spec gen="f" num="p">
          <z lem="12" ne="number" wd="12"/>
        </spec>
        <grup.nom gen="f" num="p">
          <n gen="f" lem="hora" num="p" pos="ncfp000" postype="common" sense="16:10938063" wd="horas"/>
          <sp>
            <prep>
              <s lem="de" pos="sps00" postype="preposition" wd="de"/>
            </prep>
            <sn>
              <grup.nom gen="f" num="s">
                <n gen="f" lem="espera" lexicalid="noun.espera.1.default" num="s" origin="deverbal" pos="ncfs000" postype="common" sense="16:00688424" wd="espera"/>
              </grup.nom>
            </sn>
          </sp>
        </grup.nom>
      </sn>
      <f lem="," pos="fc" punct="comma" wd=","/>
    </sp>
    <sn arg="arg1" coreftype="ident" entity="entity35" entityref="nne" func="suj" tem="tem">
      <spec gen="m" num="s">
        <d gen="m" lem="el" num="s" pos="da0ms0" postype="article" wd="el"/>
      </spec>
      <grup.nom gen="m" num="s">
        <n gen="m" lem="grupo" num="s" pos="ncms000" postype="common" sense="16:00017954" wd="grupo"/>
      </grup.nom>
    </sn>
    <grup.verb>
      <v lem="tener" lss="C21.state-attributive" mood="indicative" num="s" person="3" pos="vmis3s0" postype="main" tense="past" wd="tuvo"/>
    </grup.verb>
    <sn arg="arg2" entityref="nne" func="cd" functype="quantitative" tem="atr">
      <spec gen="m" num="s">
        <d gen="m" lem="uno" num="s" pos="di0ms0" postype="indefinite" wd="un"/>
      </spec>
      <grup.nom gen="m" num="s">
        <s.a gen="m" num="s">
          <grup.a gen="m" num="s">
            <a gen="m" lem="nuevo" num="s" pos="aq0ms0" postype="qualificative" wd="nuevo"/>
          </grup.a>
        </s.a>
        <n gen="m" lem="sobresalto" num="s" pos="ncms000" postype="common" sense="16:03840662" wd="sobresalto"/>
        <sn coord="yes">
          <f lem=":" pos="fd" punct="colon" wd=":"/>
          <sn entityref="nne">
            <spec gen="m" num="s">
              <d gen="m" lem="uno" num="s" pos="di0ms0" postype="indefinite" wd="un"/>
            </spec>
            <grup.nom gen="m" num="s">
              <n gen="m" lem="retraso" lexicalid="noun.retraso.1.default" num="s" origin="deverbal" pos="ncms000" postype="common" sense="16:03940125n" wd="retraso"/>
              <sp arg="argM" func="cn" tem="ext">
                <prep>
                  <s lem="de" pos="sps00" postype="preposition" wd="de"/>
                </prep>
                <sn>
                  <spec gen="f" num="p">
                    <d gen="c" lem="dos" num="p" pos="dn0cp0" postype="numeral" wd="dos"/>
                  </spec>
                  <grup.nom gen="f" num="p">
                    <n gen="f" lem="hora" num="p" pos="ncfp000" postype="common" sense="16:10938063" wd="horas"/>
                  </grup.nom>
                </sn>
              </sp>
              <sp arg="arg1" func="cn" tem="tem">
                <prep>
                  <s lem="en" pos="sps00" postype="preposition" wd="en"/>
                </prep>
                <sn entityref="nne">
                  <spec gen="m" num="s">
                    <d gen="m" lem="el" num="s" pos="da0ms0" postype="article" wd="el"/>
                  </spec>
                  <grup.nom gen="m" num="s">
                    <n gen="m" lem="avión" num="s" pos="ncms000" postype="common" sense="16:02174460" wd="avión"/>
                  </grup.nom>
                </sn>
              </sp>
            </grup.nom>
          </sn>
          <conj conjunctiontype="coordinating">
            <c lem="y" pos="cc" postype="coordinating" wd="y"/>
          </conj>
          <sn entityref="nne" homophoricDD="yes">
            <spec gen="m" num="s">
              <d gen="m" lem="el" num="s" pos="da0ms0" postype="article" wd="el"/>
            </spec>
            <grup.nom gen="m" num="s">
              <n gen="m" lem="temor" num="s" pos="ncms000" postype="common" sense="16:05591792" wd="temor"/>
              <sp>
                <prep>
                  <s lem="a" pos="sps00" postype="preposition" wd="a"/>
                </prep>
                <sn entityref="nne">
                  <spec gen="m" num="s">
                    <d gen="m" lem="uno" num="s" pos="di0ms0" postype="indefinite" wd="un"/>
                  </spec>
                  <grup.nom gen="m" num="s">
                    <n gen="m" lem="overbooking" num="s" pos="ncms000" postype="common" sense="16:cs2" wd="overbooking"/>
                  </grup.nom>
                </sn>
              </sp>
            </grup.nom>
          </sn>
        </sn>
      </grup.nom>
    </sn>
    <f lem="." pos="fp" punct="period" wd="."/>
  </sentence>
  <sentence coord="yes" id="41">
    <S>
      <sp arg="argM" func="cc" tem="tmp">
        <prep>
          <s lem="a" pos="sps00" postype="preposition" wd="A"/>
        </prep>
        <sn entityref="nne" homophoricDD="yes">
          <spec gen="f" num="p">
            <d gen="f" lem="el" num="p" pos="da0fp0" postype="article" wd="las"/>
          </spec>
          <grup.nom gen="f" num="p">
            <n gen="f" lem="ocho" num="p" pos="ncfp000" postype="common" sense="16:09896866" wd="ocho"/>
            <sp>
              <prep>
                <s lem="de" pos="sps00" postype="preposition" wd="de"/>
              </prep>
              <sn entityref="nne" homophoricDD="yes">
                <spec gen="f" num="s">
                  <d gen="f" lem="el" num="s" pos="da0fs0" postype="article" wd="la"/>
                </spec>
                <grup.nom gen="f" num="s">
                  <n gen="f" lem="tarde" num="s" pos="ncfs000" postype="common" sense="16:10885066" wd="tarde"/>
                </grup.nom>
              </sn>
            </sp>
          </grup.nom>
        </sn>
      </sp>
      <sn arg="arg0" coreftype="ident" elliptic="yes" entity="entity35" entityref="nne" func="suj" tem="agt"/>
      <grup.verb>
        <v lem="lograr" lss="A21.transitive-agentive-patient" mood="indicative" num="p" person="3" pos="vmis3p0" postype="main" tense="past" wd="lograron"/>
      </grup.verb>
      <S arg="arg1" clausetype="completive" func="cd" impersonal="yes" tem="pat">
        <infinitiu>
          <v lem="volar" lss="D11.inergative-agentive" mood="infinitive" pos="vmn0000" postype="main" wd="volar"/>
        </infinitiu>
      </S>
      <f lem="," pos="fc" punct="comma" wd=","/>
    </S>
    <conj conjunctiontype="coordinating">
      <c lem="y" pos="cc" postype="coordinating" wd="y"/>
    </conj>
    <S>
      <sadv arg="argM" func="cc" tem="tmp">
        <grup.adv>
          <r lem="antes" pos="rg" wd="antes"/>
          <sp>
            <prep>
              <s lem="de" pos="sps00" postype="preposition" wd="de"/>
            </prep>
            <sn entityref="nne" homophoricDD="yes">
              <spec gen="f" num="p">
                <d gen="f" lem="el" num="p" pos="da0fp0" postype="article" wd="las"/>
              </spec>
              <grup.nom gen="f" num="p">
                <n gen="f" lem="nueve" num="p" pos="ncfp000" postype="common" sense="16:09897050" wd="nueve"/>
                <sp>
                  <prep>
                    <s lem="de" pos="sps00" postype="preposition" wd="de"/>
                  </prep>
                  <sadv>
                    <grup.adv>
                      <r lem="anoche" pos="rg" wd="anoche"/>
                    </grup.adv>
                  </sadv>
                </sp>
              </grup.nom>
            </sn>
          </sp>
        </grup.adv>
      </sadv>
      <sn arg="arg1" coreftype="ident" elliptic="yes" entity="entity35" entityref="nne" func="suj" tem="tem"/>
      <grup.verb>
        <v lem="estar" lss="C11.state-existential" mood="indicative" num="p" person="3" pos="vmii3p0" postype="main" tense="imperfect" wd="estaban"/>
      </grup.verb>
      <sp arg="arg2" func="cc" tem="loc">
        <prep>
          <s lem="en" pos="sps00" postype="preposition" wd="en"/>
        </prep>
        <sn entityref="ne" ne="location">
          <grup.nom>
            <n lem="Barcelona" ne="location" pos="np00000" postype="proper" wd="Barcelona"/>
          </grup.nom>
        </sn>
      </sp>
    </S>
    <f lem="." pos="fp" punct="period" wd="."/>
  </sentence>
  <sentence id="42">
    <sn arg="arg1" entityref="nne" func="suj" tem="tem">
      <spec gen="m" num="s">
        <d gen="m" lem="el" num="s" pos="da0ms0" postype="article" wd="El"/>
      </spec>
      <grup.nom gen="m" num="s">
        <n gen="m" lem="desastre" num="s" pos="ncms000" postype="common" sense="16:00141434" wd="desastre"/>
        <sp>
          <prep>
            <s lem="de" pos="sps00" postype="preposition" wd="de"/>
          </prep>
          <sn coreftype="ident" entity="entity36" entityref="ne" ne="organization">
            <grup.nom>
              <n lem="Turbocat" ne="organization" pos="np00000" postype="proper" wd="Turbocat"/>
            </grup.nom>
          </sn>
        </sp>
      </grup.nom>
    </sn>
    <grup.verb>
      <v lem="suponer" lss="C21.state-attributive" mood="indicative" num="s" person="3" pos="vmis3s0" postype="main" tense="past" wd="supuso"/>
    </grup.verb>
    <sp arg="arg3" func="ci" tem="ben">
      <prep>
        <s lem="a" pos="sps00" postype="preposition" wd="a"/>
      </prep>
      <sn coord="yes" coreftype="ident" entity="entity35">
        <sn coreftype="ident" entity="entity32" entityref="ne" ne="person">
          <grup.nom gen="m" num="s">
            <n lem="Joel" ne="person" pos="np00000" postype="proper" wd="Joel"/>
          </grup.nom>
        </sn>
        <conj conjunctiontype="coordinating">
          <c lem="y" pos="cc" postype="coordinating" wd="y"/>
        </conj>
        <sn coreftype="ident" entity="entity34" entityref="nne">
          <spec gen="m" num="p">
            <d coreftype="ident" entity="entity32" entityref="spec" gen="c" lem="su" num="p" person="3" pos="dp3cp0" postype="possessive" wd="sus"/>
            <d gen="c" lem="dos" num="p" pos="dn0cp0" postype="numeral" wd="dos"/>
          </spec>
          <grup.nom gen="m" num="p">
            <n gen="m" lem="amigo" num="p" pos="ncmp000" postype="common" sense="16:07280379" wd="amigos"/>
          </grup.nom>
        </sn>
      </sn>
    </sp>
    <sn arg="arg2" coord="yes" func="cd" functype="quantitative" tem="atr">
      <f lem="&quot;" pos="fe" punct="quotation" wd="&quot;"/>
      <sn entityref="ne" ne="number">
        <spec gen="f" num="p">
          <z lem="29" ne="number" wd="29"/>
        </spec>
        <grup.nom gen="f" num="p">
          <n gen="f" lem="hora" num="p" pos="ncfp000" postype="common" sense="16:10938063" wd="horas"/>
          <sp>
            <prep>
              <s lem="de" pos="sps00" postype="preposition" wd="de"/>
            </prep>
            <sn>
              <grup.nom gen="m" num="s">
                <n gen="m" lem="retraso" lexicalid="noun.retraso.1.default" num="s" origin="deverbal" pos="ncms000" postype="common" sense="16:03940125" wd="retraso"/>
              </grup.nom>
            </sn>
          </sp>
        </grup.nom>
      </sn>
      <f lem="," pos="fc" punct="comma" wd=","/>
      <S clausetype="completive" impersonal="yes">
        <infinitiu>
          <v lem="perder" lss="A21.transitive-agentive-patient" mood="infinitive" pos="vmn0000" postype="main" wd="perder"/>
        </infinitiu>
        <sn arg="arg1" entityref="nne" func="cd" tem="pat">
          <spec gen="m" num="s">
            <d gen="m" lem="uno" num="s" pos="di0ms0" postype="indefinite" wd="un"/>
          </spec>
          <grup.nom gen="m" num="s">
            <n gen="m" lem="día" num="s" pos="ncms000" postype="common" sense="16:10878116" wd="día"/>
            <sp>
              <prep>
                <s lem="de" pos="sps00" postype="preposition" wd="de"/>
              </prep>
              <sn>
                <grup.nom gen="m" num="s">
                  <n gen="m" lem="trabajo" lexicalid="noun.trabajo.1.default" num="s" origin="deverbal" pos="ncms000" postype="common" sense="16:00383807" wd="trabajo"/>
                </grup.nom>
              </sn>
            </sp>
          </grup.nom>
        </sn>
      </S>
      <conj conjunctiontype="coordinating">
        <c lem="y" pos="cc" postype="coordinating" wd="y"/>
      </conj>
      <S clausetype="completive" impersonal="yes">
        <infinitiu>
          <v lem="gastar" lss="A21.transitive-agentive-patient" mood="infinitive" pos="vmn0000" postype="main" wd="gastar"/>
        </infinitiu>
        <sn arg="arg1" entity="entity41" entityref="ne" func="cd" ne="number" tem="pat">
          <spec gen="m" num="p">
            <r lem="más" pos="rg" wd="más"/>
            <s lem="de" pos="sps00" postype="preposition" wd="de"/>
            <z lem="300" ne="number" wd="300"/>
          </spec>
          <grup.nom gen="m" num="p">
            <z lem="euro" ne="number" pos="zm" postype="currency" wd="euros"/>
            <f lem="&quot;" pos="fe" punct="quotation" wd="&quot;"/>
            <sn entityref="ne" ne="number">
              <f lem="(" pos="fpa" punct="bracket" punctenclose="open" wd="("/>
              <spec gen="f" num="p">
                <z lem="50000" ne="number" wd="50.000"/>
              </spec>
              <grup.nom gen="f" num="p">
                <z lem="peseta" ne="number" pos="zm" postype="currency" wd="pesetas"/>
                <sp>
                  <f lem="," pos="fc" punct="comma" wd=","/>
                  <prep>
                    <s lem="entre" pos="sps00" postype="preposition" wd="entre"/>
                  </prep>
                  <sn complex="yes" entityref="nne">
                    <grup.nom coord="yes">
                      <grup.nom gen="m" num="s">
                        <n gen="m" lem="hotel" num="s" pos="ncms000" postype="common" sense="16:02835992" wd="hotel"/>
                      </grup.nom>
                      <conj conjunctiontype="coordinating">
                        <c lem="y" pos="cc" postype="coordinating" wd="y"/>
                      </conj>
                      <grup.nom gen="f" num="s">
                        <n gen="f" lem="manutención" lexicalid="noun.manutención.1.default" num="s" origin="deverbal" pos="ncfs000" postype="common" sense="16:09624494" wd="manutención"/>
                      </grup.nom>
                    </grup.nom>
                  </sn>
                </sp>
              </grup.nom>
              <f lem=")" pos="fpt" punct="bracket" punctenclose="close" wd=")"/>
            </sn>
            <S clausetype="relative">
              <relatiu arg="arg1" coreftype="ident" entity="entity41" entityref="spec" func="cd" tem="pat">
                <p gen="c" lem="que" num="c" pos="pr0cn000" postype="relative" wd="que"/>
              </relatiu>
              <sn arg="arg0" func="suj" tem="agt">
                <grup.nom gen="m" num="s">
                  <p gen="c" lem="nadie" num="s" pos="pi0cs000" postype="indefinite" wd="nadie"/>
                </grup.nom>
              </sn>
              <sn arg="arg2" coreftype="ident" entity="entity35" entityref="nne" func="ci" tem="ben">
                <grup.nom num="p">
                  <p case="dative" gen="c" lem="él" num="p" person="3" pos="pp3cpd00" postype="personal" wd="les"/>
                </grup.nom>
              </sn>
              <grup.verb>
                <v lem="abonar" lss="A21.transitive-agentive-patient" mood="indicative" num="s" person="3" pos="vmif3s0" postype="main" tense="future" wd="abonará"/>
              </grup.verb>
            </S>
          </grup.nom>
        </sn>
      </S>
    </sn>
    <f lem="." pos="fp" punct="period" wd="."/>
  </sentence>
</article>
