<?xml version="1.0" encoding="UTF-8"?>
<!-- 

  ancora-2.0
       
			Copyright (C) 2007, 2008, 2009, 2010, 2011 UB - CLiC
			Centre de Llenguatge i Computació - Universitat de Barcelona
 
  This file is part of ancora-2.0.
 
  ancora-2.0 is free software and data: you can redistribute it and/or modify
  it under the terms of the GNU General Public License as published
  by the Free Software Foundation, either version 3 of the License,
  or (at your option) any later version.

  ancora-2.0 is distributed in the hope that it will be useful,
  but WITHOUT ANY WARRANTY; without even the implied warranty of
  MERCHANTABILITY or FITNESS FOR A PARTICULAR PURPOSE.  See the
  GNU General Public License for more details.
 
  You should have received a copy of the GNU General Public License
  along with ancora-2.0.  If not, see &lt;http://www.gnu.org/licenses/&gt;.
 
  Check a text in catalan explaining the terms of the license at http://www.softcatala.cat/wiki/GPL3.
  In spanish at http://www.viti.es/gnu/licenses/gpl.html
 

  The following paper must be cited when using this corpus:

 * Taulé, M., M.A. Martí, M. Recasens (2008) 'Ancora: Multilevel Annotated Corpora for Catalan and Spanish',
   Proceedings of 6th International Conference on Language Resources and Evaluation. Marrakesh (Morocco).

  In addition, the following paper must be cited if coreference information (attributes entity, coreftype,
  corefsubtype, homophoricDD or entityref) is used:

 * Recasens, Marta, M. Antònia Martí (2010) ‘AnCora-CO: Coreferentially annotated corpora for Spanish and
   Catalan’. Language Resources and Evaluation, Springer Science.

  Additionally, the following paper must be cited when argumental attributes in "sn" or "grup.nom"
  (attributes func, arg, tem or lexicalid) are used:

 * Peris, Aina, Mariona Taulé, Horacio Rodríguez (2010) ‘Semantic Annotation of Deverbal Nominalizations in the
   Spanish AnCora corpus’. Treebanks and Linguistic Theories (TLT-2010), Estonia.
-->
<article lng="es">
  <sentence>
    <sn arg="arg0" entity="entity1" entityref="ne" func="suj" ne="organization" tem="agt">
      <spec gen="f" num="s">
        <d gen="f" lem="el" num="s" pos="da0fs0" postype="article" wd="La"/>
      </spec>
      <grup.nom gen="f" num="s">
        <n lem="Federación_Nacional_de_Asociaciones_de_Lesionados_Medulares" ne="organization" pos="np00000" postype="proper" wd="Federación_Nacional_de_Asociaciones_de_Lesionados_Medulares"/>
        <sn entityref="ne" ne="organization">
          <grup.nom gen="f" num="s">
            <f lem="(" pos="fpa" punct="bracket" punctenclose="open" wd="("/>
            <n lem="Aspaym" ne="organization" pos="np00000" postype="proper" wd="Aspaym"/>
            <f lem=")" pos="fpt" punct="bracket" punctenclose="close" wd=")"/>
          </grup.nom>
        </sn>
      </grup.nom>
    </sn>
    <grup.verb>
      <v lem="confiar" lss="A22.transitive-agentive-theme" mood="indicative" num="s" person="3" pos="vmip3s0" postype="main" tense="present" wd="confía"/>
    </grup.verb>
    <sp arg="arg1" func="creg" tem="tem">
      <prep>
        <s lem="en" pos="sps00" postype="preposition" wd="en"/>
      </prep>
      <S clausetype="completive" coord="yes">
        <conj conjunctiontype="subordinating">
          <c lem="que" pos="cs" postype="subordinating" wd="que"/>
        </conj>
        <S clausetype="completive">
          <sn arg="arg0" entity="entity7" entityref="ne" func="suj" ne="organization" tem="agt">
            <spec gen="m" num="s">
              <d gen="m" lem="el" num="s" pos="da0ms0" postype="article" wd="el"/>
            </spec>
            <grup.nom gen="m" num="s">
              <n lem="Ministerio_de_Sanidad" ne="organization" pos="np00000" postype="proper" wd="Ministerio_de_Sanidad"/>
            </grup.nom>
          </sn>
          <grup.verb>
            <v lem="reconsiderar" lss="A21.transitive-agentive-patient" mood="subjunctive" num="s" person="3" pos="vmsp3s0" postype="main" tense="present" wd="reconsidere"/>
          </grup.verb>
          <sn arg="arg1" entityref="nne" func="cd" tem="pat">
            <spec gen="f" num="s">
              <d coreftype="ident" entity="entity7" entityref="spec" gen="c" lem="su" num="s" person="3" pos="dp3cs0" postype="possessive" wd="su"/>
            </spec>
            <grup.nom gen="f" num="s">
              <n gen="f" lem="posición" num="s" pos="ncfs000" postype="common" sense="16:05080036" wd="posición"/>
            </grup.nom>
          </sn>
        </S>
        <conj conjunctiontype="coordinating">
          <c lem="y" pos="cc" postype="coordinating" wd="y"/>
        </conj>
        <S clausetype="completive" entity="entity5">
          <sn arg="arg0" coreftype="ident" elliptic="yes" entity="entity1" entityref="spec" func="suj" tem="agt"/>
          <grup.verb>
            <v lem="financiar" lss="A21.transitive-agentive-patient" mood="imperative" num="s" person="3" pos="vmm03s0" postype="main" wd="financie"/>
          </grup.verb>
          <sn arg="arg1" entity="entity6" entityref="ne" func="cd" ne="other" tem="pat">
            <spec gen="f" num="s">
              <d gen="f" lem="el" num="s" pos="da0fs0" postype="article" wd="la"/>
            </spec>
            <grup.nom gen="f" num="s">
              <n lem="Viagra" ne="other" pos="np00000" postype="proper" wd="Viagra"/>
            </grup.nom>
          </sn>
          <sp arg="arg2" func="ci" tem="ben">
            <prep>
              <s lem="para" pos="sps00" postype="preposition" wd="para"/>
            </prep>
            <sn entity="entity2" entityref="nne">
              <spec gen="m" num="p">
                <d gen="m" lem="aquel" num="p" pos="dd0mp0" postype="demonstrative" wd="aquellos"/>
              </spec>
              <grup.nom gen="m" num="p">
                <n gen="c" lem="paciente" num="p" pos="nccp000" postype="common" sense="16:07461272" wd="pacientes"/>
                <S clausetype="relative">
                  <relatiu arg="arg1" coreftype="ident" entity="entity2" entityref="nne" func="suj" tem="tem">
                    <p gen="c" lem="que" num="c" pos="pr0cn000" postype="relative" wd="que"/>
                  </relatiu>
                  <grup.verb>
                    <v lem="tener" lss="C21.state-attributive" mood="subjunctive" num="p" person="3" pos="vmsp3p0" postype="main" tense="present" wd="tengan"/>
                  </grup.verb>
                  <sn arg="arg2" entityref="nne" func="cd" functype="quantitative" tem="atr">
                    <grup.nom gen="m" num="p">
                      <n gen="m" lem="problema" num="p" pos="ncmp000" postype="common" sense="16:05080756" wd="problemas"/>
                      <sp>
                        <prep>
                          <s lem="de" pos="sps00" postype="preposition" wd="de"/>
                        </prep>
                        <sn>
                          <grup.nom gen="f" num="s">
                            <n gen="f" lem="fertilidad" num="s" pos="ncfs000" postype="common" sense="16:10120373" wd="fertilidad"/>
                          </grup.nom>
                        </sn>
                      </sp>
                    </grup.nom>
                  </sn>
                </S>
              </grup.nom>
            </sn>
          </sp>
        </S>
      </S>
    </sp>
    <f lem="." pos="fp" punct="period" wd="."/>
  </sentence>
  <sentence>
    <sn arg="arg0" entity="entity3" entityref="ne" func="suj" ne="person" tem="agt">
      <grup.nom gen="m" num="s">
        <n lem="Alberto_de_Pinto" ne="person" pos="np00000" postype="proper" wd="Alberto_de_Pinto"/>
        <sn corefsubtype="definit" coreftype="pred" entity="entity3">
          <f lem="," pos="fc" punct="comma" wd=","/>
          <grup.nom gen="m" num="s">
            <n gen="m" lem="presidente" num="s" pos="ncms000" postype="common" sense="16:07496197" wd="presidente"/>
            <sp>
              <prep>
                <s lem="de" pos="sps00" postype="preposition" wd="de"/>
              </prep>
              <sn coreftype="ident" entity="entity1" entityref="ne" ne="organization">
                <grup.nom>
                  <n lem="Aspaym" ne="organization" pos="np00000" postype="proper" wd="Aspaym"/>
                </grup.nom>
              </sn>
            </sp>
          </grup.nom>
          <f lem="," pos="fc" punct="comma" wd=","/>
        </sn>
      </grup.nom>
    </sn>
    <grup.verb>
      <v lem="haber" mood="indicative" num="s" person="3" pos="vaip3s0" postype="auxiliary" tense="present" wd="ha"/>
      <v gen="m" lem="anunciar" lss="A21.transitive-agentive-patient" mood="participle" num="s" pos="vmp00sm" postype="main" wd="anunciado"/>
    </grup.verb>
    <S arg="arg1" clausetype="completive" func="cd" tem="pat">
      <conj conjunctiontype="subordinating">
        <c lem="que" pos="cs" postype="subordinating" wd="que"/>
      </conj>
      <sn arg="arg0" coreftype="ident" elliptic="yes" entity="entity3" entityref="spec" func="suj" tem="agt"/>
      <grup.verb>
        <v lem="negociar" lss="A21.transitive-agentive-patient" mood="indicative" num="s" person="3" pos="vmif3s0" postype="main" tense="future" wd="negociará"/>
      </grup.verb>
      <sp arg="argM" func="cc" tem="adv">
        <prep>
          <s lem="con" pos="sps00" postype="preposition" wd="con"/>
        </prep>
        <sn entityref="ne" ne="organization">
          <spec gen="m" num="s">
            <d gen="m" lem="el" num="s" pos="da0ms0" postype="article" wd="el"/>
          </spec>
          <grup.nom gen="m" num="s">
            <n lem="Gobierno" ne="organization" pos="np00000" postype="proper" wd="Gobierno"/>
          </grup.nom>
        </sn>
      </sp>
      <sp arg="argM" func="cc" tem="adv">
        <prep>
          <s lem="sobre" pos="sps00" postype="preposition" wd="sobre"/>
        </prep>
        <sn corefsubtype="token" coreftype="dx" entity="entity5" entityref="nne">
          <spec gen="f" num="s">
            <d gen="f" lem="este" num="s" pos="dd0fs0" postype="demonstrative" wd="esta"/>
          </spec>
          <grup.nom gen="f" num="s">
            <n gen="f" lem="cuestión" num="s" pos="ncfs000" postype="common" sense="16:04479710" wd="cuestión"/>
          </grup.nom>
        </sn>
      </sp>
      <S arg="argM" clausetype="adverbial" func="cc" tem="tmp">
        <sn arg="argM" entityref="nne" func="cc" tem="tmp">
          <spec gen="f" num="s">
            <d gen="f" lem="uno" num="s" pos="di0fs0" postype="indefinite" wd="una"/>
          </spec>
          <grup.nom gen="f" num="s">
            <n gen="f" lem="vez" num="s" pos="ncfs000" postype="common" sense="16:05449233" wd="vez"/>
          </grup.nom>
        </sn>
        <sn arg="arg0" coreftype="ident" elliptic="yes" entity="entity3" entityref="spec" func="suj" tem="agt"/>
        <grup.verb>
          <v lem="terminar" lss="A21.transitive-agentive-patient" mood="subjunctive" num="s" person="3" pos="vmsp3s0" postype="main" tense="present" wd="termine"/>
        </grup.verb>
        <sn arg="arg1" entity="entity8" entityref="nne" func="cd" homophoricDD="yes" tem="pat">
          <spec gen="m" num="s">
            <d gen="m" lem="el" num="s" pos="da0ms0" postype="article" wd="el"/>
          </spec>
          <grup.nom gen="m" num="s">
            <n gen="m" lem="ensayo" lexicalid="noun.ensayo.1.default" num="s" origin="deverbal" pos="ncms000" postype="common" sense="16:04830849" wd="ensayo"/>
            <s.a func="cn" gen="m" num="s">
              <grup.a gen="m" num="s">
                <a gen="m" lem="clínico" num="s" pos="aq0ms0" postype="qualificative" wd="clínico"/>
              </grup.a>
            </s.a>
            <sp arg="arg1" func="cn" tem="pat">
              <prep>
                <s lem="sobre" pos="sps00" postype="preposition" wd="sobre"/>
              </prep>
              <sn entityref="nne" homophoricDD="yes">
                <spec gen="f" num="s">
                  <d gen="f" lem="el" num="s" pos="da0fs0" postype="article" wd="la"/>
                </spec>
                <grup.nom gen="f" num="s">
                  <n gen="f" lem="eficacia" num="s" pos="ncfs000" postype="common" sense="16:04047544" wd="eficacia"/>
                  <sp>
                    <prep>
                      <s lem="de" pos="sps00" postype="preposition" wd="de"/>
                    </prep>
                    <sn coreftype="ident" entity="entity6" entityref="spec">
                      <spec gen="f" num="s">
                        <d gen="f" lem="el" num="s" pos="da0fs0" postype="article" wd="la"/>
                      </spec>
                      <grup.nom gen="f" num="s">
                        <n gen="f" lem="píldora" num="s" pos="ncfs000" postype="common" sense="16:03123093" wd="píldora"/>
                        <S clausetype="relative">
                          <relatiu arg="arg1" coreftype="ident" entity="entity6" entityref="spec" func="suj" num="p" tem="pat">
                            <p gen="c" lem="que" num="c" pos="pr0cn000" postype="relative" wd="que"/>
                          </relatiu>
                          <morfema.verbal func="pass">
                            <p gen="c" lem="se" num="c" pos="p0000000" wd="se"/>
                          </morfema.verbal>
                          <grup.verb>
                            <v lem="desarrollar" lss="B22.unaccusative-passive-transitive" mood="indicative" num="s" person="3" pos="vmip3s0" postype="main" tense="present" wd="desarrolla"/>
                          </grup.verb>
                          <sp arg="argM" func="cc" tem="loc">
                            <prep>
                              <s lem="en" pos="sps00" postype="preposition" wd="en"/>
                            </prep>
                            <sn entity="entity9" entityref="ne" ne="location">
                              <spec gen="m" num="s">
                                <d gen="m" lem="el" num="s" pos="da0ms0" postype="article" wd="el"/>
                              </spec>
                              <grup.nom gen="m" num="s">
                                <n lem="Hospital_Nacional_de_Parapléjicos_de_Toledo" ne="location" pos="np00000" postype="proper" wd="Hospital_Nacional_de_Parapléjicos_de_Toledo"/>
                              </grup.nom>
                            </sn>
                          </sp>
                        </S>
                      </grup.nom>
                    </sn>
                  </sp>
                </grup.nom>
              </sn>
            </sp>
          </grup.nom>
        </sn>
      </S>
    </S>
    <f lem="." pos="fp" punct="period" wd="."/>
  </sentence>
  <sentence>
    <sn arg="arg0" coreftype="ident" entity="entity3" entityref="ne" func="suj" ne="person" tem="agt">
      <spec gen="m" num="s">
        <d gen="m" lem="el" num="s" pos="da0ms0" postype="article" wd="El"/>
      </spec>
      <grup.nom gen="m" num="s">
        <n gen="m" lem="presidente" num="s" pos="ncms000" postype="common" sense="16:07496197" wd="presidente"/>
        <sp>
          <prep>
            <s lem="de" pos="sps00" postype="preposition" wd="de"/>
          </prep>
          <sn coreftype="ident" entity="entity1" entityref="ne" ne="organization">
            <grup.nom>
              <n lem="Aspaym" ne="organization" pos="np00000" postype="proper" wd="Aspaym"/>
              <sn corefsubtype="definit" coreftype="pred" entity="entity1">
                <f lem="," pos="fc" punct="comma" wd=","/>
                <grup.nom gen="f" num="s">
                  <n gen="f" lem="entidad" num="s" pos="ncfs000" postype="common" sense="16:cs1" wd="entidad"/>
                  <S clausetype="relative">
                    <relatiu arg="arg1" coreftype="ident" entity="entity1" entityref="spec" func="suj" tem="tem">
                      <p gen="c" lem="que" num="c" pos="pr0cn000" postype="relative" wd="que"/>
                    </relatiu>
                    <grup.verb>
                      <v lem="agrupar" lss="C21.state-attributive" mood="indicative" num="s" person="3" pos="vmip3s0" postype="main" tense="present" wd="agrupa"/>
                    </grup.verb>
                    <sp arg="arg2" func="cd" functype="quantitative" tem="atr">
                      <prep>
                        <s lem="a" pos="sps00" postype="preposition" wd="a"/>
                      </prep>
                      <sn entityref="nne">
                        <spec gen="m" num="p">
                          <d gen="m" lem="uno" num="p" pos="di0mp0" postype="indefinite" wd="unos"/>
                          <z lem="30000" ne="number" wd="30.000"/>
                        </spec>
                        <grup.nom gen="m" num="p">
                          <n gen="m" lem="lesionado" num="p" pos="ncmp000" postype="common" sense="16:cs2" wd="lesionados"/>
                          <s.a gen="m" num="p">
                            <grup.a gen="m" num="p">
                              <a gen="c" lem="medular" num="p" pos="aq0cp0" postype="qualificative" wd="medulares"/>
                            </grup.a>
                          </s.a>
                          <sp>
                            <prep>
                              <s lem="de" pos="sps00" postype="preposition" wd="de"/>
                            </prep>
                            <sn entityref="ne" ne="location">
                              <spec gen="f" num="s">
                                <d gen="f" lem="todo" num="s" pos="di0fs0" postype="indefinite" wd="toda"/>
                              </spec>
                              <grup.nom gen="f" num="s">
                                <n lem="España" ne="location" pos="np00000" postype="proper" wd="España"/>
                              </grup.nom>
                            </sn>
                          </sp>
                        </grup.nom>
                      </sn>
                    </sp>
                  </S>
                </grup.nom>
                <f lem="," pos="fc" punct="comma" wd=","/>
              </sn>
            </grup.nom>
          </sn>
        </sp>
      </grup.nom>
    </sn>
    <grup.verb>
      <v lem="creer" lss="A21.transitive-agentive-patient" mood="indicative" num="s" person="3" pos="vmip3s0" postype="main" tense="present" wd="cree"/>
    </grup.verb>
    <S arg="arg1" clausetype="completive" func="cd" tem="pat">
      <conj conjunctiontype="subordinating">
        <c lem="que" pos="cs" postype="subordinating" wd="que"/>
      </conj>
      <sn arg="arg0" coreftype="ident" entity="entity7" entityref="spec" func="suj" tem="agt">
        <spec gen="m" num="s">
          <d gen="m" lem="el" num="s" pos="da0ms0" postype="article" wd="el"/>
        </spec>
        <grup.nom gen="m" num="s">
          <n gen="m" lem="ministerio" num="s" pos="ncms000" postype="common" sense="16:06048623" wd="ministerio"/>
        </grup.nom>
      </sn>
      <neg func="mod">
        <r lem="no" pos="rn" postype="negative" wd="no"/>
      </neg>
      <grup.verb>
        <v lem="haber" mood="indicative" num="s" person="3" pos="vaip3s0" postype="auxiliary" tense="present" wd="ha"/>
        <v gen="m" lem="dar" lss="A21.transitive-agentive-patient" mood="participle" num="s" pos="vmp00sm" postype="main" wd="dado"/>
      </grup.verb>
      <sadv arg="argM" func="cc" tem="tmp">
        <grup.adv>
          <r lem="aún" pos="rg" wd="aún"/>
        </grup.adv>
      </sadv>
      <sn arg="arg1" coreftype="ident" entity="entity5" entityref="nne" func="cd" tem="pat">
        <spec gen="m" num="s">
          <d gen="m" lem="este" num="s" pos="dd0ms0" postype="demonstrative" wd="este"/>
        </spec>
        <grup.nom gen="m" num="s">
          <n gen="m" lem="paso" lexicalid="noun.paso.2.default" num="s" origin="deverbal" pos="ncms000" postype="common" sense="16:00107819" wd="paso"/>
        </grup.nom>
      </sn>
      <sp arg="argM" func="cc" tem="cau">
        <prep>
          <s lem="por" pos="sps00" postype="preposition" wd="por"/>
        </prep>
        <sn entityref="nne">
          <grup.nom gen="f" num="s">
            <f lem="&quot;" pos="fe" punct="quotation" wd="&quot;"/>
            <n gen="f" lem="prudencia" num="s" pos="ncfs000" postype="common" sense="16:03830857" wd="prudencia"/>
            <f lem="&quot;" pos="fe" punct="quotation" wd="&quot;"/>
          </grup.nom>
        </sn>
      </sp>
      <sp arg="argM" func="cc" tem="fin">
        <f lem="," pos="fc" punct="comma" wd=","/>
        <prep>
          <s lem="para" pos="sps00" postype="preposition" wd="para"/>
        </prep>
        <S clausetype="completive" impersonal="yes">
          <infinitiu>
            <v lem="evitar" lss="A21.transitive-agentive-patient" mood="infinitive" pos="vmn0000" postype="main" wd="evitar"/>
          </infinitiu>
          <S arg="arg1" clausetype="completive" func="cd" tem="pat">
            <conj conjunctiontype="subordinating">
              <c lem="que" pos="cs" postype="subordinating" wd="que"/>
            </conj>
            <sn arg="arg0" entityref="nne" func="suj" tem="agt">
              <spec gen="m" num="p">
                <d gen="m" lem="otro" num="p" pos="di0mp0" postype="indefinite" wd="otros"/>
              </spec>
              <grup.nom gen="m" num="p">
                <n gen="m" lem="colectivo" num="p" pos="ncmp000" postype="common" sense="16:06004914" wd="colectivos"/>
              </grup.nom>
            </sn>
            <grup.verb>
              <v lem="hacer" lss="A21.transitive-agentive-patient" mood="subjunctive" num="p" person="3" pos="vmsp3p0" postype="main" tense="present" wd="hagan"/>
            </grup.verb>
            <sn arg="arg1" coreftype="ident" entity="entity5" entityref="nne" func="cd" tem="pat">
              <spec gen="f" num="s">
                <d gen="f" lem="el" num="s" pos="da0fs0" postype="article" wd="la"/>
                <d gen="f" lem="mismo" num="s" pos="di0fs0" postype="indefinite" wd="misma"/>
              </spec>
              <grup.nom gen="f" num="s">
                <n gen="f" lem="demanda" num="s" pos="ncfs000" postype="common" sense="16:05374441" wd="demanda"/>
              </grup.nom>
            </sn>
            <sn entityref="nne" func="ao">
              <f lem="," pos="fc" punct="comma" wd=","/>
              <spec gen="m" num="s">
                <d gen="c" lem="el" num="s" pos="da0ns0" postype="article" wd="lo"/>
              </spec>
              <grup.nom gen="m" num="s">
                <S clausetype="relative">
                  <relatiu arg="arg1" func="suj" tem="tem">
                    <p gen="c" lem="que" num="c" pos="pr0cn000" postype="relative" wd="que"/>
                  </relatiu>
                  <sp func="ao">
                    <f lem="," pos="fc" punct="comma" wd=","/>
                    <prep>
                      <s lem="a" pos="sps00" postype="preposition" wd="a"/>
                    </prep>
                    <sn entityref="nne">
                      <spec gen="m" num="s">
                        <d coreftype="ident" entity="entity3" entityref="spec" gen="c" lem="su" num="s" person="3" pos="dp3cs0" postype="possessive" wd="su"/>
                      </spec>
                      <grup.nom gen="m" num="s">
                        <S clausetype="completive" impersonal="yes">
                          <infinitiu>
                            <v lem="entender" lss="B22.unaccusative-passive-transitive" mood="infinitive" pos="vmn0000" postype="main" wd="entender"/>
                          </infinitiu>
                        </S>
                      </grup.nom>
                    </sn>
                    <f lem="," pos="fc" punct="comma" wd=","/>
                  </sp>
                  <f lem="&quot;" pos="fe" punct="quotation" wd="&quot;"/>
                  <grup.verb>
                    <v lem="ser" lss="C21.state-attributive" mood="indicative" num="s" person="3" pos="vsic3s0" postype="semiauxiliary" tense="conditional" wd="sería"/>
                  </grup.verb>
                  <sn arg="arg2" entityref="nne" func="atr" tem="atr">
                    <spec gen="m" num="s">
                      <d gen="m" lem="uno" num="s" pos="di0ms0" postype="indefinite" wd="un"/>
                    </spec>
                    <grup.nom gen="m" num="s">
                      <n gen="m" lem="problema" num="s" pos="ncms000" postype="common" sense="16:05436632" wd="problema"/>
                    </grup.nom>
                  </sn>
                  <f lem="&quot;" pos="fe" punct="quotation" wd="&quot;"/>
                </S>
              </grup.nom>
            </sn>
          </S>
        </S>
      </sp>
    </S>
    <f lem="." pos="fp" punct="period" wd="."/>
  </sentence>
  <sentence>
    <S clausesubtype="concessive" clausetype="adverbial" func="ao">
      <conj conjunctiontype="subordinating">
        <c lem="aunque" pos="cs" postype="subordinating" wd="Aunque"/>
      </conj>
      <sn arg="arg1" entity="entity8" entityref="nne" func="suj" homophoricDD="yes" tem="tem">
        <spec gen="m" num="s">
          <d gen="m" lem="el" num="s" pos="da0ms0" postype="article" wd="el"/>
        </spec>
        <grup.nom gen="m" num="s">
          <n gen="m" lem="ensayo" lexicalid="noun.ensayo.1.default" num="s" origin="deverbal" pos="ncms000" postype="common" sense="16:04830849" wd="ensayo"/>
          <s.a func="cn" gen="m" num="s">
            <grup.a gen="m" num="s">
              <a gen="m" lem="clínico" num="s" pos="aq0ms0" postype="qualificative" wd="clínico"/>
            </grup.a>
          </s.a>
          <S clausetype="relative" func="cn">
            <relatiu arg="arg1" coreftype="ident" entity="entity8" entityref="nne" func="suj" num="p" tem="pat">
              <p gen="c" lem="que" num="c" pos="pr0cn000" postype="relative" wd="que"/>
            </relatiu>
            <morfema.verbal func="pass">
              <p gen="c" lem="se" num="c" pos="p0000000" wd="se"/>
            </morfema.verbal>
            <grup.verb>
              <v lem="estar" mood="indicative" num="s" person="3" pos="vmip3s0" postype="main" tense="present" wd="está"/>
              <gerundi>
                <v lem="llevar_a_cabo" lss="B22.unaccusative-passive-transitive" mood="gerund" pos="vmg0000" postype="main" wd="llevando_a_cabo"/>
              </gerundi>
            </grup.verb>
            <sp arg="argM" func="cc" tem="loc">
              <prep>
                <s lem="en" pos="sps00" postype="preposition" wd="en"/>
              </prep>
              <sn coreftype="ident" entity="entity9" entityref="ne" ne="location">
                <spec gen="m" num="s">
                  <d gen="m" lem="el" num="s" pos="da0ms0" postype="article" wd="el"/>
                </spec>
                <grup.nom gen="m" num="s">
                  <n lem="Hospital_Nacional_de_Parapléjicos" ne="location" pos="np00000" postype="proper" wd="Hospital_Nacional_de_Parapléjicos"/>
                </grup.nom>
              </sn>
            </sp>
          </S>
          <sp arg="argM" func="cn" tem="adv">
            <prep>
              <s lem="en" pos="sps00" postype="preposition" wd="en"/>
            </prep>
            <sn entityref="nne">
              <spec gen="f" num="p">
                <z lem="12" ne="number" wd="12"/>
              </spec>
              <grup.nom gen="f" num="p">
                <n gen="f" lem="persona" num="p" pos="ncfp000" postype="common" sense="16:00004123" wd="personas"/>
                <sp>
                  <prep>
                    <s lem="con" pos="sps00" postype="preposition" wd="con"/>
                  </prep>
                  <sn entityref="nne">
                    <grup.nom gen="f" num="p">
                      <n gen="f" lem="lesión" lexicalid="noun.lesión.1.default" num="p" origin="deverbal" pos="ncfp000" postype="common" sense="16:10257907" wd="lesiones"/>
                      <s.a arg="arg1" func="cn" gen="f" num="p" tem="tem">
                        <grup.a gen="f" num="p">
                          <a gen="c" lem="medular" num="p" pos="aq0cp0" postype="qualificative" wd="medulares"/>
                        </grup.a>
                      </s.a>
                    </grup.nom>
                  </sn>
                </sp>
              </grup.nom>
            </sn>
          </sp>
        </grup.nom>
      </sn>
      <neg func="mod">
        <r lem="no" pos="rn" postype="negative" wd="no"/>
      </neg>
      <grup.verb>
        <v lem="terminar" lss="C21.state-attributive" mood="indicative" num="s" person="3" pos="vmif3s0" postype="main" tense="future" wd="terminará"/>
      </grup.verb>
      <sp arg="argM" func="cc" tem="tmp">
        <prep>
          <s lem="hasta" pos="sps00" postype="preposition" wd="hasta"/>
        </prep>
        <sn entityref="ne" ne="date">
          <sadv adjunct="yes">
            <grup.adv>
              <r lem="mediados_de" pos="rg" wd="mediados_de"/>
            </grup.adv>
          </sadv>
          <sn entityref="ne" ne="date">
            <grup.nom gen="m" num="s">
              <w lem="[??:??/11/??:??.??]" ne="date" wd="noviembre"/>
            </grup.nom>
          </sn>
        </sn>
      </sp>
      <f lem="," pos="fc" punct="comma" wd=","/>
    </S>
    <sn arg="arg0" coreftype="ident" entity="entity3" entityref="ne" func="suj" ne="person" tem="agt">
      <grup.nom gen="m" num="s">
        <n lem="De_Pinto" ne="person" pos="np00000" postype="proper" wd="De_Pinto"/>
      </grup.nom>
    </sn>
    <grup.verb>
      <v lem="adelantar" lss="A21.transitive-agentive-patient" mood="indicative" num="s" person="3" pos="vmis3s0" postype="main" tense="past" wd="adelantó"/>
    </grup.verb>
    <S arg="arg1" clausetype="completive" func="cd" tem="pat">
      <conj conjunctiontype="subordinating">
        <c lem="que" pos="cs" postype="subordinating" wd="que"/>
      </conj>
      <sn arg="arg1" entity="entity10" entityref="nne" func="suj" homophoricDD="yes" tem="tem">
        <spec gen="f" num="s">
          <d gen="f" lem="el" num="s" pos="da0fs0" postype="article" wd="la"/>
        </spec>
        <grup.nom gen="f" num="s">
          <n gen="f" lem="impresión" lexicalid="noun.impresión.1.default" num="s" origin="deverbal" pos="ncfs000" postype="common" sense="16:04544110" wd="impresión"/>
          <S clausetype="relative" func="cn">
            <relatiu arg="arg2" coreftype="ident" discid="1n" entity="entity10" entityref="nne" func="cd" functype="quantitative" tem="atr">
              <p gen="c" lem="que" num="c" pos="pr0cn000" postype="relative" wd="que"/>
            </relatiu>
            <sn arg="arg1" coreftype="ident" elliptic="yes" entity="entity3" entityref="spec" func="suj" tem="tem"/>
            <grup.verb>
              <v lem="tener" lss="C21.state-attributive" mood="indicative" num="s" person="3" pos="vmip3s0" postype="main" tense="present" wd="tiene"/>
            </grup.verb>
            <sp discid="1c">
              <prep>
                <s lem="de" pos="sps00" postype="preposition" wd="de"/>
              </prep>
              <sn entityref="nne">
                <spec arg="arg1" gen="m" num="p" tem="tem">
                  <d coreftype="ident" entity="entity8" entityref="nne" gen="c" lem="su" num="p" person="3" pos="dp3cp0" postype="possessive" wd="sus"/>
                </spec>
                <grup.nom gen="m" num="p">
                  <n gen="m" lem="resultado" lexicalid="noun.resultado.3.default" num="p" origin="deverbal" pos="ncmp000" postype="common" sense="16:05438613" wd="resultados"/>
                </grup.nom>
              </sn>
            </sp>
          </S>
        </grup.nom>
      </sn>
      <grup.verb>
        <v lem="ser" lss="C21.state-attributive" mood="indicative" num="s" person="3" pos="vsip3s0" postype="semiauxiliary" tense="present" wd="es"/>
      </grup.verb>
      <f lem="&quot;" pos="fe" punct="quotation" wd="&quot;"/>
      <sa arg="arg2" func="atr" tem="atr">
        <grup.a>
          <a gen="f" lem="buenísimo" num="s" pos="aq0fs0" postype="qualificative" wd="buenísima"/>
        </grup.a>
      </sa>
      <S arg="argM" clausetype="adverbial" func="cc" tem="cau">
        <f lem="," pos="fc" punct="comma" wd=","/>
        <conj conjunctiontype="subordinating">
          <c lem="porque" pos="cs" postype="subordinating" wd="porque"/>
        </conj>
        <sn arg="arg0" coreftype="ident" elliptic="yes" entity="entity8" entityref="nne" func="suj" tem="agt"/>
        <grup.verb>
          <v lem="solventar" lss="A21.transitive-agentive-patient" mood="indicative" num="s" person="3" pos="vmif3s0" postype="main" tense="future" wd="solventará"/>
        </grup.verb>
        <sn arg="arg1" entityref="nne" func="cd" tem="pat">
          <spec gen="m" num="p">
            <d gen="m" lem="mucho" num="p" pos="di0mp0" postype="indefinite" wd="muchos"/>
          </spec>
          <grup.nom gen="m" num="p">
            <n gen="m" lem="problema" num="p" pos="ncmp000" postype="common" sense="16:05080756" wd="problemas"/>
          </grup.nom>
        </sn>
      </S>
      <f lem="&quot;" pos="fe" punct="quotation" wd="&quot;"/>
    </S>
    <f lem="." pos="fp" punct="period" wd="."/>
  </sentence>
  <sentence coord="yes">
    <S>
      <sn arg="arg1" coreftype="ident" entity="entity8" entityref="nne" func="suj" tem="tem">
        <spec gen="m" num="s">
          <d gen="m" lem="el" num="s" pos="da0ms0" postype="article" wd="El"/>
        </spec>
        <grup.nom gen="m" num="s">
          <n gen="m" lem="estudio" num="s" pos="ncms000" postype="common" sense="16:05284976" wd="estudio"/>
        </grup.nom>
      </sn>
      <grup.verb>
        <v lem="estar" lss="C21.state-attributive" mood="indicative" num="s" person="3" pos="vmip3s0" postype="main" tense="present" wd="está"/>
      </grup.verb>
      <S arg="arg2" clausetype="participle" func="atr" impersonal="yes" tem="atr">
        <participi>
          <a gen="m" lem="dirigido" lss="B22.unaccusative-passive-transitive" num="s" pos="aq0msp" posfunction="participle" postype="qualificative" wd="dirigido"/>
        </participi>
        <sp arg="arg0" func="cag" tem="agt">
          <prep>
            <s lem="por" pos="sps00" postype="preposition" wd="por"/>
          </prep>
          <sn entity="entity11" entityref="ne" ne="person">
            <spec gen="m" num="s">
              <d gen="m" lem="el" num="s" pos="da0ms0" postype="article" wd="el"/>
            </spec>
            <grup.nom gen="m" num="s">
              <n gen="m" lem="jefe" num="s" pos="ncms000" postype="common" sense="16:07273778" wd="jefe"/>
              <sp>
                <prep>
                  <s lem="de" pos="sps00" postype="preposition" wd="de"/>
                </prep>
                <sn entityref="ne" ne="organization">
                  <spec gen="f" num="s">
                    <d gen="f" lem="el" num="s" pos="da0fs0" postype="article" wd="la"/>
                  </spec>
                  <grup.nom gen="f" num="s">
                    <n lem="Unidad_de_Sexualidad_y_Reproducción_Asistida" ne="organization" pos="np00000" postype="proper" wd="Unidad_de_Sexualidad_y_Reproducción_Asistida"/>
                    <sp>
                      <prep>
                        <s contracted="yes" gen="m" lem="del" num="s" pos="spcms" postype="preposition" wd="del"/>
                      </prep>
                      <sn coreftype="ident" entity="entity9" entityref="spec">
                        <grup.nom gen="m" num="s">
                          <n gen="m" lem="hospital" num="s" pos="ncms000" postype="common" sense="16:02834408" wd="hospital"/>
                        </grup.nom>
                      </sn>
                    </sp>
                  </grup.nom>
                </sn>
              </sp>
              <sn corefsubtype="definit" coreftype="pred" entity="entity11" entityref="ne" ne="person">
                <f lem="," pos="fc" punct="comma" wd=","/>
                <grup.nom gen="m" num="s">
                  <n lem="Antonio_Sánchez_Ramos" ne="person" pos="np00000" postype="proper" wd="Antonio_Sánchez_Ramos"/>
                </grup.nom>
                <f lem="," pos="fc" punct="comma" wd=","/>
              </sn>
            </grup.nom>
          </sn>
        </sp>
      </S>
    </S>
    <conj conjunctiontype="coordinating">
      <c lem="y" pos="cc" postype="coordinating" wd="y"/>
    </conj>
    <S>
      <sn arg="arg1" coreftype="ident" elliptic="yes" entity="entity8" entityref="nne" func="suj" tem="tem"/>
      <grup.verb>
        <v lem="servir" lss="C41.state-benefactive" mood="indicative" num="s" person="3" pos="vmif3s0" postype="main" tense="future" wd="servirá"/>
      </grup.verb>
      <sp arg="arg3" func="creg" tem="fin">
        <prep>
          <s lem="para" pos="sps00" postype="preposition" wd="para"/>
        </prep>
        <S clausetype="completive" impersonal="yes">
          <infinitiu>
            <v lem="comparar" lss="A34.ditransitive-patient-theme" mood="infinitive" pos="vmn0000" postype="main" wd="comparar"/>
          </infinitiu>
          <sn arg="arg1" entityref="nne" func="cd" homophoricDD="yes" tem="pat">
            <spec gen="f" num="s">
              <d gen="f" lem="el" num="s" pos="da0fs0" postype="article" wd="la"/>
            </spec>
            <grup.nom gen="f" num="s">
              <n gen="f" lem="efectividad" num="s" pos="ncfs000" postype="common" sense="16:04047189" wd="efectividad"/>
              <sp>
                <prep>
                  <s contracted="yes" gen="m" lem="del" num="s" pos="spcms" postype="preposition" wd="del"/>
                </prep>
                <sn entityref="nne" homophoricDD="yes">
                  <grup.nom gen="m" num="s">
                    <n gen="c" lem="sildenafilo" num="c" pos="nc00000" postype="common" sense="16:cs2" wd="sildenafilo"/>
                    <sn>
                      <f lem="," pos="fc" punct="comma" wd=","/>
                      <grup.nom gen="f" num="s">
                        <n gen="c" lem="base" num="s" pos="nccs000" postype="common" sense="16:04485976" wd="base"/>
                        <s.a gen="f" num="s">
                          <grup.a gen="f" num="s">
                            <a gen="f" lem="farmacológico" num="s" pos="aq0fs0" postype="qualificative" wd="farmacológica"/>
                          </grup.a>
                        </s.a>
                        <sp>
                          <prep>
                            <s lem="de" pos="sps00" postype="preposition" wd="de"/>
                          </prep>
                          <sn coreftype="ident" entity="entity6" entityref="ne" ne="other">
                            <spec gen="f" num="s">
                              <d gen="f" lem="el" num="s" pos="da0fs0" postype="article" wd="la"/>
                            </spec>
                            <grup.nom gen="f" num="s">
                              <n lem="Viagra" ne="other" pos="np00000" postype="proper" wd="Viagra"/>
                            </grup.nom>
                          </sn>
                        </sp>
                      </grup.nom>
                    </sn>
                  </grup.nom>
                </sn>
              </sp>
            </grup.nom>
          </sn>
          <sp arg="arg2" func="creg" tem="tem">
            <f lem="," pos="fc" punct="comma" wd=","/>
            <prep>
              <s lem="con" pos="sps00" postype="preposition" wd="con"/>
            </prep>
            <sn entityref="nne">
              <spec gen="f" num="s">
                <d gen="f" lem="el" num="s" pos="da0fs0" postype="article" wd="la"/>
              </spec>
              <grup.nom gen="f" num="s">
                <sp>
                  <prep>
                    <s lem="de" pos="sps00" postype="preposition" wd="de"/>
                  </prep>
                  <sn entity="entity13" entityref="nne" homophoricDD="yes">
                    <spec gen="f" num="s">
                      <d gen="f" lem="el" num="s" pos="da0fs0" postype="article" wd="la"/>
                    </spec>
                    <grup.nom gen="f" num="s">
                      <n gen="f" lem="infiltración" lexicalid="noun.infiltración.2.default" num="s" origin="deverbal" pos="ncfs000" postype="common" sense="16:cs1" wd="infiltración"/>
                      <s.a func="cn" gen="f" num="s">
                        <grup.a gen="f" num="s">
                          <a gen="f" lem="intracavernoso" num="s" pos="aq0fs0" postype="qualificative" wd="intracavernosa"/>
                        </grup.a>
                      </s.a>
                      <sp arg="arg1" func="cn" tem="pat">
                        <prep>
                          <s lem="de" pos="sps00" postype="preposition" wd="de"/>
                        </prep>
                        <sn entity="entity14" entityref="ne" ne="other">
                          <grup.nom gen="f" num="s">
                            <n lem="prostaglandina_E-1" ne="other" pos="np00000" postype="proper" sense="16:cs2" wd="prostaglandina_E-1"/>
                          </grup.nom>
                        </sn>
                      </sp>
                      <sn corefsubtype="indefinit" coreftype="pred" entity="entity13" entityref="nne" func="cn">
                        <f lem="," pos="fc" punct="comma" wd=","/>
                        <grup.nom gen="m" num="s">
                          <n gen="m" lem="método" num="s" pos="ncms000" postype="common" sense="16:02975720" wd="método"/>
                          <S clausetype="relative">
                            <relatiu arg="arg1" coreftype="ident" entity="entity13" entityref="nne" func="cd" tem="pat">
                              <p gen="c" lem="que" num="c" pos="pr0cn000" postype="relative" wd="que"/>
                            </relatiu>
                            <morfema.verbal func="impers">
                              <p gen="c" lem="se" num="c" pos="p0000000" wd="se"/>
                            </morfema.verbal>
                            <grup.verb>
                              <v lem="venir" mood="indicative" num="s" person="3" pos="vmip3s0" postype="main" tense="present" wd="viene"/>
                              <gerundi>
                                <v lem="utilizar" lss="A21.transitive-agentive-patient" mood="gerund" pos="vmg0000" postype="main" wd="utilizando"/>
                              </gerundi>
                            </grup.verb>
                            <sp arg="argM" func="cc" tem="adv">
                              <prep>
                                <s lem="con" pos="sps00" postype="preposition" wd="con"/>
                              </prep>
                              <sn entityref="nne">
                                <spec gen="m" num="s">
                                  <d gen="c" lem="bastante" num="s" pos="di0cs0" postype="indefinite" wd="bastante"/>
                                </spec>
                                <grup.nom gen="m" num="s">
                                  <n gen="m" lem="éxito" num="s" pos="ncms000" postype="common" sense="16:05454715" wd="éxito"/>
                                </grup.nom>
                              </sn>
                            </sp>
                            <sp arg="argM" func="cc" tem="loc">
                              <prep>
                                <s lem="en" pos="sps00" postype="preposition" wd="en"/>
                              </prep>
                              <sn coreftype="ident" entity="entity9" entityref="spec">
                                <spec gen="m" num="s">
                                  <d gen="m" lem="el" num="s" pos="da0ms0" postype="article" wd="el"/>
                                </spec>
                                <grup.nom gen="m" num="s">
                                  <n gen="m" lem="centro" num="s" pos="ncms000" postype="common" sense="16:02412359" wd="centro"/>
                                  <s.a gen="m" num="s">
                                    <grup.a gen="m" num="s">
                                      <a gen="m" lem="sanitario" num="s" pos="aq0ms0" postype="qualificative" wd="sanitario"/>
                                    </grup.a>
                                  </s.a>
                                </grup.nom>
                              </sn>
                            </sp>
                          </S>
                        </grup.nom>
                      </sn>
                    </grup.nom>
                  </sn>
                </sp>
              </grup.nom>
            </sn>
          </sp>
        </S>
      </sp>
    </S>
    <f lem="." pos="fp" punct="period" wd="."/>
  </sentence>
  <sentence>
    <sn arg="arg1" entityref="nne" func="suj" homophoricDD="yes" tem="tem">
      <spec gen="f" num="s">
        <d gen="f" lem="el" num="s" pos="da0fs0" postype="article" wd="La"/>
      </spec>
      <grup.nom gen="f" num="s">
        <s.a func="cn" gen="f" num="s">
          <grup.a gen="f" num="s">
            <a gen="c" lem="principal" num="s" pos="aq0cs0" postype="qualificative" wd="principal"/>
          </grup.a>
        </s.a>
        <n gen="f" lem="ventaja" lexicalid="noun.ventaja.1.default" num="s" origin="deverbal" pos="ncfs000" postype="common" sense="16:04015246" wd="ventaja"/>
        <sp arg="arg1" func="cn" tem="tem">
          <prep>
            <s lem="de" pos="sps00" postype="preposition" wd="de"/>
          </prep>
          <sn coreftype="ident" entity="entity6" entityref="ne" ne="other">
            <spec gen="f" num="s">
              <d gen="f" lem="el" num="s" pos="da0fs0" postype="article" wd="la"/>
            </spec>
            <grup.nom gen="f" num="s">
              <n lem="Viagra" ne="other" pos="np00000" postype="proper" wd="Viagra"/>
            </grup.nom>
          </sn>
        </sp>
        <sadv func="cn">
          <grup.adv>
            <r lem="frente" pos="rg" wd="frente"/>
            <sp>
              <prep>
                <s contracted="yes" gen="m" lem="al" num="s" pos="spcms" postype="preposition" wd="al"/>
              </prep>
              <sn coreftype="ident" entity="entity13" entityref="nne" homophoricDD="yes">
                <grup.nom gen="m" num="s">
                  <n gen="m" lem="tratamiento" lexicalid="noun.tratamiento.6.default" num="s" origin="deverbal" pos="ncms000" postype="common" sense="16:00430183" wd="tratamiento"/>
                  <sp arg="argM" func="cn" tem="adv">
                    <prep>
                      <s lem="con" pos="sps00" postype="preposition" wd="con"/>
                    </prep>
                    <sn coreftype="ident" entity="entity14" entityref="spec">
                      <grup.nom gen="f" num="s">
                        <n gen="f" lem="prostaglandina" num="s" pos="ncfs000" postype="common" sense="16:04204916" wd="prostaglandina"/>
                      </grup.nom>
                    </sn>
                  </sp>
                </grup.nom>
              </sn>
            </sp>
          </grup.adv>
        </sadv>
      </grup.nom>
    </sn>
    <grup.verb>
      <v lem="ser" lss="C21.state-attributive" mood="indicative" num="s" person="3" pos="vsip3s0" postype="semiauxiliary" tense="present" wd="es"/>
    </grup.verb>
    <S arg="arg2" clausetype="completive" func="atr" tem="atr">
      <conj conjunctiontype="subordinating">
        <c lem="que" pos="cs" postype="subordinating" wd="que"/>
      </conj>
      <sp arg="argM" func="cc" tem="fin">
        <f lem="," pos="fc" punct="comma" wd=","/>
        <prep>
          <s lem="para" pos="sps00" postype="preposition" wd="para"/>
        </prep>
        <S clausetype="completive" impersonal="yes">
          <infinitiu>
            <v lem="aplicar" lss="A21.transitive-agentive-patient" mood="infinitive" pos="vmn0000" postype="main" wd="aplicar"/>
          </infinitiu>
          <sn arg="arg1" coreftype="ident" entity="entity13" entityref="nne" func="cd" tem="pat">
            <spec gen="m" num="s">
              <d gen="m" lem="este" num="s" pos="dd0ms0" postype="demonstrative" wd="este"/>
            </spec>
            <grup.nom gen="m" num="s">
              <s.a gen="m" num="s">
                <grup.a gen="m" num="s">
                  <a gen="m" lem="último" num="s" pos="ao0ms0" postype="ordinal" wd="último"/>
                </grup.a>
              </s.a>
              <n gen="m" lem="método" num="s" pos="ncms000" postype="common" sense="16:02975720" wd="método"/>
            </grup.nom>
          </sn>
        </S>
        <f lem="," pos="fc" punct="comma" wd=","/>
      </sp>
      <morfema.verbal func="impers">
        <p gen="c" lem="se" num="c" pos="p0000000" wd="se"/>
      </morfema.verbal>
      <grup.verb>
        <v lem="precisar" lss="A22.transitive-agentive-theme" mood="indicative" num="s" person="3" pos="vmip3s0" postype="main" tense="present" wd="precisa"/>
      </grup.verb>
      <sp arg="arg1" func="cc" tem="tem">
        <prep>
          <s lem="de" pos="sps00" postype="preposition" wd="de"/>
        </prep>
        <sn entityref="nne">
          <spec gen="m" num="s">
            <d gen="m" lem="uno" num="s" pos="di0ms0" postype="indefinite" wd="un"/>
          </spec>
          <grup.nom gen="m" num="s">
            <n gen="m" lem="pinchazo" lexicalid="noun.pinchazo.1.default" num="s" origin="deverbal" pos="ncms000" postype="common" sense="16:03188416" wd="pinchazo"/>
            <sp arg="argM" func="cn" tem="loc">
              <prep>
                <s lem="en" pos="sps00" postype="preposition" wd="en"/>
              </prep>
              <sn entityref="nne" homophoricDD="yes">
                <spec gen="m" num="s">
                  <d gen="m" lem="el" num="s" pos="da0ms0" postype="article" wd="el"/>
                </spec>
                <grup.nom gen="m" num="s">
                  <n gen="m" lem="pene" num="s" pos="ncms000" postype="common" sense="16:04279799" wd="pene"/>
                </grup.nom>
              </sn>
            </sp>
          </grup.nom>
        </sn>
      </sp>
    </S>
    <f lem="." pos="fp" punct="period" wd="."/>
  </sentence>
  <sentence>
    <sp arg="argM" func="cc" tem="adv">
      <prep>
        <s lem="en" pos="sps00" postype="preposition" wd="En"/>
      </prep>
      <sn entityref="nne" homophoricDD="yes">
        <spec gen="m" num="s">
          <d gen="m" lem="el" num="s" pos="da0ms0" postype="article" wd="el"/>
        </spec>
        <grup.nom gen="m" num="s">
          <n gen="m" lem="caso" num="s" pos="ncms000" postype="common" sense="16:10047274" wd="caso"/>
          <sp>
            <prep>
              <s lem="de" pos="sps00" postype="preposition" wd="de"/>
            </prep>
            <sn coreftype="ident" entity="entity6" entityref="ne" ne="other">
              <spec gen="f" num="s">
                <d gen="f" lem="el" num="s" pos="da0fs0" postype="article" wd="la"/>
              </spec>
              <grup.nom gen="f" num="s">
                <n lem="Viagra" ne="other" pos="np00000" postype="proper" wd="Viagra"/>
              </grup.nom>
            </sn>
          </sp>
        </grup.nom>
      </sn>
    </sp>
    <grup.verb>
      <v lem="ser" lss="C21.state-attributive" mood="indicative" num="s" person="3" pos="vsip3s0" postype="semiauxiliary" tense="present" wd="es"/>
    </grup.verb>
    <sa arg="arg2" func="atr" tem="atr">
      <grup.a>
        <a gen="c" lem="suficiente" num="s" pos="aq0cs0" postype="qualificative" wd="suficiente"/>
      </grup.a>
    </sa>
    <sp arg="argM" func="cc" tem="ins">
      <prep>
        <s lem="con" pos="sps00" postype="preposition" wd="con"/>
      </prep>
      <sn entityref="nne">
        <spec gen="f" num="s">
          <d gen="f" lem="uno" num="s" pos="di0fs0" postype="indefinite" wd="una"/>
        </spec>
        <grup.nom gen="f" num="s">
          <n gen="f" lem="pastilla" num="s" pos="ncfs000" postype="common" sense="16:03123093" wd="pastilla"/>
        </grup.nom>
      </sn>
    </sp>
    <sn entityref="nne" func="ao">
      <f lem="," pos="fc" punct="comma" wd=","/>
      <spec gen="m" num="s">
        <d gen="c" lem="el" num="s" pos="da0ns0" postype="article" wd="lo"/>
      </spec>
      <grup.nom gen="m" num="s">
        <S clausetype="relative">
          <relatiu arg="arg0" func="suj" tem="agt">
            <p gen="c" lem="que" num="c" pos="pr0cn000" postype="relative" wd="que"/>
          </relatiu>
          <sn arg="arg1" coreftype="ident" entity="entity6" entityref="spec" func="cd" tem="pat">
            <grup.nom gen="f" num="s">
              <p case="accusative" gen="f" lem="él" num="s" person="3" pos="pp3fsa00" postype="personal" wd="la"/>
            </grup.nom>
          </sn>
          <grup.verb>
            <v lem="hacer" lss="A21.transitive-agentive-patient" mood="indicative" num="s" person="3" pos="vmip3s0" postype="main" tense="present" wd="hace"/>
          </grup.verb>
          <sa arg="arg2" func="cpred" predicate="cd" tem="atr">
            <f lem="&quot;" pos="fe" punct="quotation" wd="&quot;"/>
            <spec>
              <r lem="más" pos="rg" wd="más"/>
            </spec>
            <grup.a>
              <a gen="f" lem="atractivo" num="s" pos="aq0fs0" postype="qualificative" wd="atractiva"/>
            </grup.a>
            <f lem="&quot;" pos="fe" punct="quotation" wd="&quot;"/>
          </sa>
        </S>
      </grup.nom>
    </sn>
    <f lem="." pos="fp" punct="period" wd="."/>
  </sentence>
</article>
