<?xml version="1.0" encoding="UTF-8"?>
<!-- 

  ancora-2.0
       
			Copyright (C) 2007, 2008, 2009, 2010, 2011 UB - CLiC
			Centre de Llenguatge i Computació - Universitat de Barcelona
 
  This file is part of ancora-2.0.
 
  ancora-2.0 is free software and data: you can redistribute it and/or modify
  it under the terms of the GNU General Public License as published
  by the Free Software Foundation, either version 3 of the License,
  or (at your option) any later version.

  ancora-2.0 is distributed in the hope that it will be useful,
  but WITHOUT ANY WARRANTY; without even the implied warranty of
  MERCHANTABILITY or FITNESS FOR A PARTICULAR PURPOSE.  See the
  GNU General Public License for more details.
 
  You should have received a copy of the GNU General Public License
  along with ancora-2.0.  If not, see &lt;http://www.gnu.org/licenses/&gt;.
 
  Check a text in catalan explaining the terms of the license at http://www.softcatala.cat/wiki/GPL3.
  In spanish at http://www.viti.es/gnu/licenses/gpl.html
 

  The following paper must be cited when using this corpus:

 * Taulé, M., M.A. Martí, M. Recasens (2008) 'Ancora: Multilevel Annotated Corpora for Catalan and Spanish',
   Proceedings of 6th International Conference on Language Resources and Evaluation. Marrakesh (Morocco).

  In addition, the following paper must be cited if coreference information (attributes entity, coreftype,
  corefsubtype, homophoricDD or entityref) is used:

 * Recasens, Marta, M. Antònia Martí (2010) ‘AnCora-CO: Coreferentially annotated corpora for Spanish and
   Catalan’. Language Resources and Evaluation, Springer Science.

  Additionally, the following paper must be cited when argumental attributes in "sn" or "grup.nom"
  (attributes func, arg, tem or lexicalid) are used:

 * Peris, Aina, Mariona Taulé, Horacio Rodríguez (2010) ‘Semantic Annotation of Deverbal Nominalizations in the
   Spanish AnCora corpus’. Treebanks and Linguistic Theories (TLT-2010), Estonia.
-->
<article lng="es">
  <sentence verbless="yes">
    <sn entityref="nne" title="yes">
      <grup.nom gen="f" num="s">
        <n gen="f" lem="denuncia" lexicalid="noun.denuncia.1.default" num="s" origin="deverbal" pos="ncfs000" postype="common" sense="16:05403815" wd="Denuncia"/>
        <sp arg="arg1" func="cn" tem="pat">
          <prep>
            <s lem="por" pos="sps00" postype="preposition" wd="por"/>
          </prep>
          <sn entity="entity18" entityref="nne" homophoricDD="yes">
            <spec gen="f" num="s">
              <d gen="f" lem="el" num="s" pos="da0fs0" postype="article" wd="la"/>
            </spec>
            <grup.nom gen="f" num="s">
              <n gen="f" lem="falta" lexicalid="noun.falta.1.default" num="s" origin="deverbal" pos="ncfs000" postype="common" sense="16:cs1" wd="falta"/>
              <sp arg="arg1" func="cn" tem="tem">
                <prep>
                  <s lem="de" pos="sps00" postype="preposition" wd="de"/>
                </prep>
                <sn entityref="nne">
                  <grup.nom gen="f" num="p">
                    <n gen="f" lem="plaza" num="p" pos="ncfp000" postype="common" sense="16:cs1" wd="plazas"/>
                    <sp>
                      <prep>
                        <s lem="de" pos="sps00" postype="preposition" wd="de"/>
                      </prep>
                      <sn entity="entity16" entityref="ne" ne="other">
                        <grup.nom>
                          <n lem="FP" ne="other" pos="np00000" postype="proper" wd="FP"/>
                        </grup.nom>
                      </sn>
                    </sp>
                  </grup.nom>
                </sn>
              </sp>
              <sp arg="argM" func="cn" tem="loc">
                <prep>
                  <s lem="en" pos="sps00" postype="preposition" wd="en"/>
                </prep>
                <sn entity="entity17" entityref="ne" ne="location">
                  <grup.nom>
                    <n lem="Tarragona" ne="location" pos="np00000" postype="proper" wd="Tarragona"/>
                  </grup.nom>
                </sn>
              </sp>
            </grup.nom>
          </sn>
        </sp>
      </grup.nom>
    </sn>
    <f lem="." pos="fp" punct="period" wd="."/>
  </sentence>
  <sentence>
    <sn arg="arg0" entity="entity15" entityref="ne" func="suj" ne="person" tem="agt">
      <grup.nom gen="m" num="s">
        <n lem="Cristóbal_Castro" ne="person" pos="np00000" postype="proper" wd="Cristóbal_Castro"/>
        <sn corefsubtype="definit" coreftype="pred" entity="entity15">
          <f lem="," pos="fc" punct="comma" wd=","/>
          <grup.nom gen="m" num="s">
            <n gen="m" lem="padre" num="s" pos="ncms000" postype="common" sense="16:07258194" wd="padre"/>
            <sp>
              <prep>
                <s lem="de" pos="sps00" postype="preposition" wd="de"/>
              </prep>
              <sn entityref="nne">
                <spec gen="f" num="s">
                  <d gen="f" lem="uno" num="s" pos="di0fs0" postype="indefinite" wd="una"/>
                </spec>
                <grup.nom gen="f" num="s">
                  <n gen="f" lem="alumna" num="s" pos="ncfs000" postype="common" sense="16:07617015" wd="alumna"/>
                  <sp>
                    <prep>
                      <s lem="de" pos="sps00" postype="preposition" wd="de"/>
                    </prep>
                    <sn coreftype="ident" entity="entity16" entityref="ne" ne="other">
                      <grup.nom>
                        <n lem="Formación_Profesional" ne="other" pos="np00000" postype="proper" wd="Formación_Profesional"/>
                        <sn corefsubtype="definit" coreftype="pred" entity="entity16" entityref="ne" ne="other">
                          <grup.nom>
                            <f lem="(" pos="fpa" punct="bracket" punctenclose="open" wd="("/>
                            <n lem="FP" ne="other" pos="np00000" postype="proper" wd="FP"/>
                            <f lem=")" pos="fpt" punct="bracket" punctenclose="close" wd=")"/>
                          </grup.nom>
                        </sn>
                        <sp>
                          <prep>
                            <s lem="de" pos="sps00" postype="preposition" wd="de"/>
                          </prep>
                          <sn coreftype="ident" entity="entity17" entityref="ne" ne="location">
                            <grup.nom>
                              <n lem="Tarragona" ne="location" pos="np00000" postype="proper" wd="Tarragona"/>
                            </grup.nom>
                          </sn>
                        </sp>
                      </grup.nom>
                    </sn>
                  </sp>
                </grup.nom>
              </sn>
            </sp>
          </grup.nom>
          <f lem="," pos="fc" punct="comma" wd=","/>
        </sn>
      </grup.nom>
    </sn>
    <grup.verb>
      <v lem="denunciar" lss="A21.transitive-agentive-patient" mood="indicative" num="s" person="3" pos="vmis3s0" postype="main" tense="past" wd="denunció"/>
    </grup.verb>
    <sadv arg="argM" func="cc" tem="tmp">
      <grup.adv>
        <r lem="ayer" pos="rg" wd="ayer"/>
      </grup.adv>
    </sadv>
    <sn arg="arg1" entityref="nne" func="cd" homophoricDD="yes" tem="pat">
      <spec gen="f" num="s">
        <d gen="f" lem="el" num="s" pos="da0fs0" postype="article" wd="la"/>
      </spec>
      <grup.nom gen="f" num="s">
        <n gen="f" lem="falta" lexicalid="noun.falta.1.default" num="s" origin="deverbal" pos="ncfs000" postype="common" sense="16:cs1" wd="falta"/>
        <sp arg="arg1" func="cn" tem="tem">
          <prep>
            <s lem="de" pos="sps00" postype="preposition" wd="de"/>
          </prep>
          <sn entityref="nne">
            <grup.nom gen="f" num="s">
              <n gen="f" lem="previsión" lexicalid="noun.previsión.1.default" num="s" origin="deverbal" pos="ncfs000" postype="common" sense="16:04453620" wd="previsión"/>
              <sp arg="arg0" func="cn" tem="agt">
                <prep>
                  <s lem="de" pos="sps00" postype="preposition" wd="de"/>
                </prep>
                <sn entity="entity20" entityref="ne" ne="organization">
                  <grup.nom>
                    <n lem="Ensenyament" ne="organization" pos="np00000" postype="proper" wd="Ensenyament"/>
                  </grup.nom>
                </sn>
              </sp>
            </grup.nom>
          </sn>
        </sp>
      </grup.nom>
    </sn>
    <sp arg="argM" func="cc" tem="cau">
      <prep>
        <s lem="por" pos="sps00" postype="preposition" wd="por"/>
      </prep>
      <S clausetype="completive" impersonal="yes">
        <infinitiu>
          <v lem="excluir" lss="A21.transitive-agentive-patient" mood="infinitive" pos="vmn0000" postype="main" wd="excluir"/>
        </infinitiu>
        <sp arg="argM" func="cc" tem="cau">
          <prep>
            <s lem="por" pos="sps00" postype="preposition" wd="por"/>
          </prep>
          <sn coreftype="ident" entity="entity18" entityref="nne">
            <grup.nom gen="f" num="s">
              <n gen="f" lem="falta" lexicalid="noun.falta.1.default" num="s" origin="deverbal" pos="ncfs000" postype="common" sense="16:cs1" wd="falta"/>
              <sp arg="arg1" func="cn" tem="tem">
                <prep>
                  <s lem="de" pos="sps00" postype="preposition" wd="de"/>
                </prep>
                <sn>
                  <grup.nom gen="f" num="p">
                    <n gen="f" lem="plaza" num="p" pos="ncfp000" postype="common" sense="16:cs1" wd="plazas"/>
                  </grup.nom>
                </sn>
              </sp>
            </grup.nom>
          </sn>
        </sp>
        <sp arg="arg1" func="cd" tem="pat">
          <prep>
            <s lem="a_la_mitad_de" pos="sps00" postype="preposition" wd="a_la_mitad_de"/>
          </prep>
          <sn entity="entity19" entityref="nne" homophoricDD="yes">
            <spec gen="m" num="p">
              <d gen="m" lem="el" num="p" pos="da0mp0" postype="article" wd="los"/>
            </spec>
            <grup.nom gen="m" num="p">
              <n gen="m" lem="alumno" num="p" pos="ncmp000" postype="common" sense="16:07617015" wd="alumnos"/>
              <S clausetype="relative">
                <relatiu arg="arg0" coreftype="ident" entity="entity19" entityref="nne" func="suj" tem="agt">
                  <p gen="c" lem="que" num="c" pos="pr0cn000" postype="relative" wd="que"/>
                </relatiu>
                <grup.verb>
                  <v lem="solicitar" lss="A32.ditransitive-patient-benefactive" mood="indicative" num="p" person="3" pos="vmis3p0" postype="main" tense="past" wd="solicitaron"/>
                </grup.verb>
                <sn arg="arg1" entityref="nne" func="cd" tem="pat">
                  <spec gen="m" num="s">
                    <d gen="m" lem="uno" num="s" pos="di0ms0" postype="indefinite" wd="un"/>
                  </spec>
                  <grup.nom gen="m" num="s">
                    <n gen="m" lem="puesto" num="s" pos="ncms000" postype="common" sense="16:00385376" wd="puesto"/>
                  </grup.nom>
                </sn>
                <sp arg="argM" func="cc" tem="loc">
                  <prep>
                    <s lem="en" pos="sps00" postype="preposition" wd="en"/>
                  </prep>
                  <sn entityref="nne" homophoricDD="yes">
                    <spec gen="m" num="s">
                      <d gen="m" lem="el" num="s" pos="da0ms0" postype="article" wd="el"/>
                    </spec>
                    <grup.nom gen="m" num="s">
                      <s.a gen="m" num="s">
                        <grup.a gen="m" num="s">
                          <a gen="m" lem="nuevo" num="s" pos="aq0ms0" postype="qualificative" wd="nuevo"/>
                        </grup.a>
                      </s.a>
                      <n gen="m" lem="curso" num="s" pos="ncms000" postype="common" sense="16:00568196" wd="curso"/>
                      <s.a gen="m" num="s">
                        <grup.a gen="m" num="s">
                          <n gen="m" lem="puente" num="s" pos="ncms000" postype="common" sense="16:02336596" wd="puente"/>
                        </grup.a>
                      </s.a>
                      <sp>
                        <prep>
                          <s lem="de" pos="sps00" postype="preposition" wd="de"/>
                        </prep>
                        <sn entityref="nne">
                          <grup.nom gen="m" num="s">
                            <n gen="m" lem="grado" num="s" pos="ncms000" postype="common" sense="16:10044643" wd="grado"/>
                            <s.a gen="m" num="s">
                              <grup.a gen="m" num="s">
                                <a gen="m" lem="medio" num="s" pos="aq0ms0" postype="qualificative" wd="medio"/>
                              </grup.a>
                            </s.a>
                            <sp>
                              <prep>
                                <s lem="a" pos="sps00" postype="preposition" wd="a"/>
                              </prep>
                              <sn entityref="nne">
                                <grup.nom gen="m" num="s">
                                  <n gen="m" lem="grado" num="s" pos="ncms000" postype="common" sense="16:10044643" wd="grado"/>
                                  <s.a gen="m" num="s">
                                    <grup.a gen="m" num="s">
                                      <a gen="c" lem="superior" num="s" pos="aq0cs0" postype="qualificative" wd="superior"/>
                                    </grup.a>
                                  </s.a>
                                </grup.nom>
                              </sn>
                            </sp>
                          </grup.nom>
                        </sn>
                      </sp>
                      <sp>
                        <prep>
                          <s lem="en" pos="sps00" postype="preposition" wd="en"/>
                        </prep>
                        <sn entityref="ne" ne="organization">
                          <spec gen="m" num="s">
                            <d gen="m" lem="el" num="s" pos="da0ms0" postype="article" wd="el"/>
                          </spec>
                          <grup.nom gen="m" num="s">
                            <n gen="m" lem="instituto" num="s" pos="ncms000" postype="common" sense="16:06218671" wd="instituto"/>
                            <sn entityref="ne" ne="person">
                              <grup.nom gen="m" num="s">
                                <n lem="Vidal_i_Barraquer" ne="person" pos="np00000" postype="proper" wd="Vidal_i_Barraquer"/>
                              </grup.nom>
                            </sn>
                          </grup.nom>
                        </sn>
                      </sp>
                    </grup.nom>
                  </sn>
                </sp>
              </S>
            </grup.nom>
          </sn>
        </sp>
      </S>
    </sp>
    <f lem="." pos="fp" punct="period" wd="."/>
  </sentence>
  <sentence coord="yes">
    <S>
      <sp arg="arg2" func="cc" tem="loc">
        <prep>
          <s lem="en" pos="sps00" postype="preposition" wd="En"/>
        </prep>
        <sn entityref="nne">
          <spec gen="f" num="s">
            <d gen="f" lem="uno" num="s" pos="di0fs0" postype="indefinite" wd="una"/>
          </spec>
          <grup.nom gen="f" num="s">
            <n gen="f" lem="lista" num="s" pos="ncfs000" postype="common" sense="16:04866394" wd="lista"/>
            <s.a gen="f" num="s">
              <grup.a gen="f" num="s">
                <a gen="c" lem="provisional" num="s" pos="aq0cs0" postype="qualificative" wd="provisional"/>
              </grup.a>
            </s.a>
            <S clausetype="participle" impersonal="yes">
              <participi>
                <a gen="f" lem="aparecido" lss="B12.unaccusative-passive-ditransitive" num="s" pos="aq0fsp" posfunction="participle" postype="qualificative" wd="aparecida"/>
              </participi>
              <sn arg="argM" entityref="ne" func="cc" ne="date" tem="tmp">
                <spec gen="m" num="s">
                  <d gen="m" lem="el" num="s" pos="da0ms0" postype="article" wd="el"/>
                </spec>
                <grup.nom gen="m" num="s">
                  <w lem="[??:02/??/??:??.??]" ne="date" wd="día_2"/>
                </grup.nom>
              </sn>
            </S>
          </grup.nom>
        </sn>
      </sp>
      <grup.verb>
        <v lem="figurar" lss="C11.state-existential" mood="indicative" num="p" person="3" pos="vmii3p0" postype="main" tense="imperfect" wd="figuraban"/>
      </grup.verb>
      <sn arg="arg1" coreftype="ident" entity="entity19" entityref="nne" func="suj" homophoricDD="yes" tem="tem">
        <spec gen="m" num="p">
          <d gen="m" lem="el" num="p" pos="da0mp0" postype="article" wd="los"/>
          <z lem="68" ne="number" wd="68"/>
        </spec>
        <grup.nom gen="m" num="p">
          <n gen="m" lem="alumno" num="p" pos="ncmp000" postype="common" sense="16:07617015" wd="alumnos"/>
          <s.a gen="m" num="p">
            <grup.a gen="m" num="p">
              <a gen="m" lem="peticionario" num="p" pos="aq0mp0" postype="qualificative" wd="peticionarios"/>
            </grup.a>
          </s.a>
        </grup.nom>
      </sn>
      <f lem="," pos="fc" punct="comma" wd=","/>
    </S>
    <conj conjunctiontype="coordinating">
      <c lem="pero" pos="cc" postype="coordinating" wd="pero"/>
    </conj>
    <S>
      <sadv arg="argM" func="cc" tem="tmp">
        <sn adjunct="yes" entityref="nne">
          <spec gen="f" num="s">
            <d gen="f" lem="uno" num="s" pos="di0fs0" postype="indefinite" wd="una"/>
          </spec>
          <grup.nom gen="f" num="s">
            <n gen="f" lem="semana" num="s" pos="ncfs000" postype="common" sense="16:10862128" wd="semana"/>
          </grup.nom>
        </sn>
        <sadv>
          <grup.adv>
            <r lem="después" pos="rg" wd="después"/>
          </grup.adv>
        </sadv>
      </sadv>
      <sp arg="arg2" func="cc" tem="loc">
        <f lem="," pos="fc" punct="comma" wd=","/>
        <prep>
          <s lem="en" pos="sps00" postype="preposition" wd="en"/>
        </prep>
        <sn entityref="nne" homophoricDD="yes">
          <spec gen="f" num="s">
            <d gen="f" lem="el" num="s" pos="da0fs0" postype="article" wd="la"/>
          </spec>
          <grup.nom gen="f" num="s">
            <n gen="f" lem="lista" num="s" pos="ncfs000" postype="common" sense="16:04866394" wd="lista"/>
            <s.a gen="f" num="s">
              <grup.a gen="f" num="s">
                <a gen="f" lem="definitivo" num="s" pos="aq0fs0" postype="qualificative" wd="definitiva"/>
              </grup.a>
            </s.a>
          </grup.nom>
        </sn>
        <f lem="," pos="fc" punct="comma" wd=","/>
      </sp>
      <sadv func="mod">
        <grup.adv>
          <r lem="sólo" pos="rg" wd="sólo"/>
        </grup.adv>
      </sadv>
      <grup.verb>
        <v lem="estar" lss="C11.state-existential" mood="indicative" num="p" person="3" pos="vmii3p0" postype="main" tense="imperfect" wd="estaban"/>
      </grup.verb>
      <sn arg="arg1" entityref="ne" func="suj" ne="number" tem="tem">
        <grup.nom gen="m" num="p">
          <z lem="35" ne="number" wd="35"/>
        </grup.nom>
      </sn>
    </S>
    <f lem="." pos="fp" punct="period" wd="."/>
  </sentence>
  <sentence coord="yes">
    <S>
      <sn arg="arg0" coreftype="ident" entity="entity20" entityref="ne" func="suj" ne="organization" tem="agt">
        <grup.nom>
          <n lem="Ensenyament" ne="organization" pos="np00000" postype="proper" wd="Ensenyament"/>
        </grup.nom>
      </sn>
      <grup.verb>
        <v lem="admitir" lss="A21.transitive-agentive-patient" mood="indicative" num="s" person="3" pos="vmis3s0" postype="main" tense="past" wd="admitió"/>
      </grup.verb>
      <S arg="arg1" clausetype="completive" func="cd" tem="pat">
        <conj conjunctiontype="subordinating">
          <c lem="que" pos="cs" postype="subordinating" wd="que"/>
        </conj>
        <grup.verb>
          <v lem="haber" mood="indicative" num="s" person="3" pos="vaip3s0" postype="auxiliary" tense="present" wd="ha"/>
          <v gen="m" lem="haber" lss="C11.state-existential" mood="participle" num="s" pos="vap00sm" postype="auxiliary" wd="habido"/>
        </grup.verb>
        <sn arg="arg1" entityref="nne" func="cd" functype="quantitative" tem="tem">
          <grup.nom gen="f" num="p">
            <n gen="f" lem="deficiencia" num="p" pos="ncfp000" postype="common" sense="16:10377620" wd="deficiencias"/>
          </grup.nom>
        </sn>
        <sp arg="argM" func="cc" tem="adv">
          <prep>
            <s lem="en" pos="sps00" postype="preposition" wd="en"/>
          </prep>
          <sn entityref="nne" homophoricDD="yes">
            <spec gen="m" num="s">
              <d gen="m" lem="el" num="s" pos="da0ms0" postype="article" wd="el"/>
            </spec>
            <grup.nom gen="m" num="s">
              <n gen="m" lem="procedimiento" lexicalid="noun.procedimiento.1.default" num="s" origin="deverbal" pos="ncms000" postype="common" sense="16:00660718" wd="procedimiento"/>
            </grup.nom>
          </sn>
        </sp>
      </S>
      <f lem="," pos="fc" punct="comma" wd=","/>
    </S>
    <conj conjunctiontype="coordinating">
      <c lem="pero" pos="cc" postype="coordinating" wd="pero"/>
    </conj>
    <S>
      <sn arg="arg0" coreftype="ident" elliptic="yes" entity="entity20" entityref="spec" func="suj" tem="agt"/>
      <neg func="mod">
        <r lem="no" pos="rn" postype="negative" wd="no"/>
      </neg>
      <grup.verb>
        <v lem="aportar" lss="A21.transitive-agentive-patient" mood="indicative" num="s" person="3" pos="vmis3s0" postype="main" tense="past" wd="aportó"/>
      </grup.verb>
      <sn arg="arg1" func="cd" tem="pat">
        <spec gen="f" num="s">
          <d gen="f" lem="ninguno" num="s" pos="di0fs0" postype="indefinite" wd="ninguna"/>
        </spec>
        <grup.nom gen="f" num="s">
          <n gen="f" lem="solución" lexicalid="noun.solución.1.default" num="s" origin="deverbal" pos="ncfs000" postype="common" sense="16:04377480" wd="solución"/>
        </grup.nom>
      </sn>
    </S>
    <f lem="." pos="fp" punct="period" wd="."/>
  </sentence>
</article>
