<?xml version="1.0" encoding="UTF-8"?>
<!-- 

  ancora-2.0
       
			Copyright (C) 2007, 2008, 2009, 2010, 2011 UB - CLiC
			Centre de Llenguatge i Computació - Universitat de Barcelona
 
  This file is part of ancora-2.0.
 
  ancora-2.0 is free software and data: you can redistribute it and/or modify
  it under the terms of the GNU General Public License as published
  by the Free Software Foundation, either version 3 of the License,
  or (at your option) any later version.

  ancora-2.0 is distributed in the hope that it will be useful,
  but WITHOUT ANY WARRANTY; without even the implied warranty of
  MERCHANTABILITY or FITNESS FOR A PARTICULAR PURPOSE.  See the
  GNU General Public License for more details.
 
  You should have received a copy of the GNU General Public License
  along with ancora-2.0.  If not, see &lt;http://www.gnu.org/licenses/&gt;.
 
  Check a text in catalan explaining the terms of the license at http://www.softcatala.cat/wiki/GPL3.
  In spanish at http://www.viti.es/gnu/licenses/gpl.html
 

  The following paper must be cited when using this corpus:

 * Taulé, M., M.A. Martí, M. Recasens (2008) 'Ancora: Multilevel Annotated Corpora for Catalan and Spanish',
   Proceedings of 6th International Conference on Language Resources and Evaluation. Marrakesh (Morocco).

  In addition, the following paper must be cited if coreference information (attributes entity, coreftype,
  corefsubtype, homophoricDD or entityref) is used:

 * Recasens, Marta, M. Antònia Martí (2010) ‘AnCora-CO: Coreferentially annotated corpora for Spanish and
   Catalan’. Language Resources and Evaluation, Springer Science.

  Additionally, the following paper must be cited when argumental attributes in "sn" or "grup.nom"
  (attributes func, arg, tem or lexicalid) are used:

 * Peris, Aina, Mariona Taulé, Horacio Rodríguez (2010) ‘Semantic Annotation of Deverbal Nominalizations in the
   Spanish AnCora corpus’. Treebanks and Linguistic Theories (TLT-2010), Estonia.
-->
<article lng="es">
  <sentence id="28" verbless="yes">
    <S clausetype="participle" impersonal="yes">
      <participi>
        <a gen="m" lem="detenido" num="p" pos="aq0mpp" posfunction="participle" postype="qualificative" wd="Detenidos"/>
      </participi>
    </S>
    <sn entity="entity2" entityref="nne" title="yes">
      <spec gen="m" num="p">
        <d gen="c" lem="dos" num="p" pos="dn0cp0" postype="numeral" wd="dos"/>
      </spec>
      <grup.nom gen="m" num="p">
        <s.a gen="m" num="p">
          <grup.a gen="m" num="p">
            <a gen="m" lem="presunto" num="p" pos="aq0mp0" postype="qualificative" wd="presuntos"/>
          </grup.a>
        </s.a>
        <n gen="c" lem="criminal" num="p" pos="nccp000" postype="common" sense="16:07193161" wd="criminales"/>
        <sp>
          <prep>
            <s lem="de" pos="sps00" postype="preposition" wd="de"/>
          </prep>
          <sn>
            <grup.nom gen="f" num="s">
              <n gen="f" lem="guerra" num="s" pos="ncfs000" postype="common" sense="16:10071856" wd="guerra"/>
            </grup.nom>
          </sn>
        </sp>
        <s.a gen="m" num="p">
          <grup.a gen="m" num="p">
            <a gen="m" lem="serbio" num="p" pos="aq0mp0" postype="qualificative" wd="serbios"/>
          </grup.a>
        </s.a>
      </grup.nom>
    </sn>
    <sp>
      <prep>
        <s lem="en" pos="sps00" postype="preposition" wd="en"/>
      </prep>
      <sn entity="entity1" entityref="ne" ne="location" title="yes">
        <grup.nom>
          <n lem="Kosovo" ne="location" pos="np00000" postype="proper" wd="Kosovo"/>
        </grup.nom>
      </sn>
    </sp>
    <f lem="." pos="fp" punct="period" wd="."/>
  </sentence>
  <sentence id="29">
    <sn arg="arg1" entityref="nne" func="suj" tem="pat">
      <spec gen="m" num="p">
        <d gen="m" lem="el" num="p" pos="da0mp0" postype="article" wd="Los"/>
      </spec>
      <grup.nom gen="m" num="p">
        <n arg="arg1" gen="m" lem="arresto" lexicalid="noun.arresto.1.default" num="p" origin="deverbal" pos="ncmp000" postype="common" sense="16:00054269" tem="pat" wd="arrestos"/>
      </grup.nom>
    </sn>
    <grup.verb>
      <v lem="ser" mood="indicative" num="p" person="3" pos="vsis3p0" postype="semiauxiliary" tense="past" wd="fueron"/>
      <v gen="m" lem="llevar_a_cabo" lss="B22.unaccusative-passive-transitive" mood="participle" num="p" pos="vmp00pm" postype="main" wd="llevados_a_cabo"/>
    </grup.verb>
    <sn arg="argM" entityref="ne" func="cc" ne="date" tem="tmp">
      <spec gen="m" num="s">
        <d gen="m" lem="el" num="s" pos="da0ms0" postype="article" wd="el"/>
      </spec>
      <grup.nom gen="m" num="s">
        <w lem="[L:??/??/??:??.??]" ne="date" wd="lunes"/>
      </grup.nom>
    </sn>
    <sp arg="argM" func="cc" tem="loc">
      <prep>
        <s lem="en" pos="sps00" postype="preposition" wd="en"/>
      </prep>
      <sn entityref="ne" ne="location">
        <spec gen="f" num="s">
          <d gen="f" lem="el" num="s" pos="da0fs0" postype="article" wd="la"/>
        </spec>
        <grup.nom gen="f" num="s">
          <n gen="f" lem="localidad" num="s" pos="ncfs000" postype="common" sense="16:cs1" wd="localidad"/>
          <sp>
            <prep>
              <s lem="de" pos="sps00" postype="preposition" wd="de"/>
            </prep>
            <sn entityref="ne" ne="location">
              <grup.nom>
                <n lem="Velika_Hoca" ne="location" pos="np00000" postype="proper" wd="Velika_Hoca"/>
              </grup.nom>
            </sn>
          </sp>
          <sp>
            <f lem="," pos="fc" punct="comma" wd=","/>
            <prep>
              <s lem="en" pos="sps00" postype="preposition" wd="en"/>
            </prep>
            <sn entityref="ne" ne="location">
              <spec gen="m" num="s">
                <d gen="m" lem="el" num="s" pos="da0ms0" postype="article" wd="el"/>
              </spec>
              <grup.nom gen="m" num="s">
                <n gen="m" lem="suroeste" num="s" pos="ncms000" postype="common" sense="16:09965562" wd="suroeste"/>
                <sp>
                  <prep>
                    <s lem="de" pos="sps00" postype="preposition" wd="de"/>
                  </prep>
                  <sn coreftype="ident" entity="entity1" entityref="ne" ne="location">
                    <grup.nom>
                      <n lem="Kosovo" ne="location" pos="np00000" postype="proper" wd="Kosovo"/>
                    </grup.nom>
                  </sn>
                </sp>
              </grup.nom>
            </sn>
            <f lem="," pos="fc" punct="comma" wd=","/>
          </sp>
        </grup.nom>
      </sn>
    </sp>
    <sp arg="arg0" func="cag" tem="agt">
      <prep>
        <s lem="por" pos="sps00" postype="preposition" wd="por"/>
      </prep>
      <sn entityref="ne" ne="organization">
        <spec gen="f" num="s">
          <d gen="f" lem="el" num="s" pos="da0fs0" postype="article" wd="la"/>
        </spec>
        <grup.nom gen="f" num="s">
          <n gen="c" lem="policía" num="s" pos="nccs000" postype="common" sense="16:06093563" wd="policía"/>
          <sp>
            <prep>
              <s lem="de" pos="sps00" postype="preposition" wd="de"/>
            </prep>
            <sn entityref="ne" ne="organization">
              <grup.nom gen="f" num="p">
                <n lem="Naciones_Unidas" ne="organization" pos="np00000" postype="proper" wd="Naciones_Unidas"/>
              </grup.nom>
            </sn>
          </sp>
        </grup.nom>
      </sn>
    </sp>
    <f lem="." pos="fp" punct="period" wd="."/>
  </sentence>
  <sentence id="30">
    <sn arg="arg1" complex="yes" coreftype="ident" entity="entity2" entityref="nne" func="suj" tem="pat">
      <grup.nom coord="yes">
        <grup.nom gen="m" num="s">
          <n lem="Stojan_Jovanovic" ne="person" pos="np00000" postype="proper" wd="Stojan_Jovanovic"/>
          <sp>
            <f lem="," pos="fc" punct="comma" wd=","/>
            <prep>
              <s lem="de" pos="sps00" postype="preposition" wd="de"/>
            </prep>
            <sn>
              <spec gen="m" num="p">
                <z lem="41" ne="number" wd="41"/>
              </spec>
              <grup.nom gen="m" num="p">
                <n gen="m" lem="año" num="p" pos="ncmp000" postype="common" sense="16:10917509" wd="años"/>
              </grup.nom>
            </sn>
            <f lem="," pos="fc" punct="comma" wd=","/>
          </sp>
        </grup.nom>
        <conj conjunctiontype="coordinating">
          <c lem="y" pos="cc" postype="coordinating" wd="y"/>
        </conj>
        <grup.nom gen="m" num="s">
          <n lem="Bogoljub_Misic" ne="person" pos="np00000" postype="proper" wd="Bogoljub_Misic"/>
          <sp>
            <f lem="," pos="fc" punct="comma" wd=","/>
            <prep>
              <s lem="de" pos="sps00" postype="preposition" wd="de"/>
            </prep>
            <sn>
              <grup.nom gen="m" num="p">
                <z lem="38" ne="number" wd="38"/>
              </grup.nom>
            </sn>
            <f lem="," pos="fc" punct="comma" wd=","/>
          </sp>
        </grup.nom>
      </grup.nom>
    </sn>
    <grup.verb>
      <v lem="ser" mood="indicative" num="p" person="3" pos="vsis3p0" postype="semiauxiliary" tense="past" wd="fueron"/>
      <v gen="m" lem="detener" lss="B22.unaccusative-passive-transitive" mood="participle" num="p" pos="vmp00pm" postype="main" wd="detenidos"/>
    </grup.verb>
    <S arg="argM" clausetype="adverbial" func="cc" tem="tmp">
      <conj conjunctiontype="subordinating">
        <c lem="cuando" pos="cs" postype="subordinating" wd="cuando"/>
      </conj>
      <sn arg="arg0" coreftype="ident" elliptic="yes" entity="entity2" entityref="nne" func="suj" tem="agt"/>
      <grup.verb>
        <v lem="reservar" lss="A21.transitive-agentive-patient" mood="indicative" num="p" person="3" pos="vmii3p0" postype="main" tense="imperfect" wd="reservaban"/>
      </grup.verb>
      <sn arg="arg1" entityref="nne" func="cd" tem="pat">
        <grup.nom gen="m" num="s">
          <n gen="m" lem="asiento" num="s" pos="ncms000" postype="common" sense="16:06368526" wd="asiento"/>
        </grup.nom>
      </sn>
      <sp arg="argM" func="cc" tem="loc">
        <prep>
          <s lem="en" pos="sps00" postype="preposition" wd="en"/>
        </prep>
        <sn entity="entity3" entityref="nne">
          <spec gen="m" num="s">
            <d gen="m" lem="uno" num="s" pos="di0ms0" postype="indefinite" wd="un"/>
          </spec>
          <grup.nom gen="m" num="s">
            <n gen="m" lem="autobús" num="s" pos="ncms000" postype="common" sense="16:02356526" wd="autobús"/>
            <S clausetype="relative">
              <relatiu arg="arg2" coreftype="ident" entity="entity3" entityref="nne" func="suj" tem="ins">
                <p gen="c" lem="que" num="c" pos="pr0cn000" postype="relative" wd="que"/>
              </relatiu>
              <grup.verb>
                <v lem="cubrir" lss="A21.transitive-agentive-patient" mood="indicative" num="s" person="3" pos="vmip3s0" postype="main" tense="present" wd="cubre"/>
              </grup.verb>
              <sn arg="arg1" entityref="ne" func="cd" homophoricDD="yes" ne="location" tem="pat">
                <spec gen="m" num="s">
                  <d gen="m" lem="el" num="s" pos="da0ms0" postype="article" wd="el"/>
                </spec>
                <grup.nom gen="m" num="s">
                  <n gen="m" lem="trayecto" num="s" pos="ncms000" postype="common" sense="16:00200009" wd="trayecto"/>
                  <sp>
                    <prep>
                      <s lem="entre" pos="sps00" postype="preposition" wd="entre"/>
                    </prep>
                    <sn complex="yes">
                      <grup.nom coord="yes">
                        <grup.nom entity="entity4">
                          <n lem="Orahovac" ne="location" pos="np00000" postype="proper" wd="Orahovac"/>
                        </grup.nom>
                        <conj conjunctiontype="coordinating">
                          <c lem="y" pos="cc" postype="coordinating" wd="y"/>
                        </conj>
                        <grup.nom>
                          <n lem="Kosovska_Mitrovica" ne="location" pos="np00000" postype="proper" wd="Kosovska_Mitrovica"/>
                        </grup.nom>
                      </grup.nom>
                    </sn>
                  </sp>
                </grup.nom>
              </sn>
            </S>
          </grup.nom>
        </sn>
      </sp>
    </S>
    <f lem="." pos="fp" punct="period" wd="."/>
  </sentence>
  <sentence id="31">
    <sn arg="arg1" coreftype="ident" entity="entity4" entityref="ne" func="suj" ne="location" tem="tem">
      <spec gen="f" num="s">
        <d gen="f" lem="el" num="s" pos="da0fs0" postype="article" wd="La"/>
      </spec>
      <grup.nom gen="f" num="s">
        <n gen="f" lem="región" num="s" pos="ncfs000" postype="common" sense="16:06321228" wd="región"/>
        <sp>
          <prep>
            <s lem="de" pos="sps00" postype="preposition" wd="de"/>
          </prep>
          <sn entityref="ne" ne="location">
            <grup.nom>
              <n lem="Orahovac" ne="location" pos="np00000" postype="proper" wd="Orahovac"/>
            </grup.nom>
          </sn>
        </sp>
      </grup.nom>
    </sn>
    <grup.verb>
      <v lem="ser" lss="C21.state-attributive" mood="indicative" num="s" person="3" pos="vsis3s0" postype="semiauxiliary" tense="past" wd="fue"/>
    </grup.verb>
    <sn arg="arg2" func="atr" tem="atr">
      <grup.nom discid="1n" gen="m" num="s">
        <n gen="m" lem="escenario" num="s" pos="ncms000" postype="common" sense="16:cs1" wd="escenario"/>
      </grup.nom>
    </sn>
    <sn arg="argM" entity="entity5" entityref="ne" func="cc" ne="date" tem="tmp">
      <spec gen="m" num="s">
        <d gen="m" lem="el" num="s" pos="da0ms0" postype="article" wd="el"/>
      </spec>
      <grup.nom gen="m" num="s">
        <w lem="[??:??/??/??:??.??]" ne="date" wd="año"/>
        <S clausetype="participle" impersonal="yes">
          <participi>
            <a gen="m" lem="pasado" num="s" pos="aq0msp" posfunction="participle" postype="qualificative" wd="pasado"/>
          </participi>
        </S>
      </grup.nom>
    </sn>
    <sp discid="1c">
      <prep>
        <s lem="de" pos="sps00" postype="preposition" wd="de"/>
      </prep>
      <sn entityref="nne">
        <grup.nom gen="m" num="p">
          <s.a func="cn" gen="m" num="p">
            <grup.a gen="m" num="p">
              <a gen="m" lem="violento" num="p" pos="aq0mp0" postype="qualificative" wd="violentos"/>
            </grup.a>
          </s.a>
          <n gen="m" lem="combate" lexicalid="noun.combate.1.default" num="p" origin="deverbal" pos="ncmp000" postype="common" sense="16:00619159" wd="combates"/>
          <sp arg="arg0" func="cn" tem="agt">
            <prep>
              <s lem="entre" pos="sps00" postype="preposition" wd="entre"/>
            </prep>
            <sn coord="yes">
              <sn entityref="nne" homophoricDD="yes">
                <spec gen="f" num="p">
                  <d gen="f" lem="el" num="p" pos="da0fp0" postype="article" wd="las"/>
                </spec>
                <grup.nom gen="f" num="p">
                  <n gen="f" lem="fuerza" num="p" pos="ncfp000" postype="common" sense="16:07491804" wd="fuerzas"/>
                  <s.a gen="f" num="p">
                    <grup.a gen="f" num="p">
                      <a gen="f" lem="serbio" num="p" pos="aq0fp0" postype="qualificative" wd="serbias"/>
                    </grup.a>
                  </s.a>
                </grup.nom>
              </sn>
              <conj conjunctiontype="coordinating">
                <c lem="y" pos="cc" postype="coordinating" wd="y"/>
              </conj>
              <sn entityref="ne" ne="organization">
                <spec gen="f" num="s">
                  <d gen="f" lem="el" num="s" pos="da0fs0" postype="article" wd="la"/>
                </spec>
                <grup.nom gen="f" num="s">
                  <n gen="f" lem="guerrilla" num="s" pos="ncfs000" postype="common" sense="16:50000463" wd="guerrilla"/>
                  <s.a gen="f" num="s">
                    <grup.a gen="f" num="s">
                      <a gen="c" lem="albanokosovar" num="s" pos="aq0cs0" postype="qualificative" wd="albanokosovar"/>
                    </grup.a>
                  </s.a>
                </grup.nom>
              </sn>
            </sn>
          </sp>
        </grup.nom>
      </sn>
    </sp>
    <f lem="." pos="fp" punct="period" wd="."/>
  </sentence>
  <sentence id="32">
    <sn arg="arg1" entityref="nne" func="suj" tem="pat">
      <spec gen="f" num="p">
        <d gen="f" lem="varios" num="p" pos="di0fp0" postype="indefinite" wd="Varias"/>
      </spec>
      <grup.nom gen="f" num="p">
        <n gen="f" lem="fosa" num="p" pos="ncfp000" postype="common" sense="16:06735438" wd="fosas"/>
        <s.a gen="f" num="p">
          <grup.a gen="f" num="p">
            <a gen="c" lem="común" num="p" pos="aq0cp0" postype="qualificative" wd="comunes"/>
          </grup.a>
        </s.a>
      </grup.nom>
    </sn>
    <grup.verb>
      <v lem="haber" mood="indicative" num="p" person="3" pos="vaip3p0" postype="auxiliary" tense="present" wd="han"/>
      <v gen="m" lem="ser" mood="participle" num="s" pos="vsp00sm" postype="semiauxiliary" wd="sido"/>
      <v gen="f" lem="descubrir" lss="B22.unaccusative-passive-transitive" mood="participle" num="p" pos="vmp00pf" postype="main" wd="descubiertas"/>
    </grup.verb>
    <sp arg="argM" func="cc" tem="loc">
      <prep>
        <s lem="en" pos="sps00" postype="preposition" wd="en"/>
      </prep>
      <sn coreftype="ident" entity="entity4" entityref="spec">
        <spec gen="f" num="s">
          <d gen="f" lem="el" num="s" pos="da0fs0" postype="article" wd="la"/>
        </spec>
        <grup.nom gen="f" num="s">
          <n gen="f" lem="región" num="s" pos="ncfs000" postype="common" sense="16:06321228" wd="región"/>
        </grup.nom>
      </sn>
    </sp>
    <f lem="." pos="fp" punct="period" wd="."/>
  </sentence>
  <sentence id="33">
    <sp arg="argM" func="cc" tem="tmp">
      <prep>
        <s lem="desde" pos="sps00" postype="preposition" wd="Desde"/>
      </prep>
      <sn entityref="nne">
        <spec arg="arg1" gen="f" num="s" tem="tem">
          <d entity="entity6" entityref="spec" gen="c" lem="su" num="s" person="3" pos="dp3cs0" postype="possessive" wd="su"/>
        </spec>
        <grup.nom gen="f" num="s">
          <n gen="f" lem="entrada" lexicalid="noun.entrada.2.default" num="s" origin="deverbal" pos="ncfs000" postype="common" sense="16:00181619" wd="entrada"/>
          <sp arg="arg2" func="cn" tem="loc">
            <prep>
              <s lem="en" pos="sps00" postype="preposition" wd="en"/>
            </prep>
            <sn coreftype="ident" entity="entity1" entityref="ne" ne="location">
              <grup.nom>
                <n lem="Kosovo" ne="location" pos="np00000" postype="proper" wd="Kosovo"/>
              </grup.nom>
            </sn>
          </sp>
          <sp arg="argM" func="cn" tem="tmp">
            <f lem="," pos="fc" punct="comma" wd=","/>
            <prep>
              <s lem="en" pos="sps00" postype="preposition" wd="en"/>
            </prep>
            <sn entityref="ne" ne="date">
              <grup.nom gen="m" num="s">
                <w lem="[??:??/06/??:??.??]" ne="date" wd="Junio"/>
                <sp>
                  <prep>
                    <s contracted="yes" gen="m" lem="del" num="s" pos="spcms" postype="preposition" wd="del"/>
                  </prep>
                  <sn coreftype="ident" entity="entity5" entityref="spec">
                    <grup.nom gen="m" num="s">
                      <n gen="m" lem="año" num="s" pos="ncms000" postype="common" sense="16:10917509" wd="año"/>
                      <S clausetype="participle" impersonal="yes">
                        <participi>
                          <a gen="m" lem="pasado" num="s" pos="aq0msp" posfunction="participle" postype="qualificative" wd="pasado"/>
                        </participi>
                      </S>
                    </grup.nom>
                  </sn>
                </sp>
              </grup.nom>
            </sn>
            <f lem="," pos="fc" punct="comma" wd=","/>
          </sp>
        </grup.nom>
      </sn>
    </sp>
    <sn arg="arg0" coreftype="ident" entity="entity6" entityref="ne" func="suj" ne="organization" tem="agt">
      <spec gen="f" num="s">
        <d gen="f" lem="el" num="s" pos="da0fs0" postype="article" wd="la"/>
      </spec>
      <grup.nom gen="f" num="s">
        <n gen="f" lem="fuerza" num="s" pos="ncfs000" postype="common" sense="16:07491804" wd="fuerza"/>
        <sp>
          <prep>
            <s lem="de" pos="sps00" postype="preposition" wd="de"/>
          </prep>
          <sn>
            <grup.nom gen="f" num="s">
              <n gen="f" lem="paz" num="s" pos="ncfs000" postype="common" sense="16:10065207" wd="paz"/>
            </grup.nom>
          </sn>
        </sp>
        <sp>
          <prep>
            <s lem="de" pos="sps00" postype="preposition" wd="de"/>
          </prep>
          <sn entityref="ne" ne="organization">
            <spec gen="f" num="s">
              <d gen="f" lem="el" num="s" pos="da0fs0" postype="article" wd="la"/>
            </spec>
            <grup.nom gen="f" num="s">
              <n lem="OTAN" ne="organization" pos="np00000" postype="proper" wd="OTAN"/>
            </grup.nom>
          </sn>
        </sp>
      </grup.nom>
    </sn>
    <grup.verb>
      <v lem="haber" mood="indicative" num="s" person="3" pos="vaip3s0" postype="auxiliary" tense="present" wd="ha"/>
      <v gen="m" lem="arrestar" lss="A21.transitive-agentive-patient" mood="participle" num="s" pos="vmp00sm" postype="main" wd="arrestado"/>
    </grup.verb>
    <sp arg="arg1" func="cd" tem="pat">
      <prep>
        <s lem="a" pos="sps00" postype="preposition" wd="a"/>
      </prep>
      <sn entityref="nne">
        <spec gen="m" num="p">
          <d gen="c" lem="cinco" num="p" pos="dn0cp0" postype="numeral" wd="cinco"/>
        </spec>
        <grup.nom gen="m" num="p">
          <n gen="m" lem="serbio" num="p" pos="ncmp000" postype="common" sense="16:50000534" wd="serbios"/>
          <s.a gen="m" num="p">
            <f lem="," pos="fc" punct="comma" wd=","/>
            <grup.a gen="m" num="p">
              <a gen="m" lem="sospechoso" num="p" pos="aq0mp0" postype="qualificative" wd="sospechosos"/>
              <sp>
                <prep>
                  <s lem="de" pos="sps00" postype="preposition" wd="de"/>
                </prep>
                <sn entityref="nne">
                  <grup.nom gen="m" num="p">
                    <n gen="m" lem="crimen" num="p" pos="ncmp000" postype="common" sense="16:00490590" wd="crímenes"/>
                    <sp>
                      <prep>
                        <s lem="de" pos="sps00" postype="preposition" wd="de"/>
                      </prep>
                      <sn>
                        <grup.nom gen="f" num="s">
                          <n gen="f" lem="guerra" num="s" pos="ncfs000" postype="common" sense="16:10071856" wd="guerra"/>
                        </grup.nom>
                      </sn>
                    </sp>
                  </grup.nom>
                </sn>
              </sp>
            </grup.a>
          </s.a>
        </grup.nom>
      </sn>
    </sp>
    <f lem="." pos="fp" punct="period" wd="."/>
  </sentence>
</article>
