<?xml version="1.0" encoding="UTF-8"?>
<!-- 

  ancora-2.0
       
			Copyright (C) 2007, 2008, 2009, 2010, 2011 UB - CLiC
			Centre de Llenguatge i Computació - Universitat de Barcelona
 
  This file is part of ancora-2.0.
 
  ancora-2.0 is free software and data: you can redistribute it and/or modify
  it under the terms of the GNU General Public License as published
  by the Free Software Foundation, either version 3 of the License,
  or (at your option) any later version.

  ancora-2.0 is distributed in the hope that it will be useful,
  but WITHOUT ANY WARRANTY; without even the implied warranty of
  MERCHANTABILITY or FITNESS FOR A PARTICULAR PURPOSE.  See the
  GNU General Public License for more details.
 
  You should have received a copy of the GNU General Public License
  along with ancora-2.0.  If not, see &lt;http://www.gnu.org/licenses/&gt;.
 
  Check a text in catalan explaining the terms of the license at http://www.softcatala.cat/wiki/GPL3.
  In spanish at http://www.viti.es/gnu/licenses/gpl.html
 

  The following paper must be cited when using this corpus:

 * Taulé, M., M.A. Martí, M. Recasens (2008) 'Ancora: Multilevel Annotated Corpora for Catalan and Spanish',
   Proceedings of 6th International Conference on Language Resources and Evaluation. Marrakesh (Morocco).

  In addition, the following paper must be cited if coreference information (attributes entity, coreftype,
  corefsubtype, homophoricDD or entityref) is used:

 * Recasens, Marta, M. Antònia Martí (2010) ‘AnCora-CO: Coreferentially annotated corpora for Spanish and
   Catalan’. Language Resources and Evaluation, Springer Science.

  Additionally, the following paper must be cited when argumental attributes in "sn" or "grup.nom"
  (attributes func, arg, tem or lexicalid) are used:

 * Peris, Aina, Mariona Taulé, Horacio Rodríguez (2010) ‘Semantic Annotation of Deverbal Nominalizations in the
   Spanish AnCora corpus’. Treebanks and Linguistic Theories (TLT-2010), Estonia.
-->
<article lng="es">
  <sentence id="18">
    <sn arg="arg0" entity="entity1" entityref="ne" func="suj" ne="person" tem="agt" title="yes">
      <spec gen="m" num="s">
        <d gen="m" lem="el" num="s" pos="da0ms0" postype="article" wd="El"/>
      </spec>
      <grup.nom gen="m" num="s">
        <n gen="m" lem="presidente" num="s" pos="ncms000" postype="common" sense="16:07496197" wd="presidente"/>
        <s.a gen="m" num="s">
          <grup.a gen="m" num="s">
            <a gen="m" lem="indonesio" num="s" pos="aq0ms0" postype="qualificative" wd="indonesio"/>
          </grup.a>
        </s.a>
      </grup.nom>
    </sn>
    <grup.verb>
      <v lem="pedir" lss="A32.ditransitive-patient-benefactive" mood="indicative" num="s" person="3" pos="vmip3s0" postype="main" tense="present" wd="pide"/>
    </grup.verb>
    <sp arg="arg2" func="ci" tem="ben">
      <prep>
        <s contracted="yes" gen="m" lem="al" num="s" pos="spcms" postype="preposition" wd="al"/>
      </prep>
      <sn entity="entity3" entityref="ne" ne="person" title="yes">
        <grup.nom gen="m" num="s">
          <n gen="c" lem="general" num="s" pos="nccs000" postype="common" sense="16:07287417" wd="general"/>
          <sn entityref="ne" ne="person" title="yes">
            <grup.nom gen="m" num="s">
              <n lem="Wiranto" ne="person" pos="np00000" postype="proper" wd="Wiranto"/>
            </grup.nom>
          </sn>
        </grup.nom>
      </sn>
    </sp>
    <S arg="arg1" clausetype="completive" func="cd" tem="pat">
      <conj conjunctiontype="subordinating">
        <c lem="que" pos="cs" postype="subordinating" wd="que"/>
      </conj>
      <sn arg="arg0" coreftype="ident" elliptic="yes" entity="entity3" entityref="spec" func="suj" tem="agt" title="yes"/>
      <grup.verb>
        <v lem="dimitir" lss="D11.inergative-agentive" mood="subjunctive" num="s" person="3" pos="vmsp3s0" postype="main" tense="present" wd="dimita"/>
      </grup.verb>
    </S>
    <f lem="." pos="fp" punct="period" wd="."/>
  </sentence>
  <sentence id="19">
    <sn arg="arg0" coreftype="ident" entity="entity1" entityref="ne" func="suj" ne="person" tem="agt">
      <grup.nom gen="m" num="s">
        <n lem="Abdurramán_Wahid" ne="person" pos="np00000" postype="proper" wd="Abdurramán_Wahid"/>
      </grup.nom>
    </sn>
    <grup.verb>
      <v lem="decir" lss="A32.ditransitive-patient-benefactive" mood="indicative" num="s" person="3" pos="vmis3s0" postype="main" tense="past" wd="dijo"/>
    </grup.verb>
    <sadv arg="argM" func="cc" tem="tmp">
      <grup.adv>
        <r lem="ayer" pos="rg" wd="ayer"/>
      </grup.adv>
    </sadv>
    <S arg="arg1" clausetype="completive" func="cd" tem="pat">
      <conj conjunctiontype="subordinating">
        <c lem="que" pos="cs" postype="subordinating" wd="que"/>
      </conj>
      <sn arg="arg0" coreftype="ident" elliptic="yes" entity="entity1" entityref="spec" func="suj" tem="agt"/>
      <grup.verb>
        <v lem="haber" mood="indicative" num="s" person="3" pos="vaip3s0" postype="auxiliary" tense="present" wd="ha"/>
        <v gen="m" lem="pedir" lss="A32.ditransitive-patient-benefactive" mood="participle" num="s" pos="vmp00sm" postype="main" wd="pedido"/>
      </grup.verb>
      <sp arg="arg2" func="ci" tem="ben">
        <prep>
          <s contracted="yes" gen="m" lem="al" num="s" pos="spcms" postype="preposition" wd="al"/>
        </prep>
        <sn coreftype="ident" entity="entity3" entityref="ne" ne="person">
          <grup.nom gen="m" num="s">
            <n gen="m" lem="ministro" num="s" pos="ncms000" postype="common" sense="16:07412658" wd="ministro"/>
            <sp>
              <prep>
                <s lem="de" pos="sps00" postype="preposition" wd="de"/>
              </prep>
              <sn entityref="ne" ne="organization">
                <grup.nom gen="f" num="s">
                  <n lem="Seguridad" ne="organization" pos="np00000" postype="proper" wd="Seguridad"/>
                </grup.nom>
              </sn>
            </sp>
          </grup.nom>
        </sn>
      </sp>
      <S arg="arg1" clausetype="completive" func="cd" tem="pat">
        <conj conjunctiontype="subordinating">
          <c lem="que" pos="cs" postype="subordinating" wd="que"/>
        </conj>
        <sn arg="arg0" coreftype="ident" elliptic="yes" entity="entity3" entityref="spec" func="suj" tem="agt"/>
        <grup.verb>
          <v lem="dimitir" lss="D11.inergative-agentive" mood="subjunctive" num="s" person="3" pos="vmsp3s0" postype="main" tense="present" wd="dimita"/>
        </grup.verb>
      </S>
    </S>
    <f lem="." pos="fp" punct="period" wd="."/>
  </sentence>
  <sentence coord="yes" id="20">
    <S>
      <conj conjunctiontype="coordinating" func="et">
        <c lem="no_obstante" pos="cc" postype="coordinating" wd="No_obstante"/>
        <f lem="," pos="fc" punct="comma" wd=","/>
      </conj>
      <sn arg="arg1" coreftype="ident" entity="entity3" entityref="ne" func="suj" ne="person" tem="tem">
        <grup.nom gen="m" num="s">
          <n lem="Wiranto" ne="person" pos="np00000" postype="proper" wd="Wiranto"/>
        </grup.nom>
      </sn>
      <morfema.pronominal>
        <p gen="c" lem="él" num="c" person="3" pos="p0300000" wd="se"/>
      </morfema.pronominal>
      <grup.verb>
        <v lem="mantener" lss="B21.unaccusative-state" mood="indicative" num="s" person="3" pos="vmip3s0" postype="main" tense="present" wd="mantiene"/>
      </grup.verb>
      <sa arg="arg2" func="cpred" predicate="suj" tem="atr">
        <grup.a>
          <a gen="c" lem="firme" num="s" pos="aq0cs0" postype="qualificative" wd="firme"/>
        </grup.a>
      </sa>
    </S>
    <conj conjunctiontype="coordinating">
      <c lem="y" pos="cc" postype="coordinating" wd="y"/>
    </conj>
    <S>
      <sn arg="arg0" coreftype="ident" elliptic="yes" entity="entity3" entityref="spec" func="suj" tem="agt"/>
      <morfema.pronominal>
        <p gen="c" lem="él" num="c" person="3" pos="p0300000" wd="se"/>
      </morfema.pronominal>
      <grup.verb>
        <v lem="negar" lss="A22.transitive-agentive-theme" mood="indicative" num="s" person="3" pos="vmip3s0" postype="main" tense="present" wd="niega"/>
      </grup.verb>
      <sp arg="arg1" func="creg" tem="tem">
        <prep>
          <s lem="a" pos="sps00" postype="preposition" wd="a"/>
        </prep>
        <S clausetype="completive" impersonal="yes">
          <infinitiu>
            <v lem="dejar" lss="A21.transitive-agentive-patient" mood="infinitive" pos="vmn0000" postype="main" wd="dejar"/>
          </infinitiu>
          <sn arg="arg1" entityref="nne" func="cd" tem="pat">
            <spec gen="m" num="s">
              <d gen="m" lem="el" num="s" pos="da0ms0" postype="article" wd="el"/>
            </spec>
            <grup.nom gen="m" num="s">
              <n gen="m" lem="cargo" num="s" pos="ncms000" postype="common" sense="16:00385376" wd="cargo"/>
            </grup.nom>
          </sn>
        </S>
      </sp>
    </S>
    <f lem="." pos="fp" punct="period" wd="."/>
  </sentence>
  <sentence id="21">
    <sn arg="arg0" coreftype="ident" entity="entity1" entityref="ne" func="suj" ne="person" tem="agt">
      <grup.nom gen="m" num="s">
        <n lem="Wahid" ne="person" pos="np00000" postype="proper" wd="Wahid"/>
      </grup.nom>
    </sn>
    <grup.verb>
      <v lem="retirar" lss="A21.transitive-agentive-patient" mood="indicative" num="s" person="3" pos="vmis3s0" postype="main" tense="past" wd="retiró"/>
    </grup.verb>
    <sn arg="arg1" entityref="nne" func="cd" tem="pat">
      <spec arg="arg0" gen="m" num="s" tem="agt">
        <d coreftype="ident" entity="entity1" entityref="spec" gen="c" lem="su" num="s" person="3" pos="dp3cs0" postype="possessive" wd="su"/>
      </spec>
      <grup.nom gen="m" num="s">
        <n gen="m" lem="apoyo" lexicalid="noun.apoyo.1.default" num="s" origin="deverbal" pos="ncms000" postype="common" sense="16:00786193" wd="apoyo"/>
      </grup.nom>
    </sn>
    <sp arg="arg2" func="ci" tem="ben">
      <prep>
        <s lem="a" pos="sps00" postype="preposition" wd="a"/>
      </prep>
      <sn coreftype="ident" entity="entity3" entityref="spec">
        <spec gen="m" num="s">
          <d coreftype="ident" entity="entity1" entityref="spec" gen="c" lem="su" num="s" person="3" pos="dp3cs0" postype="possessive" wd="su"/>
        </spec>
        <grup.nom gen="m" num="s">
          <n gen="m" lem="ministro" num="s" pos="ncms000" postype="common" sense="16:07412658" wd="ministro"/>
        </grup.nom>
      </sn>
    </sp>
    <sn arg="argM" entityref="ne" func="cc" ne="date" tem="tmp">
      <spec gen="m" num="s">
        <d gen="m" lem="el" num="s" pos="da0ms0" postype="article" wd="el"/>
      </spec>
      <grup.nom gen="m" num="s">
        <w lem="[L:??/??/??:??.??]" ne="date" wd="lunes"/>
        <sadv>
          <f lem="," pos="fc" punct="comma" wd=","/>
          <grup.adv>
            <r lem="después" pos="rg" wd="después"/>
            <sp>
              <prep>
                <s lem="de" pos="sps00" postype="preposition" wd="de"/>
              </prep>
              <S clausetype="completive">
                <conj conjunctiontype="subordinating">
                  <c lem="que" pos="cs" postype="subordinating" wd="que"/>
                </conj>
                <sn arg="arg0" entityref="ne" func="suj" ne="organization" tem="agt">
                  <spec gen="f" num="s">
                    <d gen="f" lem="el" num="s" pos="da0fs0" postype="article" wd="la"/>
                  </spec>
                  <grup.nom gen="f" num="s">
                    <n lem="Comisión_Nacional_sobre_Derechos_Humanos" ne="organization" pos="np00000" postype="proper" wd="Comisión_Nacional_sobre_Derechos_Humanos"/>
                  </grup.nom>
                </sn>
                <sn arg="arg1" coreftype="ident" entity="entity3" entityref="spec" func="cd" tem="pat">
                  <grup.nom num="s">
                    <p case="dative" gen="c" lem="él" num="s" person="3" pos="pp3csd00" postype="personal" wd="le"/>
                  </grup.nom>
                </sn>
                <grup.verb>
                  <v lem="acusar" lss="A34.ditransitive-patient-theme" mood="subjunctive" num="s" person="3" pos="vmsi3s0" postype="main" tense="imperfect" wd="acusara"/>
                </grup.verb>
                <sp arg="arg2" func="creg" tem="tem">
                  <prep>
                    <s lem="de" pos="sps00" postype="preposition" wd="de"/>
                  </prep>
                  <S clausetype="completive" entity="entity5" impersonal="yes">
                    <infinitiu>
                      <v lem="estar" lss="C21.state-attributive" mood="infinitive" pos="vmn0000" postype="main" wd="estar"/>
                    </infinitiu>
                    <S arg="arg2" clausetype="participle" func="atr" impersonal="yes" tem="atr">
                      <participi>
                        <a gen="m" lem="implicado" lss="B22.unaccusative-passive-transitive" num="s" pos="aq0msp" posfunction="participle" postype="qualificative" wd="implicado"/>
                      </participi>
                      <sp arg="arg2" func="creg" tem="tem">
                        <prep>
                          <s lem="en" pos="sps00" postype="preposition" wd="en"/>
                        </prep>
                        <sn entityref="nne" homophoricDD="yes">
                          <spec gen="f" num="p">
                            <d gen="f" lem="el" num="p" pos="da0fp0" postype="article" wd="las"/>
                          </spec>
                          <grup.nom gen="f" num="p">
                            <n gen="f" lem="matanza" lexicalid="noun.matanza.1.default" num="p" origin="deverbal" pos="ncfp000" postype="common" sense="16:00808655" wd="matanzas"/>
                            <S clausetype="participle" func="cn" impersonal="yes">
                              <participi>
                                <a gen="f" lem="perpetrado" lss="B22.unaccusative-passive-transitive" num="p" pos="aq0fpp" posfunction="participle" postype="qualificative" wd="perpetradas"/>
                              </participi>
                              <sp arg="arg0" func="cag" tem="agt">
                                <prep>
                                  <s lem="por" pos="sps00" postype="preposition" wd="por"/>
                                </prep>
                                <sn entityref="nne">
                                  <spec gen="m" num="p">
                                    <d gen="m" lem="el" num="p" pos="da0mp0" postype="article" wd="los"/>
                                  </spec>
                                  <grup.nom gen="m" num="p">
                                    <s.a gen="m" num="p">
                                      <grup.a gen="m" num="p">
                                        <a gen="c" lem="paramilitar" num="p" pos="aq0cp0" postype="qualificative" wd="paramilitares"/>
                                      </grup.a>
                                    </s.a>
                                  </grup.nom>
                                </sn>
                              </sp>
                              <sp arg="argM" func="cc" tem="loc">
                                <prep>
                                  <s lem="en" pos="sps00" postype="preposition" wd="en"/>
                                </prep>
                                <sn entityref="ne" ne="location">
                                  <grup.nom>
                                    <n lem="Timor_Oriental" ne="location" pos="np00000" postype="proper" wd="Timor_Oriental"/>
                                  </grup.nom>
                                </sn>
                              </sp>
                              <sn arg="argM" entity="entity4" entityref="ne" func="cc" ne="date" tem="tmp">
                                <spec gen="m" num="s">
                                  <d gen="m" lem="el" num="s" pos="da0ms0" postype="article" wd="el"/>
                                </spec>
                                <grup.nom gen="m" num="s">
                                  <w lem="[??:??/??/??:??.??]" ne="date" wd="año"/>
                                  <S clausetype="participle" impersonal="yes">
                                    <participi>
                                      <a gen="m" lem="pasado" num="s" pos="aq0msp" posfunction="participle" postype="qualificative" wd="pasado"/>
                                    </participi>
                                  </S>
                                  <S clausetype="relative">
                                    <f lem="," pos="fc" punct="comma" wd=","/>
                                    <relatiu arg="argM" coreftype="ident" entity="entity4" entityref="spec" func="cc" tem="tmp">
                                      <p gen="c" lem="cuando" num="c" pos="pr000000" postype="relative" wd="cuando"/>
                                    </relatiu>
                                    <sn arg="arg1" coreftype="ident" entity="entity3" entityref="ne" func="suj" ne="person" tem="tem">
                                      <grup.nom gen="m" num="s">
                                        <n lem="Wiranto" ne="person" pos="np00000" postype="proper" wd="Wiranto"/>
                                      </grup.nom>
                                    </sn>
                                    <grup.verb>
                                      <v lem="ser" lss="C21.state-attributive" mood="indicative" num="s" person="3" pos="vsii3s0" postype="semiauxiliary" tense="imperfect" wd="era"/>
                                    </grup.verb>
                                    <sn arg="arg2" corefsubtype="definit" coreftype="pred" entity="entity3" func="atr" tem="atr">
                                      <grup.nom gen="m" num="s">
                                        <n gen="m" lem="jefe" num="s" pos="ncms000" postype="common" sense="16:07273778" wd="jefe"/>
                                        <sp>
                                          <prep>
                                            <s contracted="yes" gen="m" lem="del" num="s" pos="spcms" postype="preposition" wd="del"/>
                                          </prep>
                                          <sn entityref="ne" ne="organization">
                                            <grup.nom gen="m" num="s">
                                              <n lem="Estado_Mayor" ne="organization" pos="np00000" postype="proper" wd="Estado_Mayor"/>
                                            </grup.nom>
                                          </sn>
                                        </sp>
                                      </grup.nom>
                                    </sn>
                                  </S>
                                </grup.nom>
                              </sn>
                            </S>
                          </grup.nom>
                        </sn>
                      </sp>
                    </S>
                  </S>
                </sp>
              </S>
            </sp>
          </grup.adv>
        </sadv>
      </grup.nom>
    </sn>
    <f lem="." pos="fp" punct="period" wd="."/>
  </sentence>
  <sentence coord="yes" id="22">
    <S>
      <sn arg="arg0" coreftype="ident" entity="entity3" entityref="ne" func="suj" ne="person" tem="agt">
        <grup.nom gen="m" num="s">
          <n lem="Wiranto" ne="person" pos="np00000" postype="proper" wd="Wiranto"/>
        </grup.nom>
      </sn>
      <grup.verb>
        <v lem="haber" mood="indicative" num="s" person="3" pos="vaip3s0" postype="auxiliary" tense="present" wd="ha"/>
        <v gen="m" lem="negar" lss="A21.transitive-agentive-patient" mood="participle" num="s" pos="vmp00sm" postype="main" wd="negado"/>
      </grup.verb>
      <sn arg="arg1" corefsubtype="token" coreftype="dx" entity="entity5" entityref="nne" func="cd" tem="pat">
        <spec gen="f" num="p">
          <d gen="f" lem="todo" num="p" pos="di0fp0" postype="indefinite" wd="todas"/>
          <d gen="f" lem="el" num="p" pos="da0fp0" postype="article" wd="las"/>
        </spec>
        <grup.nom gen="f" num="p">
          <n gen="f" lem="acusación" lexicalid="noun.acusación.1.default" num="p" origin="deverbal" pos="ncfp000" postype="common" sense="16:05401516" wd="acusaciones"/>
          <S clausetype="participle" func="cn" impersonal="yes">
            <participi>
              <a gen="f" lem="formulado" lss="B22.unaccusative-passive-transitive" num="p" pos="aq0fpp" posfunction="participle" postype="qualificative" wd="formuladas"/>
            </participi>
            <sp arg="argM" func="cc" tem="adv">
              <prep>
                <s lem="en" pos="sps00" postype="preposition" wd="en"/>
              </prep>
              <sn entityref="nne">
                <spec gen="f" num="s">
                  <d coreftype="ident" entity="entity3" entityref="spec" gen="c" lem="su" num="s" person="3" pos="dp3cs0" postype="possessive" wd="su"/>
                </spec>
                <grup.nom gen="f" num="s">
                  <n gen="f" lem="contra" num="s" pos="ncfs000" postype="common" sense="16:cs2" wd="contra"/>
                </grup.nom>
              </sn>
            </sp>
          </S>
        </grup.nom>
      </sn>
    </S>
    <conj conjunctiontype="coordinating">
      <c lem="y" pos="cc" postype="coordinating" wd="y"/>
    </conj>
    <S>
      <sn arg="arg0" coreftype="ident" elliptic="yes" entity="entity3" entityref="spec" func="suj" tem="agt"/>
      <grup.verb>
        <v lem="haber" mood="indicative" num="s" person="3" pos="vaip3s0" postype="auxiliary" tense="present" wd="ha"/>
        <v gen="m" lem="defender" lss="A21.transitive-agentive-patient" mood="participle" num="s" pos="vmp00sm" postype="main" wd="defendido"/>
      </grup.verb>
      <sn arg="arg1" entityref="nne" func="cd" tem="pat">
        <spec arg="arg0" gen="f" num="s" tem="agt">
          <d coreftype="ident" entity="entity3" entityref="spec" gen="c" lem="su" num="s" person="3" pos="dp3cs0" postype="possessive" wd="su"/>
        </spec>
        <grup.nom gen="f" num="s">
          <n gen="f" lem="gestión" lexicalid="noun.gestión.1.default" num="s" origin="deverbal" pos="ncfs000" postype="common" sense="16:00736489" wd="gestión"/>
          <sp arg="arg1" func="cn" tem="pat">
            <prep>
              <s lem="al_frente_de" pos="sps00" postype="preposition" wd="al_frente_de"/>
            </prep>
            <sn entity="entity6" entityref="ne" ne="organization">
              <spec gen="f" num="p">
                <d gen="f" lem="el" num="p" pos="da0fp0" postype="article" wd="las"/>
              </spec>
              <grup.nom gen="f" num="p">
                <n lem="Fuerzas_Armadas" ne="organization" pos="np00000" postype="proper" wd="Fuerzas_Armadas"/>
              </grup.nom>
            </sn>
          </sp>
        </grup.nom>
      </sn>
    </S>
    <f lem="." pos="fp" punct="period" wd="."/>
  </sentence>
  <sentence id="23">
    <sadv arg="argM" func="cc" tem="tmp">
      <grup.adv>
        <r lem="de_momento" pos="rg" wd="De_momento"/>
      </grup.adv>
      <f lem="," pos="fc" punct="comma" wd=","/>
    </sadv>
    <sn arg="arg0" coreftype="ident" entity="entity6" entityref="ne" func="suj" ne="organization" tem="agt">
      <spec gen="m" num="s">
        <d gen="m" lem="el" num="s" pos="da0ms0" postype="article" wd="el"/>
      </spec>
      <grup.nom gen="m" num="s">
        <n lem="Ejército" ne="organization" pos="np00000" postype="proper" wd="Ejército"/>
      </grup.nom>
    </sn>
    <grup.verb>
      <v lem="mantener" lss="A21.transitive-agentive-patient" mood="indicative" num="s" person="3" pos="vmip3s0" postype="main" tense="present" wd="mantiene"/>
    </grup.verb>
    <sn arg="arg1" entityref="lex" func="cd" tem="pat">
      <spec gen="f" num="s">
        <d gen="f" lem="el" num="s" pos="da0fs0" postype="article" wd="la"/>
      </spec>
      <grup.nom gen="f" num="s">
        <n gen="f" lem="calma" num="s" pos="ncfs000" postype="common" sense="16:05586846" wd="calma"/>
      </grup.nom>
    </sn>
    <f lem="." pos="fp" punct="period" wd="."/>
  </sentence>
</article>
