<?xml version="1.0" encoding="UTF-8" standalone="no"?>
<!-- 

  ancora-2.0
       
			Copyright (C) 2007, 2008, 2009, 2010, 2011 UB - CLiC
			Centre de Llenguatge i Computació - Universitat de Barcelona
 
  This file is part of ancora-2.0.
 
  ancora-2.0 is free software and data: you can redistribute it and/or modify
  it under the terms of the GNU General Public License as published
  by the Free Software Foundation, either version 3 of the License,
  or (at your option) any later version.

  ancora-2.0 is distributed in the hope that it will be useful,
  but WITHOUT ANY WARRANTY; without even the implied warranty of
  MERCHANTABILITY or FITNESS FOR A PARTICULAR PURPOSE.  See the
  GNU General Public License for more details.
 
  You should have received a copy of the GNU General Public License
  along with ancora-2.0.  If not, see &lt;http://www.gnu.org/licenses/&gt;.
 
  Check a text in catalan explaining the terms of the license at http://www.softcatala.cat/wiki/GPL3.
  In spanish at http://www.viti.es/gnu/licenses/gpl.html
 

  The following paper must be cited when using this corpus:

 * Taulé, M., M.A. Martí, M. Recasens (2008) 'Ancora: Multilevel Annotated Corpora for Catalan and Spanish',
   Proceedings of 6th International Conference on Language Resources and Evaluation. Marrakesh (Morocco).

  In addition, the following paper must be cited if coreference information (attributes entity, coreftype,
  corefsubtype, homophoricDD or entityref) is used:

 * Recasens, Marta, M. Antònia Martí (2010) ‘AnCora-CO: Coreferentially annotated corpora for Spanish and
   Catalan’. Language Resources and Evaluation, Springer Science.

  Additionally, the following paper must be cited when argumental attributes in "sn" or "grup.nom"
  (attributes func, arg, tem or lexicalid) are used:

 * Peris, Aina, Mariona Taulé, Horacio Rodríguez (2010) ‘Semantic Annotation of Deverbal Nominalizations in the
   Spanish AnCora corpus’. Treebanks and Linguistic Theories (TLT-2010), Estonia.
-->
<article lng="es">
  <sentence>
    <sn arg="arg1" entity="entity1" entityref="ne" func="suj" ne="person" tem="tem">
      <grup.nom gen="m" num="s">
        <n lem="Shamil_Basayev" ne="person" pos="np00000" postype="proper" wd="Shamil_Basayev"/>
        <sn corefsubtype="definit" coreftype="pred" entity="entity1">
          <f lem="," pos="fc" punct="comma" wd=","/>
          <grup.nom gen="m" num="s">
            <s.a gen="m" num="s">
              <grup.a gen="m" num="s">
                <a gen="m" lem="carismático" num="s" pos="aq0ms0" postype="qualificative" wd="carismático"/>
              </grup.a>
            </s.a>
            <n gen="c" lem="líder" num="s" pos="nccs000" postype="common" sense="16:06950891" wd="líder"/>
            <sp>
              <prep>
                <s lem="de" pos="sps00" postype="preposition" wd="de"/>
              </prep>
              <sn entity="entity7" entityref="ne" homophoricDD="yes" ne="organization">
                <spec gen="f" num="s">
                  <d gen="f" lem="el" num="s" pos="da0fs0" postype="article" wd="la"/>
                </spec>
                <grup.nom gen="f" num="s">
                  <n gen="f" lem="guerrilla" num="s" pos="ncfs000" postype="common" sense="16:50000463" wd="guerrilla"/>
                  <s.a gen="f" num="s">
                    <grup.a gen="f" num="s">
                      <a gen="c" lem="independentista" num="s" pos="aq0cs0" postype="qualificative" wd="independentista"/>
                    </grup.a>
                  </s.a>
                  <s.a gen="f" num="s">
                    <grup.a gen="f" num="s">
                      <a gen="f" lem="checheno" num="s" pos="aq0fs0" postype="qualificative" wd="chechena"/>
                    </grup.a>
                  </s.a>
                </grup.nom>
              </sn>
            </sp>
          </grup.nom>
          <f lem="," pos="fc" punct="comma" wd=","/>
        </sn>
      </grup.nom>
    </sn>
    <grup.verb>
      <v lem="poder" mood="indicative" num="s" person="3" pos="vmip3s0" postype="main" tense="present" wd="puede"/>
      <infinitiu>
        <v lem="haber" mood="infinitive" pos="van0000" postype="auxiliary" wd="haber"/>
        <v gen="m" lem="fallecer" lss="B21.unaccusative-state" mood="participle" num="s" pos="vmp00sm" postype="main" wd="fallecido"/>
      </infinitiu>
    </grup.verb>
    <f lem="." pos="fp" punct="period" wd="."/>
  </sentence>
  <sentence>
    <sn arg="arg0" entity="entity2" entityref="ne" func="suj" ne="person" tem="agt">
      <spec gen="m" num="s">
        <d gen="m" lem="el" num="s" pos="da0ms0" postype="article" wd="El"/>
      </spec>
      <grup.nom gen="m" num="s">
        <n gen="m" lem="jefe" num="s" pos="ncms000" postype="common" sense="16:07273778" wd="jefe"/>
        <sp>
          <prep>
            <s lem="de" pos="sps00" postype="preposition" wd="de"/>
          </prep>
          <sn entityref="ne" ne="organization">
            <grup.nom gen="m" num="s">
              <n lem="Estado_Mayor" ne="organization" pos="np00000" postype="proper" wd="Estado_Mayor"/>
              <sp>
                <prep>
                  <s contracted="yes" gen="m" lem="del" num="s" pos="spcms" postype="preposition" wd="del"/>
                </prep>
                <sn entityref="ne" ne="organization">
                  <grup.nom gen="m" num="s">
                    <n lem="Ejército" ne="organization" pos="np00000" postype="proper" wd="Ejército"/>
                    <s.a gen="m" num="s">
                      <grup.a gen="m" num="s">
                        <a gen="m" lem="ruso" num="s" pos="aq0ms0" postype="qualificative" wd="ruso"/>
                      </grup.a>
                    </s.a>
                  </grup.nom>
                </sn>
              </sp>
            </grup.nom>
          </sn>
        </sp>
        <sn corefsubtype="definit" coreftype="pred" entity="entity2" entityref="ne" ne="person">
          <f lem="," pos="fc" punct="comma" wd=","/>
          <grup.nom gen="m" num="s">
            <n lem="Anatoli_Kvashnin" ne="person" pos="np00000" postype="proper" wd="Anatoli_Kvashnin"/>
          </grup.nom>
          <f lem="," pos="fc" punct="comma" wd=","/>
        </sn>
      </grup.nom>
    </sn>
    <sn arg="arg1" coreftype="ident" entity="entity1" entityref="spec" func="cd" tem="pat">
      <grup.nom gen="m" num="s">
        <p case="accusative" gen="m" lem="él" num="s" person="3" pos="pp3msa00" postype="personal" wd="lo"/>
      </grup.nom>
    </sn>
    <grup.verb>
      <v lem="dar" lss="A34.ditransitive-patient-theme" mood="indicative" num="s" person="3" pos="vmis3s0" postype="main" tense="past" wd="dio"/>
    </grup.verb>
    <sadv arg="argM" func="cc" tem="tmp">
      <grup.adv>
        <r lem="ayer" pos="rg" wd="ayer"/>
      </grup.adv>
    </sadv>
    <sp arg="arg2" func="cc" tem="tem">
      <prep>
        <s lem="por" pos="sps00" postype="preposition" wd="por"/>
      </prep>
      <S clausetype="participle" impersonal="yes">
        <participi>
          <a gen="m" lem="muerto" num="s" pos="aq0msp" posfunction="participle" postype="qualificative" wd="muerto"/>
        </participi>
      </S>
    </sp>
    <S clausesubtype="concessive" clausetype="adverbial" func="ao">
      <f lem="," pos="fc" punct="comma" wd=","/>
      <conj conjunctiontype="subordinating">
        <c lem="aunque" pos="cs" postype="subordinating" wd="aunque"/>
      </conj>
      <sn arg="arg0" coreftype="ident" elliptic="yes" entity="entity2" entityref="spec" func="suj" tem="agt"/>
      <grup.verb>
        <v lem="reconocer" lss="A21.transitive-agentive-patient" mood="indicative" num="s" person="3" pos="vmis3s0" postype="main" tense="past" wd="reconoció"/>
      </grup.verb>
      <S arg="arg1" clausetype="completive" func="cd" tem="pat">
        <conj conjunctiontype="subordinating">
          <c lem="que" pos="cs" postype="subordinating" wd="que"/>
        </conj>
        <sn arg="arg1" entityref="nne" func="suj" tem="pat">
          <spec gen="m" num="s">
            <d coreftype="ident" entity="entity1" entityref="spec" gen="c" lem="su" num="s" person="3" pos="dp3cs0" postype="possessive" wd="su"/>
          </spec>
          <grup.nom gen="m" num="s">
            <n gen="m" lem="cadáver" num="s" pos="ncms000" postype="common" sense="16:04056323" wd="cadáver"/>
          </grup.nom>
        </sn>
        <neg func="mod">
          <r lem="no" pos="rn" postype="negative" wd="no"/>
        </neg>
        <grup.verb>
          <v lem="haber" mood="indicative" num="s" person="3" pos="vaii3s0" postype="auxiliary" tense="imperfect" wd="había"/>
          <v gen="m" lem="ser" mood="participle" num="s" pos="vsp00sm" postype="semiauxiliary" wd="sido"/>
          <v gen="m" lem="localizar" lss="B12.unaccusative-passive-ditransitive" mood="participle" num="s" pos="vmp00sm" postype="main" wd="localizado"/>
        </grup.verb>
      </S>
    </S>
    <f lem="." pos="fp" punct="period" wd="."/>
  </sentence>
  <sentence>
    <sn arg="arg0" coreftype="ident" entity="entity1" entityref="ne" func="suj" ne="person" tem="agt">
      <grup.nom gen="m" num="s">
        <n lem="Basayev" ne="person" pos="np00000" postype="proper" wd="Basayev"/>
      </grup.nom>
    </sn>
    <grup.verb>
      <v lem="perder" lss="A21.transitive-agentive-patient" mood="indicative" num="s" person="3" pos="vmis3s0" postype="main" tense="past" wd="perdió"/>
    </grup.verb>
    <sn arg="arg1" entityref="nne" func="cd" homophoricDD="yes" tem="pat">
      <spec gen="f" num="s">
        <d gen="f" lem="el" num="s" pos="da0fs0" postype="article" wd="la"/>
      </spec>
      <grup.nom gen="f" num="s">
        <n gen="f" lem="pierna" num="s" pos="ncfs000" postype="common" sense="16:04307856" wd="pierna"/>
        <s.a gen="f" num="s">
          <grup.a gen="f" num="s">
            <a gen="f" lem="derecho" num="s" pos="aq0fs0" postype="qualificative" wd="derecha"/>
          </grup.a>
        </s.a>
      </grup.nom>
    </sn>
    <sp arg="argM" func="cc" tem="tmp">
      <prep>
        <s lem="en" pos="sps00" postype="preposition" wd="en"/>
      </prep>
      <sn entityref="nne" homophoricDD="yes">
        <spec gen="m" num="s">
          <d gen="m" lem="el" num="s" pos="da0ms0" postype="article" wd="el"/>
        </spec>
        <grup.nom gen="m" num="s">
          <n gen="m" lem="invierno" num="s" pos="ncms000" postype="common" sense="16:10946591" wd="invierno"/>
          <sp>
            <prep>
              <s contracted="yes" gen="m" lem="del" num="s" pos="spcms" postype="preposition" wd="del"/>
            </prep>
            <sn entityref="ne" ne="date">
              <grup.nom gen="m" num="s">
                <w lem="[??:??/??/2000:??.??]" ne="date" wd="2000"/>
              </grup.nom>
            </sn>
          </sp>
        </grup.nom>
      </sn>
    </sp>
    <sp arg="argM" func="cc" tem="cau">
      <prep>
        <s contracted="yes" gen="m" lem="al" num="s" pos="spcms" postype="preposition" wd="al"/>
      </prep>
      <S clausetype="completive" impersonal="yes">
        <infinitiu>
          <v lem="cruzar" lss="A21.transitive-agentive-patient" mood="infinitive" pos="vmn0000" postype="main" wd="cruzar"/>
        </infinitiu>
        <sn arg="arg1" entityref="nne" func="cd" tem="pat">
          <spec gen="m" num="s">
            <d gen="m" lem="uno" num="s" pos="di0ms0" postype="indefinite" wd="un"/>
          </spec>
          <grup.nom gen="m" num="s">
            <n gen="m" lem="campo" num="s" pos="ncms000" postype="common" sense="16:06317549" wd="campo"/>
            <sp>
              <prep>
                <s lem="de" pos="sps00" postype="preposition" wd="de"/>
              </prep>
              <sn>
                <grup.nom gen="f" num="p">
                  <n gen="f" lem="mina" num="p" pos="ncfp000" postype="common" sense="16:03001369" wd="minas"/>
                </grup.nom>
              </sn>
            </sp>
          </grup.nom>
        </sn>
        <sp arg="argM" func="cc" tem="adv">
          <prep>
            <s lem="en" pos="sps00" postype="preposition" wd="en"/>
          </prep>
          <sn entityref="nne">
            <spec gen="m" num="s">
              <d gen="m" lem="uno" num="s" pos="di0ms0" postype="indefinite" wd="un"/>
            </spec>
            <grup.nom gen="m" num="s">
              <n gen="m" lem="intento" lexicalid="noun.intento.1.default" num="s" origin="deverbal" pos="ncms000" postype="common" sense="16:10391801" wd="intento"/>
              <sp arg="arg1" func="cn" tem="pat">
                <prep>
                  <s lem="de" pos="sps00" postype="preposition" wd="de"/>
                </prep>
                <S clausetype="completive" impersonal="yes">
                  <infinitiu>
                    <v lem="burlar" lss="A21.transitive-agentive-patient" mood="infinitive" pos="vmn0000" postype="main" wd="burlar"/>
                  </infinitiu>
                  <sn arg="arg1" entityref="nne" func="cd" homophoricDD="yes" tem="pat">
                    <spec gen="m" num="s">
                      <d gen="m" lem="el" num="s" pos="da0ms0" postype="article" wd="el"/>
                    </spec>
                    <grup.nom gen="m" num="s">
                      <n gen="m" lem="cerco" num="s" pos="ncms000" postype="common" sense="16:00695744" wd="cerco"/>
                      <sp>
                        <prep>
                          <s lem="de" pos="sps00" postype="preposition" wd="de"/>
                        </prep>
                        <sn entityref="ne" ne="location">
                          <grup.nom>
                            <n lem="Grozni" ne="location" pos="np00000" postype="proper" wd="Grozni"/>
                          </grup.nom>
                        </sn>
                      </sp>
                      <sp>
                        <prep>
                          <s lem="por" pos="sps00" postype="preposition" wd="por"/>
                        </prep>
                        <sn entityref="nne" homophoricDD="yes">
                          <spec gen="f" num="p">
                            <d gen="f" lem="el" num="p" pos="da0fp0" postype="article" wd="las"/>
                          </spec>
                          <grup.nom gen="f" num="p">
                            <n gen="f" lem="tropa" num="p" pos="ncfp000" postype="common" sense="16:06209853" wd="tropas"/>
                            <s.a gen="f" num="p">
                              <grup.a gen="f" num="p">
                                <a gen="c" lem="federal" num="p" pos="aq0cp0" postype="qualificative" wd="federales"/>
                              </grup.a>
                            </s.a>
                            <s.a gen="f" num="p">
                              <grup.a gen="f" num="p">
                                <a gen="f" lem="ruso" num="p" pos="aq0fp0" postype="qualificative" wd="rusas"/>
                              </grup.a>
                            </s.a>
                          </grup.nom>
                        </sn>
                      </sp>
                    </grup.nom>
                  </sn>
                </S>
              </sp>
            </grup.nom>
          </sn>
        </sp>
      </S>
    </sp>
    <f lem="." pos="fp" punct="period" wd="."/>
  </sentence>
  <sentence>
    <sp arg="argM" func="cc" tem="tmp">
      <prep>
        <s lem="tras" pos="sps00" postype="preposition" wd="Tras"/>
      </prep>
      <S clausetype="completive" impersonal="yes">
        <infinitiu>
          <v lem="ser" mood="infinitive" pos="vsn0000" postype="semiauxiliary" wd="ser"/>
          <v gen="m" lem="operar" lss="B22.unaccusative-passive-transitive" mood="participle" num="s" pos="vmp00sm" postype="main" wd="operado"/>
        </infinitiu>
        <sp arg="argM" func="cc" tem="adv">
          <prep>
            <s lem="de" pos="sps00" postype="preposition" wd="de"/>
          </prep>
          <sn entityref="lex">
            <grup.nom gen="f" num="s">
              <n gen="f" lem="urgencia" lexicalid="noun.urgencia.1.default" num="s" origin="deverbal" pos="ncfs000" postype="common" sense="16:10368281" wd="urgencia"/>
            </grup.nom>
          </sn>
        </sp>
      </S>
      <f lem="," pos="fc" punct="comma" wd=","/>
    </sp>
    <sn arg="arg0" coreftype="ident" elliptic="yes" entity="entity1" entityref="spec" func="suj" tem="agt"/>
    <grup.verb>
      <v lem="lograr" lss="A21.transitive-agentive-patient" mood="indicative" num="s" person="3" pos="vmis3s0" postype="main" tense="past" wd="logró"/>
    </grup.verb>
    <S arg="arg1" clausetype="completive" func="cd" impersonal="yes" tem="pat">
      <infinitiu>
        <v lem="escapar" lss="B11.unaccusative-motion" mood="infinitive" pos="vmn0000" postype="main" wd="escapar"/>
      </infinitiu>
    </S>
    <f lem="." pos="fp" punct="period" wd="."/>
  </sentence>
  <sentence>
    <sp func="ao">
      <prep>
        <s lem="de" pos="sps00" postype="preposition" wd="De"/>
      </prep>
      <S clausetype="completive" impersonal="yes">
        <infinitiu>
          <v lem="confirmar" lss="B22.unaccusative-passive-transitive" mood="infinitive" pos="vmn0000" postype="main" wd="confirmarse"/>
        </infinitiu>
        <sn arg="arg1" entity="entity3" entityref="nne" func="cd" tem="pat">
          <spec arg="arg1" gen="f" num="s" tem="tem">
            <d coreftype="ident" entity="entity1" entityref="spec" gen="c" lem="su" num="s" person="3" pos="dp3cs0" postype="possessive" wd="su"/>
          </spec>
          <grup.nom gen="f" num="s">
            <n gen="f" lem="muerte" lexicalid="noun.muerte.1.default" num="s" origin="deverbal" pos="ncfs000" postype="common" sense="16:07788946" wd="muerte"/>
          </grup.nom>
        </sn>
      </S>
      <f lem="," pos="fc" punct="comma" wd=","/>
    </sp>
    <sn arg="arg1" coreftype="ident" elliptic="yes" entity="entity3" entityref="nne" func="suj" tem="tem"/>
    <grup.verb>
      <v lem="ser" lss="C21.state-attributive" mood="indicative" num="s" person="3" pos="vsic3s0" postype="semiauxiliary" tense="conditional" wd="sería"/>
    </grup.verb>
    <sn arg="arg2" corefsubtype="indefinit" coreftype="pred" entity="entity3" func="atr" tem="atr">
      <spec gen="m" num="s">
        <d gen="m" lem="uno" num="s" pos="di0ms0" postype="indefinite" wd="un"/>
      </spec>
      <grup.nom gen="m" num="s">
        <s.a func="cn" gen="m" num="s">
          <grup.a gen="m" num="s">
            <a gen="m" lem="duro" num="s" pos="aq0ms0" postype="qualificative" wd="duro"/>
          </grup.a>
        </s.a>
        <n gen="m" lem="golpe" lexicalid="noun.golpe.1.default" num="s" origin="deverbal" pos="ncms000" postype="common" sense="16:05468143" wd="golpe"/>
        <sp arg="arg1" func="cn" tem="pat">
          <prep>
            <s lem="para" pos="sps00" postype="preposition" wd="para"/>
          </prep>
          <sn coreftype="ident" entity="entity7" entityref="spec" homophoricDD="yes">
            <spec gen="m" num="p">
              <d gen="m" lem="el" num="p" pos="da0mp0" postype="article" wd="los"/>
            </spec>
            <grup.nom gen="m" num="p">
              <n gen="c" lem="independentista" num="p" pos="nccp000" postype="common" sense="16:50000980" wd="independentistas"/>
            </grup.nom>
          </sn>
        </sp>
      </grup.nom>
    </sn>
    <sp arg="argM" func="cc" tem="tmp">
      <prep>
        <s lem="tras" pos="sps00" postype="preposition" wd="tras"/>
      </prep>
      <sn entityref="nne" homophoricDD="yes">
        <spec gen="m" num="s">
          <d gen="m" lem="el" num="s" pos="da0ms0" postype="article" wd="el"/>
        </spec>
        <grup.nom gen="m" num="s">
          <n gen="m" lem="fallecimiento" lexicalid="noun.fallecimiento.2.default" num="s" origin="deverbal" pos="ncms000" postype="common" sense="16:05479076" wd="fallecimiento"/>
          <S clausetype="participle" func="cn" impersonal="yes">
            <participi>
              <a gen="m" lem="confirmado" num="s" pos="aq0msp" posfunction="participle" postype="qualificative" wd="confirmado"/>
            </participi>
          </S>
          <sp arg="arg1" func="cn" tem="tem">
            <prep>
              <s lem="de" pos="sps00" postype="preposition" wd="de"/>
            </prep>
            <sn entity="entity4" entityref="spec">
              <spec gen="m" num="s">
                <d gen="m" lem="otro" num="s" pos="di0ms0" postype="indefinite" wd="otro"/>
              </spec>
              <grup.nom gen="m" num="s">
                <S clausetype="participle" impersonal="yes">
                  <participi>
                    <a gen="m" lem="destacado" num="s" pos="aq0msp" posfunction="participle" postype="qualificative" wd="destacado"/>
                  </participi>
                </S>
                <n gen="c" lem="dirigente" num="s" pos="nccs000" postype="common" sense="16:06950891" wd="dirigente"/>
                <s.a gen="m" num="s">
                  <grup.a gen="m" num="s">
                    <a gen="m" lem="guerrillero" num="s" pos="aq0ms0" postype="qualificative" wd="guerrillero"/>
                  </grup.a>
                </s.a>
                <sn corefsubtype="definit" coreftype="pred" entity="entity4" entityref="ne" ne="person">
                  <f lem="," pos="fc" punct="comma" wd=","/>
                  <grup.nom gen="m" num="s">
                    <n lem="Jatab" ne="person" pos="np00000" postype="proper" wd="Jatab"/>
                  </grup.nom>
                </sn>
              </grup.nom>
            </sn>
          </sp>
        </grup.nom>
      </sn>
    </sp>
    <f lem="." pos="fp" punct="period" wd="."/>
  </sentence>
  <sentence>
    <sp arg="argM" func="cc" tem="tmp">
      <prep>
        <s lem="por" pos="sps00" postype="preposition" wd="Por"/>
      </prep>
      <sn entityref="lex">
        <spec gen="m" num="s">
          <d gen="m" lem="el" num="s" pos="da0ms0" postype="article" wd="el"/>
        </spec>
        <grup.nom gen="m" num="s">
          <n gen="m" lem="momento" num="s" pos="ncms000" postype="common" sense="16:10898122" wd="momento"/>
        </grup.nom>
      </sn>
      <f lem="," pos="fc" punct="comma" wd=","/>
    </sp>
    <sn arg="arg0" entity="entity8" entityref="spec" func="suj" tem="agt">
      <spec gen="f" num="p">
        <d gen="f" lem="el" num="p" pos="da0fp0" postype="article" wd="las"/>
      </spec>
      <grup.nom gen="f" num="p">
        <n gen="f" lem="autoridad" num="p" pos="ncfp000" postype="common" sense="16:06950891" wd="autoridades"/>
        <s.a gen="f" num="p">
          <grup.a gen="f" num="p">
            <a gen="f" lem="ruso" num="p" pos="aq0fp0" postype="qualificative" wd="rusas"/>
          </grup.a>
        </s.a>
      </grup.nom>
    </sn>
    <neg func="mod">
      <r lem="no" pos="rn" postype="negative" wd="no"/>
    </neg>
    <grup.verb>
      <v lem="haber" mood="indicative" num="p" person="3" pos="vaip3p0" postype="auxiliary" tense="present" wd="han"/>
      <v gen="m" lem="ofrecer" lss="A32.ditransitive-patient-benefactive" mood="participle" num="s" pos="vmp00sm" postype="main" wd="ofrecido"/>
    </grup.verb>
    <sn arg="arg1" entityref="nne" func="cd" tem="pat">
      <grup.nom gen="f" num="p">
        <n gen="f" lem="prueba" lexicalid="noun.prueba.3.transitive" num="p" origin="deverbal" pos="ncfp000" postype="common" sense="16:04985093" wd="pruebas"/>
        <sp arg="arg1" func="cn" tem="pat">
          <prep>
            <s contracted="yes" gen="m" lem="del" num="s" pos="spcms" postype="preposition" wd="del"/>
          </prep>
          <sn coreftype="ident" entity="entity3" entityref="nne" homophoricDD="yes">
            <grup.nom gen="m" num="s">
              <n gen="m" lem="fallecimiento" lexicalid="noun.fallecimiento.3.default" num="s" origin="deverbal" pos="ncms000" postype="common" sense="16:05479076" wd="fallecimiento"/>
              <sp arg="arg1" func="cn" tem="tem">
                <prep>
                  <s lem="de" pos="sps00" postype="preposition" wd="de"/>
                </prep>
                <sn coreftype="ident" entity="entity1" entityref="ne" ne="person">
                  <grup.nom gen="m" num="s">
                    <n lem="Basayev" ne="person" pos="np00000" postype="proper" wd="Basayev"/>
                    <S clausetype="relative">
                      <f lem="," pos="fc" punct="comma" wd=","/>
                      <sp arg="arg1" func="cd" tem="pat">
                        <prep>
                          <s lem="a" pos="sps00" postype="preposition" wd="a"/>
                        </prep>
                        <sn coreftype="ident" entity="entity1" entityref="spec">
                          <grup.nom gen="m" num="s">
                            <relatiu>
                              <p gen="c" lem="quien" num="s" pos="pr0cs000" postype="relative" wd="quien"/>
                            </relatiu>
                          </grup.nom>
                        </sn>
                      </sp>
                      <sn arg="arg0" coreftype="ident" entity="entity8" entityref="ne" func="suj" ne="organization" tem="agt">
                        <grup.nom>
                          <n lem="Moscú" ne="organization" pos="np00000" postype="proper" wd="Moscú"/>
                        </grup.nom>
                      </sn>
                      <grup.verb>
                        <v lem="haber" mood="indicative" num="s" person="3" pos="vaip3s0" postype="auxiliary" tense="present" wd="ha"/>
                        <v gen="m" lem="dar" lss="A34.ditransitive-patient-theme" mood="participle" num="s" pos="vmp00sm" postype="main" wd="dado"/>
                      </grup.verb>
                      <sp arg="arg2" func="cc" tem="tem">
                        <prep>
                          <s lem="por" pos="sps00" postype="preposition" wd="por"/>
                        </prep>
                        <S clausetype="participle" impersonal="yes">
                          <participi>
                            <a gen="m" lem="muerto" num="s" pos="aq0msp" posfunction="participle" postype="qualificative" wd="muerto"/>
                          </participi>
                        </S>
                      </sp>
                      <sn arg="argM" entityref="nne" func="cc" tem="tmp">
                        <spec gen="f" num="p">
                          <d gen="f" lem="varios" num="p" pos="di0fp0" postype="indefinite" wd="varias"/>
                        </spec>
                        <grup.nom gen="f" num="p">
                          <n gen="f" lem="vez" num="p" pos="ncfp000" postype="common" sense="16:05449233" wd="veces"/>
                        </grup.nom>
                      </sn>
                    </S>
                  </grup.nom>
                </sn>
              </sp>
            </grup.nom>
          </sn>
        </sp>
      </grup.nom>
    </sn>
    <f lem="." pos="fp" punct="period" wd="."/>
  </sentence>
  <sentence>
    <sn arg="arg0" coreftype="ident" entity="entity1" entityref="ne" func="suj" ne="person" tem="agt">
      <grup.nom gen="m" num="s">
        <n lem="Basayev" ne="person" pos="np00000" postype="proper" wd="Basayev"/>
      </grup.nom>
    </sn>
    <grup.verb>
      <v lem="protagonizar" lss="A21.transitive-agentive-patient" mood="indicative" num="s" person="3" pos="vmis3s0" postype="main" tense="past" wd="protagonizó"/>
    </grup.verb>
    <sp arg="argM" func="cc" tem="tmp">
      <prep>
        <s lem="durante" pos="sps00" postype="preposition" wd="durante"/>
      </prep>
      <sn entity="entity9" entityref="nne" homophoricDD="yes">
        <spec gen="f" num="s">
          <d gen="f" lem="el" num="s" pos="da0fs0" postype="article" wd="la"/>
        </spec>
        <grup.nom gen="f" num="s">
          <s.a gen="f" num="s">
            <grup.a gen="f" num="s">
              <a gen="f" lem="primero" num="s" pos="ao0fs0" postype="ordinal" wd="primera"/>
            </grup.a>
          </s.a>
          <n gen="f" lem="guerra" num="s" pos="ncfs000" postype="common" sense="16:10071856" wd="guerra"/>
          <s.a gen="f" num="s">
            <grup.a gen="f" num="s">
              <a gen="f" lem="checheno" num="s" pos="aq0fs0" postype="qualificative" wd="chechena"/>
            </grup.a>
          </s.a>
        </grup.nom>
      </sn>
    </sp>
    <sn arg="arg1" entityref="nne" func="cd" homophoricDD="yes" tem="pat">
      <spec gen="f" num="s">
        <d gen="f" lem="el" num="s" pos="da0fs0" postype="article" wd="la"/>
      </spec>
      <grup.nom gen="f" num="s">
        <s.a func="cn" gen="f" num="s">
          <grup.a gen="f" num="s">
            <a gen="c" lem="audaz" num="s" pos="aq0cs0" postype="qualificative" wd="audaz"/>
          </grup.a>
        </s.a>
        <n gen="f" lem="operación" lexicalid="noun.operación.2.default" num="s" origin="deverbal" pos="ncfs000" postype="common" sense="16:00611703" wd="operación"/>
        <sp arg="arg0" func="cn" tem="agt">
          <prep>
            <s lem="de" pos="sps00" postype="preposition" wd="de"/>
          </prep>
          <sn entity="entity5" entityref="ne" ne="location">
            <grup.nom>
              <n lem="Pudyonnovsk" ne="location" pos="np00000" postype="proper" wd="Pudyonnovsk"/>
            </grup.nom>
          </sn>
        </sp>
      </grup.nom>
    </sn>
    <f lem="." pos="fp" punct="period" wd="."/>
  </sentence>
  <sentence entity="entity6">
    <sn arg="arg0" entityref="nne" func="suj" tem="agt">
      <spec gen="m" num="s">
        <d gen="m" lem="uno" num="s" pos="di0ms0" postype="indefinite" wd="Un"/>
      </spec>
      <grup.nom gen="m" num="s">
        <n gen="m" lem="grupo" num="s" pos="ncms000" postype="common" sense="16:00017954" wd="grupo"/>
        <s.a gen="m" num="s">
          <grup.a gen="m" num="s">
            <a gen="m" lem="guerrillero" num="s" pos="aq0ms0" postype="qualificative" wd="guerrillero"/>
          </grup.a>
        </s.a>
      </grup.nom>
    </sn>
    <grup.verb>
      <v lem="tomar" lss="A21.transitive-agentive-patient" mood="indicative" num="s" person="3" pos="vmis3s0" postype="main" tense="past" wd="tomó"/>
    </grup.verb>
    <sn arg="arg1" entityref="nne" func="cd" homophoricDD="yes" tem="pat">
      <spec gen="m" num="s">
        <d gen="m" lem="el" num="s" pos="da0ms0" postype="article" wd="el"/>
      </spec>
      <grup.nom gen="m" num="s">
        <n gen="m" lem="hospital" num="s" pos="ncms000" postype="common" sense="16:02834408" wd="hospital"/>
        <sp>
          <prep>
            <s lem="de" pos="sps00" postype="preposition" wd="de"/>
          </prep>
          <sn coreftype="ident" entity="entity5" entityref="spec">
            <spec gen="f" num="s">
              <d gen="f" lem="ese" num="s" pos="dd0fs0" postype="demonstrative" wd="esa"/>
            </spec>
            <grup.nom gen="f" num="s">
              <n gen="f" lem="localidad" num="s" pos="ncfs000" postype="common" sense="16:cs1" wd="localidad"/>
              <s.a gen="f" num="s">
                <grup.a gen="f" num="s">
                  <a gen="f" lem="ruso" num="s" pos="aq0fs0" postype="qualificative" wd="rusa"/>
                </grup.a>
              </s.a>
            </grup.nom>
          </sn>
        </sp>
      </grup.nom>
    </sn>
    <f lem="." pos="fp" punct="period" wd="."/>
  </sentence>
  <sentence coord="yes">
    <S>
      <sn arg="arg0" corefsubtype="token" coreftype="dx" entity="entity6" entityref="nne" func="suj" tem="agt">
        <spec gen="m" num="s">
          <d gen="m" lem="el" num="s" pos="da0ms0" postype="article" wd="El"/>
        </spec>
        <grup.nom gen="m" num="s">
          <n gen="m" lem="secuestro" lexicalid="noun.secuestro.1.default" num="s" origin="deverbal" pos="ncms000" postype="common" sense="16:00495415" wd="secuestro"/>
        </grup.nom>
      </sn>
      <grup.verb>
        <v lem="colocar" lss="A31.ditransitive-patient-locative" mood="indicative" num="s" person="3" pos="vmis3s0" postype="main" tense="past" wd="colocó"/>
      </grup.verb>
      <sn arg="arg1" coreftype="ident" entity="entity9" entityref="nne" func="cd" homophoricDD="yes" tem="pat">
        <spec gen="f" num="s">
          <d gen="f" lem="el" num="s" pos="da0fs0" postype="article" wd="la"/>
        </spec>
        <grup.nom gen="f" num="s">
          <n gen="f" lem="guerra" num="s" pos="ncfs000" postype="common" sense="16:10071856" wd="guerra"/>
          <sp>
            <prep>
              <s lem="de" pos="sps00" postype="preposition" wd="de"/>
            </prep>
            <sn entityref="ne" ne="location">
              <grup.nom>
                <n lem="Chechenia" ne="location" pos="np00000" postype="proper" wd="Chechenia"/>
              </grup.nom>
            </sn>
          </sp>
        </grup.nom>
      </sn>
      <sp arg="arg2" func="cc" tem="loc">
        <prep>
          <s lem="en" pos="sps00" postype="preposition" wd="en"/>
        </prep>
        <sn entityref="nne" homophoricDD="yes">
          <spec gen="f" num="p">
            <d gen="f" lem="el" num="p" pos="da0fp0" postype="article" wd="las"/>
          </spec>
          <grup.nom gen="f" num="p">
            <s.a gen="f" num="p">
              <grup.a gen="f" num="p">
                <a gen="f" lem="primero" num="p" pos="ao0fp0" postype="ordinal" wd="primeras"/>
              </grup.a>
            </s.a>
            <n gen="f" lem="página" num="p" pos="ncfp000" postype="common" sense="16:04731849" wd="páginas"/>
            <sp>
              <prep>
                <s lem="de" pos="sps00" postype="preposition" wd="de"/>
              </prep>
              <sn entityref="nne" homophoricDD="yes">
                <spec gen="f" num="s">
                  <d gen="f" lem="el" num="s" pos="da0fs0" postype="article" wd="la"/>
                </spec>
                <grup.nom gen="f" num="s">
                  <n gen="f" lem="prensa" num="s" pos="ncfs000" postype="common" sense="16:04736003" wd="prensa"/>
                  <s.a gen="f" num="s">
                    <grup.a gen="f" num="s">
                      <a gen="c" lem="internacional" num="s" pos="aq0cs0" postype="qualificative" wd="internacional"/>
                    </grup.a>
                  </s.a>
                </grup.nom>
              </sn>
            </sp>
          </grup.nom>
        </sn>
      </sp>
    </S>
    <conj conjunctiontype="coordinating">
      <c lem="y" pos="cc" postype="coordinating" wd="y"/>
    </conj>
    <S>
      <sn arg="arg0" coreftype="ident" elliptic="yes" entity="entity6" entityref="nne" func="suj" tem="agt"/>
      <grup.verb>
        <v lem="demostrar" lss="A21.transitive-agentive-patient" mood="indicative" num="s" person="3" pos="vmis3s0" postype="main" tense="past" wd="demostró"/>
      </grup.verb>
      <sp arg="arg2" func="ci" tem="ben">
        <prep>
          <s contracted="yes" gen="m" lem="al" num="s" pos="spcms" postype="preposition" wd="al"/>
        </prep>
        <sn entityref="nne" homophoricDD="yes">
          <grup.nom gen="m" num="s">
            <n gen="m" lem="mundo" num="s" pos="ncms000" postype="common" sense="16:05957670" wd="mundo"/>
          </grup.nom>
        </sn>
      </sp>
      <S arg="arg1" clausetype="completive" func="cd" tem="pat">
        <conj conjunctiontype="subordinating">
          <c lem="que" pos="cs" postype="subordinating" wd="que"/>
        </conj>
        <sn arg="arg1" entityref="nne" func="suj" homophoricDD="yes" tem="tem">
          <spec gen="f" num="s">
            <d gen="f" lem="el" num="s" pos="da0fs0" postype="article" wd="la"/>
          </spec>
          <grup.nom gen="f" num="s">
            <n gen="f" lem="rebelión" lexicalid="noun.rebelión.1.default" num="s" origin="deverbal" pos="ncfs000" postype="common" sense="16:00617685" wd="rebelión"/>
            <s.a arg="arg0" func="cn" gen="f" num="s" tem="agt">
              <grup.a gen="f" num="s">
                <a gen="c" lem="independentista" num="s" pos="aq0cs0" postype="qualificative" wd="independentista"/>
              </grup.a>
            </s.a>
          </grup.nom>
        </sn>
        <grup.verb>
          <v lem="estar" lss="C21.state-attributive" mood="indicative" num="s" person="3" pos="vmii3s0" postype="main" tense="imperfect" wd="estaba"/>
        </grup.verb>
        <sadv arg="arg2" func="atr" tem="atr">
          <grup.adv>
            <r lem="lejos" pos="rg" wd="lejos"/>
            <sp>
              <prep>
                <s lem="de" pos="sps00" postype="preposition" wd="de"/>
              </prep>
              <S clausetype="completive" impersonal="yes">
                <infinitiu>
                  <v lem="ser" mood="infinitive" pos="vsn0000" postype="semiauxiliary" wd="ser"/>
                  <v gen="f" lem="sofocar" mood="participle" num="s" pos="vmp00sf" postype="main" wd="sofocada"/>
                </infinitiu>
              </S>
            </sp>
          </grup.adv>
        </sadv>
      </S>
    </S>
    <f lem="." pos="fp" punct="period" wd="."/>
  </sentence>
  <sentence>
    <sn arg="argM" complex="yes" entityref="ne" func="cc" ne="date" tem="tmp">
      <grup.nom coord="yes">
        <conj conjunctiontype="coordinating">
          <s lem="entre" pos="sps00" postype="preposition" wd="Entre"/>
        </conj>
        <grup.nom gen="m" num="s">
          <w lem="[??:??/??/1996:??.??]" ne="date" wd="1996"/>
        </grup.nom>
        <conj conjunctiontype="coordinating">
          <c lem="y" pos="cc" postype="coordinating" wd="y"/>
        </conj>
        <grup.nom gen="m" num="s">
          <w lem="[??:??/??/1999:??.??]" ne="date" wd="1999"/>
        </grup.nom>
      </grup.nom>
      <f lem="," pos="fc" punct="comma" wd=","/>
    </sn>
    <sn arg="arg0" coreftype="ident" entity="entity1" entityref="ne" func="suj" ne="person" tem="agt">
      <grup.nom gen="m" num="s">
        <n lem="Basayev" ne="person" pos="np00000" postype="proper" wd="Basayev"/>
      </grup.nom>
    </sn>
    <grup.verb>
      <v lem="hacer" lss="A22.transitive-agentive-theme" mood="indicative" num="s" person="3" pos="vmis3s0" postype="main" tense="past" wd="hizo"/>
    </grup.verb>
    <sp arg="arg1" func="creg" tem="tem">
      <prep>
        <s lem="de" pos="sps00" postype="preposition" wd="de"/>
      </prep>
      <sn>
        <grup.nom gen="m" num="s">
          <n gen="c" lem="líder" num="s" pos="nccs000" postype="common" sense="16:06950891" wd="líder"/>
          <sp>
            <prep>
              <s lem="de" pos="sps00" postype="preposition" wd="de"/>
            </prep>
            <sn entityref="nne" homophoricDD="yes">
              <spec gen="f" num="s">
                <d gen="f" lem="el" num="s" pos="da0fs0" postype="article" wd="la"/>
              </spec>
              <grup.nom gen="f" num="s">
                <n gen="f" lem="oposición" lexicalid="noun.oposición.1.default" num="s" origin="deverbal" pos="ncfs000" postype="common" sense="16:cs1" wd="oposición"/>
                <s.a func="cn" gen="f" num="s">
                  <grup.a gen="f" num="s">
                    <a gen="f" lem="checheno" num="s" pos="aq0fs0" postype="qualificative" wd="chechena"/>
                  </grup.a>
                </s.a>
              </grup.nom>
            </sn>
          </sp>
        </grup.nom>
      </sn>
    </sp>
    <f lem="." pos="fp" punct="period" wd="."/>
  </sentence>
</article>
