<?xml version="1.0" encoding="UTF-8"?>
<!-- 

  ancora-2.0
       
			Copyright (C) 2007, 2008, 2009, 2010, 2011 UB - CLiC
			Centre de Llenguatge i Computació - Universitat de Barcelona
 
  This file is part of ancora-2.0.
 
  ancora-2.0 is free software and data: you can redistribute it and/or modify
  it under the terms of the GNU General Public License as published
  by the Free Software Foundation, either version 3 of the License,
  or (at your option) any later version.

  ancora-2.0 is distributed in the hope that it will be useful,
  but WITHOUT ANY WARRANTY; without even the implied warranty of
  MERCHANTABILITY or FITNESS FOR A PARTICULAR PURPOSE.  See the
  GNU General Public License for more details.
 
  You should have received a copy of the GNU General Public License
  along with ancora-2.0.  If not, see &lt;http://www.gnu.org/licenses/&gt;.
 
  Check a text in catalan explaining the terms of the license at http://www.softcatala.cat/wiki/GPL3.
  In spanish at http://www.viti.es/gnu/licenses/gpl.html
 

  The following paper must be cited when using this corpus:

 * Taulé, M., M.A. Martí, M. Recasens (2008) 'Ancora: Multilevel Annotated Corpora for Catalan and Spanish',
   Proceedings of 6th International Conference on Language Resources and Evaluation. Marrakesh (Morocco).

  In addition, the following paper must be cited if coreference information (attributes entity, coreftype,
  corefsubtype, homophoricDD or entityref) is used:

 * Recasens, Marta, M. Antònia Martí (2010) ‘AnCora-CO: Coreferentially annotated corpora for Spanish and
   Catalan’. Language Resources and Evaluation, Springer Science.

  Additionally, the following paper must be cited when argumental attributes in "sn" or "grup.nom"
  (attributes func, arg, tem or lexicalid) are used:

 * Peris, Aina, Mariona Taulé, Horacio Rodríguez (2010) ‘Semantic Annotation of Deverbal Nominalizations in the
   Spanish AnCora corpus’. Treebanks and Linguistic Theories (TLT-2010), Estonia.
-->
<article lng="es">
  <sentence>
    <sn arg="arg1" entity="entity1" entityref="nne" func="suj" homophoricDD="yes" tem="tem" title="yes">
      <spec gen="f" num="s">
        <d gen="f" lem="el" num="s" pos="da0fs0" postype="article" wd="La"/>
      </spec>
      <grup.nom gen="f" num="s">
        <n gen="c" lem="policía" num="s" pos="nccs000" postype="common" sense="16:06093563" wd="policía"/>
      </grup.nom>
    </sn>
    <morfema.pronominal>
      <p gen="c" lem="él" num="c" person="3" pos="p0300000" wd="se"/>
    </morfema.pronominal>
    <grup.verb>
      <v lem="inhibir" lss="B21.unaccusative-state" mood="indicative" num="s" person="3" pos="vmip3s0" postype="main" tense="present" wd="inhibe"/>
    </grup.verb>
    <sp arg="argM" func="cc" tem="loc">
      <prep>
        <s lem="en" pos="sps00" postype="preposition" wd="en"/>
      </prep>
      <sn entity="entity6" entityref="nne" title="yes">
        <spec gen="m" num="p">
          <d gen="m" lem="el" num="p" pos="da0mp0" postype="article" wd="los"/>
        </spec>
        <grup.nom gen="m" num="p">
          <n gen="m" lem="disturbio" num="p" pos="ncmp000" postype="common" sense="16:00758437" wd="disturbios"/>
        </grup.nom>
      </sn>
    </sp>
    <sp arg="argM" func="cc" tem="fin">
      <f lem="&quot;" pos="fe" punct="quotation" wd="&quot;"/>
      <prep>
        <s lem="para" pos="sps00" postype="preposition" wd="para"/>
      </prep>
      <S clausetype="completive" impersonal="yes">
        <infinitiu>
          <v lem="evitar" lss="A21.transitive-agentive-patient" mood="infinitive" pos="vmn0000" postype="main" wd="evitar"/>
        </infinitiu>
        <sn arg="arg1" coord="yes" func="cd" tem="pat" title="yes">
          <sn entity="entity16" entityref="nne" title="yes">
            <grup.nom gen="m" num="p">
              <n gen="m" lem="herido" num="p" pos="ncmp000" postype="common" sense="16:05962842" wd="heridos"/>
            </grup.nom>
          </sn>
          <conj conjunctiontype="coordinating">
            <c lem="y" pos="cc" postype="coordinating" wd="y"/>
          </conj>
          <S clausetype="completive">
            <conj conjunctiontype="subordinating">
              <c lem="que" pos="cs" postype="subordinating" wd="que"/>
            </conj>
            <neg func="mod">
              <r lem="no" pos="rn" postype="negative" wd="no"/>
            </neg>
            <morfema.verbal func="pass">
              <p gen="c" lem="se" num="c" pos="p0000000" wd="se"/>
            </morfema.verbal>
            <grup.verb>
              <v lem="decir" lss="B12.unaccusative-passive-ditransitive" mood="subjunctive" num="s" person="3" pos="vmsp3s0" postype="main" tense="present" wd="diga"/>
            </grup.verb>
            <S arg="arg1" clausetype="completive" func="suj" num="p" tem="pat">
              <conj conjunctiontype="subordinating">
                <c lem="que" pos="cs" postype="subordinating" wd="que"/>
              </conj>
              <sn arg="arg0" coreftype="ident" elliptic="yes" entity="entity1" entityref="nne" func="suj" tem="agt"/>
              <grup.verb>
                <v lem="actuar" lss="D11.inergative-agentive" mood="indicative" num="s" person="3" pos="vmip3s0" postype="main" tense="present" wd="actúa"/>
              </grup.verb>
              <sadv arg="argM" func="cc" tem="adv">
                <grup.adv>
                  <r lem="salvajemente" pos="rg" wd="salvajemente"/>
                </grup.adv>
              </sadv>
            </S>
          </S>
        </sn>
      </S>
      <f lem="&quot;" pos="fe" punct="quotation" wd="&quot;"/>
    </sp>
    <f lem="." pos="fp" punct="period" wd="."/>
  </sentence>
  <sentence coord="yes">
    <S>
      <sn arg="arg0" coreftype="ident" entity="entity6" entityref="nne" func="suj" tem="cau">
        <grup.nom gen="f" num="p">
          <s.a func="cn" gen="f" num="p">
            <grup.a gen="f" num="p">
              <a gen="f" lem="violento" num="p" pos="aq0fp0" postype="qualificative" wd="Violentas"/>
            </grup.a>
          </s.a>
          <n gen="f" lem="protesta" lexicalid="noun.protesta.1.default" num="p" origin="deverbal" pos="ncfp000" postype="common" sense="16:00762587" wd="protestas"/>
          <sp arg="arg1" func="cn" tem="tem">
            <prep>
              <s lem="contra" pos="sps00" postype="preposition" wd="contra"/>
            </prep>
            <sn entity="entity19" entityref="nne" homophoricDD="yes">
              <spec gen="f" num="s">
                <d gen="f" lem="el" num="s" pos="da0fs0" postype="article" wd="la"/>
              </spec>
              <grup.nom gen="f" num="s">
                <n gen="f" lem="prohibición" lexicalid="noun.prohibición.2.default" num="s" origin="deverbal" pos="ncfs000" postype="common" sense="16:04911144" wd="prohibición"/>
                <sp arg="arg1" func="cn" tem="pat">
                  <prep>
                    <s lem="de" pos="sps00" postype="preposition" wd="de"/>
                  </prep>
                  <S clausetype="completive" impersonal="yes">
                    <infinitiu>
                      <v lem="importar" lss="A31.ditransitive-patient-locative" mood="infinitive" pos="vmn0000" postype="main" wd="importar"/>
                    </infinitiu>
                    <sn arg="arg1" entity="entity12" entityref="nne" func="cd" tem="pat">
                      <grup.nom gen="m" num="s">
                        <n gen="m" lem="cordero" num="s" pos="ncms000" postype="common" sense="16:05710430" wd="cordero"/>
                      </grup.nom>
                    </sn>
                  </S>
                </sp>
              </grup.nom>
            </sn>
          </sp>
        </grup.nom>
      </sn>
      <grup.verb>
        <v lem="sacudir" lss="A11.transitive-causative" mood="indicative" num="p" person="3" pos="vmis3p0" postype="main" tense="past" wd="sacudieron"/>
      </grup.verb>
      <sadv arg="argM" func="cc" tem="adv">
        <grup.adv>
          <r lem="nuevamente" pos="rg" wd="nuevamente"/>
        </grup.adv>
      </sadv>
      <sadv arg="argM" func="cc" tem="tmp">
        <grup.adv>
          <r lem="ayer" pos="rg" wd="ayer"/>
        </grup.adv>
      </sadv>
      <sn arg="arg1" entity="entity3" entityref="ne" func="cd" ne="location" tem="tem">
        <spec gen="f" num="s">
          <d gen="f" lem="el" num="s" pos="da0fs0" postype="article" wd="la"/>
        </spec>
        <grup.nom gen="f" num="s">
          <n gen="f" lem="ciudad" num="s" pos="ncfs000" postype="common" sense="16:06287351" wd="ciudad"/>
          <sp>
            <prep>
              <s lem="de" pos="sps00" postype="preposition" wd="de"/>
            </prep>
            <sn entityref="ne" ne="location">
              <grup.nom>
                <n lem="Melilla" ne="location" pos="np00000" postype="proper" wd="Melilla"/>
              </grup.nom>
            </sn>
          </sp>
        </grup.nom>
      </sn>
      <f lem="," pos="fc" punct="comma" wd=","/>
    </S>
    <conj conjunctiontype="coordinating">
      <c lem="pero" pos="cc" postype="coordinating" wd="pero"/>
    </conj>
    <S>
      <sp arg="argM" func="cc" tem="tmp">
        <prep>
          <s lem="en" pos="sps00" postype="preposition" wd="en"/>
        </prep>
        <sn entityref="nne">
          <spec gen="f" num="s">
            <d gen="f" lem="este" num="s" pos="dd0fs0" postype="demonstrative" wd="esta"/>
          </spec>
          <grup.nom gen="f" num="s">
            <n gen="f" lem="ocasión" num="s" pos="ncfs000" postype="common" sense="16:05449233" wd="ocasión"/>
          </grup.nom>
        </sn>
      </sp>
      <sn arg="arg0" coreftype="ident" entity="entity1" entityref="nne" func="suj" homophoricDD="yes" tem="agt">
        <spec gen="f" num="s">
          <d gen="f" lem="el" num="s" pos="da0fs0" postype="article" wd="la"/>
        </spec>
        <grup.nom gen="f" num="s">
          <n gen="c" lem="policía" num="s" pos="nccs000" postype="common" sense="16:06093563" wd="policía"/>
        </grup.nom>
      </sn>
      <neg func="mod">
        <r lem="no" pos="rn" postype="negative" wd="no"/>
      </neg>
      <grup.verb>
        <v lem="intervenir" lss="A21.transitive-agentive-patient" mood="indicative" num="s" person="3" pos="vmis3s0" postype="main" tense="past" wd="intervino"/>
      </grup.verb>
      <sp arg="argM" coord="yes" func="cc" tem="fin">
        <f lem="&quot;" pos="fe" punct="quotation" wd="&quot;"/>
        <sp>
          <prep>
            <s lem="para" pos="sps00" postype="preposition" wd="para"/>
          </prep>
          <S clausetype="completive" impersonal="yes">
            <infinitiu>
              <v lem="evitar" lss="A21.transitive-agentive-patient" mood="infinitive" pos="vmn0000" postype="main" wd="evitar"/>
            </infinitiu>
            <sn arg="arg1" coreftype="ident" entity="entity16" entityref="nne" func="cd" tem="pat">
              <spec gen="m" num="p">
                <z lem="20" ne="number" wd="20"/>
              </spec>
              <grup.nom gen="m" num="p">
                <n gen="m" lem="herido" num="p" pos="ncmp000" postype="common" sense="16:05962842" wd="heridos"/>
              </grup.nom>
            </sn>
            <S arg="argM" clausetype="adverbial" func="cc" tem="adv">
              <f lem="-" pos="fg" punct="hyphen" wd="-"/>
              <f lem="-" pos="fg" punct="hyphen" wd="-"/>
              <conj conjunctiontype="subordinating">
                <c lem="como" pos="cs" postype="subordinating" wd="como"/>
              </conj>
              <grup.verb>
                <v lem="justificar" lss="A21.transitive-agentive-patient" mood="indicative" num="s" person="3" pos="vmis3s0" postype="main" tense="past" wd="justificó"/>
              </grup.verb>
              <sn arg="arg0" entity="entity2" entityref="ne" func="suj" ne="person" tem="agt">
                <spec gen="m" num="s">
                  <d gen="m" lem="el" num="s" pos="da0ms0" postype="article" wd="el"/>
                </spec>
                <grup.nom gen="m" num="s">
                  <n gen="m" lem="delegado" num="s" pos="ncms000" postype="common" sense="16:07207615" wd="delegado"/>
                  <sp>
                    <prep>
                      <s contracted="yes" gen="m" lem="del" num="s" pos="spcms" postype="preposition" wd="del"/>
                    </prep>
                    <sn entity="entity13" entityref="ne" ne="organization">
                      <grup.nom gen="m" num="s">
                        <n lem="Gobierno" ne="organization" pos="np00000" postype="proper" wd="Gobierno"/>
                      </grup.nom>
                    </sn>
                  </sp>
                  <sp>
                    <prep>
                      <s lem="en" pos="sps00" postype="preposition" wd="en"/>
                    </prep>
                    <sn coreftype="ident" entity="entity3" entityref="spec">
                      <spec gen="f" num="s">
                        <d gen="f" lem="el" num="s" pos="da0fs0" postype="article" wd="la"/>
                      </spec>
                      <grup.nom gen="f" num="s">
                        <n gen="f" lem="ciudad" num="s" pos="ncfs000" postype="common" sense="16:06287351" wd="ciudad"/>
                      </grup.nom>
                    </sn>
                  </sp>
                  <sn corefsubtype="definit" coreftype="pred" entity="entity2" entityref="ne" ne="person">
                    <f lem="," pos="fc" punct="comma" wd=","/>
                    <grup.nom gen="m" num="s">
                      <n lem="Enrique_Beamud" ne="person" pos="np00000" postype="proper" wd="Enrique_Beamud"/>
                    </grup.nom>
                  </sn>
                </grup.nom>
              </sn>
              <f lem="-" pos="fg" punct="hyphen" wd="-"/>
              <f lem="-" pos="fg" punct="hyphen" wd="-"/>
            </S>
          </S>
        </sp>
        <conj conjunctiontype="coordinating">
          <c lem="y" pos="cc" postype="coordinating" wd="y"/>
        </conj>
        <sp>
          <prep>
            <s lem="para" pos="sps00" postype="preposition" wd="para"/>
          </prep>
          <S clausetype="completive">
            <conj conjunctiontype="subordinating">
              <c lem="que" pos="cs" postype="subordinating" wd="que"/>
            </conj>
            <neg func="mod">
              <r lem="no" pos="rn" postype="negative" wd="no"/>
            </neg>
            <morfema.verbal func="pass">
              <p gen="c" lem="se" num="c" pos="p0000000" wd="se"/>
            </morfema.verbal>
            <grup.verb>
              <v lem="decir" lss="B12.unaccusative-passive-ditransitive" mood="subjunctive" num="s" person="3" pos="vmsp3s0" postype="main" tense="present" wd="diga"/>
            </grup.verb>
            <S arg="arg1" clausetype="completive" func="suj" num="p" tem="pat">
              <conj conjunctiontype="subordinating">
                <c lem="que" pos="cs" postype="subordinating" wd="que"/>
              </conj>
              <sn arg="arg0" coreftype="ident" elliptic="yes" entity="entity1" entityref="nne" func="suj" tem="agt"/>
              <grup.verb>
                <v lem="actuar" lss="D11.inergative-agentive" mood="indicative" num="s" person="3" pos="vmip3s0" postype="main" tense="present" wd="actúa"/>
              </grup.verb>
              <sadv arg="argM" func="cc" tem="adv">
                <grup.adv>
                  <r lem="salvajemente" pos="rg" wd="salvajemente"/>
                </grup.adv>
              </sadv>
            </S>
          </S>
        </sp>
        <f lem="&quot;" pos="fe" punct="quotation" wd="&quot;"/>
      </sp>
    </S>
    <f lem="." pos="fp" punct="period" wd="."/>
  </sentence>
  <sentence>
    <S clausesubtype="concessive" clausetype="adverbial" func="ao">
      <conj conjunctiontype="subordinating">
        <c lem="aunque" pos="cs" postype="subordinating" wd="Aunque"/>
      </conj>
      <sn arg="arg0" coreftype="ident" entity="entity6" entityref="nne" func="suj" tem="agt">
        <spec gen="m" num="p">
          <d gen="m" lem="el" num="p" pos="da0mp0" postype="article" wd="los"/>
        </spec>
        <grup.nom gen="m" num="p">
          <n gen="m" lem="disturbio" num="p" pos="ncmp000" postype="common" sense="16:00758437" wd="disturbios"/>
        </grup.nom>
      </sn>
      <morfema.pronominal>
        <p gen="c" lem="él" num="c" person="3" pos="p0300000" wd="se"/>
      </morfema.pronominal>
      <grup.verb>
        <v lem="repetir" lss="A21.transitive-agentive-patient" mood="indicative" num="p" person="3" pos="vmis3p0" postype="main" tense="past" wd="repitieron"/>
      </grup.verb>
      <sp arg="argM" func="cc" tem="loc">
        <prep>
          <s lem="en" pos="sps00" postype="preposition" wd="en"/>
        </prep>
        <sn entityref="nne" homophoricDD="yes">
          <spec gen="m" num="p">
            <d gen="m" lem="el" num="p" pos="da0mp0" postype="article" wd="los"/>
          </spec>
          <grup.nom gen="m" num="p">
            <n gen="m" lem="barrio" num="p" pos="ncmp000" postype="common" sense="16:06293689" wd="barrios"/>
            <S clausetype="participle" impersonal="yes">
              <participi>
                <a gen="m" lem="habitado" lss="B22.unaccusative-passive-transitive" num="p" pos="aq0mpp" posfunction="participle" postype="qualificative" wd="habitados"/>
              </participi>
              <sp arg="arg0" func="cag" tem="agt">
                <sadv adjunct="yes">
                  <grup.adv>
                    <r lem="mayoritariamente" pos="rg" wd="mayoritariamente"/>
                  </grup.adv>
                </sadv>
                <sp>
                  <prep>
                    <s lem="por" pos="sps00" postype="preposition" wd="por"/>
                  </prep>
                  <sn entity="entity20" entityref="nne">
                    <grup.nom gen="m" num="p">
                      <n gen="m" lem="musulmán" num="p" pos="ncmp000" postype="common" sense="16:06999749" wd="musulmanes"/>
                    </grup.nom>
                  </sn>
                </sp>
              </sp>
            </S>
            <sp>
              <f lem="," pos="fc" punct="comma" wd=","/>
              <prep>
                <c lem="como" pos="cs" postype="subordinating" wd="como"/>
              </prep>
              <sn complex="yes">
                <grup.nom coord="yes">
                  <grup.nom>
                    <n lem="Cañada_de_Hidum" ne="location" pos="np00000" postype="proper" wd="Cañada_de_Hidum"/>
                  </grup.nom>
                  <f lem="," pos="fc" punct="comma" wd=","/>
                  <grup.nom>
                    <n lem="Reina_Regente" ne="location" pos="np00000" postype="proper" wd="Reina_Regente"/>
                  </grup.nom>
                  <f lem="," pos="fc" punct="comma" wd=","/>
                  <grup.nom>
                    <n lem="Cabrerizas" ne="location" pos="np00000" postype="proper" wd="Cabrerizas"/>
                  </grup.nom>
                  <conj conjunctiontype="coordinating">
                    <c lem="y" pos="cc" postype="coordinating" wd="y"/>
                  </conj>
                  <grup.nom>
                    <n lem="Monte_María_Cristina" ne="location" pos="np00000" postype="proper" wd="Monte_María_Cristina"/>
                  </grup.nom>
                </grup.nom>
              </sn>
            </sp>
          </grup.nom>
        </sn>
      </sp>
      <f lem="," pos="fc" punct="comma" wd=","/>
    </S>
    <sn arg="arg0" entity="entity15" entityref="nne" func="suj" homophoricDD="yes" tem="agt">
      <spec gen="m" num="p">
        <d gen="m" lem="el" num="p" pos="da0mp0" postype="article" wd="los"/>
      </spec>
      <grup.nom gen="m" num="p">
        <n gen="m" lem="vecino" num="p" pos="ncmp000" postype="common" sense="16:06949059" wd="vecinos"/>
      </grup.nom>
    </sn>
    <grup.verb>
      <v lem="manifestar" lss="A32.ditransitive-patient-benefactive" mood="indicative" num="p" person="3" pos="vmis3p0" postype="main" tense="past" wd="manifestaron"/>
    </grup.verb>
    <sp arg="arg2" func="ci" tem="ben">
      <prep>
        <s lem="a" pos="sps00" postype="preposition" wd="a"/>
      </prep>
      <sn entityref="nne">
        <spec gen="m" num="s">
          <d gen="m" lem="este" num="s" pos="dd0ms0" postype="demonstrative" wd="este"/>
        </spec>
        <grup.nom gen="m" num="s">
          <n gen="m" lem="diario" num="s" pos="ncms000" postype="common" sense="16:04738466" wd="diario"/>
        </grup.nom>
      </sn>
    </sp>
    <S arg="arg1" clausetype="completive" func="cd" tem="pat">
      <conj conjunctiontype="subordinating">
        <c lem="que" pos="cs" postype="subordinating" wd="que"/>
      </conj>
      <neg func="mod">
        <r lem="no" pos="rn" postype="negative" wd="no"/>
      </neg>
      <grup.verb>
        <v lem="ser" mood="indicative" num="p" person="3" pos="vsis3p0" postype="semiauxiliary" tense="past" wd="fueron"/>
        <v gen="f" lem="atender" lss="B22.unaccusative-passive-transitive" mood="participle" num="p" pos="vmp00pf" postype="main" wd="atendidas"/>
      </grup.verb>
      <sn arg="arg1" entityref="nne" func="suj" tem="pat">
        <spec arg="arg0" gen="m" num="p" tem="agt">
          <d coreftype="ident" entity="entity15" entityref="nne" gen="c" lem="su" num="p" person="3" pos="dp3cp0" postype="possessive" wd="sus"/>
        </spec>
        <grup.nom gen="f" num="p">
          <S clausetype="participle" func="cn" impersonal="yes">
            <participi>
              <a gen="f" lem="reiterado" num="p" pos="aq0fpp" posfunction="participle" postype="qualificative" wd="reiteradas"/>
            </participi>
          </S>
          <n gen="f" lem="llamada" lexicalid="noun.llamada.2.default" num="p" origin="deverbal" pos="ncfp000" postype="common" sense="16:04742189" wd="llamadas"/>
          <sp arg="arg1" func="cn" tem="pat">
            <prep>
              <s lem="a" pos="sps00" postype="preposition" wd="a"/>
            </prep>
            <sn entityref="nne">
              <grup.nom gen="f" num="s">
                <n gen="f" lem="comisaría" num="s" pos="ncfs000" postype="common" sense="16:03153264" wd="comisaría"/>
              </grup.nom>
            </sn>
          </sp>
          <sp arg="argM" func="cn" tem="fin">
            <prep>
              <s lem="para" pos="sps00" postype="preposition" wd="para"/>
            </prep>
            <S clausetype="completive" impersonal="yes">
              <infinitiu>
                <v lem="denunciar" lss="A21.transitive-agentive-patient" mood="infinitive" pos="vmn0000" postype="main" wd="denunciar"/>
              </infinitiu>
              <sn arg="arg1" complex="yes" func="cd" tem="pat">
                <grup.nom coord="yes">
                  <grup.nom gen="m" num="p">
                    <n gen="m" lem="corte" lexicalid="noun.corte.1.default" num="p" origin="deverbal" pos="ncmp000" postype="common" sense="16:00248167" wd="cortes"/>
                    <sp arg="arg1" func="cn" tem="tem">
                      <prep>
                        <s lem="de" pos="sps00" postype="preposition" wd="de"/>
                      </prep>
                      <sn entity="entity9" entityref="nne">
                        <grup.nom gen="f" num="p">
                          <n gen="f" lem="carretera" num="p" pos="ncfp000" postype="common" sense="16:03243979" wd="carreteras"/>
                        </grup.nom>
                      </sn>
                    </sp>
                  </grup.nom>
                  <conj conjunctiontype="coordinating">
                    <c lem="y" pos="cc" postype="coordinating" wd="y"/>
                  </conj>
                  <grup.nom gen="f" num="s">
                    <n gen="f" lem="quema" lexicalid="noun.quema.1.default" num="s" origin="deverbal" pos="ncfs000" postype="common" sense="16:00243251" wd="quema"/>
                    <sp arg="arg1" func="cn" tem="tem">
                      <prep>
                        <s lem="de" pos="sps00" postype="preposition" wd="de"/>
                      </prep>
                      <sn entity="entity18" entityref="nne">
                        <grup.nom gen="m" num="p">
                          <n gen="m" lem="contenedor" num="p" pos="ncmp000" postype="common" sense="16:02490563" wd="contenedores"/>
                        </grup.nom>
                      </sn>
                    </sp>
                  </grup.nom>
                </grup.nom>
              </sn>
            </S>
          </sp>
        </grup.nom>
      </sn>
    </S>
    <f lem="." pos="fp" punct="period" wd="."/>
  </sentence>
  <sentence coord="yes" entity="entity17">
    <S coord="yes">
      <conj conjunctiontype="coordinating">
        <c lem="ni" pos="cc" postype="coordinating" wd="Ni"/>
      </conj>
      <S>
        <grup.verb>
          <v lem="acudir" lss="B11.unaccusative-motion" mood="indicative" num="p" person="3" pos="vmis3p0" postype="main" tense="past" wd="acudieron"/>
        </grup.verb>
        <sn arg="arg1" entityref="nne" func="suj" homophoricDD="yes" tem="tem">
          <spec gen="m" num="p">
            <d gen="m" lem="el" num="p" pos="da0mp0" postype="article" wd="los"/>
          </spec>
          <grup.nom gen="m" num="p">
            <n gen="c" lem="agente" num="p" pos="nccp000" postype="common" sense="16:07485319" wd="agentes"/>
          </grup.nom>
        </sn>
      </S>
      <conj conjunctiontype="coordinating">
        <c lem="ni" pos="cc" postype="coordinating" wd="ni"/>
      </conj>
      <S verbless="yes">
        <sn entityref="nne" homophoricDD="yes">
          <spec gen="m" num="p">
            <d gen="m" lem="el" num="p" pos="da0mp0" postype="article" wd="los"/>
          </spec>
          <grup.nom gen="m" num="p">
            <n gen="m" lem="bombero" num="p" pos="ncmp000" postype="common" sense="16:07264519" wd="bomberos"/>
          </grup.nom>
        </sn>
      </S>
    </S>
    <sn adjunct="yes" corefsubtype="token" coreftype="dx" entity="entity17" entityref="nne" func="ao">
      <f lem="," pos="fc" punct="comma" wd=","/>
      <spec gen="m" num="s">
        <d gen="c" lem="el" num="s" pos="da0ns0" postype="article" wd="lo"/>
      </spec>
      <grup.nom gen="m" num="s">
        <S clausetype="relative">
          <relatiu arg="arg0" func="suj" tem="cau">
            <p gen="c" lem="que" num="c" pos="pr0cn000" postype="relative" wd="que"/>
          </relatiu>
          <grup.verb>
            <v lem="obligar" lss="A12.ditransitive-causative-state" mood="indicative" num="s" person="3" pos="vmis3s0" postype="main" tense="past" wd="obligó"/>
          </grup.verb>
          <sp arg="arg1" func="cd" tem="tem">
            <prep>
              <s lem="a" pos="sps00" postype="preposition" wd="a"/>
            </prep>
            <sn coreftype="ident" entity="entity15" entityref="nne" homophoricDD="yes">
              <spec gen="m" num="p">
                <d gen="m" lem="el" num="p" pos="da0mp0" postype="article" wd="los"/>
              </spec>
              <grup.nom gen="m" num="p">
                <s.a gen="m" num="p">
                  <grup.a gen="m" num="p">
                    <a gen="m" lem="propio" num="p" pos="aq0mp0" postype="qualificative" wd="propios"/>
                  </grup.a>
                </s.a>
                <n gen="m" lem="vecino" num="p" pos="ncmp000" postype="common" sense="16:06949059" wd="vecinos"/>
              </grup.nom>
            </sn>
          </sp>
          <sp arg="arg2" coord="yes" func="creg" tem="efi">
            <sp>
              <prep>
                <s lem="a" pos="sps00" postype="preposition" wd="a"/>
              </prep>
              <S clausetype="completive" impersonal="yes">
                <infinitiu>
                  <v lem="apagar" lss="A11.transitive-causative" mood="infinitive" pos="vmn0000" postype="main" wd="apagar"/>
                </infinitiu>
                <sn arg="arg1" entityref="nne" func="cd" homophoricDD="yes" tem="tem">
                  <spec gen="m" num="s">
                    <d gen="m" lem="el" num="s" pos="da0ms0" postype="article" wd="el"/>
                  </spec>
                  <grup.nom gen="m" num="s">
                    <n gen="m" lem="fuego" num="s" pos="ncms000" postype="common" sense="16:05444579" wd="fuego"/>
                    <sp>
                      <prep>
                        <s lem="de" pos="sps00" postype="preposition" wd="de"/>
                      </prep>
                      <sn entity="entity5" entityref="nne" homophoricDD="yes">
                        <spec gen="f" num="p">
                          <d gen="f" lem="el" num="p" pos="da0fp0" postype="article" wd="las"/>
                        </spec>
                        <grup.nom gen="f" num="p">
                          <n gen="f" lem="barricada" num="p" pos="ncfp000" postype="common" sense="16:02254799" wd="barricadas"/>
                        </grup.nom>
                      </sn>
                    </sp>
                  </grup.nom>
                </sn>
                <sp arg="argM" func="cc" tem="adv">
                  <f lem="," pos="fc" punct="comma" wd=","/>
                  <prep>
                    <s lem="ante" pos="sps00" postype="preposition" wd="ante"/>
                  </prep>
                  <sn entityref="nne" homophoricDD="yes">
                    <spec gen="m" num="s">
                      <d gen="m" lem="el" num="s" pos="da0ms0" postype="article" wd="el"/>
                    </spec>
                    <grup.nom gen="m" num="s">
                      <n gen="m" lem="temor" num="s" pos="ncms000" postype="common" sense="16:05594044" wd="temor"/>
                      <sp>
                        <prep>
                          <s lem="de" pos="sps00" postype="preposition" wd="de"/>
                        </prep>
                        <S clausetype="completive">
                          <conj conjunctiontype="subordinating">
                            <c lem="que" pos="cs" postype="subordinating" wd="que"/>
                          </conj>
                          <sn arg="arg0" coreftype="ident" elliptic="yes" entity="entity5" entityref="nne" func="suj" tem="cau"/>
                          <grup.verb>
                            <v lem="afectar" lss="A11.transitive-causative" mood="subjunctive" num="p" person="3" pos="vmsi3p0" postype="main" tense="imperfect" wd="afectaran"/>
                          </grup.verb>
                          <sp arg="arg1" func="cd" tem="tem">
                            <prep>
                              <s lem="a" pos="sps00" postype="preposition" wd="a"/>
                            </prep>
                            <sn entityref="nne">
                              <spec gen="m" num="p">
                                <d coreftype="ident" entity="entity15" entityref="nne" gen="c" lem="su" num="p" person="3" pos="dp3cp0" postype="possessive" wd="sus"/>
                              </spec>
                              <grup.nom gen="m" num="p">
                                <n gen="m" lem="hogar" num="p" pos="ncmp000" postype="common" sense="16:cs1" wd="hogares"/>
                              </grup.nom>
                            </sn>
                          </sp>
                        </S>
                      </sp>
                    </grup.nom>
                  </sn>
                </sp>
              </S>
              <f lem="," pos="fc" punct="comma" wd=","/>
            </sp>
            <conj conjunctiontype="coordinating">
              <c lem="e" pos="cc" postype="coordinating" wd="e"/>
            </conj>
            <sp>
              <sadv adjunct="yes">
                <grup.adv>
                  <r lem="incluso" pos="rg" wd="incluso"/>
                </grup.adv>
              </sadv>
              <sp>
                <prep>
                  <s lem="a" pos="sps00" postype="preposition" wd="a"/>
                </prep>
                <S clausetype="completive" impersonal="yes">
                  <infinitiu>
                    <v coreftype="ident" entity="entity5" lem="abrir" lss="A21.transitive-agentive-patient" mood="infinitive" pos="vmn0000" postype="main" wd="abrirlas"/>
                  </infinitiu>
                  <sadv arg="argM" func="cc" tem="adv">
                    <grup.adv>
                      <r lem="parcialmente" pos="rg" wd="parcialmente"/>
                    </grup.adv>
                  </sadv>
                  <sp arg="argM" func="cc" tem="fin">
                    <prep>
                      <s lem="para" pos="sps00" postype="preposition" wd="para"/>
                    </prep>
                    <S clausetype="completive">
                      <conj conjunctiontype="subordinating">
                        <c lem="que" pos="cs" postype="subordinating" wd="que"/>
                      </conj>
                      <sn arg="arg0" entityref="nne" func="suj" homophoricDD="yes" tem="agt">
                        <spec gen="m" num="p">
                          <d gen="m" lem="el" num="p" pos="da0mp0" postype="article" wd="los"/>
                        </spec>
                        <grup.nom gen="m" num="p">
                          <n gen="m" lem="vehículo" num="p" pos="ncmp000" postype="common" sense="16:03569523" wd="vehículos"/>
                        </grup.nom>
                      </sn>
                      <grup.verb>
                        <v lem="poder" mood="subjunctive" num="p" person="3" pos="vmsi3p0" postype="main" tense="imperfect" wd="pudiesen"/>
                        <infinitiu>
                          <v lem="pasar" lss="D11.inergative-agentive" mood="infinitive" pos="vmn0000" postype="main" wd="pasar"/>
                        </infinitiu>
                      </grup.verb>
                    </S>
                  </sp>
                </S>
              </sp>
            </sp>
          </sp>
        </S>
      </grup.nom>
    </sn>
    <f lem="." pos="fp" punct="period" wd="."/>
  </sentence>
  <sentence>
    <S clausesubtype="concessive" clausetype="adverbial" func="ao">
      <conj conjunctiontype="subordinating">
        <c lem="si_bien" pos="cs" postype="subordinating" wd="Si_bien"/>
      </conj>
      <sp arg="argM" func="cc" tem="tmp">
        <prep>
          <s lem="durante" pos="sps00" postype="preposition" wd="durante"/>
        </prep>
        <sn coord="yes">
          <sn entityref="nne" homophoricDD="yes">
            <spec gen="f" num="p">
              <d gen="f" lem="el" num="p" pos="da0fp0" postype="article" wd="las"/>
            </spec>
            <grup.nom gen="f" num="p">
              <n gen="f" lem="mañana" num="p" pos="ncfp000" postype="common" sense="16:10884278" wd="mañanas"/>
            </grup.nom>
          </sn>
          <conj conjunctiontype="coordinating">
            <c lem="y" pos="cc" postype="coordinating" wd="y"/>
          </conj>
          <sn entityref="nne" homophoricDD="yes">
            <spec gen="f" num="p">
              <d gen="f" lem="el" num="p" pos="da0fp0" postype="article" wd="las"/>
            </spec>
            <grup.nom gen="f" num="p">
              <n gen="f" lem="tarde" num="p" pos="ncfp000" postype="common" sense="16:10885066" wd="tardes"/>
            </grup.nom>
          </sn>
        </sn>
      </sp>
      <sn arg="arg1" entityref="nne" func="suj" homophoricDD="yes" tem="tem">
        <spec gen="f" num="s">
          <d gen="f" lem="el" num="s" pos="da0fs0" postype="article" wd="la"/>
        </spec>
        <grup.nom gen="f" num="s">
          <n gen="f" lem="normalidad" num="s" pos="ncfs000" postype="common" sense="16:10402913" wd="normalidad"/>
        </grup.nom>
      </sn>
      <grup.verb>
        <v lem="reinar" lss="C11.state-existential" mood="indicative" num="s" person="3" pos="vmip3s0" postype="main" tense="present" wd="reina"/>
      </grup.verb>
      <sp arg="argM" func="cc" tem="loc">
        <prep>
          <s lem="en" pos="sps00" postype="preposition" wd="en"/>
        </prep>
        <sn coreftype="ident" entity="entity3" entityref="ne" ne="location">
          <spec gen="f" num="s">
            <d gen="f" lem="el" num="s" pos="da0fs0" postype="article" wd="la"/>
          </spec>
          <grup.nom gen="f" num="s">
            <n gen="f" lem="ciudad" num="s" pos="ncfs000" postype="common" sense="16:06287351" wd="ciudad"/>
            <s.a gen="f" num="s">
              <grup.a gen="f" num="s">
                <a gen="f" lem="norteafricano" num="s" pos="aq0fs0" postype="qualificative" wd="norteafricana"/>
              </grup.a>
            </s.a>
          </grup.nom>
        </sn>
      </sp>
      <f lem="," pos="fc" punct="comma" wd=","/>
    </S>
    <sn arg="arg1" coreftype="ident" entity="entity6" entityref="nne" func="suj" tem="tem">
      <spec gen="f" num="p">
        <d gen="f" lem="el" num="p" pos="da0fp0" postype="article" wd="las"/>
      </spec>
      <grup.nom gen="f" num="p">
        <n gen="f" lem="protesta" lexicalid="noun.protesta.1.default" num="p" origin="deverbal" pos="ncfp000" postype="common" sense="16:00762587" wd="protestas"/>
      </grup.nom>
    </sn>
    <grup.verb>
      <v lem="arreciar" lss="C11.state-existential" mood="indicative" num="p" person="3" pos="vmip3p0" postype="main" tense="present" wd="arrecian"/>
    </grup.verb>
    <sp arg="argM" func="cc" tem="tmp">
      <prep>
        <s lem="por" pos="sps00" postype="preposition" wd="por"/>
      </prep>
      <sn entityref="nne">
        <spec gen="f" num="s">
          <d gen="f" lem="el" num="s" pos="da0fs0" postype="article" wd="la"/>
        </spec>
        <grup.nom gen="f" num="s">
          <n gen="f" lem="noche" num="s" pos="ncfs000" postype="common" sense="16:10886190" wd="noche"/>
        </grup.nom>
      </sn>
    </sp>
    <f lem="." pos="fp" punct="period" wd="."/>
  </sentence>
  <sentence>
    <sn arg="arg0" entity="entity8" entityref="nne" func="suj" homophoricDD="yes" tem="cau">
      <spec gen="m" num="p">
        <d gen="m" lem="el" num="p" pos="da0mp0" postype="article" wd="Los"/>
      </spec>
      <grup.nom gen="m" num="p">
        <s.a gen="m" num="p">
          <spec>
            <r lem="más" pos="rg" wd="más"/>
          </spec>
          <grup.a gen="m" num="p">
            <a gen="m" lem="violento" num="p" pos="aq0mp0" postype="qualificative" wd="violentos"/>
          </grup.a>
        </s.a>
        <s.a gen="m" num="p">
          <f lem="," pos="fc" punct="comma" wd=","/>
          <spec>
            <r lem="principalmente" pos="rg" wd="principalmente"/>
          </spec>
          <grup.a gen="m" num="p">
            <a gen="c" lem="joven" num="p" pos="aq0cp0" postype="qualificative" wd="jóvenes"/>
            <sp>
              <prep>
                <s lem="de" pos="sps00" postype="preposition" wd="de"/>
              </prep>
              <sp>
                <prep>
                  <s lem="entre" pos="sps00" postype="preposition" wd="entre"/>
                </prep>
                <sn>
                  <spec coord="yes" gen="m" num="p">
                    <spec gen="m" num="p">
                      <z lem="16" ne="number" wd="16"/>
                    </spec>
                    <conj conjunctiontype="coordinating">
                      <c lem="y" pos="cc" postype="coordinating" wd="y"/>
                    </conj>
                    <spec gen="m" num="p">
                      <z lem="20" ne="number" wd="20"/>
                    </spec>
                  </spec>
                  <grup.nom gen="m" num="p">
                    <n gen="m" lem="año" num="p" pos="ncmp000" postype="common" sense="16:10917509" wd="años"/>
                  </grup.nom>
                </sn>
              </sp>
            </sp>
          </grup.a>
        </s.a>
        <sn entityref="nne">
          <f lem="," pos="fc" punct="comma" wd=","/>
          <grup.nom gen="m" num="p">
            <p gen="m" lem="alguno" num="p" pos="pi0mp000" postype="indefinite" wd="algunos"/>
            <S clausetype="participle" impersonal="yes">
              <sadv arg="argM" func="cc" tem="adv">
                <grup.adv>
                  <r lem="incluso" pos="rg" wd="incluso"/>
                </grup.adv>
              </sadv>
              <participi>
                <a gen="m" lem="encapuchado" lss="B22.unaccusative-passive-transitive" num="p" pos="aq0mpp" posfunction="participle" postype="qualificative" wd="encapuchados"/>
              </participi>
            </S>
          </grup.nom>
          <f lem="," pos="fc" punct="comma" wd=","/>
        </sn>
      </grup.nom>
    </sn>
    <grup.verb>
      <v lem="incendiar" lss="A11.transitive-causative" mood="indicative" num="p" person="3" pos="vmip3p0" postype="main" tense="present" wd="incendian"/>
    </grup.verb>
    <sn arg="arg1" complex="yes" entity="entity7" entityref="nne" func="cd" tem="tem">
      <grup.nom coord="yes">
        <grup.nom coord="yes">
          <grup.nom coreftype="ident" entity="entity18" gen="m" num="p">
            <n gen="m" lem="contenedor" num="p" pos="ncmp000" postype="common" sense="16:02490563" wd="contenedores"/>
            <sp>
              <prep>
                <s lem="de" pos="sps00" postype="preposition" wd="de"/>
              </prep>
              <sn>
                <grup.nom gen="f" num="s">
                  <n gen="f" lem="basura" num="s" pos="ncfs000" postype="common" sense="16:10656895" wd="basura"/>
                </grup.nom>
              </sn>
            </sp>
          </grup.nom>
          <f lem="," pos="fc" punct="comma" wd=","/>
          <grup.nom gen="m" num="p">
            <n gen="m" lem="tronco" num="p" pos="ncmp000" postype="common" sense="16:09450405" wd="troncos"/>
          </grup.nom>
          <conj conjunctiontype="coordinating">
            <c lem="y" pos="cc" postype="coordinating" wd="y"/>
          </conj>
          <grup.nom gen="m" num="p">
            <n gen="m" lem="coche" num="p" pos="ncmp000" postype="common" sense="16:02383458" wd="coches"/>
            <S clausetype="participle" impersonal="yes">
              <participi>
                <a gen="m" lem="desguazado" num="p" pos="aq0mpp" posfunction="participle" postype="qualificative" wd="desguazados"/>
              </participi>
            </S>
          </grup.nom>
        </grup.nom>
        <S adjunct="yes" clausetype="relative">
          <f lem="," pos="fc" punct="comma" wd=","/>
          <relatiu arg="arg1" coreftype="ident" entity="entity7" entityref="nne" func="cd" tem="pat">
            <p gen="c" lem="que" num="c" pos="pr0cn000" postype="relative" wd="que"/>
          </relatiu>
          <sn arg="arg0" coreftype="ident" elliptic="yes" entity="entity8" entityref="nne" func="suj" tem="agt"/>
          <sadv arg="argM" func="cc" tem="tmp">
            <grup.adv>
              <r lem="luego" pos="rg" wd="luego"/>
            </grup.adv>
          </sadv>
          <grup.verb>
            <v lem="utilizar" lss="A21.transitive-agentive-patient" mood="indicative" num="p" person="3" pos="vmip3p0" postype="main" tense="present" wd="utilizan"/>
          </grup.verb>
          <sp arg="argM" coord="yes" func="cc" tem="fin">
            <sp>
              <prep>
                <s lem="para" pos="sps00" postype="preposition" wd="para"/>
              </prep>
              <sn coreftype="ident" entity="entity5" entityref="nne">
                <spec gen="f" num="p">
                  <d coreftype="ident" entity="entity8" entityref="nne" gen="c" lem="su" num="p" person="3" pos="dp3cp0" postype="possessive" wd="sus"/>
                </spec>
                <grup.nom gen="f" num="p">
                  <n gen="f" lem="barricada" num="p" pos="ncfp000" postype="common" sense="16:02254799" wd="barricadas"/>
                </grup.nom>
              </sn>
            </sp>
            <conj conjunctiontype="coordinating">
              <c lem="y" pos="cc" postype="coordinating" wd="y"/>
            </conj>
            <sp>
              <prep>
                <s lem="para" pos="sps00" postype="preposition" wd="para"/>
              </prep>
              <S clausetype="completive" impersonal="yes">
                <infinitiu>
                  <v lem="cortar" lss="A11.transitive-causative" mood="infinitive" pos="vmn0000" postype="main" wd="cortar"/>
                </infinitiu>
                <sn arg="arg1" coreftype="ident" entity="entity9" entityref="nne" func="cd" tem="tem">
                  <grup.nom gen="f" num="p">
                    <n gen="f" lem="carretera" num="p" pos="ncfp000" postype="common" sense="16:03243979" wd="carreteras"/>
                  </grup.nom>
                </sn>
              </S>
            </sp>
          </sp>
        </S>
      </grup.nom>
    </sn>
    <f lem="." pos="fp" punct="period" wd="."/>
  </sentence>
  <sentence>
    <sp arg="argM" func="cc" tem="tmp">
      <prep>
        <s lem="tras" pos="sps00" postype="preposition" wd="Tras"/>
      </prep>
      <sn entity="entity10" entityref="nne" homophoricDD="yes">
        <spec gen="m" num="p">
          <d gen="m" lem="el" num="p" pos="da0mp0" postype="article" wd="los"/>
        </spec>
        <grup.nom gen="m" num="p">
          <s.a gen="m" num="p">
            <grup.a gen="m" num="p">
              <a gen="c" lem="grave" num="p" pos="aq0cp0" postype="qualificative" wd="graves"/>
            </grup.a>
          </s.a>
          <n gen="c" lem="incidente" num="p" pos="nccp000" postype="common" sense="16:05447746" wd="incidentes"/>
          <sp>
            <prep>
              <s contracted="yes" gen="m" lem="del" num="s" pos="spcms" postype="preposition" wd="del"/>
            </prep>
            <sn entityref="ne" ne="date">
              <grup.nom gen="m" num="s">
                <w lem="[M:??/??/??:??.??]" ne="date" wd="martes"/>
              </grup.nom>
            </sn>
          </sp>
          <S clausetype="relative">
            <f lem="," pos="fc" punct="comma" wd=","/>
            <sp arg="argM" func="cc" tem="loc">
              <prep>
                <s lem="en" pos="sps00" postype="preposition" wd="en"/>
              </prep>
              <sn coreftype="ident" entity="entity10" entityref="nne">
                <spec gen="m" num="p">
                  <d gen="m" lem="el" num="p" pos="da0mp0" postype="article" wd="los"/>
                </spec>
                <grup.nom gen="m" num="p">
                  <relatiu>
                    <p gen="c" lem="que" num="c" pos="pr0cn000" postype="relative" wd="que"/>
                  </relatiu>
                </grup.nom>
              </sn>
            </sp>
            <sn arg="arg0" entityref="nne" func="suj" tem="cau">
              <spec gen="f" num="s">
                <d gen="f" lem="uno" num="s" pos="di0fs0" postype="indefinite" wd="una"/>
              </spec>
              <grup.nom gen="f" num="s">
                <n gen="f" lem="lluvia" num="s" pos="ncfs000" postype="common" sense="16:10770918" wd="lluvia"/>
                <sp>
                  <prep>
                    <s lem="de" pos="sps00" postype="preposition" wd="de"/>
                  </prep>
                  <sn>
                    <grup.nom gen="f" num="p">
                      <n gen="f" lem="piedra" num="p" pos="ncfp000" postype="common" sense="16:06669293" wd="piedras"/>
                    </grup.nom>
                  </sn>
                </sp>
              </grup.nom>
            </sn>
            <grup.verb>
              <v lem="provocar" lss="A11.transitive-causative" mood="indicative" num="s" person="3" pos="vmis3s0" postype="main" tense="past" wd="provocó"/>
            </grup.verb>
            <S arg="arg1" clausetype="completive" func="cd" tem="tem">
              <conj conjunctiontype="subordinating">
                <c lem="que" pos="cs" postype="subordinating" wd="que"/>
              </conj>
              <sn arg="arg0" coreftype="ident" entity="entity1" entityref="nne" func="suj" homophoricDD="yes" tem="agt">
                <spec gen="f" num="s">
                  <d gen="f" lem="el" num="s" pos="da0fs0" postype="article" wd="la"/>
                </spec>
                <grup.nom gen="f" num="s">
                  <n gen="c" lem="policía" num="s" pos="nccs000" postype="common" sense="16:07485319" wd="policía"/>
                </grup.nom>
              </sn>
              <grup.verb>
                <v lem="tener" mood="subjunctive" num="s" person="3" pos="vmsi3s0" postype="main" tense="imperfect" wd="tuviera"/>
                <c lem="que" pos="cs" postype="subordinating" wd="que"/>
                <infinitiu>
                  <v lem="abandonar" lss="A21.transitive-agentive-patient" mood="infinitive" pos="vmn0000" postype="main" wd="abandonar"/>
                </infinitiu>
              </grup.verb>
              <sn arg="arg1" entityref="nne" func="cd" homophoricDD="yes" tem="pat">
                <spec gen="m" num="s">
                  <d gen="m" lem="el" num="s" pos="da0ms0" postype="article" wd="el"/>
                </spec>
                <grup.nom gen="m" num="s">
                  <n gen="m" lem="lugar" num="s" pos="ncms000" postype="common" sense="16:06381267" wd="lugar"/>
                  <sp>
                    <prep>
                      <s lem="de" pos="sps00" postype="preposition" wd="de"/>
                    </prep>
                    <sn coreftype="ident" entity="entity6" entityref="nne">
                      <spec gen="m" num="p">
                        <d gen="m" lem="el" num="p" pos="da0mp0" postype="article" wd="los"/>
                      </spec>
                      <grup.nom gen="m" num="p">
                        <n gen="m" lem="suceso" lexicalid="noun.suceso.1.default" num="p" origin="deverbal" pos="ncmp000" postype="common" sense="16:05432762" wd="sucesos"/>
                      </grup.nom>
                    </sn>
                  </sp>
                </grup.nom>
              </sn>
            </S>
          </S>
        </grup.nom>
      </sn>
      <f lem="," pos="fc" punct="comma" wd=","/>
    </sp>
    <sn arg="arg0" entityref="nne" func="suj" homophoricDD="yes" tem="agt">
      <spec gen="f" num="s">
        <d gen="f" lem="el" num="s" pos="da0fs0" postype="article" wd="la"/>
      </spec>
      <grup.nom gen="f" num="s">
        <n gen="f" lem="autoridad" num="s" pos="ncfs000" postype="common" sense="16:04045518" wd="autoridad"/>
        <s.a gen="f" num="s">
          <grup.a gen="f" num="s">
            <a gen="f" lem="gubernativo" num="s" pos="aq0fs0" postype="qualificative" wd="gubernativa"/>
          </grup.a>
        </s.a>
      </grup.nom>
    </sn>
    <grup.verb>
      <v lem="decidir" lss="A21.transitive-agentive-patient" mood="indicative" num="s" person="3" pos="vmis3s0" postype="main" tense="past" wd="decidió"/>
    </grup.verb>
    <sadv arg="argM" func="cc" tem="tmp">
      <grup.adv>
        <r lem="ayer" pos="rg" wd="ayer"/>
      </grup.adv>
    </sadv>
    <S arg="arg1" clausetype="completive" coord="yes" func="cd" tem="pat">
      <conj conjunctiontype="subordinating">
        <c lem="que" pos="cs" postype="subordinating" wd="que"/>
      </conj>
      <S clausetype="completive">
        <sn arg="arg0" coreftype="ident" entity="entity1" entityref="nne" func="suj" homophoricDD="yes" tem="agt">
          <spec gen="m" num="p">
            <d gen="m" lem="el" num="p" pos="da0mp0" postype="article" wd="los"/>
          </spec>
          <grup.nom gen="m" num="p">
            <n gen="m" lem="efectivo" num="p" pos="ncmp000" postype="common" sense="16:06209853" wd="efectivos"/>
            <s.a gen="m" num="p">
              <grup.a gen="m" num="p">
                <a gen="c" lem="policial" num="p" pos="aq0cp0" postype="qualificative" wd="policiales"/>
              </grup.a>
            </s.a>
          </grup.nom>
        </sn>
        <morfema.pronominal>
          <p gen="c" lem="él" num="c" person="3" pos="p0300000" wd="se"/>
        </morfema.pronominal>
        <grup.verb>
          <v lem="mantener" lss="A21.transitive-agentive-patient" mood="subjunctive" num="p" person="3" pos="vmsi3p0" postype="main" tense="imperfect" wd="mantuvieran"/>
        </grup.verb>
        <sa arg="argM" func="cpred" predicate="suj" tem="atr">
          <grup.a>
            <f lem="&quot;" pos="fe" punct="quotation" wd="&quot;"/>
            <a gen="c" lem="expectante" num="p" pos="aq0cp0" postype="qualificative" wd="expectantes"/>
            <f lem="&quot;" pos="fe" punct="quotation" wd="&quot;"/>
          </grup.a>
        </sa>
      </S>
      <conj conjunctiontype="coordinating">
        <c lem="y" pos="cc" postype="coordinating" wd="y"/>
      </conj>
      <S clausetype="completive">
        <sn arg="arg0" coreftype="ident" elliptic="yes" entity="entity1" entityref="nne" func="suj" homophoricDD="yes" tem="agt"/>
        <neg func="mod">
          <r lem="no" pos="rn" postype="negative" wd="no"/>
        </neg>
        <grup.verb>
          <v lem="actuar" lss="D11.inergative-agentive" mood="subjunctive" num="p" person="3" pos="vmsi3p0" postype="main" tense="imperfect" wd="actuaran"/>
        </grup.verb>
        <sp arg="argM" func="cc" tem="fin">
          <prep>
            <s lem="para" pos="sps00" postype="preposition" wd="para"/>
          </prep>
          <S clausetype="completive" impersonal="yes">
            <infinitiu>
              <v lem="evitar" lss="A21.transitive-agentive-patient" mood="infinitive" pos="vmn0000" postype="main" wd="evitar"/>
            </infinitiu>
            <sn arg="arg1" entityref="nne" func="cd" tem="pat">
              <grup.nom gen="f" num="p">
                <s.a func="cn" gen="f" num="p">
                  <grup.a gen="f" num="p">
                    <a gen="f" lem="nuevo" num="p" pos="aq0fp0" postype="qualificative" wd="nuevas"/>
                  </grup.a>
                </s.a>
                <f lem="&quot;" pos="fe" punct="quotation" wd="&quot;"/>
                <n gen="f" lem="batalla" lexicalid="noun.batalla.1.default" num="p" origin="deverbal" pos="ncfp000" postype="common" sense="16:00614914" wd="batallas"/>
                <s.a func="cn" gen="f" num="p">
                  <grup.a gen="f" num="p">
                    <a gen="c" lem="campal" num="p" pos="aq0cp0" postype="qualificative" wd="campales"/>
                  </grup.a>
                </s.a>
                <f lem="&quot;" pos="fe" punct="quotation" wd="&quot;"/>
              </grup.nom>
            </sn>
          </S>
        </sp>
      </S>
    </S>
    <f lem="." pos="fp" punct="period" wd="."/>
  </sentence>
  <sentence>
    <sn arg="arg1" coreftype="ident" entity="entity19" entityref="nne" func="suj" homophoricDD="yes" tem="pat">
      <spec gen="f" num="s">
        <d gen="f" lem="el" num="s" pos="da0fs0" postype="article" wd="La"/>
      </spec>
      <grup.nom gen="f" num="s">
        <n gen="f" lem="prohibición" lexicalid="noun.prohibición.2.default" num="s" origin="deverbal" pos="ncfs000" postype="common" sense="16:04911144" wd="prohibición"/>
        <sp arg="arg1" func="cn" tem="pat">
          <prep>
            <s lem="de" pos="sps00" postype="preposition" wd="de"/>
          </prep>
          <S clausetype="completive" impersonal="yes">
            <infinitiu>
              <v lem="traer" lss="A21.transitive-agentive-patient" mood="infinitive" pos="vmn0000" postype="main" wd="traer"/>
            </infinitiu>
            <sn arg="arg1" coreftype="ident" entity="entity12" entityref="nne" func="cd" tem="pat">
              <grup.nom gen="m" num="p">
                <n gen="m" lem="borrego" num="p" pos="ncmp000" postype="common" sense="16:01909190" wd="borregos"/>
                <s.a gen="m" num="p">
                  <grup.a gen="m" num="p">
                    <a gen="c" lem="marroquí" num="p" pos="aq0cp0" postype="qualificative" wd="marroquís"/>
                  </grup.a>
                </s.a>
              </grup.nom>
            </sn>
            <sp arg="argM" func="cc" tem="fin">
              <prep>
                <s lem="para" pos="sps00" postype="preposition" wd="para"/>
              </prep>
              <S clausetype="completive" impersonal="yes">
                <infinitiu>
                  <v lem="celebrar" lss="A21.transitive-agentive-patient" mood="infinitive" pos="vmn0000" postype="main" wd="celebrar"/>
                </infinitiu>
                <sn arg="arg1" entity="entity14" entityref="ne" func="cd" ne="other" tem="pat">
                  <spec gen="f" num="s">
                    <d gen="f" lem="el" num="s" pos="da0fs0" postype="article" wd="la"/>
                  </spec>
                  <grup.nom gen="f" num="s">
                    <n lem="Pascua_Grande" ne="other" pos="np00000" postype="proper" wd="Pascua_Grande"/>
                    <s.a gen="f" num="s">
                      <grup.a gen="f" num="s">
                        <a gen="f" lem="musulmán" num="s" pos="aq0fs0" postype="qualificative" wd="musulmana"/>
                      </grup.a>
                    </s.a>
                  </grup.nom>
                </sn>
              </S>
            </sp>
          </S>
        </sp>
        <sp arg="argM" func="cn" tem="cau">
          <f lem="," pos="fc" punct="comma" wd=","/>
          <prep>
            <s lem="debido_a" pos="sps00" postype="preposition" wd="debido_a"/>
          </prep>
          <sn entityref="nne" homophoricDD="yes">
            <spec gen="f" num="s">
              <d gen="f" lem="el" num="s" pos="da0fs0" postype="article" wd="la"/>
            </spec>
            <grup.nom gen="f" num="s">
              <n gen="f" lem="epidemia" num="s" pos="ncfs000" postype="common" sense="16:05531449" wd="epidemia"/>
              <sp>
                <prep>
                  <s lem="de" pos="sps00" postype="preposition" wd="de"/>
                </prep>
                <sn>
                  <grup.nom gen="f" num="s">
                    <n gen="f" lem="fiebre_aftosa" num="s" pos="ncfs000" postype="common" sense="16:10243121" wd="fiebre_aftosa"/>
                    <S clausetype="participle" impersonal="yes">
                      <participi>
                        <a gen="f" lem="detectado" lss="B22.unaccusative-passive-transitive" num="s" pos="aq0fsp" posfunction="participle" postype="qualificative" wd="detectada"/>
                      </participi>
                      <sp arg="argM" func="cc" tem="loc">
                        <prep>
                          <s lem="en" pos="sps00" postype="preposition" wd="en"/>
                        </prep>
                        <sn entityref="nne" homophoricDD="yes">
                          <spec gen="m" num="s">
                            <d gen="m" lem="el" num="s" pos="da0ms0" postype="article" wd="el"/>
                          </spec>
                          <grup.nom gen="m" num="s">
                            <n gen="m" lem="país" num="s" pos="ncms000" postype="common" sense="16:06299747" wd="país"/>
                            <s.a gen="m" num="s">
                              <grup.a gen="m" num="s">
                                <a gen="m" lem="vecino" num="s" pos="aq0ms0" postype="qualificative" wd="vecino"/>
                              </grup.a>
                            </s.a>
                          </grup.nom>
                        </sn>
                      </sp>
                    </S>
                  </grup.nom>
                </sn>
              </sp>
            </grup.nom>
          </sn>
          <f lem="," pos="fc" punct="comma" wd=","/>
        </sp>
      </grup.nom>
    </sn>
    <morfema.verbal func="pass">
      <p gen="c" lem="se" num="c" pos="p0000000" wd="se"/>
    </morfema.verbal>
    <grup.verb>
      <v lem="mantener" lss="B22.unaccusative-passive-transitive" mood="indicative" num="s" person="3" pos="vmif3s0" postype="main" tense="future" wd="mantendrá"/>
    </grup.verb>
    <sp arg="argM" func="cc" tem="adv">
      <prep>
        <s lem="pese_a" pos="sps00" postype="preposition" wd="pese_a"/>
      </prep>
      <sn coreftype="ident" entity="entity6" entityref="nne">
        <spec gen="f" num="p">
          <d gen="f" lem="el" num="p" pos="da0fp0" postype="article" wd="las"/>
        </spec>
        <grup.nom gen="f" num="p">
          <n gen="f" lem="protesta" lexicalid="noun.protesta.1.default" num="p" origin="deverbal" pos="ncfp000" postype="common" sense="16:00762587" wd="protestas"/>
        </grup.nom>
      </sn>
    </sp>
    <f lem="." pos="fp" punct="period" wd="."/>
  </sentence>
  <sentence>
    <sn arg="arg0" coreftype="ident" entity="entity2" entityref="ne" func="suj" ne="person" tem="agt">
      <spec gen="m" num="s">
        <d gen="m" lem="el" num="s" pos="da0ms0" postype="article" wd="El"/>
      </spec>
      <grup.nom gen="m" num="s">
        <n gen="m" lem="delegado" num="s" pos="ncms000" postype="common" sense="16:07207615" wd="delegado"/>
        <sp>
          <prep>
            <s contracted="yes" gen="m" lem="del" num="s" pos="spcms" postype="preposition" wd="del"/>
          </prep>
          <sn coreftype="ident" entity="entity13" entityref="ne" ne="organization">
            <grup.nom gen="m" num="s">
              <n lem="Gobierno" ne="organization" pos="np00000" postype="proper" wd="Gobierno"/>
            </grup.nom>
          </sn>
        </sp>
        <sp>
          <prep>
            <s lem="en" pos="sps00" postype="preposition" wd="en"/>
          </prep>
          <sn coreftype="ident" entity="entity3" entityref="ne" ne="location">
            <grup.nom>
              <n lem="Melilla" ne="location" pos="np00000" postype="proper" wd="Melilla"/>
            </grup.nom>
          </sn>
        </sp>
      </grup.nom>
    </sn>
    <grup.verb>
      <v lem="decir" lss="A32.ditransitive-patient-benefactive" mood="indicative" num="s" person="3" pos="vmis3s0" postype="main" tense="past" wd="dijo"/>
    </grup.verb>
    <sadv arg="argM" func="cc" tem="tmp">
      <grup.adv>
        <r lem="ayer" pos="rg" wd="ayer"/>
      </grup.adv>
    </sadv>
    <S arg="arg1" clausetype="completive" coord="yes" func="cd" tem="pat">
      <S clausetype="completive">
        <conj conjunctiontype="subordinating">
          <c lem="que" pos="cs" postype="subordinating" wd="que"/>
        </conj>
        <sadv arg="argM" func="cc" tem="tmp">
          <grup.adv>
            <r lem="ya" pos="rg" wd="ya"/>
          </grup.adv>
        </sadv>
        <morfema.verbal func="pass">
          <p gen="c" lem="se" num="c" pos="p0000000" wd="se"/>
        </morfema.verbal>
        <grup.verb>
          <v lem="haber" mood="indicative" num="p" person="3" pos="vaip3p0" postype="auxiliary" tense="present" wd="han"/>
          <v gen="m" lem="importar" lss="B12.unaccusative-passive-ditransitive" mood="participle" num="s" pos="vmp00sm" postype="main" wd="importado"/>
        </grup.verb>
        <sn arg="arg1" entityref="nne" func="suj" tem="pat">
          <spec gen="m" num="p">
            <r lem="más" pos="rg" wd="más"/>
            <s lem="de" pos="sps00" postype="preposition" wd="de"/>
            <z lem="2000" ne="number" wd="2.000"/>
          </spec>
          <grup.nom gen="m" num="p">
            <n gen="m" lem="cordero" num="p" pos="ncmp000" postype="common" sense="16:05710430" wd="corderos"/>
            <sp>
              <prep>
                <s lem="de" pos="sps00" postype="preposition" wd="de"/>
              </prep>
              <sn entityref="ne" ne="location">
                <spec gen="f" num="s">
                  <d gen="f" lem="el" num="s" pos="da0fs0" postype="article" wd="la"/>
                </spec>
                <grup.nom gen="f" num="s">
                  <n lem="Península" ne="location" pos="np00000" postype="proper" wd="Península"/>
                </grup.nom>
              </sn>
            </sp>
          </grup.nom>
        </sn>
      </S>
      <conj conjunctiontype="coordinating">
        <c lem="y" pos="cc" postype="coordinating" wd="y"/>
      </conj>
      <S clausetype="completive">
        <conj conjunctiontype="subordinating">
          <c lem="que" pos="cs" postype="subordinating" wd="que"/>
        </conj>
        <sn arg="arg1" entityref="nne" func="suj" homophoricDD="yes" tem="tem">
          <spec gen="m" num="s">
            <d gen="m" lem="el" num="s" pos="da0ms0" postype="article" wd="el"/>
          </spec>
          <grup.nom gen="m" num="s">
            <n gen="m" lem="abastecimiento" lexicalid="noun.abastecimiento.2.default" num="s" origin="deverbal" pos="ncms000" postype="common" sense="16:00684444" wd="abastecimiento"/>
            <sp arg="arg1" func="cn" tem="pat">
              <prep>
                <s lem="para" pos="sps00" postype="preposition" wd="para"/>
              </prep>
              <sn coreftype="ident" entity="entity20" entityref="nne">
                <spec gen="f" num="s">
                  <d gen="f" lem="el" num="s" pos="da0fs0" postype="article" wd="la"/>
                </spec>
                <grup.nom gen="f" num="s">
                  <n gen="f" lem="comunidad" num="s" pos="ncfs000" postype="common" sense="16:05972379" wd="comunidad"/>
                  <s.a gen="f" num="s">
                    <grup.a gen="f" num="s">
                      <a gen="f" lem="musulmán" num="s" pos="aq0fs0" postype="qualificative" wd="musulmana"/>
                    </grup.a>
                  </s.a>
                </grup.nom>
              </sn>
            </sp>
            <sp arg="argM" func="cn" tem="fin">
              <prep>
                <s lem="para" pos="sps00" postype="preposition" wd="para"/>
              </prep>
              <sn entityref="nne" homophoricDD="yes">
                <spec gen="f" num="s">
                  <d gen="f" lem="el" num="s" pos="da0fs0" postype="article" wd="la"/>
                </spec>
                <grup.nom gen="f" num="s">
                  <n gen="f" lem="celebración" lexicalid="noun.celebración.2.default" num="s" origin="deverbal" pos="ncfs000" postype="common" sense="16:05539623" wd="celebración"/>
                  <sp arg="arg1" func="cn" tem="pat">
                    <prep>
                      <s lem="de" pos="sps00" postype="preposition" wd="de"/>
                    </prep>
                    <sn coreftype="ident" entity="entity14" entityref="spec">
                      <spec gen="f" num="s">
                        <d coreftype="ident" entity="entity20" entityref="nne" gen="c" lem="su" num="s" person="3" pos="dp3cs0" postype="possessive" wd="su"/>
                      </spec>
                      <grup.nom gen="f" num="s">
                        <n gen="f" lem="fiesta" num="s" pos="ncfs000" postype="common" sense="16:10881782" wd="fiesta"/>
                      </grup.nom>
                    </sn>
                  </sp>
                </grup.nom>
              </sn>
            </sp>
          </grup.nom>
        </sn>
        <f lem="&quot;" pos="fe" punct="quotation" wd="&quot;"/>
        <grup.verb>
          <v lem="estar" lss="C21.state-attributive" mood="indicative" num="s" person="3" pos="vmip3s0" postype="main" tense="present" wd="está"/>
        </grup.verb>
        <S arg="arg2" clausetype="participle" func="atr" impersonal="yes" tem="atr">
          <participi>
            <a gen="f" lem="asegurado" num="s" pos="aq0fsp" posfunction="participle" postype="qualificative" wd="asegurada"/>
          </participi>
        </S>
        <f lem="&quot;" pos="fe" punct="quotation" wd="&quot;"/>
      </S>
    </S>
    <f lem="." pos="fp" punct="period" wd="."/>
  </sentence>
</article>
