<?xml version="1.0" encoding="UTF-8"?>
<!-- 

  ancora-2.0
       
			Copyright (C) 2007, 2008, 2009, 2010, 2011 UB - CLiC
			Centre de Llenguatge i Computació - Universitat de Barcelona
 
  This file is part of ancora-2.0.
 
  ancora-2.0 is free software and data: you can redistribute it and/or modify
  it under the terms of the GNU General Public License as published
  by the Free Software Foundation, either version 3 of the License,
  or (at your option) any later version.

  ancora-2.0 is distributed in the hope that it will be useful,
  but WITHOUT ANY WARRANTY; without even the implied warranty of
  MERCHANTABILITY or FITNESS FOR A PARTICULAR PURPOSE.  See the
  GNU General Public License for more details.
 
  You should have received a copy of the GNU General Public License
  along with ancora-2.0.  If not, see &lt;http://www.gnu.org/licenses/&gt;.
 
  Check a text in catalan explaining the terms of the license at http://www.softcatala.cat/wiki/GPL3.
  In spanish at http://www.viti.es/gnu/licenses/gpl.html
 

  The following paper must be cited when using this corpus:

 * Taulé, M., M.A. Martí, M. Recasens (2008) 'Ancora: Multilevel Annotated Corpora for Catalan and Spanish',
   Proceedings of 6th International Conference on Language Resources and Evaluation. Marrakesh (Morocco).

  In addition, the following paper must be cited if coreference information (attributes entity, coreftype,
  corefsubtype, homophoricDD or entityref) is used:

 * Recasens, Marta, M. Antònia Martí (2010) ‘AnCora-CO: Coreferentially annotated corpora for Spanish and
   Catalan’. Language Resources and Evaluation, Springer Science.

  Additionally, the following paper must be cited when argumental attributes in "sn" or "grup.nom"
  (attributes func, arg, tem or lexicalid) are used:

 * Peris, Aina, Mariona Taulé, Horacio Rodríguez (2010) ‘Semantic Annotation of Deverbal Nominalizations in the
   Spanish AnCora corpus’. Treebanks and Linguistic Theories (TLT-2010), Estonia.
-->
<article lng="es">
  <sentence>
    <sn arg="arg1" entityref="nne" func="suj" homophoricDD="yes" tem="tem">
      <spec gen="f" num="s">
        <d gen="f" lem="el" num="s" pos="da0fs0" postype="article" wd="La"/>
      </spec>
      <grup.nom gen="f" num="s">
        <n gen="f" lem="presencia" num="s" pos="ncfs000" postype="common" sense="16:10056790" wd="presencia"/>
        <sp>
          <prep>
            <s lem="de" pos="sps00" postype="preposition" wd="de"/>
          </prep>
          <sn entityref="nne">
            <grup.nom gen="m" num="p">
              <s.a gen="m" num="p">
                <grup.a gen="m" num="p">
                  <a gen="c" lem="menor" num="p" pos="aq0cp0" postype="qualificative" wd="menores"/>
                </grup.a>
              </s.a>
            </grup.nom>
          </sn>
        </sp>
      </grup.nom>
    </sn>
    <grup.verb>
      <v lem="ser" lss="C21.state-attributive" mood="indicative" num="s" person="3" pos="vsip3s0" postype="semiauxiliary" tense="present" wd="es"/>
    </grup.verb>
    <sa arg="arg2" func="atr" tem="atr">
      <grup.a>
        <a gen="c" lem="frecuente" num="s" pos="aq0cs0" postype="qualificative" wd="frecuente"/>
      </grup.a>
    </sa>
    <sp arg="argM" func="cc" tem="loc">
      <prep>
        <s lem="en" pos="sps00" postype="preposition" wd="en"/>
      </prep>
      <sn entity="entity1" entityref="nne" homophoricDD="yes">
        <spec gen="f" num="p">
          <d gen="f" lem="el" num="p" pos="da0fp0" postype="article" wd="las"/>
        </spec>
        <grup.nom gen="f" num="p">
          <n gen="f" lem="misa" num="p" pos="ncfp000" postype="common" sense="16:00674047" wd="misas"/>
          <s.a gen="f" num="p">
            <grup.a gen="f" num="p">
              <a gen="f" lem="negro" num="p" pos="aq0fp0" postype="qualificative" wd="negras"/>
            </grup.a>
          </s.a>
          <sp>
            <prep>
              <s lem="de" pos="sps00" postype="preposition" wd="de"/>
            </prep>
            <sn entity="entity2" entityref="ne" ne="organization">
              <spec gen="m" num="p">
                <d gen="m" lem="el" num="p" pos="da0mp0" postype="article" wd="los"/>
              </spec>
              <grup.nom gen="m" num="p">
                <n gen="c" lem="ultra" num="p" pos="nccp000" postype="common" sense="16:cs2" wd="ultras"/>
                <sn entityref="ne" ne="organization">
                  <grup.nom>
                    <n lem="Hermanos_de_Changó" ne="organization" pos="np00000" postype="proper" wd="Hermanos_de_Changó"/>
                  </grup.nom>
                </sn>
              </grup.nom>
            </sn>
          </sp>
          <S clausetype="participle" impersonal="yes">
            <f lem="," pos="fc" punct="comma" wd=","/>
            <participi>
              <a gen="f" lem="presidido" lss="B22.unaccusative-passive-transitive" num="p" pos="aq0fpp" posfunction="participle" postype="qualificative" wd="presididas"/>
            </participi>
            <sp arg="arg0" func="cag" tem="agt">
              <prep>
                <s lem="por" pos="sps00" postype="preposition" wd="por"/>
              </prep>
              <sn entityref="nne">
                <spec gen="f" num="s">
                  <d gen="f" lem="uno" num="s" pos="di0fs0" postype="indefinite" wd="una"/>
                </spec>
                <grup.nom gen="f" num="s">
                  <n gen="f" lem="sacerdotisa" num="s" pos="ncfs000" postype="common" sense="16:07498013" wd="sacerdotisa"/>
                </grup.nom>
              </sn>
            </sp>
            <f lem="," pos="fc" punct="comma" wd=","/>
          </S>
          <S clausetype="relative">
            <sp arg="argM" func="cc" tem="loc">
              <prep>
                <s lem="en" pos="sps00" postype="preposition" wd="en"/>
              </prep>
              <sn coreftype="ident" entity="entity1" entityref="nne">
                <spec gen="f" num="p">
                  <d gen="f" lem="el" num="p" pos="da0fp0" postype="article" wd="las"/>
                </spec>
                <grup.nom gen="f" num="p">
                  <relatiu>
                    <p gen="c" lem="que" num="c" pos="pr0cn000" postype="relative" wd="que"/>
                  </relatiu>
                </grup.nom>
              </sn>
            </sp>
            <morfema.verbal func="pass">
              <p gen="c" lem="se" num="c" pos="p0000000" wd="se"/>
            </morfema.verbal>
            <grup.verb>
              <v lem="sacrificar" lss="B22.unaccusative-passive-transitive" mood="indicative" num="p" person="3" pos="vmip3p0" postype="main" tense="present" wd="sacrifican"/>
            </grup.verb>
            <sn arg="arg1" entityref="nne" func="suj" tem="pat">
              <grup.nom gen="m" num="p">
                <n gen="m" lem="animal" num="p" pos="ncmp000" postype="common" sense="16:00008019" wd="animales"/>
              </grup.nom>
            </sn>
          </S>
        </grup.nom>
      </sn>
    </sp>
    <f lem="." pos="fp" punct="period" wd="."/>
  </sentence>
  <sentence coord="yes">
    <S>
      <sn arg="arg0" entity="entity3" entityref="nne" func="suj" tem="agt">
        <spec gen="f" num="s">
          <d gen="f" lem="uno" num="s" pos="di0fs0" postype="indefinite" wd="Una"/>
        </spec>
        <grup.nom gen="f" num="s">
          <s.a gen="f" num="s">
            <grup.a gen="f" num="s">
              <a gen="c" lem="ex" num="c" pos="aq0cn0" postype="qualificative" wd="ex"/>
            </grup.a>
          </s.a>
          <n gen="f" lem="adepta" num="s" pos="ncfs000" postype="common" sense="16:07623193" wd="adepta"/>
        </grup.nom>
      </sn>
      <sn arg="arg1" coreftype="ident" entity="entity2" entityref="spec" func="cd" tem="pat">
        <grup.nom num="p">
          <p case="dative" gen="c" lem="él" num="p" person="3" pos="pp3cpd00" postype="personal" wd="les"/>
        </grup.nom>
      </sn>
      <grup.verb>
        <v lem="acusar" lss="A34.ditransitive-patient-theme" mood="indicative" num="s" person="3" pos="vmis3s0" postype="main" tense="past" wd="acusó"/>
      </grup.verb>
      <sp arg="arg2" func="creg" tem="tem">
        <prep>
          <s contracted="yes" gen="m" lem="del" num="s" pos="spcms" postype="preposition" wd="del"/>
        </prep>
        <sn entityref="nne" homophoricDD="yes">
          <grup.nom gen="m" num="s">
            <n gen="m" lem="asesinato" lexicalid="noun.asesinato.2.default" num="s" origin="deverbal" pos="ncms000" postype="common" sense="16:00143589" wd="asesinato"/>
            <sp arg="arg1" func="cn" tem="pat">
              <prep>
                <s lem="de" pos="sps00" postype="preposition" wd="de"/>
              </prep>
              <sn entityref="nne">
                <spec gen="m" num="s">
                  <d gen="m" lem="uno" num="s" pos="di0ms0" postype="indefinite" wd="un"/>
                </spec>
                <grup.nom gen="m" num="s">
                  <n gen="m" lem="bebé" num="s" pos="ncms000" postype="common" sense="16:07094006" wd="bebé"/>
                </grup.nom>
              </sn>
            </sp>
          </grup.nom>
        </sn>
      </sp>
      <f lem="," pos="fc" punct="comma" wd=","/>
    </S>
    <conj conjunctiontype="coordinating">
      <c lem="pero" pos="cc" postype="coordinating" wd="pero"/>
    </conj>
    <S>
      <sn arg="arg1" coreftype="ident" elliptic="yes" entity="entity3" entityref="nne" func="suj" tem="tem"/>
      <sadv arg="argM" func="cc" tem="tmp">
        <grup.adv>
          <r lem="luego" pos="rg" wd="luego"/>
        </grup.adv>
      </sadv>
      <morfema.pronominal>
        <p gen="c" lem="él" num="c" person="3" pos="p0300000" wd="se"/>
      </morfema.pronominal>
      <grup.verb>
        <v lem="desdecir" lss="B21.unaccusative-state" mood="indicative" num="s" person="3" pos="vmis3s0" postype="main" tense="past" wd="desdijo"/>
      </grup.verb>
    </S>
    <f lem="." pos="fp" punct="period" wd="."/>
  </sentence>
  <sentence>
    <sp arg="arg2" func="cc" tem="loc">
      <prep>
        <s lem="en" pos="sps00" postype="preposition" wd="En"/>
      </prep>
      <sn entity="entity5" entityref="ne" ne="location">
        <grup.nom>
          <n lem="Barcelona" ne="location" pos="np00000" postype="proper" wd="Barcelona"/>
        </grup.nom>
      </sn>
    </sp>
    <grup.verb>
      <v lem="estar" lss="C11.state-existential" mood="indicative" num="s" person="3" pos="vmip3s0" postype="main" tense="present" wd="está"/>
    </grup.verb>
    <sn arg="arg1" entity="entity4" entityref="ne" func="suj" ne="organization" tem="tem">
      <grup.nom>
        <n lem="Juicio_Nera" ne="organization" pos="np00000" postype="proper" wd="Juicio_Nera"/>
        <sp>
          <f lem="," pos="fc" punct="comma" wd=","/>
          <prep>
            <s lem="de" pos="sps00" postype="preposition" wd="de"/>
          </prep>
          <sn entityref="ne" ne="person">
            <grup.nom gen="m" num="s">
              <n lem="Luis_Orega" ne="person" pos="np00000" postype="proper" wd="Luis_Orega"/>
            </grup.nom>
          </sn>
          <f lem="," pos="fc" punct="comma" wd=","/>
        </sp>
        <S clausetype="relative">
          <relatiu arg="arg0" coreftype="ident" entity="entity4" entityref="spec" func="suj" tem="agt">
            <p gen="c" lem="que" num="c" pos="pr0cn000" postype="relative" wd="que"/>
          </relatiu>
          <grup.verb>
            <v lem="defender" lss="A21.transitive-agentive-patient" mood="indicative" num="s" person="3" pos="vmip3s0" postype="main" tense="present" wd="defiende"/>
          </grup.verb>
          <sn arg="arg1" entityref="nne" func="cd" homophoricDD="yes" tem="pat">
            <spec gen="m" num="s">
              <d gen="m" lem="el" num="s" pos="da0ms0" postype="article" wd="el"/>
            </spec>
            <grup.nom gen="m" num="s">
              <n gen="m" lem="suicidio" lexicalid="noun.suicidio.1.default" num="s" origin="deverbal" pos="ncms000" postype="common" sense="16:00144739" wd="suicidio"/>
              <s.a func="cn" gen="m" num="s">
                <grup.a gen="m" num="s">
                  <a gen="c" lem="ritual" num="s" pos="aq0cs0" postype="qualificative" wd="ritual"/>
                </grup.a>
              </s.a>
            </grup.nom>
          </sn>
        </S>
      </grup.nom>
    </sn>
    <f lem="." pos="fp" punct="period" wd="."/>
  </sentence>
  <sentence>
    <sn arg="arg0" coord="yes" func="suj" tem="agt">
      <sn entity="entity7" entityref="ne" ne="location">
        <spec gen="f" num="s">
          <d gen="f" lem="el" num="s" pos="da0fs0" postype="article" wd="La"/>
        </spec>
        <grup.nom gen="f" num="s">
          <n gen="f" lem="catedral" num="s" pos="ncfs000" postype="common" sense="16:02405099" wd="catedral"/>
          <sp>
            <prep>
              <s lem="de" pos="sps00" postype="preposition" wd="de"/>
            </prep>
            <sn coreftype="ident" entity="entity5" entityref="ne" ne="location">
              <grup.nom>
                <n lem="Barcelona" ne="location" pos="np00000" postype="proper" wd="Barcelona"/>
              </grup.nom>
            </sn>
          </sp>
        </grup.nom>
      </sn>
      <conj conjunctiontype="coordinating">
        <c lem="y" pos="cc" postype="coordinating" wd="y"/>
      </conj>
      <sn entityref="nne">
        <spec gen="m" num="s">
          <d coreftype="ident" entity="entity7" entityref="spec" gen="c" lem="su" num="s" person="3" pos="dp3cs0" postype="possessive" wd="su"/>
        </spec>
        <grup.nom gen="m" num="s">
          <n gen="m" lem="entorno" num="s" pos="ncms000" postype="common" sense="16:06315687" wd="entorno"/>
        </grup.nom>
      </sn>
    </sn>
    <grup.verb>
      <v lem="padecer" lss="A21.transitive-agentive-patient" mood="indicative" num="p" person="3" pos="vmis3p0" postype="main" tense="past" wd="padecieron"/>
    </grup.verb>
    <sn arg="arg1" entityref="nne" func="cd" tem="pat">
      <spec gen="f" num="s">
        <d gen="f" lem="uno" num="s" pos="di0fs0" postype="indefinite" wd="una"/>
      </spec>
      <grup.nom gen="f" num="s">
        <n gen="f" lem="oleada" lexicalid="noun.oleada.1.default" num="s" origin="deverbal" pos="ncfs000" postype="common" sense="16:05475302" wd="oleada"/>
        <sp arg="arg0" func="cn" tem="src">
          <prep>
            <s lem="de" pos="sps00" postype="preposition" wd="de"/>
          </prep>
          <sn entity="entity6" entityref="nne">
            <grup.nom gen="f" num="p">
              <n gen="f" lem="pintada" lexicalid="noun.pintada.1.default" num="p" origin="deverbal" pos="ncfp000" postype="common" sense="16:02765419" wd="pintadas"/>
              <sp func="cn">
                <prep>
                  <s lem="de" pos="sps00" postype="preposition" wd="de"/>
                </prep>
                <sn>
                  <grup.nom gen="m" num="s">
                    <n gen="m" lem="corte" lexicalid="noun.corte.1.default" num="s" origin="deverbal" pos="ncms000" postype="common" sense="16:cs1" wd="corte"/>
                    <s.a func="cn" gen="m" num="s">
                      <grup.a gen="m" num="s">
                        <a gen="m" lem="satánico" num="s" pos="aq0ms0" postype="qualificative" wd="satánico"/>
                      </grup.a>
                    </s.a>
                  </grup.nom>
                </sn>
              </sp>
            </grup.nom>
          </sn>
        </sp>
      </grup.nom>
    </sn>
    <sp arg="argM" func="cc" tem="tmp">
      <prep>
        <s lem="en" pos="sps00" postype="preposition" wd="en"/>
      </prep>
      <sn entityref="ne" ne="date">
        <grup.nom gen="m" num="s">
          <w lem="[??:??/06/??:??.??]" ne="date" wd="junio"/>
          <S clausetype="participle" impersonal="yes">
            <participi>
              <a gen="m" lem="pasado" num="s" pos="aq0msp" posfunction="participle" postype="qualificative" wd="pasado"/>
            </participi>
          </S>
        </grup.nom>
      </sn>
    </sp>
    <f lem="." pos="fp" punct="period" wd="."/>
  </sentence>
  <sentence>
    <sn arg="arg1" entity="entity6" entityref="nne" func="suj" tem="tem">
      <spec gen="m" num="p">
        <d gen="m" lem="el" num="p" pos="da0mp0" postype="article" wd="Los"/>
      </spec>
      <grup.nom gen="m" num="p">
        <n gen="m" lem="grafito" num="p" pos="ncmp000" postype="common" sense="16:cs1" wd="grafitos"/>
      </grup.nom>
    </sn>
    <morfema.pronominal>
      <p gen="c" lem="él" num="c" person="3" pos="p0300000" wd="se"/>
    </morfema.pronominal>
    <grup.verb>
      <v lem="encontrar" lss="C11.state-existential" mood="indicative" num="p" person="3" pos="vmii3p0" postype="main" tense="imperfect" wd="encontraban"/>
    </grup.verb>
    <sp arg="arg2" func="cc" tem="loc">
      <prep>
        <s lem="en" pos="sps00" postype="preposition" wd="en"/>
      </prep>
      <sn entity="entity10" entityref="ne" ne="location">
        <spec gen="f" num="s">
          <d gen="f" lem="el" num="s" pos="da0fs0" postype="article" wd="la"/>
        </spec>
        <grup.nom gen="f" num="s">
          <n gen="f" lem="plaza" num="s" pos="ncfs000" postype="common" sense="16:06351418" wd="plaza"/>
          <sp>
            <prep>
              <s lem="de" pos="sps00" postype="preposition" wd="de"/>
            </prep>
            <sn entity="entity11" entityref="ne" ne="person">
              <grup.nom>
                <n lem="Sant_Iu" ne="person" pos="np00000" postype="proper" wd="Sant_Iu"/>
              </grup.nom>
            </sn>
          </sp>
        </grup.nom>
      </sn>
    </sp>
    <sp arg="argM" coord="yes" func="cc" tem="loc">
      <f lem="," pos="fc" punct="comma" wd=","/>
      <sp>
        <prep>
          <s lem="frente_a" pos="sps00" postype="preposition" wd="frente_a"/>
        </prep>
        <sn entityref="nne">
          <grup.nom gen="f" num="s">
            <p gen="f" lem="uno" num="s" pos="pi0fs000" postype="indefinite" wd="una"/>
            <sp>
              <prep>
                <s lem="de" pos="sps00" postype="preposition" wd="de"/>
              </prep>
              <sn entityref="nne" homophoricDD="yes">
                <spec gen="f" num="p">
                  <d gen="f" lem="el" num="p" pos="da0fp0" postype="article" wd="las"/>
                </spec>
                <grup.nom gen="f" num="p">
                  <n gen="f" lem="puerta" num="p" pos="ncfp000" postype="common" sense="16:02588950" wd="puertas"/>
                  <s.a gen="f" num="p">
                    <grup.a gen="f" num="p">
                      <a gen="c" lem="lateral" num="p" pos="aq0cp0" postype="qualificative" wd="laterales"/>
                    </grup.a>
                  </s.a>
                  <sp>
                    <prep>
                      <s lem="de" pos="sps00" postype="preposition" wd="de"/>
                    </prep>
                    <sn coreftype="ident" entity="entity7" entityref="spec">
                      <spec gen="f" num="s">
                        <d gen="f" lem="el" num="s" pos="da0fs0" postype="article" wd="la"/>
                      </spec>
                      <grup.nom gen="f" num="s">
                        <n gen="f" lem="catedral" num="s" pos="ncfs000" postype="common" sense="16:02405099" wd="catedral"/>
                      </grup.nom>
                    </sn>
                  </sp>
                </grup.nom>
              </sn>
            </sp>
          </grup.nom>
        </sn>
        <f lem="," pos="fc" punct="comma" wd=","/>
      </sp>
      <conj conjunctiontype="coordinating">
        <c lem="y" pos="cc" postype="coordinating" wd="y"/>
      </conj>
      <sp>
        <prep>
          <s lem="en" pos="sps00" postype="preposition" wd="en"/>
        </prep>
        <sn entityref="nne" homophoricDD="yes">
          <spec gen="f" num="s">
            <d gen="f" lem="el" num="s" pos="da0fs0" postype="article" wd="la"/>
          </spec>
          <grup.nom gen="f" num="s">
            <n gen="f" lem="curva" num="s" pos="ncfs000" postype="common" sense="16:02281683" wd="curva"/>
            <sp>
              <prep>
                <s contracted="yes" gen="m" lem="del" num="s" pos="spcms" postype="preposition" wd="del"/>
              </prep>
              <sn entityref="nne" homophoricDD="yes">
                <grup.nom gen="m" num="s">
                  <n gen="m" lem="ábside" num="s" pos="ncms000" postype="common" sense="16:02203661" wd="ábside"/>
                  <sp>
                    <prep>
                      <s contracted="yes" gen="m" lem="del" num="s" pos="spcms" postype="preposition" wd="del"/>
                    </prep>
                    <sn coreftype="ident" entity="entity7" entityref="spec">
                      <grup.nom gen="m" num="s">
                        <n gen="m" lem="templo" num="s" pos="ncms000" postype="common" sense="16:03483734" wd="templo"/>
                      </grup.nom>
                    </sn>
                  </sp>
                </grup.nom>
              </sn>
            </sp>
            <sp>
              <f lem="," pos="fc" punct="comma" wd=","/>
              <prep>
                <s lem="en" pos="sps00" postype="preposition" wd="en"/>
              </prep>
              <sn entityref="ne" ne="location">
                <spec gen="f" num="s">
                  <d gen="f" lem="el" num="s" pos="da0fs0" postype="article" wd="la"/>
                </spec>
                <grup.nom gen="f" num="s">
                  <n gen="f" lem="calle" num="s" pos="ncfs000" postype="common" sense="16:03426236" wd="calle"/>
                  <sp>
                    <prep>
                      <s lem="de" pos="sps00" postype="preposition" wd="de"/>
                    </prep>
                    <sn entityref="ne" ne="location">
                      <spec gen="f" num="s">
                        <d gen="f" lem="el" num="s" pos="da0fs0" postype="article" wd="la"/>
                      </spec>
                      <grup.nom gen="f" num="s">
                        <n lem="Pietat" ne="location" pos="np00000" postype="proper" wd="Pietat"/>
                      </grup.nom>
                    </sn>
                  </sp>
                </grup.nom>
              </sn>
            </sp>
          </grup.nom>
        </sn>
      </sp>
    </sp>
    <f lem="." pos="fp" punct="period" wd="."/>
  </sentence>
  <sentence>
    <sadv arg="argM" func="cc" tem="tmp">
      <sn adjunct="yes">
        <grup.nom gen="m" num="p">
          <n gen="m" lem="mes" num="p" pos="ncmp000" postype="common" sense="16:10922179" wd="Meses"/>
        </grup.nom>
      </sn>
      <sadv>
        <grup.adv>
          <r lem="antes" pos="rg" wd="antes"/>
        </grup.adv>
      </sadv>
    </sadv>
    <grup.verb>
      <v lem="haber" mood="indicative" num="p" person="3" pos="vaii3p0" postype="auxiliary" tense="imperfect" wd="habían"/>
      <v gen="m" lem="aparecer" lss="B22.unaccusative-passive-transitive" mood="participle" num="s" pos="vmp00sm" postype="main" wd="aparecido"/>
    </grup.verb>
    <sn arg="arg1" entity="entity14" entityref="nne" func="suj" tem="tem">
      <grup.nom gen="f" num="p">
        <n gen="f" lem="pintada" lexicalid="noun.pintada.1.default" num="p" origin="deverbal" pos="ncfp000" postype="common" sense="16:02765419" wd="pintadas"/>
        <s.a func="cn" gen="f" num="p">
          <grup.a gen="f" num="p">
            <a gen="c" lem="similar" num="p" pos="aq0cp0" postype="qualificative" wd="similares"/>
          </grup.a>
        </s.a>
      </grup.nom>
    </sn>
    <sp arg="arg2" coord="yes" func="cc" tem="loc">
      <sp>
        <prep>
          <s lem="en" pos="sps00" postype="preposition" wd="en"/>
        </prep>
        <sn entityref="ne" ne="location">
          <spec gen="f" num="s">
            <d gen="f" lem="el" num="s" pos="da0fs0" postype="article" wd="la"/>
          </spec>
          <grup.nom gen="f" num="s">
            <n lem="Baixada_de_Santa_Eulàlia" ne="location" pos="np00000" postype="proper" wd="Baixada_de_Santa_Eulàlia"/>
          </grup.nom>
        </sn>
      </sp>
      <conj conjunctiontype="coordinating">
        <c lem="y" pos="cc" postype="coordinating" wd="y"/>
      </conj>
      <sp>
        <prep>
          <s lem="en" pos="sps00" postype="preposition" wd="en"/>
        </prep>
        <sn entityref="ne" ne="location">
          <spec gen="f" num="s">
            <d gen="f" lem="el" num="s" pos="da0fs0" postype="article" wd="la"/>
          </spec>
          <grup.nom gen="f" num="s">
            <n gen="f" lem="calle" num="s" pos="ncfs000" postype="common" sense="16:03426236" wd="calle"/>
            <sp>
              <prep>
                <s lem="de" pos="sps00" postype="preposition" wd="de"/>
              </prep>
              <sn entityref="ne" ne="person">
                <grup.nom>
                  <n lem="Sant_Felip_Neri" ne="person" pos="np00000" postype="proper" wd="Sant_Felip_Neri"/>
                </grup.nom>
              </sn>
            </sp>
          </grup.nom>
        </sn>
      </sp>
    </sp>
    <f lem="." pos="fp" punct="period" wd="."/>
  </sentence>
  <sentence coord="yes">
    <S>
      <sn arg="arg0" entity="entity9" entityref="nne" func="suj" homophoricDD="yes" tem="agt">
        <spec gen="f" num="s">
          <d gen="f" lem="el" num="s" pos="da0fs0" postype="article" wd="La"/>
        </spec>
        <grup.nom gen="f" num="s">
          <n gen="f" lem="mayoría" num="s" pos="ncfs000" postype="common" sense="16:03991218" wd="mayoría"/>
        </grup.nom>
      </sn>
      <grup.verb>
        <v lem="hacer_mención" lss="A34.ditransitive-patient-theme" mood="indicative" num="p" person="3" pos="vmii3p0" postype="main" tense="imperfect" wd="hacían_mención"/>
      </grup.verb>
      <sp arg="arg2" coord="yes" func="creg" tem="tem">
        <sp>
          <prep>
            <s lem="a" pos="sps00" postype="preposition" wd="a"/>
          </prep>
          <sn entityref="ne" ne="person">
            <grup.nom gen="m" num="s">
              <n lem="Satán" ne="person" pos="np00000" postype="proper" wd="Satán"/>
            </grup.nom>
          </sn>
        </sp>
        <conj conjunctiontype="coordinating">
          <c lem="y" pos="cc" postype="coordinating" wd="y"/>
        </conj>
        <sp>
          <prep>
            <s contracted="yes" gen="m" lem="al" num="s" pos="spcms" postype="preposition" wd="al"/>
          </prep>
          <sn entity="entity8" entityref="ne" ne="number">
            <grup.nom gen="m" num="s">
              <z lem="666" ne="number" wd="666"/>
              <sn corefsubtype="definit" coreftype="pred" entity="entity8">
                <grup.nom gen="m" num="s">
                  <f lem="(" pos="fpa" punct="bracket" punctenclose="open" wd="("/>
                  <n gen="m" lem="número" num="s" pos="ncms000" postype="common" sense="16:09765658" wd="número"/>
                  <sp>
                    <prep>
                      <s lem="de" pos="sps00" postype="preposition" wd="de"/>
                    </prep>
                    <sn entityref="ne" ne="person">
                      <spec gen="f" num="s">
                        <d gen="f" lem="el" num="s" pos="da0fs0" postype="article" wd="la"/>
                      </spec>
                      <grup.nom gen="f" num="s">
                        <n lem="Bestia" ne="person" pos="np00000" postype="proper" wd="Bestia"/>
                      </grup.nom>
                    </sn>
                  </sp>
                  <sp>
                    <prep>
                      <s lem="en" pos="sps00" postype="preposition" wd="en"/>
                    </prep>
                    <sn entityref="ne" ne="other">
                      <spec gen="m" num="s">
                        <d gen="m" lem="el" num="s" pos="da0ms0" postype="article" wd="el"/>
                      </spec>
                      <grup.nom gen="m" num="s">
                        <n lem="Apocalipsis" ne="other" pos="np00000" postype="proper" wd="Apocalipsis"/>
                      </grup.nom>
                    </sn>
                  </sp>
                  <f lem=")" pos="fpt" punct="bracket" punctenclose="close" wd=")"/>
                </grup.nom>
              </sn>
            </grup.nom>
          </sn>
        </sp>
      </sp>
    </S>
    <conj conjunctiontype="coordinating">
      <c lem="y" pos="cc" postype="coordinating" wd="y"/>
    </conj>
    <S>
      <sn arg="arg1" coreftype="ident" elliptic="yes" entity="entity9" entityref="nne" func="suj" tem="tem"/>
      <grup.verb>
        <v lem="estar" lss="C21.state-attributive" mood="indicative" num="p" person="3" pos="vmii3p0" postype="main" tense="imperfect" wd="estaban"/>
      </grup.verb>
      <S arg="arg2" clausetype="participle" func="atr" impersonal="yes" tem="atr">
        <participi>
          <a gen="f" lem="rodeado" lss="B22.unaccusative-passive-transitive" num="p" pos="aq0fpp" posfunction="participle" postype="qualificative" wd="rodeadas"/>
        </participi>
        <sp arg="arg0" func="cag" tem="agt">
          <prep>
            <s lem="de" pos="sps00" postype="preposition" wd="de"/>
          </prep>
          <sn entityref="nne">
            <grup.nom gen="f" num="p">
              <n gen="f" lem="cruz" num="p" pos="ncfp000" postype="common" sense="16:02522816" wd="cruces"/>
              <S clausetype="participle" impersonal="yes">
                <participi>
                  <a gen="f" lem="invertido" num="p" pos="aq0fpp" posfunction="participle" postype="qualificative" wd="invertidas"/>
                </participi>
              </S>
            </grup.nom>
          </sn>
        </sp>
      </S>
    </S>
    <f lem="." pos="fp" punct="period" wd="."/>
  </sentence>
  <sentence>
    <sp arg="arg2" func="cc" tem="loc">
      <prep>
        <s lem="en" pos="sps00" postype="preposition" wd="En"/>
      </prep>
      <sn coreftype="ident" entity="entity10" entityref="ne" ne="location">
        <spec gen="f" num="s">
          <d gen="f" lem="el" num="s" pos="da0fs0" postype="article" wd="la"/>
        </spec>
        <grup.nom gen="f" num="s">
          <n gen="f" lem="plaza" num="s" pos="ncfs000" postype="common" sense="16:06351418" wd="plaza"/>
          <sp>
            <prep>
              <s lem="de" pos="sps00" postype="preposition" wd="de"/>
            </prep>
            <sn coreftype="ident" entity="entity11" entityref="ne" ne="person">
              <grup.nom>
                <n lem="Sant_Iu" ne="person" pos="np00000" postype="proper" wd="Sant_Iu"/>
              </grup.nom>
            </sn>
          </sp>
        </grup.nom>
      </sn>
    </sp>
    <grup.verb>
      <v lem="figurar" lss="C11.state-existential" mood="indicative" num="s" person="3" pos="vmii3s0" postype="main" tense="imperfect" wd="figuraba"/>
    </grup.verb>
    <sn arg="arg1" entityref="ne" func="suj" ne="other" tem="tem">
      <spec gen="f" num="s">
        <d gen="f" lem="el" num="s" pos="da0fs0" postype="article" wd="la"/>
      </spec>
      <grup.nom gen="f" num="s">
        <n gen="f" lem="inscripción" lexicalid="noun.inscripción.1.default" num="s" origin="deverbal" pos="ncfs000" postype="common" sense="16:04828090" wd="inscripción"/>
        <sn arg="arg1" entity="entity12" entityref="ne" func="cn" ne="other" tem="pat">
          <grup.nom>
            <n lem="oto_666" ne="other" pos="np00000" postype="proper" wd="OTO_666"/>
          </grup.nom>
        </sn>
        <sp func="cn">
          <prep>
            <s lem="con" pos="sps00" postype="preposition" wd="con"/>
          </prep>
          <sn entityref="nne">
            <spec gen="f" num="s">
              <d gen="f" lem="uno" num="s" pos="di0fs0" postype="indefinite" wd="una"/>
            </spec>
            <grup.nom gen="f" num="s">
              <n gen="f" lem="cruz" num="s" pos="ncfs000" postype="common" sense="16:02522816" wd="cruz"/>
              <s.a gen="f" num="s">
                <grup.a gen="f" num="s">
                  <a gen="f" lem="rojo" num="s" pos="aq0fs0" postype="qualificative" wd="roja"/>
                </grup.a>
              </s.a>
            </grup.nom>
          </sn>
        </sp>
      </grup.nom>
    </sn>
    <f lem="." pos="fp" punct="period" wd="."/>
  </sentence>
  <sentence>
    <sn arg="arg1" coreftype="ident" entity="entity12" entityref="ne" func="suj" ne="other" tem="tem">
      <spec gen="f" num="s">
        <d gen="f" lem="el" num="s" pos="da0fs0" postype="article" wd="La"/>
      </spec>
      <grup.nom gen="f" num="s">
        <n gen="f" lem="inscripción" lexicalid="noun.inscripción.1.default" num="s" origin="deverbal" pos="ncfs000" postype="common" sense="16:04828090" wd="inscripción"/>
        <sn arg="arg1" entityref="ne" func="cn" ne="other" tem="pat">
          <grup.nom>
            <n lem="oto" ne="other" pos="np00000" postype="proper" wd="OTO"/>
          </grup.nom>
        </sn>
      </grup.nom>
    </sn>
    <grup.verb>
      <v lem="corresponder" lss="C21.state-attributive" mood="indicative" num="s" person="3" pos="vmip3s0" postype="main" tense="present" wd="corresponde"/>
    </grup.verb>
    <sp arg="arg2" func="creg" tem="atr">
      <prep>
        <s lem="a" pos="sps00" postype="preposition" wd="a"/>
      </prep>
      <sn entity="entity13" entityref="ne" ne="organization">
        <grup.nom>
          <n lem="Ordo_Templi_Orientis" ne="organization" pos="np00000" postype="proper" wd="Ordo_Templi_Orientis"/>
          <sn corefsubtype="indefinit" coreftype="pred" entity="entity13">
            <f lem="," pos="fc" punct="comma" wd=","/>
            <spec gen="f" num="s">
              <d gen="f" lem="uno" num="s" pos="di0fs0" postype="indefinite" wd="una"/>
            </spec>
            <grup.nom gen="f" num="s">
              <n gen="f" lem="secta" num="s" pos="ncfs000" postype="common" sense="16:06065230" wd="secta"/>
              <S clausetype="participle" impersonal="yes">
                <participi>
                  <a gen="f" lem="conocido" lss="B22.unaccusative-passive-transitive" num="s" pos="aq0fsp" posfunction="participle" postype="qualificative" wd="conocida"/>
                </participi>
                <sp arg="argM" func="cpred" predicate="suj" tem="atr">
                  <prep>
                    <c lem="como" pos="cs" postype="subordinating" wd="como"/>
                  </prep>
                  <sn entityref="ne" ne="organization">
                    <grup.nom>
                      <n lem="Templarios_Negros" ne="organization" pos="np00000" postype="proper" wd="Templarios_Negros"/>
                    </grup.nom>
                  </sn>
                </sp>
              </S>
            </grup.nom>
          </sn>
        </grup.nom>
      </sn>
    </sp>
    <f lem="." pos="fp" punct="period" wd="."/>
  </sentence>
  <sentence>
    <sn arg="arg1" entityref="nne" func="suj" homophoricDD="yes" tem="tem">
      <spec gen="f" num="p">
        <d gen="f" lem="el" num="p" pos="da0fp0" postype="article" wd="Las"/>
      </spec>
      <grup.nom gen="f" num="p">
        <n gen="f" lem="palabra" num="p" pos="ncfp000" postype="common" sense="16:04750884" wd="palabras"/>
        <sn entityref="ne" ne="other">
          <grup.nom>
            <n lem="lucifer_ol_e_iluminati" ne="other" pos="np00000" postype="proper" wd="Lucifer_Ol_e_Iluminati"/>
          </grup.nom>
        </sn>
        <sp>
          <f lem="," pos="fc" punct="comma" wd=","/>
          <prep>
            <s lem="de" pos="sps00" postype="preposition" wd="de"/>
          </prep>
          <sn coreftype="ident" entity="entity14" entityref="nne">
            <spec gen="f" num="p">
              <d gen="f" lem="el" num="p" pos="da0fp0" postype="article" wd="las"/>
            </spec>
            <grup.nom gen="f" num="p">
              <n gen="f" lem="pintada" lexicalid="noun.pintada.1.default" num="p" origin="deverbal" pos="ncfp000" postype="common" sense="16:02765419" wd="pintadas"/>
            </grup.nom>
          </sn>
        </sp>
      </grup.nom>
    </sn>
    <morfema.pronominal>
      <p gen="c" lem="él" num="c" person="3" pos="p0300000" wd="se"/>
    </morfema.pronominal>
    <grup.verb>
      <v lem="referir" lss="C21.state-attributive" mood="indicative" num="p" person="3" pos="vmip3p0" postype="main" tense="present" wd="refieren"/>
    </grup.verb>
    <sp arg="arg2" func="creg" tem="atr">
      <prep>
        <s lem="a" pos="sps00" postype="preposition" wd="a"/>
      </prep>
      <sn entityref="nne">
        <spec gen="m" num="p">
          <d gen="m" lem="otro" num="p" pos="di0mp0" postype="indefinite" wd="otros"/>
          <d gen="c" lem="dos" num="p" pos="dn0cp0" postype="numeral" wd="dos"/>
        </spec>
        <grup.nom gen="m" num="p">
          <n gen="m" lem="grupo" num="p" pos="ncmp000" postype="common" sense="16:00017954" wd="grupos"/>
          <sn complex="yes">
            <grup.nom coord="yes">
              <f lem=":" pos="fd" punct="colon" wd=":"/>
              <grup.nom>
                <n lem="Iluminati" ne="organization" pos="np00000" postype="proper" wd="Iluminati"/>
              </grup.nom>
              <conj conjunctiontype="coordinating">
                <c lem="y" pos="cc" postype="coordinating" wd="y"/>
              </conj>
              <grup.nom>
                <n lem="Los_Luciferianos" ne="organization" pos="np00000" postype="proper" wd="Los_Luciferianos"/>
              </grup.nom>
            </grup.nom>
          </sn>
        </grup.nom>
      </sn>
    </sp>
    <f lem="." pos="fp" punct="period" wd="."/>
  </sentence>
</article>
