<?xml version="1.0" encoding="UTF-8"?>
<!-- 

  ancora-2.0
       
			Copyright (C) 2007, 2008, 2009, 2010, 2011 UB - CLiC
			Centre de Llenguatge i Computació - Universitat de Barcelona
 
  This file is part of ancora-2.0.
 
  ancora-2.0 is free software and data: you can redistribute it and/or modify
  it under the terms of the GNU General Public License as published
  by the Free Software Foundation, either version 3 of the License,
  or (at your option) any later version.

  ancora-2.0 is distributed in the hope that it will be useful,
  but WITHOUT ANY WARRANTY; without even the implied warranty of
  MERCHANTABILITY or FITNESS FOR A PARTICULAR PURPOSE.  See the
  GNU General Public License for more details.
 
  You should have received a copy of the GNU General Public License
  along with ancora-2.0.  If not, see &lt;http://www.gnu.org/licenses/&gt;.
 
  Check a text in catalan explaining the terms of the license at http://www.softcatala.cat/wiki/GPL3.
  In spanish at http://www.viti.es/gnu/licenses/gpl.html
 

  The following paper must be cited when using this corpus:

 * Taulé, M., M.A. Martí, M. Recasens (2008) 'Ancora: Multilevel Annotated Corpora for Catalan and Spanish',
   Proceedings of 6th International Conference on Language Resources and Evaluation. Marrakesh (Morocco).

  In addition, the following paper must be cited if coreference information (attributes entity, coreftype,
  corefsubtype, homophoricDD or entityref) is used:

 * Recasens, Marta, M. Antònia Martí (2010) ‘AnCora-CO: Coreferentially annotated corpora for Spanish and
   Catalan’. Language Resources and Evaluation, Springer Science.

  Additionally, the following paper must be cited when argumental attributes in "sn" or "grup.nom"
  (attributes func, arg, tem or lexicalid) are used:

 * Peris, Aina, Mariona Taulé, Horacio Rodríguez (2010) ‘Semantic Annotation of Deverbal Nominalizations in the
   Spanish AnCora corpus’. Treebanks and Linguistic Theories (TLT-2010), Estonia.
-->
<article lng="es">
  <sentence>
    <sp arg="argM" func="cc" tem="loc">
      <prep>
        <s lem="en" pos="sps00" postype="preposition" wd="En"/>
      </prep>
      <sn entityref="ne" ne="location">
        <spec gen="m" num="s">
          <d gen="m" lem="el" num="s" pos="da0ms0" postype="article" wd="el"/>
        </spec>
        <grup.nom gen="m" num="s">
          <n gen="m" lem="conjunto" num="s" pos="ncms000" postype="common" sense="16:05963394" wd="conjunto"/>
          <sp>
            <prep>
              <s lem="de" pos="sps00" postype="preposition" wd="de"/>
            </prep>
            <sn entityref="ne" ne="location">
              <grup.nom>
                <n lem="España" ne="location" pos="np00000" postype="proper" wd="España"/>
              </grup.nom>
            </sn>
          </sp>
        </grup.nom>
      </sn>
      <f lem="," pos="fc" punct="comma" wd=","/>
    </sp>
    <sn arg="arg0" entityref="nne" func="suj" homophoricDD="yes" tem="agt">
      <spec gen="f" num="p">
        <d gen="f" lem="el" num="p" pos="da0fp0" postype="article" wd="las"/>
        <z lem="89" ne="number" wd="89"/>
      </spec>
      <grup.nom gen="f" num="p">
        <n gen="f" lem="oficina" num="p" pos="ncfp000" postype="common" sense="16:03052755" wd="oficinas"/>
        <sp>
          <prep>
            <s contracted="yes" gen="m" lem="del" num="s" pos="spcms" postype="preposition" wd="del"/>
          </prep>
          <sn entity="entity2" entityref="nne" homophoricDD="yes">
            <grup.nom gen="m" num="s">
              <n gen="m" lem="euro" num="s" pos="ncms000" postype="common" sense="16:50000420" wd="euro"/>
            </grup.nom>
          </sn>
        </sp>
        <S clausetype="participle" impersonal="yes">
          <participi>
            <a gen="f" lem="instalado" lss="B22.unaccusative-passive-transitive" num="p" pos="aq0fpp" posfunction="participle" postype="qualificative" wd="instaladas"/>
          </participi>
          <sp arg="arg2" func="cc" tem="loc">
            <prep>
              <s lem="por" pos="sps00" postype="preposition" wd="por"/>
            </prep>
            <sn entityref="nne" homophoricDD="yes">
              <spec gen="f" num="s">
                <d gen="f" lem="el" num="s" pos="da0fs0" postype="article" wd="la"/>
              </spec>
              <grup.nom gen="f" num="s">
                <n gen="f" lem="red" num="s" pos="ncfs000" postype="common" sense="16:06239044" wd="red"/>
                <sp>
                  <prep>
                    <s lem="de" pos="sps00" postype="preposition" wd="de"/>
                  </prep>
                  <sn>
                    <grup.nom gen="f" num="p">
                      <n gen="f" lem="cámara" num="p" pos="ncfp000" postype="common" sense="16:06070449" wd="cámaras"/>
                      <sp>
                        <prep>
                          <s lem="de" pos="sps00" postype="preposition" wd="de"/>
                        </prep>
                        <sn>
                          <grup.nom gen="m" num="s">
                            <n gen="m" lem="comercio" lexicalid="noun.comercio.1.default" num="s" origin="deverbal" pos="ncms000" postype="common" sense="16:00706993" wd="comercio"/>
                          </grup.nom>
                        </sn>
                      </sp>
                    </grup.nom>
                  </sn>
                </sp>
              </grup.nom>
            </sn>
          </sp>
        </S>
      </grup.nom>
    </sn>
    <grup.verb>
      <v lem="haber" mood="indicative" num="p" person="3" pos="vaip3p0" postype="auxiliary" tense="present" wd="han"/>
      <v gen="m" lem="atender" lss="A21.transitive-agentive-patient" mood="participle" num="s" pos="vmp00sm" postype="main" wd="atendido"/>
    </grup.verb>
    <sn arg="arg1" entity="entity1" entityref="nne" func="cd" tem="pat">
      <spec gen="f" num="p">
        <z lem="4000" ne="number" wd="4.000"/>
      </spec>
      <grup.nom gen="f" num="p">
        <n gen="f" lem="llamada" lexicalid="noun.llamada.2.default" num="p" origin="deverbal" pos="ncfp000" postype="common" sense="16:04742189" wd="llamadas"/>
        <sp arg="arg0" func="cn" tem="agt">
          <prep>
            <s lem="de" pos="sps00" postype="preposition" wd="de"/>
          </prep>
          <sn>
            <grup.nom gen="m" num="p">
              <n gen="m" lem="usuario" num="p" pos="ncmp000" postype="common" sense="16:07658488" wd="usuarios"/>
            </grup.nom>
          </sn>
        </sp>
        <S clausetype="relative" func="cn">
          <sp arg="argM" func="cc" tem="loc">
            <prep>
              <s lem="en" pos="sps00" postype="preposition" wd="en"/>
            </prep>
            <sn coreftype="ident" entity="entity1" entityref="nne">
              <spec gen="f" num="p">
                <d gen="f" lem="el" num="p" pos="da0fp0" postype="article" wd="las"/>
              </spec>
              <grup.nom gen="f" num="p">
                <relatiu>
                  <p gen="c" lem="que" num="c" pos="pr0cn000" postype="relative" wd="que"/>
                </relatiu>
              </grup.nom>
            </sn>
          </sp>
          <sadv func="mod">
            <grup.adv>
              <r lem="sobre_todo" pos="rg" wd="sobre_todo"/>
            </grup.adv>
          </sadv>
          <morfema.verbal func="pass">
            <p gen="c" lem="se" num="c" pos="p0000000" wd="se"/>
          </morfema.verbal>
          <grup.verb>
            <v lem="expresar" lss="B22.unaccusative-passive-transitive" mood="indicative" num="p" person="3" pos="vmis3p0" postype="main" tense="past" wd="expresaron"/>
          </grup.verb>
          <sn arg="arg1" entityref="nne" func="suj" tem="pat">
            <grup.nom gen="f" num="p">
              <n gen="f" lem="queja" lexicalid="noun.queja.1.default" num="p" origin="deverbal" pos="ncfp000" postype="common" sense="16:05385957" wd="quejas"/>
            </grup.nom>
          </sn>
          <S arg="argM" clausetype="adverbial" func="cc" tem="cau">
            <conj conjunctiontype="subordinating">
              <c lem="porque" pos="cs" postype="subordinating" wd="porque"/>
            </conj>
            <sn arg="arg0" entityref="nne" func="suj" homophoricDD="yes" tem="cau">
              <spec gen="f" num="s">
                <d gen="f" lem="el" num="s" pos="da0fs0" postype="article" wd="la"/>
              </spec>
              <grup.nom gen="f" num="s">
                <n gen="f" lem="demanda" num="s" pos="ncfs000" postype="common" sense="16:09725817" wd="demanda"/>
                <sp>
                  <prep>
                    <s lem="de" pos="sps00" postype="preposition" wd="de"/>
                  </prep>
                  <sn coreftype="ident" entity="entity2" entityref="nne">
                    <grup.nom gen="m" num="p">
                      <n gen="m" lem="euro" num="p" pos="ncmp000" postype="common" sense="16:50000420" wd="euros"/>
                    </grup.nom>
                  </sn>
                </sp>
              </grup.nom>
            </sn>
            <grup.verb>
              <v lem="desbordar" lss="A11.transitive-causative" mood="indicative" num="s" person="3" pos="vmis3s0" postype="main" tense="past" wd="desbordó"/>
            </grup.verb>
            <sn arg="arg1" entityref="nne" func="cd" homophoricDD="yes" tem="tem">
              <spec gen="f" num="p">
                <d gen="f" lem="el" num="p" pos="da0fp0" postype="article" wd="las"/>
              </spec>
              <grup.nom gen="f" num="p">
                <n gen="f" lem="previsión" lexicalid="noun.previsión.1.default" num="p" origin="deverbal" pos="ncfp000" postype="common" sense="16:04453620" wd="previsiones"/>
              </grup.nom>
            </sn>
          </S>
        </S>
      </grup.nom>
    </sn>
    <f lem="." pos="fp" punct="period" wd="."/>
  </sentence>
  <sentence>
    <S arg="arg1" clausetype="completive" entity="entity3" func="cd" tem="pat">
      <f lem="&quot;" pos="fe" punct="quotation" wd="&quot;"/>
      <grup.verb>
        <v lem="haber" mood="indicative" num="s" person="3" pos="vaip3s0" postype="auxiliary" tense="present" wd="Ha"/>
        <v gen="m" lem="haber" lss="C11.state-existential" mood="participle" num="s" pos="vap00sm" postype="auxiliary" wd="habido"/>
      </grup.verb>
      <sn arg="arg1" entityref="nne" func="cd" functype="quantitative" tem="tem">
        <spec gen="m" num="s">
          <d gen="m" lem="uno" num="s" pos="di0ms0" postype="indefinite" wd="un"/>
        </spec>
        <grup.nom gen="m" num="s">
          <s.a gen="m" num="s">
            <grup.a gen="m" num="s">
              <a gen="c" lem="enorme" num="s" pos="aq0cs0" postype="qualificative" wd="enorme"/>
            </grup.a>
          </s.a>
          <n gen="m" lem="interés" num="s" pos="ncms000" postype="common" sense="16:04392426" wd="interés"/>
        </grup.nom>
      </sn>
      <sn corefsubtype="token" coreftype="dx" entity="entity3" entityref="nne" func="ao">
        <f lem="," pos="fc" punct="comma" wd=","/>
        <spec gen="m" num="s">
          <d gen="c" lem="el" num="s" pos="da0ns0" postype="article" wd="lo"/>
        </spec>
        <grup.nom gen="m" num="s">
          <S clausetype="relative">
            <relatiu arg="arg0" func="suj" tem="agt">
              <p gen="c" lem="que" num="c" pos="pr0cn000" postype="relative" wd="que"/>
            </relatiu>
            <sn arg="arg2" entity="entity4" entityref="spec" func="ci" tem="ben">
              <grup.nom num="p">
                <p gen="c" lem="yo" num="p" person="1" pos="pp1cp000" postype="personal" wd="nos"/>
              </grup.nom>
            </sn>
            <grup.verb>
              <v lem="permitir" lss="A32.ditransitive-patient-benefactive" mood="indicative" num="s" person="3" pos="vmip3s0" postype="main" tense="present" wd="permite"/>
            </grup.verb>
            <S arg="arg1" clausetype="completive" func="cd" impersonal="yes" tem="pat">
              <infinitiu>
                <v lem="pronosticar" lss="A21.transitive-agentive-patient" mood="infinitive" pos="vmn0000" postype="main" wd="pronosticar"/>
              </infinitiu>
              <S arg="arg1" clausetype="completive" func="cd" tem="pat">
                <conj conjunctiontype="subordinating">
                  <c lem="que" pos="cs" postype="subordinating" wd="que"/>
                </conj>
                <sp arg="argM" func="cc" tem="tmp">
                  <prep>
                    <s lem="en" pos="sps00" postype="preposition" wd="en"/>
                  </prep>
                  <sn entityref="nne" homophoricDD="yes">
                    <spec gen="m" num="p">
                      <d gen="m" lem="el" num="p" pos="da0mp0" postype="article" wd="los"/>
                      <n gen="m" lem="próximo" num="p" pos="ncmp000" postype="common" sense="16:cs2" wd="próximos"/>
                      <z lem="15" ne="number" wd="15"/>
                      <c lem="o" pos="cc" postype="coordinating" wd="o"/>
                      <z lem="20" ne="number" wd="20"/>
                    </spec>
                    <grup.nom gen="m" num="p">
                      <n gen="m" lem="día" num="p" pos="ncmp000" postype="common" sense="16:10878116" wd="días"/>
                    </grup.nom>
                  </sn>
                </sp>
                <sn arg="arg1" entityref="nne" func="suj" homophoricDD="yes" tem="tem">
                  <spec gen="f" num="s">
                    <d gen="f" lem="el" num="s" pos="da0fs0" postype="article" wd="la"/>
                  </spec>
                  <grup.nom gen="f" num="s">
                    <n gen="f" lem="peseta" num="s" pos="ncfs000" postype="common" sense="16:50000418" wd="peseta"/>
                  </grup.nom>
                </sn>
                <grup.verb>
                  <v lem="haber" mood="indicative" num="s" person="3" pos="vaif3s0" postype="auxiliary" tense="future" wd="habrá"/>
                  <v gen="m" lem="desaparecer" lss="B11.unaccusative-motion" mood="participle" num="s" pos="vmp00sm" postype="main" wd="desaparecido"/>
                </grup.verb>
                <sp arg="argM" func="cc" tem="loc">
                  <prep>
                    <s contracted="yes" gen="m" lem="del" num="s" pos="spcms" postype="preposition" wd="del"/>
                  </prep>
                  <sn entityref="nne" homophoricDD="yes">
                    <grup.nom gen="m" num="s">
                      <n gen="m" lem="mercado" num="s" pos="ncms000" postype="common" sense="16:00711063" wd="mercado"/>
                    </grup.nom>
                  </sn>
                </sp>
              </S>
            </S>
          </S>
        </grup.nom>
      </sn>
      <f lem="&quot;" pos="fe" punct="quotation" wd="&quot;"/>
      <f lem="," pos="fc" punct="comma" wd=","/>
    </S>
    <grup.verb>
      <v lem="explicar" lss="A32.ditransitive-patient-benefactive" mood="indicative" num="s" person="3" pos="vmis3s0" postype="main" tense="past" wd="explicó"/>
    </grup.verb>
    <sn arg="arg0" entity="entity5" entityref="ne" func="suj" ne="person" tem="agt">
      <grup.nom gen="m" num="s">
        <n lem="José_Manuel_Fernández_Norniella" ne="person" pos="np00000" postype="proper" wd="José_Manuel_Fernández_Norniella"/>
        <sn corefsubtype="definit" coreftype="pred" entity="entity5">
          <f lem="," pos="fc" punct="comma" wd=","/>
          <grup.nom gen="m" num="s">
            <n gen="m" lem="presidente" num="s" pos="ncms000" postype="common" sense="16:07496197" wd="presidente"/>
            <sp>
              <prep>
                <s contracted="yes" gen="m" lem="del" num="s" pos="spcms" postype="preposition" wd="del"/>
              </prep>
              <sn coreftype="ident" entity="entity4" entityref="ne" ne="organization">
                <grup.nom gen="m" num="s">
                  <n lem="Consejo_de_Cámaras" ne="organization" pos="np00000" postype="proper" wd="Consejo_de_Cámaras"/>
                </grup.nom>
              </sn>
            </sp>
          </grup.nom>
        </sn>
      </grup.nom>
    </sn>
    <f lem="." pos="fp" punct="period" wd="."/>
  </sentence>
  <sentence>
    <S>
      <sn arg="arg0" entity="entity6" entityref="ne" func="suj" ne="person" tem="agt">
        <grup.nom gen="m" num="s">
          <n lem="Antonino_Joya" ne="person" pos="np00000" postype="proper" wd="Antonino_Joya"/>
          <sn corefsubtype="definit" coreftype="pred" entity="entity6">
            <f lem="," pos="fc" punct="comma" wd=","/>
            <grup.nom gen="m" num="s">
              <n gen="c" lem="portavoz" num="s" pos="nccs000" postype="common" sense="16:07601722" wd="portavoz"/>
              <sp>
                <prep>
                  <s lem="de" pos="sps00" postype="preposition" wd="de"/>
                </prep>
                <sn entity="entity7" entityref="ne" ne="organization">
                  <spec gen="f" num="s">
                    <d gen="f" lem="el" num="s" pos="da0fs0" postype="article" wd="la"/>
                  </spec>
                  <grup.nom gen="f" num="s">
                    <n lem="Organización_de_Consumidores_y_Usuarios" ne="organization" pos="np00000" postype="proper" wd="Organización_de_Consumidores_y_Usuarios"/>
                    <sn corefsubtype="definit" coreftype="pred" entity="entity7" entityref="ne" ne="organization">
                      <grup.nom gen="f" num="s">
                        <f lem="(" pos="fpa" punct="bracket" punctenclose="open" wd="("/>
                        <n lem="OCU" ne="organization" pos="np00000" postype="proper" wd="OCU"/>
                        <f lem=")" pos="fpt" punct="bracket" punctenclose="close" wd=")"/>
                      </grup.nom>
                    </sn>
                  </grup.nom>
                </sn>
              </sp>
            </grup.nom>
            <f lem="," pos="fc" punct="comma" wd=","/>
          </sn>
        </grup.nom>
      </sn>
      <grup.verb>
        <v lem="mostrar" lss="A32.ditransitive-patient-benefactive" mood="indicative" num="s" person="3" pos="vmis3s0" postype="main" tense="past" wd="mostró"/>
      </grup.verb>
      <sn arg="arg1" entityref="nne" func="cd" tem="pat">
        <spec arg="arg0" gen="f" num="s" tem="agt">
          <d coreftype="ident" entity="entity6" entityref="spec" gen="c" lem="su" num="s" person="3" pos="dp3cs0" postype="possessive" wd="su"/>
        </spec>
        <grup.nom gen="f" num="s">
          <n gen="f" lem="queja" lexicalid="noun.queja.1.default" num="s" origin="deverbal" pos="ncfs000" postype="common" sense="16:05385957" wd="queja"/>
          <sp arg="arg1" func="cn" tem="tem">
            <prep>
              <s lem="por" pos="sps00" postype="preposition" wd="por"/>
            </prep>
            <sn entity="entity8" entityref="nne" homophoricDD="yes">
              <spec gen="m" num="s">
                <d gen="m" lem="el" num="s" pos="da0ms0" postype="article" wd="el"/>
              </spec>
              <grup.nom gen="m" num="s">
                <n gen="m" lem="tipo" num="s" pos="ncms000" postype="common" sense="16:04497251" wd="tipo"/>
                <sp>
                  <prep>
                    <s lem="de" pos="sps00" postype="preposition" wd="de"/>
                  </prep>
                  <sn>
                    <grup.nom gen="m" num="s">
                      <n gen="m" lem="redondeo" lexicalid="noun.redondeo.1.default" num="s" origin="deverbal" pos="ncms000" postype="common" sense="16:cs2" wd="redondeo"/>
                    </grup.nom>
                  </sn>
                </sp>
                <S clausetype="relative">
                  <relatiu arg="arg1" coreftype="ident" entity="entity8" entityref="nne" func="suj" num="p" tem="pat">
                    <p gen="c" lem="que" num="c" pos="pr0cn000" postype="relative" wd="que"/>
                  </relatiu>
                  <morfema.verbal func="pass">
                    <p gen="c" lem="se" num="c" pos="p0000000" wd="se"/>
                  </morfema.verbal>
                  <grup.verb>
                    <v lem="haber" mood="indicative" num="s" person="3" pos="vaip3s0" postype="auxiliary" tense="present" wd="ha"/>
                    <v gen="m" lem="aplicar" lss="A21.transitive-agentive-patient" mood="participle" num="s" pos="vmp00sm" postype="main" wd="aplicado"/>
                  </grup.verb>
                  <sp arg="argM" func="cc" tem="adv">
                    <prep>
                      <s lem="en" pos="sps00" postype="preposition" wd="en"/>
                    </prep>
                    <sn complex="yes">
                      <spec gen="m" num="p">
                        <d gen="m" lem="alguno" num="p" pos="di0mp0" postype="indefinite" wd="algunos"/>
                      </spec>
                      <grup.nom coord="yes">
                        <grup.nom gen="m" num="p">
                          <n gen="m" lem="servicio" lexicalid="noun.servicio.1.default" num="p" origin="deverbal" pos="ncmp000" postype="common" sense="16:00379388" wd="servicios"/>
                        </grup.nom>
                        <conj conjunctiontype="coordinating">
                          <c lem="y" pos="cc" postype="coordinating" wd="y"/>
                        </conj>
                        <grup.nom gen="m" num="p">
                          <n gen="m" lem="producto" num="p" pos="ncmp000" postype="common" sense="16:03175725" wd="productos"/>
                        </grup.nom>
                      </grup.nom>
                    </sn>
                  </sp>
                </S>
              </grup.nom>
            </sn>
          </sp>
        </grup.nom>
      </sn>
    </S>
    <S func="ao" impersonal="yes">
      <f lem=":" pos="fd" punct="colon" wd=":"/>
      <f lem="&quot;" pos="fe" punct="quotation" wd="&quot;"/>
      <grup.verb>
        <v lem="haber" mood="indicative" num="s" person="3" pos="vaip3s0" postype="auxiliary" tense="present" wd="Ha"/>
        <v gen="m" lem="haber" lss="C11.state-existential" mood="participle" num="s" pos="vap00sm" postype="auxiliary" wd="habido"/>
      </grup.verb>
      <sn arg="arg1" entityref="nne" func="cd" functype="quantitative" tem="tem">
        <grup.nom gen="f" num="p">
          <n gen="f" lem="subida" lexicalid="noun.subida.4.default" num="p" origin="deverbal" pos="ncfp000" postype="common" sense="16:00234220" wd="subidas"/>
          <s.a func="cn" gen="f" num="p">
            <grup.a gen="f" num="p">
              <a gen="c" lem="importante" num="p" pos="aq0cp0" postype="qualificative" wd="importantes"/>
            </grup.a>
          </s.a>
          <sp arg="arg1" func="cn" tem="tem">
            <prep>
              <s lem="en" pos="sps00" postype="preposition" wd="en"/>
            </prep>
            <sn complex="yes" entityref="nne">
              <grup.nom coord="yes">
                <grup.nom gen="f" num="s">
                  <n gen="f" lem="panadería" num="s" pos="ncfs000" postype="common" sense="16:50000969" wd="panadería"/>
                </grup.nom>
                <f lem="," pos="fc" punct="comma" wd=","/>
                <grup.nom gen="m" num="p">
                  <n gen="m" lem="juego" lexicalid="noun.juego.8.default" num="p" origin="deverbal" pos="ncmp000" postype="common" sense="16:00289269" wd="juegos"/>
                  <sp arg="argL" func="cn">
                    <prep>
                      <s lem="de" pos="sps00" postype="preposition" wd="de"/>
                    </prep>
                    <sn>
                      <grup.nom gen="m" num="s">
                        <n gen="m" lem="azar" num="s" pos="ncms000" postype="common" sense="16:07769986" wd="azar"/>
                      </grup.nom>
                    </sn>
                  </sp>
                </grup.nom>
                <f lem="," pos="fc" punct="comma" wd=","/>
                <grup.nom gen="m" num="p">
                  <n gen="m" lem="cine" num="p" pos="ncmp000" postype="common" sense="16:02442077" wd="cines"/>
                </grup.nom>
                <f lem="," pos="fc" punct="comma" wd=","/>
                <grup.nom gen="m" num="p">
                  <n gen="m" lem="bus" num="p" pos="ncmp000" postype="common" sense="16:cs2" wd="buses"/>
                </grup.nom>
                <f lem="," pos="fc" punct="comma" wd=","/>
                <grup.nom gen="m" num="p">
                  <n gen="m" lem="metro" num="p" pos="ncmp000" postype="common" sense="16:03437718" wd="metros"/>
                </grup.nom>
                <f lem="," pos="fc" punct="comma" wd=","/>
                <grup.nom gen="f" num="p">
                  <n gen="f" lem="revista" num="p" pos="ncfp000" postype="common" sense="16:04947827" wd="revistas"/>
                </grup.nom>
                <conj conjunctiontype="coordinating">
                  <c lem="y" pos="cc" postype="coordinating" wd="y"/>
                </conj>
                <grup.nom gen="m" num="p">
                  <n gen="m" lem="periódico" num="p" pos="ncmp000" postype="common" sense="16:04738466" wd="periódicos"/>
                </grup.nom>
              </grup.nom>
            </sn>
          </sp>
        </grup.nom>
      </sn>
      <f lem="&quot;" pos="fe" punct="quotation" wd="&quot;"/>
    </S>
    <f lem="." pos="fp" punct="period" wd="."/>
  </sentence>
</article>
