<?xml version="1.0" encoding="UTF-8"?>
<!-- 

  ancora-2.0
       
			Copyright (C) 2007, 2008, 2009, 2010, 2011 UB - CLiC
			Centre de Llenguatge i Computació - Universitat de Barcelona
 
  This file is part of ancora-2.0.
 
  ancora-2.0 is free software and data: you can redistribute it and/or modify
  it under the terms of the GNU General Public License as published
  by the Free Software Foundation, either version 3 of the License,
  or (at your option) any later version.

  ancora-2.0 is distributed in the hope that it will be useful,
  but WITHOUT ANY WARRANTY; without even the implied warranty of
  MERCHANTABILITY or FITNESS FOR A PARTICULAR PURPOSE.  See the
  GNU General Public License for more details.
 
  You should have received a copy of the GNU General Public License
  along with ancora-2.0.  If not, see &lt;http://www.gnu.org/licenses/&gt;.
 
  Check a text in catalan explaining the terms of the license at http://www.softcatala.cat/wiki/GPL3.
  In spanish at http://www.viti.es/gnu/licenses/gpl.html
 

  The following paper must be cited when using this corpus:

 * Taulé, M., M.A. Martí, M. Recasens (2008) 'Ancora: Multilevel Annotated Corpora for Catalan and Spanish',
   Proceedings of 6th International Conference on Language Resources and Evaluation. Marrakesh (Morocco).

  In addition, the following paper must be cited if coreference information (attributes entity, coreftype,
  corefsubtype, homophoricDD or entityref) is used:

 * Recasens, Marta, M. Antònia Martí (2010) ‘AnCora-CO: Coreferentially annotated corpora for Spanish and
   Catalan’. Language Resources and Evaluation, Springer Science.

  Additionally, the following paper must be cited when argumental attributes in "sn" or "grup.nom"
  (attributes func, arg, tem or lexicalid) are used:

 * Peris, Aina, Mariona Taulé, Horacio Rodríguez (2010) ‘Semantic Annotation of Deverbal Nominalizations in the
   Spanish AnCora corpus’. Treebanks and Linguistic Theories (TLT-2010), Estonia.
-->
<article lng="es">
  <sentence>
    <sn arg="arg0" entityref="nne" func="suj" homophoricDD="yes" tem="agt">
      <spec gen="f" num="s">
        <d gen="f" lem="el" num="s" pos="da0fs0" postype="article" wd="La"/>
      </spec>
      <grup.nom gen="f" num="s">
        <n gen="c" lem="espantá" num="c" pos="nc00000" postype="common" sense="16:cs2" wd="espantá"/>
        <sp>
          <prep>
            <s lem="de" pos="sps00" postype="preposition" wd="de"/>
          </prep>
          <sn entity="entity10" entityref="ne" ne="person">
            <grup.nom gen="m" num="s">
              <n lem="Joaquim_Molins" ne="person" pos="np00000" postype="proper" wd="Joaquim_Molins"/>
            </grup.nom>
          </sn>
        </sp>
      </grup.nom>
    </sn>
    <grup.verb>
      <v lem="haber" mood="indicative" num="s" person="3" pos="vaip3s0" postype="auxiliary" tense="present" wd="ha"/>
      <v gen="m" lem="coger" lss="A21.transitive-agentive-patient" mood="participle" num="s" pos="vmp00sm" postype="main" wd="cogido"/>
    </grup.verb>
    <sp arg="arg1" func="cd" tem="pat">
      <prep>
        <s contracted="yes" gen="m" lem="al" num="s" pos="spcms" postype="preposition" wd="al"/>
      </prep>
      <sn entityref="ne" ne="organization">
        <grup.nom gen="m" num="s">
          <n gen="m" lem="grupo" num="s" pos="ncms000" postype="common" sense="16:00017954" wd="grupo"/>
          <s.a gen="m" num="s">
            <grup.a gen="m" num="s">
              <a gen="c" lem="municipal" num="s" pos="aq0cs0" postype="qualificative" wd="municipal"/>
            </grup.a>
          </s.a>
          <sp>
            <prep>
              <s lem="de" pos="sps00" postype="preposition" wd="de"/>
            </prep>
            <sn entity="entity7" entityref="ne" ne="organization">
              <grup.nom>
                <n lem="CiU" ne="organization" pos="np00000" postype="proper" wd="CiU"/>
              </grup.nom>
            </sn>
          </sp>
          <sp>
            <prep>
              <s lem="en" pos="sps00" postype="preposition" wd="en"/>
            </prep>
            <sn entity="entity8" entityref="ne" ne="location">
              <grup.nom>
                <n lem="Barcelona" ne="location" pos="np00000" postype="proper" wd="Barcelona"/>
              </grup.nom>
            </sn>
          </sp>
        </grup.nom>
      </sn>
    </sp>
    <sp arg="argM" func="cc" tem="tmp">
      <prep>
        <s lem="en" pos="sps00" postype="preposition" wd="en"/>
      </prep>
      <sn entityref="nne">
        <grup.nom gen="m" num="s">
          <p gen="m" lem="uno" num="s" pos="pi0ms000" postype="indefinite" wd="uno"/>
          <sp>
            <prep>
              <s lem="de" pos="sps00" postype="preposition" wd="de"/>
            </prep>
            <sn entityref="nne">
              <spec gen="m" num="p">
                <d coreftype="ident" entity="entity7" entityref="spec" gen="c" lem="su" num="p" person="3" pos="dp3cp0" postype="possessive" wd="sus"/>
              </spec>
              <grup.nom gen="m" num="p">
                <s.a gen="m" num="p">
                  <grup.a gen="m" num="p">
                    <a gen="c" lem="peor" num="p" pos="aq0cp0" postype="qualificative" wd="peores"/>
                  </grup.a>
                </s.a>
                <n gen="m" lem="momento" num="p" pos="ncmp000" postype="common" sense="16:10898122" wd="momentos"/>
              </grup.nom>
            </sn>
          </sp>
        </grup.nom>
      </sn>
    </sp>
    <f lem="." pos="fp" punct="period" wd="."/>
  </sentence>
  <sentence coord="yes">
    <S>
      <sn arg="arg1" entity="entity1" entityref="ne" func="suj" ne="person" tem="tem">
        <spec gen="f" num="s">
          <d gen="f" lem="el" num="s" pos="da0fs0" postype="article" wd="La"/>
        </spec>
        <grup.nom gen="m" num="s">
          <n gen="m" lem="número" num="s" pos="ncms000" postype="common" sense="16:09765658" wd="número"/>
          <sn>
            <grup.nom num="p">
              <p gen="c" lem="dos" num="p" pos="pn0cp000" postype="numeral" wd="dos"/>
            </grup.nom>
          </sn>
          <sp>
            <prep>
              <s lem="de" pos="sps00" postype="preposition" wd="de"/>
            </prep>
            <sn>
              <spec gen="f" num="s">
                <d gen="f" lem="el" num="s" pos="da0fs0" postype="article" wd="la"/>
              </spec>
              <grup.nom gen="f" num="s">
                <n gen="f" lem="lista" num="s" pos="ncfs000" postype="common" sense="16:04866394" wd="lista"/>
              </grup.nom>
            </sn>
          </sp>
          <sn corefsubtype="definit" coreftype="pred" entity="entity1" entityref="ne" ne="person">
            <f lem="," pos="fc" punct="comma" wd=","/>
            <grup.nom gen="f" num="s">
              <n lem="Magda_Oranich" ne="person" pos="np00000" postype="proper" wd="Magda_Oranich"/>
            </grup.nom>
            <f lem="," pos="fc" punct="comma" wd=","/>
          </sn>
        </grup.nom>
      </sn>
      <morfema.pronominal>
        <p gen="c" lem="él" num="c" person="3" pos="p0300000" wd="se"/>
      </morfema.pronominal>
      <grup.verb>
        <v lem="encontrar" lss="C21.state-attributive" mood="indicative" num="s" person="3" pos="vmip3s0" postype="main" tense="present" wd="encuentra"/>
      </grup.verb>
      <sa arg="arg2" func="atr" tem="atr">
        <grup.a>
          <a gen="c" lem="convaleciente" num="s" pos="aq0cs0" postype="qualificative" wd="convaleciente"/>
          <sp>
            <prep>
              <s lem="de" pos="sps00" postype="preposition" wd="de"/>
            </prep>
            <sn entityref="nne">
              <spec gen="f" num="s">
                <d gen="f" lem="uno" num="s" pos="di0fs0" postype="indefinite" wd="una"/>
              </spec>
              <grup.nom gen="f" num="s">
                <s.a gen="f" num="s">
                  <grup.a gen="f" num="s">
                    <a gen="c" lem="reciente" num="s" pos="aq0cs0" postype="qualificative" wd="reciente"/>
                  </grup.a>
                </s.a>
                <n gen="f" lem="enfermedad" num="s" pos="ncfs000" postype="common" sense="16:10129713" wd="enfermedad"/>
              </grup.nom>
            </sn>
          </sp>
        </grup.a>
      </sa>
      <f lem="," pos="fc" punct="comma" wd=","/>
    </S>
    <conj conjunctiontype="coordinating">
      <c lem="y" pos="cc" postype="coordinating" wd="y"/>
    </conj>
    <S>
      <sn arg="arg1" entity="entity2" entityref="ne" func="suj" ne="person" tem="tem">
        <spec gen="m" num="s">
          <d gen="m" lem="el" num="s" pos="da0ms0" postype="article" wd="el"/>
        </spec>
        <grup.nom gen="m" num="s">
          <n gen="m" lem="número" num="s" pos="ncms000" postype="common" sense="16:09765658" wd="número"/>
          <sn>
            <grup.nom num="p">
              <p gen="c" lem="dos" num="p" pos="pn0cp000" postype="numeral" wd="dos"/>
            </grup.nom>
          </sn>
          <sp>
            <prep>
              <s lem="a" pos="sps00" postype="preposition" wd="a"/>
            </prep>
            <sn>
              <grup.nom gen="m" num="p">
                <n gen="m" lem="efecto" lexicalid="noun.efecto.3.default" num="p" origin="deverbal" pos="ncmp000" postype="common" sense="16:07766144" wd="efectos"/>
                <s.a arg="argL" func="cn" gen="m" num="p">
                  <grup.a gen="m" num="p">
                    <a gen="m" lem="práctico" num="p" pos="aq0mp0" postype="qualificative" wd="prácticos"/>
                  </grup.a>
                </s.a>
              </grup.nom>
            </sn>
          </sp>
          <sn corefsubtype="definit" coreftype="pred" entity="entity2" entityref="ne" ne="person">
            <f lem="," pos="fc" punct="comma" wd=","/>
            <grup.nom gen="m" num="s">
              <n lem="Josep_Miró_Ardèvol" ne="person" pos="np00000" postype="proper" wd="Josep_Miró_Ardèvol"/>
            </grup.nom>
            <f lem="," pos="fc" punct="comma" wd=","/>
          </sn>
        </grup.nom>
      </sn>
      <grup.verb>
        <v lem="estar" lss="C21.state-attributive" mood="indicative" num="s" person="3" pos="vmip3s0" postype="main" tense="present" wd="está"/>
      </grup.verb>
      <sp arg="arg2" func="atr" tem="atr">
        <prep>
          <s lem="de" pos="sps00" postype="preposition" wd="de"/>
        </prep>
        <sn entityref="lex">
          <grup.nom gen="f" num="s">
            <n gen="f" lem="baja" num="s" pos="ncfs000" postype="common" sense="16:10865473" wd="baja"/>
          </grup.nom>
        </sn>
      </sp>
      <sp arg="argM" func="cc" tem="tmp">
        <prep>
          <s lem="desde" pos="sps00" postype="preposition" wd="desde"/>
        </prep>
        <sn>
          <v lem="hacer" mood="indicative" num="s" person="3" pos="vmip3s0" postype="main" tense="present" wd="hace"/>
          <n gen="f" lem="semana" num="p" pos="ncfp000" postype="common" sense="16:10862128" wd="semanas"/>
        </sn>
      </sp>
    </S>
    <f lem="." pos="fp" punct="period" wd="."/>
  </sentence>
  <sentence>
    <sn arg="arg1" entityref="nne" func="suj" tem="tem">
      <spec gen="f" num="s">
        <d gen="f" lem="el" num="s" pos="da0fs0" postype="article" wd="La"/>
      </spec>
      <grup.nom gen="f" num="s">
        <n gen="f" lem="crisis" num="c" pos="ncfn000" postype="common" sense="16:10040291" wd="crisis"/>
      </grup.nom>
    </sn>
    <morfema.pronominal>
      <p gen="c" lem="él" num="c" person="3" pos="p0300000" wd="se"/>
    </morfema.pronominal>
    <grup.verb>
      <v lem="acentuar" lss="B21.unaccusative-state" mood="indicative" num="s" person="3" pos="vmip3s0" postype="main" tense="present" wd="acentúa"/>
    </grup.verb>
    <S arg="argM" clausetype="adverbial" func="cc" tem="cau">
      <conj conjunctiontype="subordinating">
        <c lem="porque" pos="cs" postype="subordinating" wd="porque"/>
      </conj>
      <sn arg="arg0" coreftype="ident" entity="entity7" entityref="spec" func="suj" tem="agt">
        <spec gen="m" num="s">
          <d gen="m" lem="el" num="s" pos="da0ms0" postype="article" wd="el"/>
        </spec>
        <grup.nom gen="m" num="s">
          <n gen="m" lem="grupo" num="s" pos="ncms000" postype="common" sense="16:00017954" wd="grupo"/>
        </grup.nom>
      </sn>
      <neg func="mod">
        <r lem="no" pos="rn" postype="negative" wd="no"/>
      </neg>
      <grup.verb>
        <v lem="poder" mood="indicative" num="s" person="3" pos="vmip3s0" postype="main" tense="present" wd="puede"/>
        <infinitiu>
          <v lem="permitir" lss="A21.transitive-agentive-patient" mood="infinitive" pos="vmn0000" postype="main" wd="permitirse"/>
        </infinitiu>
      </grup.verb>
      <sn arg="arg1" entityref="nne" func="cd" tem="pat">
        <grup.nom gen="f" num="p">
          <n gen="f" lem="baja" num="p" pos="ncfp000" postype="common" sense="16:10865473" wd="bajas"/>
        </grup.nom>
      </sn>
    </S>
    <f lem="." pos="fp" punct="period" wd="."/>
  </sentence>
  <sentence>
    <sn arg="arg1" entity="entity3" entityref="ne" func="suj" ne="person" tem="tem">
      <spec gen="m" num="s">
        <d gen="m" lem="el" num="s" pos="da0ms0" postype="article" wd="El"/>
      </spec>
      <grup.nom gen="m" num="s">
        <n gen="m" lem="número" num="s" pos="ncms000" postype="common" sense="16:09765658" wd="número"/>
        <sn>
          <grup.nom num="p">
            <z lem="12" ne="number" wd="12"/>
          </grup.nom>
        </sn>
        <sp>
          <prep>
            <s lem="de" pos="sps00" postype="preposition" wd="de"/>
          </prep>
          <sn>
            <spec gen="f" num="s">
              <d gen="f" lem="el" num="s" pos="da0fs0" postype="article" wd="la"/>
            </spec>
            <grup.nom gen="f" num="s">
              <n gen="f" lem="lista" num="s" pos="ncfs000" postype="common" sense="16:04866394" wd="lista"/>
              <s.a gen="f" num="s">
                <grup.a gen="f" num="s">
                  <a gen="c" lem="electoral" num="s" pos="aq0cs0" postype="qualificative" wd="electoral"/>
                </grup.a>
              </s.a>
            </grup.nom>
          </sn>
        </sp>
        <S clausetype="relative">
          <f lem="," pos="fc" punct="comma" wd=","/>
          <sp arg="arg2" func="ci" tem="ben">
            <prep>
              <s lem="a" pos="sps00" postype="preposition" wd="a"/>
            </prep>
            <sn>
              <grup.nom gen="m" num="s">
                <relatiu coreftype="ident" entity="entity3" entityref="spec">
                  <p gen="c" lem="quien" num="s" pos="pr0cs000" postype="relative" wd="quien"/>
                </relatiu>
              </grup.nom>
            </sn>
          </sp>
          <grup.verb>
            <v lem="corresponder" lss="C41.state-benefactive" mood="indicative" num="s" person="3" pos="vmic3s0" postype="main" tense="conditional" wd="correspondería"/>
          </grup.verb>
          <S arg="arg1" clausetype="completive" func="suj" impersonal="yes" tem="tem">
            <infinitiu>
              <v lem="entrar" lss="B11.unaccusative-motion" mood="infinitive" pos="vmn0000" postype="main" wd="entrar"/>
            </infinitiu>
            <sadv arg="argM" func="cc" tem="tmp">
              <grup.adv>
                <r lem="ahora" pos="rg" wd="ahora"/>
              </grup.adv>
            </sadv>
          </S>
          <f lem="," pos="fc" punct="comma" wd=","/>
        </S>
      </grup.nom>
    </sn>
    <grup.verb>
      <v lem="ser" lss="C21.state-attributive" mood="indicative" num="s" person="3" pos="vsip3s0" postype="semiauxiliary" tense="present" wd="es"/>
    </grup.verb>
    <sn arg="arg2" corefsubtype="definit" coreftype="pred" entity="entity3" entityref="ne" func="atr" ne="person" tem="atr">
      <grup.nom gen="m" num="s">
        <n lem="Josep_Gascón" ne="person" pos="np00000" postype="proper" wd="Josep_Gascón"/>
        <sn corefsubtype="indefinit" coreftype="pred" entity="entity3">
          <f lem="," pos="fc" punct="comma" wd=","/>
          <spec gen="m" num="s">
            <d gen="m" lem="uno" num="s" pos="di0ms0" postype="indefinite" wd="un"/>
          </spec>
          <grup.nom gen="m" num="s">
            <n gen="c" lem="militante" num="s" pos="nccs000" postype="common" sense="16:07409291" wd="militante"/>
            <sp>
              <prep>
                <s lem="de" pos="sps00" postype="preposition" wd="de"/>
              </prep>
              <sn entity="entity9" entityref="ne" ne="organization">
                <grup.nom gen="m" num="s">
                  <n lem="Unió" ne="organization" pos="np00000" postype="proper" wd="Unió"/>
                </grup.nom>
              </sn>
            </sp>
            <S clausetype="participle" impersonal="yes">
              <participi>
                <a gen="m" lem="salpicado" lss="B22.unaccusative-passive-transitive" num="s" pos="aq0msp" posfunction="participle" postype="qualificative" wd="salpicado"/>
              </participi>
              <sp arg="argM" func="cc" tem="adv">
                <prep>
                  <s lem="por" pos="sps00" postype="preposition" wd="por"/>
                </prep>
                <sn entityref="nne" homophoricDD="yes">
                  <spec gen="m" num="s">
                    <d gen="m" lem="el" num="s" pos="da0ms0" postype="article" wd="el"/>
                  </spec>
                  <grup.nom gen="m" num="s">
                    <n gen="m" lem="caso" num="s" pos="ncms000" postype="common" sense="16:05081510" wd="caso"/>
                    <sp>
                      <prep>
                        <s lem="de" pos="sps00" postype="preposition" wd="de"/>
                      </prep>
                      <sn entityref="nne" homophoricDD="yes">
                        <spec gen="f" num="p">
                          <d gen="f" lem="el" num="p" pos="da0fp0" postype="article" wd="las"/>
                        </spec>
                        <grup.nom gen="f" num="p">
                          <n gen="f" lem="irregularidad" num="p" pos="ncfp000" postype="common" sense="16:00475542" wd="irregularidades"/>
                          <sp>
                            <prep>
                              <s lem="de" pos="sps00" postype="preposition" wd="de"/>
                            </prep>
                            <sn entityref="nne" homophoricDD="yes">
                              <spec gen="m" num="p">
                                <d gen="m" lem="el" num="p" pos="da0mp0" postype="article" wd="los"/>
                              </spec>
                              <grup.nom gen="m" num="p">
                                <n gen="m" lem="fondo" num="p" pos="ncmp000" postype="common" sense="16:cs1" wd="fondos"/>
                                <sp>
                                  <prep>
                                    <s lem="de" pos="sps00" postype="preposition" wd="de"/>
                                  </prep>
                                  <sn entityref="ne" ne="organization">
                                    <grup.nom>
                                      <n lem="Treball" ne="organization" pos="np00000" postype="proper" wd="Treball"/>
                                    </grup.nom>
                                  </sn>
                                </sp>
                              </grup.nom>
                            </sn>
                          </sp>
                        </grup.nom>
                      </sn>
                    </sp>
                  </grup.nom>
                </sn>
              </sp>
            </S>
          </grup.nom>
        </sn>
      </grup.nom>
    </sn>
    <f lem="." pos="fp" punct="period" wd="."/>
  </sentence>
  <sentence>
    <S>
      <S clausesubtype="conditional" clausetype="adverbial" func="ao">
        <conj conjunctiontype="subordinating">
          <c lem="si" pos="cs" postype="subordinating" wd="Si"/>
        </conj>
        <sn arg="arg1" func="suj" tem="tem">
          <spec gen="f" num="p">
            <d gen="f" lem="el" num="p" pos="da0fp0" postype="article" wd="las"/>
          </spec>
          <grup.nom gen="f" num="p">
            <n gen="f" lem="baja" num="p" pos="ncfp000" postype="common" sense="16:10865473" wd="bajas"/>
          </grup.nom>
        </sn>
        <grup.verb>
          <v lem="ser" lss="C21.state-attributive" mood="subjunctive" num="p" person="3" pos="vssi3p0" postype="semiauxiliary" tense="imperfect" wd="fueran"/>
        </grup.verb>
        <sn arg="arg2" func="atr" tem="atr">
          <grup.nom num="p">
            <p gen="c" lem="dos" num="p" pos="pn0cp000" postype="numeral" wd="dos"/>
          </grup.nom>
        </sn>
        <f lem="," pos="fc" punct="comma" wd=","/>
      </S>
      <sn arg="arg1" entityref="nne" func="suj" homophoricDD="yes" tem="tem">
        <spec gen="f" num="s">
          <d gen="f" lem="el" num="s" pos="da0fs0" postype="article" wd="la"/>
        </spec>
        <grup.nom gen="f" num="s">
          <n gen="f" lem="situación" lexicalid="noun.situación.2.anticausative" num="s" origin="deverbal" pos="ncfs000" postype="common" sense="16:10035141" wd="situación"/>
        </grup.nom>
      </sn>
      <grup.verb>
        <v lem="ser" lss="C21.state-attributive" mood="indicative" num="s" person="3" pos="vsic3s0" postype="semiauxiliary" tense="conditional" wd="sería"/>
      </grup.verb>
      <sa arg="arg2" func="atr" tem="atr">
        <spec>
          <r lem="aún" pos="rg" wd="aún"/>
        </spec>
        <grup.a>
          <a gen="c" lem="peor" num="s" pos="aq0cs0" postype="qualificative" wd="peor"/>
        </grup.a>
      </sa>
    </S>
    <S adjunct="yes">
      <f lem=":" pos="fd" punct="colon" wd=":"/>
      <sn arg="arg1" entity="entity4" entityref="nne" func="suj" homophoricDD="yes" tem="tem">
        <spec gen="m" num="s">
          <d gen="m" lem="el" num="s" pos="da0ms0" postype="article" wd="el"/>
        </spec>
        <grup.nom gen="m" num="s">
          <n gen="m" lem="número" num="s" pos="ncms000" postype="common" sense="16:09765658" wd="número"/>
          <sn>
            <grup.nom num="p">
              <z lem="13" ne="number" wd="13"/>
            </grup.nom>
          </sn>
        </grup.nom>
      </sn>
      <grup.verb>
        <v lem="ser" lss="C21.state-attributive" mood="indicative" num="s" person="3" pos="vsip3s0" postype="semiauxiliary" tense="present" wd="es"/>
      </grup.verb>
      <sn arg="arg2" corefsubtype="definit" coreftype="pred" entity="entity4" entityref="ne" func="atr" ne="person" tem="atr">
        <grup.nom gen="m" num="s">
          <n lem="Antoni_Marcet" ne="person" pos="np00000" postype="proper" wd="Antoni_Marcet"/>
          <S clausetype="relative" coord="yes">
            <f lem="," pos="fc" punct="comma" wd=","/>
            <relatiu arg="arg0" coreftype="ident" entity="entity4" entityref="spec" func="suj" tem="agt">
              <p gen="c" lem="que" num="c" pos="pr0cn000" postype="relative" wd="que"/>
            </relatiu>
            <S clausetype="relative">
              <sp arg="argM" func="cc" tem="tmp">
                <prep>
                  <s lem="tras" pos="sps00" postype="preposition" wd="tras"/>
                </prep>
                <sn entityref="nne" homophoricDD="yes">
                  <spec gen="f" num="p">
                    <d gen="f" lem="el" num="p" pos="da0fp0" postype="article" wd="las"/>
                  </spec>
                  <grup.nom gen="f" num="p">
                    <n gen="f" lem="elección" lexicalid="noun.elección.1.default" num="p" origin="deverbal" pos="ncfp000" postype="common" sense="16:00118873" wd="elecciones"/>
                  </grup.nom>
                </sn>
              </sp>
              <grup.verb>
                <v lem="abandonar" lss="A21.transitive-agentive-patient" mood="indicative" num="s" person="3" pos="vmis3s0" postype="main" tense="past" wd="abandonó"/>
              </grup.verb>
              <sn arg="arg1" entity="entity6" entityref="ne" func="cd" ne="organization" tem="pat">
                <grup.nom>
                  <n lem="CDC" ne="organization" pos="np00000" postype="proper" wd="CDC"/>
                </grup.nom>
              </sn>
            </S>
            <conj conjunctiontype="coordinating">
              <c lem="y" pos="cc" postype="coordinating" wd="y"/>
            </conj>
            <S clausetype="relative">
              <grup.verb>
                <v lem="orbitar" lss="D11.inergative-agentive" mood="indicative" num="s" person="3" pos="vmip3s0" postype="main" tense="present" wd="orbita"/>
              </grup.verb>
              <sadv arg="argM" func="cc" tem="tmp">
                <grup.adv>
                  <r lem="ahora" pos="rg" wd="ahora"/>
                </grup.adv>
              </sadv>
              <sadv arg="argM" func="cc" tem="loc">
                <grup.adv>
                  <r lem="alrededor" pos="rg" wd="alrededor"/>
                  <sp>
                    <prep>
                      <s lem="de" pos="sps00" postype="preposition" wd="de"/>
                    </prep>
                    <sn entityref="ne" ne="organization">
                      <grup.nom>
                        <n lem="Ciutadans_pel_Canvi" ne="organization" pos="np00000" postype="proper" wd="Ciutadans_pel_Canvi"/>
                      </grup.nom>
                    </sn>
                  </sp>
                </grup.adv>
              </sadv>
            </S>
          </S>
        </grup.nom>
      </sn>
    </S>
    <f lem="." pos="fp" punct="period" wd="."/>
  </sentence>
  <sentence>
    <sn arg="arg0" entityref="nne" func="suj" homophoricDD="yes" tem="cau">
      <spec gen="f" num="s">
        <d gen="f" lem="el" num="s" pos="da0fs0" postype="article" wd="La"/>
      </spec>
      <grup.nom gen="f" num="s">
        <n gen="f" lem="pugna" lexicalid="noun.pugna.1.default" num="s" origin="deverbal" pos="ncfs000" postype="common" sense="16:00614914" wd="pugna"/>
        <s.a func="cn" gen="f" num="s">
          <grup.a gen="f" num="s">
            <a gen="f" lem="interno" num="s" pos="aq0fs0" postype="qualificative" wd="interna"/>
          </grup.a>
        </s.a>
        <sp arg="arg0" func="cn" tem="agt">
          <prep>
            <s lem="de" pos="sps00" postype="preposition" wd="de"/>
          </prep>
          <sn coreftype="ident" entity="entity6" entityref="ne" ne="organization">
            <grup.nom>
              <n lem="CDC" ne="organization" pos="np00000" postype="proper" wd="CDC"/>
            </grup.nom>
          </sn>
        </sp>
      </grup.nom>
    </sn>
    <grup.verb>
      <v lem="haber" mood="indicative" num="s" person="3" pos="vaip3s0" postype="auxiliary" tense="present" wd="ha"/>
      <v gen="m" lem="dejar" lss="A11.transitive-causative" mood="participle" num="s" pos="vmp00sm" postype="main" wd="dejado"/>
    </grup.verb>
    <sa arg="arg2" func="cpred" predicate="cd" tem="atr">
      <grup.a>
        <a gen="c" lem="indiferente" num="s" pos="aq0cs0" postype="qualificative" wd="indiferente"/>
      </grup.a>
    </sa>
    <sp arg="arg1" func="cd" tem="tem">
      <prep>
        <s contracted="yes" gen="m" lem="al" num="s" pos="spcms" postype="preposition" wd="al"/>
      </prep>
      <sn entityref="nne" homophoricDD="yes">
        <grup.nom gen="m" num="s">
          <n gen="m" lem="gobierno" lexicalid="noun.gobierno.1.default" num="s" origin="deverbal" pos="ncms000" postype="common" sense="16:06000383" wd="gobierno"/>
          <sp arg="arg1" func="cn" tem="pat">
            <prep>
              <s lem="de" pos="sps00" postype="preposition" wd="de"/>
            </prep>
            <sn coreftype="ident" entity="entity8" entityref="ne" ne="location">
              <grup.nom>
                <n lem="Barcelona" ne="location" pos="np00000" postype="proper" wd="Barcelona"/>
              </grup.nom>
            </sn>
          </sp>
        </grup.nom>
      </sn>
    </sp>
    <f lem="." pos="fp" punct="period" wd="."/>
  </sentence>
  <sentence>
    <sn arg="arg0" entityref="nne" func="suj" homophoricDD="yes" tem="agt">
      <spec gen="f" num="s">
        <d gen="f" lem="el" num="s" pos="da0fs0" postype="article" wd="La"/>
      </spec>
      <grup.nom gen="f" num="s">
        <n gen="f" lem="oposición" lexicalid="noun.oposición.2.default" num="s" origin="deverbal" pos="ncfs000" postype="common" sense="16:cs1" wd="oposición"/>
        <S clausetype="participle" func="cn" impersonal="yes">
          <participi>
            <a gen="f" lem="practicado" lss="B22.unaccusative-passive-transitive" num="s" pos="aq0fsp" posfunction="participle" postype="qualificative" wd="practicada"/>
          </participi>
          <sp arg="arg0" func="cag" tem="agt">
            <prep>
              <s lem="por" pos="sps00" postype="preposition" wd="por"/>
            </prep>
            <sn entity="entity7" entityref="ne" ne="organization">
              <grup.nom>
                <n lem="CiU" ne="organization" pos="np00000" postype="proper" wd="CiU"/>
              </grup.nom>
            </sn>
          </sp>
        </S>
      </grup.nom>
    </sn>
    <neg func="mod">
      <r lem="no" pos="rn" postype="negative" wd="no"/>
    </neg>
    <grup.verb>
      <v lem="haber" mood="indicative" num="s" person="3" pos="vaip3s0" postype="auxiliary" tense="present" wd="ha"/>
      <v gen="m" lem="lograr" lss="A21.transitive-agentive-patient" mood="participle" num="s" pos="vmp00sm" postype="main" wd="logrado"/>
    </grup.verb>
    <sadv func="mod">
      <grup.adv>
        <r lem="todavía" pos="rg" wd="todavía"/>
      </grup.adv>
    </sadv>
    <S arg="arg1" clausetype="completive" func="cd" impersonal="yes" tem="pat">
      <infinitiu>
        <v lem="poner" lss="A21.transitive-agentive-patient" mood="infinitive" pos="vmn0000" postype="main" wd="poner"/>
      </infinitiu>
      <sp arg="arg1" func="cd" tem="pat">
        <prep>
          <s contracted="yes" gen="m" lem="al" num="s" pos="spcms" postype="preposition" wd="al"/>
        </prep>
        <sn entity="entity5" entityref="ne" ne="person">
          <grup.nom gen="m" num="s">
            <n gen="c" lem="socialista" num="s" pos="nccs000" postype="common" sense="16:07588809" wd="socialista"/>
            <sn entityref="ne" ne="person">
              <grup.nom gen="m" num="s">
                <n lem="Joan_Clos" ne="person" pos="np00000" postype="proper" wd="Joan_Clos"/>
              </grup.nom>
            </sn>
          </grup.nom>
        </sn>
      </sp>
      <sp arg="argL" func="cc">
        <prep>
          <s lem="en" pos="sps00" postype="preposition" wd="en"/>
        </prep>
        <sn entityref="nne">
          <spec gen="m" num="s">
            <d gen="m" lem="uno" num="s" pos="di0ms0" postype="indefinite" wd="un"/>
          </spec>
          <grup.nom gen="m" num="s">
            <n gen="m" lem="aprieto" num="s" pos="ncms000" postype="common" sense="16:10042222" wd="aprieto"/>
          </grup.nom>
        </sn>
      </sp>
    </S>
    <sp arg="argM" func="cc" tem="tmp">
      <prep>
        <s lem="desde" pos="sps00" postype="preposition" wd="desde"/>
      </prep>
      <S clausetype="completive">
        <conj conjunctiontype="subordinating">
          <c lem="que" pos="cs" postype="subordinating" wd="que"/>
        </conj>
        <sn arg="arg1" coreftype="ident" elliptic="yes" entity="entity5" entityref="spec" func="suj" tem="pat"/>
        <grup.verb>
          <v lem="ser" mood="indicative" num="s" person="3" pos="vsis3s0" postype="semiauxiliary" tense="past" wd="fue"/>
          <v gen="m" lem="elegir" lss="B22.unaccusative-passive-transitive" mood="participle" num="s" pos="vmp00sm" postype="main" wd="elegido"/>
        </grup.verb>
        <sn arg="argM" func="cpred" predicate="suj" tem="atr">
          <grup.nom gen="m" num="s">
            <n gen="m" lem="alcalde" num="s" pos="ncms000" postype="common" sense="16:07401898" wd="alcalde"/>
          </grup.nom>
        </sn>
      </S>
    </sp>
    <f lem="." pos="fp" punct="period" wd="."/>
  </sentence>
  <sentence>
    <sn arg="arg1" entityref="nne" func="suj" tem="tem">
      <spec gen="f" num="s">
        <d gen="f" lem="el" num="s" pos="da0fs0" postype="article" wd="La"/>
      </spec>
      <grup.nom gen="f" num="s">
        <n gen="f" lem="situación" lexicalid="noun.situación.2.anticausative" num="s" origin="deverbal" pos="ncfs000" postype="common" sense="16:10035141" wd="situación"/>
      </grup.nom>
    </sn>
    <sadv func="mod">
      <f lem="," pos="fc" punct="comma" wd=","/>
      <grup.adv>
        <r lem="con_todo" pos="rg" wd="con_todo"/>
      </grup.adv>
      <f lem="," pos="fc" punct="comma" wd=","/>
    </sadv>
    <grup.verb>
      <v lem="ser" lss="C21.state-attributive" mood="indicative" num="s" person="3" pos="vsip3s0" postype="semiauxiliary" tense="present" wd="es"/>
    </grup.verb>
    <sa arg="arg2" func="atr" tem="atr">
      <grup.a>
        <a gen="c" lem="susceptible" num="s" pos="aq0cs0" postype="qualificative" wd="susceptible"/>
        <sp>
          <prep>
            <s lem="de" pos="sps00" postype="preposition" wd="de"/>
          </prep>
          <S clausetype="completive" impersonal="yes">
            <infinitiu>
              <v lem="empeorar" lss="A11.transitive-causative" mood="infinitive" pos="vmn0000" postype="main" wd="empeorar"/>
            </infinitiu>
          </S>
        </sp>
      </grup.a>
    </sa>
    <f lem="." pos="fp" punct="period" wd="."/>
  </sentence>
  <sentence>
    <sn arg="arg0" entityref="nne" func="suj" tem="agt">
      <grup.nom gen="f" num="p">
        <n gen="f" lem="fuente" num="p" pos="ncfp000" postype="common" sense="16:07338656" wd="Fuentes"/>
        <sp>
          <prep>
            <s lem="de" pos="sps00" postype="preposition" wd="de"/>
          </prep>
          <sn coreftype="ident" entity="entity9" entityref="ne" ne="organization">
            <grup.nom>
              <n lem="Unió" ne="organization" pos="np00000" postype="proper" wd="Unió"/>
            </grup.nom>
          </sn>
        </sp>
      </grup.nom>
    </sn>
    <grup.verb>
      <v lem="advertir" lss="A34.ditransitive-patient-theme" mood="indicative" num="p" person="3" pos="vmis3p0" postype="main" tense="past" wd="advirtieron"/>
    </grup.verb>
    <sadv arg="argM" func="cc" tem="tmp">
      <grup.adv>
        <r lem="ayer" pos="rg" wd="ayer"/>
      </grup.adv>
    </sadv>
    <sp arg="arg2" func="creg" tem="tem">
      <prep>
        <s lem="de" pos="sps00" postype="preposition" wd="de"/>
      </prep>
      <S clausetype="completive">
        <conj conjunctiontype="subordinating">
          <c lem="que" pos="cs" postype="subordinating" wd="que"/>
        </conj>
        <S clausesubtype="conditional" clausetype="adverbial" func="ao">
          <conj conjunctiontype="subordinating">
            <c lem="si" pos="cs" postype="subordinating" wd="si"/>
          </conj>
          <sn arg="arg1" coreftype="ident" entity="entity10" entityref="ne" func="suj" ne="person" tem="tem">
            <grup.nom gen="m" num="s">
              <n lem="Molins" ne="person" pos="np00000" postype="proper" wd="Molins"/>
            </grup.nom>
          </sn>
          <grup.verb>
            <v lem="tirar" lss="B21.unaccusative-state" mood="subjunctive" num="s" person="3" pos="vmsi3s0" postype="main" tense="imperfect" wd="tirara"/>
          </grup.verb>
          <sn arg="argL" entityref="lex" func="cd">
            <spec gen="f" num="s">
              <d gen="f" lem="el" num="s" pos="da0fs0" postype="article" wd="la"/>
            </spec>
            <grup.nom gen="f" num="s">
              <n gen="f" lem="toalla" num="s" pos="ncfs000" postype="common" sense="16:03591819" wd="toalla"/>
            </grup.nom>
          </sn>
        </S>
        <sn arg="arg0" coreftype="ident" elliptic="yes" entity="entity9" entityref="spec" func="suj" tem="agt"/>
        <grup.verb>
          <v lem="poder" mood="indicative" num="p" person="3" pos="vmic3p0" postype="main" tense="conditional" wd="podrían"/>
          <infinitiu>
            <v lem="vetar" lss="A21.transitive-agentive-patient" mood="infinitive" pos="vmn0000" postype="main" wd="vetar"/>
          </infinitiu>
        </grup.verb>
        <sn arg="arg1" entityref="nne" func="cd" tem="pat">
          <spec gen="m" num="p">
            <d gen="m" lem="alguno" num="p" pos="di0mp0" postype="indefinite" wd="algunos"/>
          </spec>
          <grup.nom gen="m" num="p">
            <n gen="m" lem="nombre" num="p" pos="ncmp000" postype="common" sense="16:04768298" wd="nombres"/>
            <sp>
              <prep>
                <s lem="para" pos="sps00" postype="preposition" wd="para"/>
              </prep>
              <S clausetype="completive" impersonal="yes">
                <infinitiu>
                  <v coreftype="ident" entity="entity10" lem="suceder" lss="C41.state-benefactive" mood="infinitive" pos="vmn0000" postype="main" wd="sucederle"/>
                </infinitiu>
              </S>
            </sp>
          </grup.nom>
        </sn>
      </S>
    </sp>
    <f lem="." pos="fp" punct="period" wd="."/>
  </sentence>
</article>
