<?xml version="1.0" encoding="UTF-8"?>
<!-- 

  ancora-2.0
       
			Copyright (C) 2007, 2008, 2009, 2010, 2011 UB - CLiC
			Centre de Llenguatge i Computació - Universitat de Barcelona
 
  This file is part of ancora-2.0.
 
  ancora-2.0 is free software and data: you can redistribute it and/or modify
  it under the terms of the GNU General Public License as published
  by the Free Software Foundation, either version 3 of the License,
  or (at your option) any later version.

  ancora-2.0 is distributed in the hope that it will be useful,
  but WITHOUT ANY WARRANTY; without even the implied warranty of
  MERCHANTABILITY or FITNESS FOR A PARTICULAR PURPOSE.  See the
  GNU General Public License for more details.
 
  You should have received a copy of the GNU General Public License
  along with ancora-2.0.  If not, see &lt;http://www.gnu.org/licenses/&gt;.
 
  Check a text in catalan explaining the terms of the license at http://www.softcatala.cat/wiki/GPL3.
  In spanish at http://www.viti.es/gnu/licenses/gpl.html
 

  The following paper must be cited when using this corpus:

 * Taulé, M., M.A. Martí, M. Recasens (2008) 'Ancora: Multilevel Annotated Corpora for Catalan and Spanish',
   Proceedings of 6th International Conference on Language Resources and Evaluation. Marrakesh (Morocco).

  In addition, the following paper must be cited if coreference information (attributes entity, coreftype,
  corefsubtype, homophoricDD or entityref) is used:

 * Recasens, Marta, M. Antònia Martí (2010) ‘AnCora-CO: Coreferentially annotated corpora for Spanish and
   Catalan’. Language Resources and Evaluation, Springer Science.

  Additionally, the following paper must be cited when argumental attributes in "sn" or "grup.nom"
  (attributes func, arg, tem or lexicalid) are used:

 * Peris, Aina, Mariona Taulé, Horacio Rodríguez (2010) ‘Semantic Annotation of Deverbal Nominalizations in the
   Spanish AnCora corpus’. Treebanks and Linguistic Theories (TLT-2010), Estonia.
-->
<article lng="es">
  <sentence id="0">
    <sn arg="arg0" entity="entity3" entityref="nne" func="suj" homophoricDD="yes" tem="agt">
      <spec gen="m" num="p">
        <d gen="m" lem="el" num="p" pos="da0mp0" postype="article" wd="Los"/>
      </spec>
      <grup.nom gen="m" num="p">
        <n gen="m" lem="trabajador" num="p" pos="ncmp000" postype="common" sense="16:07240707" wd="trabajadores"/>
        <sp>
          <prep>
            <s lem="de" pos="sps00" postype="preposition" wd="de"/>
          </prep>
          <sn entity="entity7" entityref="ne" ne="organization">
            <grup.nom>
              <n lem="Minas_de_Río_Tinto" ne="organization" pos="np00000" postype="proper" wd="Minas_de_Río_Tinto"/>
            </grup.nom>
          </sn>
        </sp>
      </grup.nom>
    </sn>
    <grup.verb>
      <v lem="estudiar" lss="A21.transitive-agentive-patient" mood="indicative" num="p" person="3" pos="vmip3p0" postype="main" tense="present" wd="estudian"/>
    </grup.verb>
    <S arg="arg1" clausetype="completive" func="cd" impersonal="yes" tem="pat">
      <infinitiu>
        <v lem="volver" mood="infinitive" pos="vmn0000" postype="main" wd="volver"/>
        <s lem="a" pos="sps00" postype="preposition" wd="a"/>
        <infinitiu>
          <v lem="movilizar" lss="D11.inergative-agentive" mood="infinitive" pos="vmn0000" postype="main" wd="movilizarse"/>
        </infinitiu>
      </infinitiu>
      <sp arg="argM" func="cc" tem="fin">
        <prep>
          <s lem="para" pos="sps00" postype="preposition" wd="para"/>
        </prep>
        <S clausetype="completive" impersonal="yes">
          <infinitiu>
            <v lem="reclamar" lss="A32.ditransitive-patient-benefactive" mood="infinitive" pos="vmn0000" postype="main" wd="reclamar"/>
          </infinitiu>
          <sp arg="arg2" func="ci" tem="ben">
            <prep>
              <s contracted="yes" gen="m" lem="al" num="s" pos="spcms" postype="preposition" wd="al"/>
            </prep>
            <sn entity="entity5" entityref="ne" ne="organization">
              <grup.nom gen="m" num="s">
                <n lem="Gobierno" ne="organization" pos="np00000" postype="proper" wd="Gobierno"/>
                <s.a gen="m" num="s">
                  <grup.a gen="m" num="s">
                    <a gen="c" lem="central" num="s" pos="aq0cs0" postype="qualificative" wd="central"/>
                  </grup.a>
                </s.a>
              </grup.nom>
            </sn>
          </sp>
          <sn arg="arg1" entity="entity8" entityref="nne" func="cd" homophoricDD="yes" tem="pat">
            <spec gen="f" num="s">
              <d gen="f" lem="el" num="s" pos="da0fs0" postype="article" wd="la"/>
            </spec>
            <grup.nom gen="f" num="s">
              <n gen="f" lem="concesión" lexicalid="noun.concesión.3.default" num="s" origin="deverbal" pos="ncfs000" postype="common" sense="16:cs1" wd="concesión"/>
              <sp arg="arg1" func="cn" tem="pat">
                <prep>
                  <s lem="de" pos="sps00" postype="preposition" wd="de"/>
                </prep>
                <sn entity="entity2" entityref="spec">
                  <spec gen="m" num="s">
                    <d gen="m" lem="uno" num="s" pos="di0ms0" postype="indefinite" wd="un"/>
                  </spec>
                  <grup.nom gen="m" num="s">
                    <n gen="m" lem="crédito" num="s" pos="ncms000" postype="common" sense="16:09634656" wd="crédito"/>
                    <sp>
                      <prep>
                        <s lem="de" pos="sps00" postype="preposition" wd="de"/>
                      </prep>
                      <sn>
                        <spec gen="m" num="p">
                          <z lem="1500" ne="number" wd="1.500"/>
                        </spec>
                        <grup.nom gen="m" num="p">
                          <n gen="m" lem="millón" num="p" pos="ncmp000" postype="common" sense="16:09902865" wd="millones"/>
                        </grup.nom>
                      </sn>
                    </sp>
                    <sp>
                      <prep>
                        <s lem="por_parte_del" pos="sps00" postype="preposition" wd="por_parte_del"/>
                      </prep>
                      <sn entity="entity1" entityref="ne" ne="organization">
                        <grup.nom gen="m" num="s">
                          <n lem="Instituto_de_Crédito_Oficial" ne="organization" pos="np00000" postype="proper" wd="Instituto_de_Crédito_Oficial"/>
                          <sn corefsubtype="definit" coreftype="pred" entity="entity1" entityref="ne" ne="organization">
                            <grup.nom gen="m" num="s">
                              <f lem="(" pos="fpa" punct="bracket" punctenclose="open" wd="("/>
                              <n lem="ICO" ne="organization" pos="np00000" postype="proper" wd="ICO"/>
                              <f lem=")" pos="fpt" punct="bracket" punctenclose="close" wd=")"/>
                            </grup.nom>
                          </sn>
                        </grup.nom>
                      </sn>
                    </sp>
                    <S clausetype="relative" coord="yes">
                      <S clausetype="relative">
                        <relatiu arg="arg1" coreftype="ident" entity="entity2" entityref="spec" func="cd" tem="pat">
                          <p gen="c" lem="que" num="c" pos="pr0cn000" postype="relative" wd="que"/>
                        </relatiu>
                        <sn arg="arg0" coreftype="ident" elliptic="yes" entity="entity3" entityref="nne" func="suj" tem="agt"/>
                        <grup.verb>
                          <v lem="solicitar" lss="A32.ditransitive-patient-benefactive" mood="indicative" num="p" person="3" pos="vmis3p0" postype="main" tense="past" wd="solicitaron"/>
                        </grup.verb>
                        <sp arg="argM" func="cc" tem="tmp">
                          <prep>
                            <s lem="en" pos="sps00" postype="preposition" wd="en"/>
                          </prep>
                          <sn entityref="ne" ne="date">
                            <grup.nom gen="m" num="s">
                              <w lem="[??:??/??/1998:??.??]" ne="date" wd="1998"/>
                            </grup.nom>
                          </sn>
                        </sp>
                      </S>
                      <conj conjunctiontype="coordinating">
                        <c lem="y" pos="cc" postype="coordinating" wd="y"/>
                      </conj>
                      <S clausetype="relative">
                        <relatiu arg="arg0" coreftype="ident" entity="entity2" entityref="spec" func="suj" tem="agt">
                          <p gen="c" lem="que" num="c" pos="pr0cn000" postype="relative" wd="que"/>
                        </relatiu>
                        <sn arg="arg2" coreftype="ident" entity="entity3" entityref="nne" func="ci" tem="ben">
                          <grup.nom num="p">
                            <p case="dative" gen="c" lem="él" num="p" person="3" pos="pp3cpd00" postype="personal" wd="les"/>
                          </grup.nom>
                        </sn>
                        <grup.verb>
                          <v lem="permitir" lss="A32.ditransitive-patient-benefactive" mood="indicative" num="s" person="3" pos="vmic3s0" postype="main" tense="conditional" wd="permitiría"/>
                        </grup.verb>
                        <S arg="arg1" clausetype="completive" func="cd" impersonal="yes" tem="pat">
                          <infinitiu>
                            <v lem="poner_en_marcha" lss="A21.transitive-agentive-patient" mood="infinitive" pos="vmn0000" postype="main" wd="poner_en_marcha"/>
                          </infinitiu>
                          <sn arg="arg1" entityref="nne" func="cd" tem="pat">
                            <spec gen="m" num="s">
                              <d gen="m" lem="uno" num="s" pos="di0ms0" postype="indefinite" wd="un"/>
                            </spec>
                            <grup.nom gen="m" num="s">
                              <s.a gen="m" num="s">
                                <grup.a gen="m" num="s">
                                  <a gen="m" lem="nuevo" num="s" pos="aq0ms0" postype="qualificative" wd="nuevo"/>
                                </grup.a>
                              </s.a>
                              <n gen="m" lem="yacimiento" num="s" pos="ncms000" postype="common" sense="16:06780036" wd="yacimiento"/>
                              <sp>
                                <prep>
                                  <s lem="de" pos="sps00" postype="preposition" wd="de"/>
                                </prep>
                                <sn>
                                  <grup.nom gen="m" num="s">
                                    <n gen="m" lem="cobre" num="s" pos="ncms000" postype="common" sense="16:10484763" wd="cobre"/>
                                  </grup.nom>
                                </sn>
                              </sp>
                            </grup.nom>
                          </sn>
                        </S>
                      </S>
                    </S>
                  </grup.nom>
                </sn>
              </sp>
            </grup.nom>
          </sn>
        </S>
      </sp>
    </S>
    <f lem="." pos="fp" punct="period" wd="."/>
  </sentence>
  <sentence id="1">
    <sn arg="arg0" entityref="nne" func="suj" homophoricDD="yes" tem="agt">
      <spec gen="f" num="s">
        <d gen="f" lem="el" num="s" pos="da0fs0" postype="article" wd="La"/>
      </spec>
      <grup.nom gen="f" num="s">
        <s.a func="cn" gen="f" num="s">
          <grup.a gen="f" num="s">
            <a gen="c" lem="reciente" num="s" pos="aq0cs0" postype="qualificative" wd="reciente"/>
          </grup.a>
        </s.a>
        <n gen="f" lem="dimisión" lexicalid="noun.dimisión.1.default" num="s" origin="deverbal" pos="ncfs000" postype="common" sense="16:05414101" wd="dimisión"/>
        <sp arg="arg0" func="cn" tem="agt">
          <prep>
            <s contracted="yes" gen="m" lem="del" num="s" pos="spcms" postype="preposition" wd="del"/>
          </prep>
          <sn entity="entity4" entityref="ne" ne="person">
            <grup.nom gen="m" num="s">
              <n gen="m" lem="ministro" num="s" pos="ncms000" postype="common" sense="16:07412658" wd="ministro"/>
              <sp>
                <prep>
                  <s lem="de" pos="sps00" postype="preposition" wd="de"/>
                </prep>
                <sn entityref="ne" ne="organization">
                  <grup.nom>
                    <n lem="Trabajo" ne="organization" pos="np00000" postype="proper" wd="Trabajo"/>
                  </grup.nom>
                </sn>
              </sp>
              <sn corefsubtype="definit" coreftype="pred" entity="entity4" entityref="ne" ne="person">
                <f lem="," pos="fc" punct="comma" wd=","/>
                <grup.nom gen="m" num="s">
                  <n lem="Manuel_Pimentel" ne="person" pos="np00000" postype="proper" wd="Manuel_Pimentel"/>
                </grup.nom>
              </sn>
              <S clausetype="relative">
                <f lem="," pos="fc" punct="comma" wd=","/>
                <relatiu arg="arg0" coreftype="ident" entity="entity4" entityref="spec" func="suj" tem="agt">
                  <p gen="c" lem="que" num="c" pos="pr0cn000" postype="relative" wd="que"/>
                </relatiu>
                <morfema.pronominal>
                  <p gen="c" lem="él" num="c" person="3" pos="p0300000" wd="se"/>
                </morfema.pronominal>
                <grup.verb>
                  <v lem="comprometer" lss="A34.ditransitive-patient-theme" mood="indicative" num="s" person="3" pos="vmis3s0" postype="main" tense="past" wd="comprometió"/>
                </grup.verb>
                <sp arg="arg2" func="creg" tem="tem">
                  <prep>
                    <s lem="a" pos="sps00" postype="preposition" wd="a"/>
                  </prep>
                  <S clausetype="completive" impersonal="yes">
                    <infinitiu>
                      <v lem="agilizar" lss="A21.transitive-agentive-patient" mood="infinitive" pos="vmn0000" postype="main" wd="agilizar"/>
                    </infinitiu>
                    <sn arg="arg1" entityref="nne" func="cd" homophoricDD="yes" tem="pat">
                      <spec gen="f" num="s">
                        <d gen="f" lem="el" num="s" pos="da0fs0" postype="article" wd="la"/>
                      </spec>
                      <grup.nom gen="f" num="s">
                        <n gen="f" lem="tramitación" lexicalid="noun.tramitación.1.default" num="s" origin="deverbal" pos="ncfs000" postype="common" sense="16:05347846" wd="tramitación"/>
                        <sp arg="arg1" func="cn" tem="pat">
                          <prep>
                            <s lem="de" pos="sps00" postype="preposition" wd="de"/>
                          </prep>
                          <sn coreftype="ident" entity="entity2" entityref="spec">
                            <spec gen="m" num="p">
                              <d gen="m" lem="el" num="p" pos="da0mp0" postype="article" wd="los"/>
                            </spec>
                            <grup.nom gen="m" num="p">
                              <n gen="m" lem="fondo" num="p" pos="ncmp000" postype="common" sense="16:cs1" wd="fondos"/>
                            </grup.nom>
                          </sn>
                        </sp>
                      </grup.nom>
                    </sn>
                  </S>
                </sp>
                <f lem="," pos="fc" punct="comma" wd=","/>
              </S>
            </grup.nom>
          </sn>
        </sp>
      </grup.nom>
    </sn>
    <grup.verb>
      <v lem="haber" mood="indicative" num="s" person="3" pos="vaip3s0" postype="auxiliary" tense="present" wd="ha"/>
      <v gen="m" lem="dejar" lss="A21.transitive-agentive-patient" mood="participle" num="s" pos="vmp00sm" postype="main" wd="dejado"/>
    </grup.verb>
    <sp arg="argM" func="cc" tem="mnr">
      <prep>
        <s lem="sin" pos="sps00" postype="preposition" wd="sin"/>
      </prep>
      <sn entityref="nne">
        <grup.nom gen="m" num="p">
          <n gen="m" lem="interlocutor" num="p" pos="ncmp000" postype="common" sense="16:07341904" wd="interlocutores"/>
          <sp>
            <prep>
              <s lem="en" pos="sps00" postype="preposition" wd="en"/>
            </prep>
            <sn coreftype="ident" entity="entity5" entityref="spec">
              <spec gen="f" num="s">
                <d gen="f" lem="el" num="s" pos="da0fs0" postype="article" wd="la"/>
              </spec>
              <grup.nom gen="f" num="s">
                <n gen="f" lem="administración" lexicalid="noun.administración.1.default" num="s" origin="deverbal" pos="ncfs000" postype="common" sense="16:06188759" wd="administración"/>
                <s.a func="cn" gen="f" num="s">
                  <grup.a gen="f" num="s">
                    <a gen="c" lem="central" num="s" pos="aq0cs0" postype="qualificative" wd="central"/>
                  </grup.a>
                </s.a>
              </grup.nom>
            </sn>
          </sp>
        </grup.nom>
      </sn>
    </sp>
    <sp arg="arg1" func="cd" tem="pat">
      <prep>
        <s lem="a" pos="sps00" postype="preposition" wd="a"/>
      </prep>
      <sn entity="entity6" entityref="nne" homophoricDD="yes">
        <spec gen="m" num="p">
          <d gen="m" lem="el" num="p" pos="da0mp0" postype="article" wd="los"/>
        </spec>
        <grup.nom gen="m" num="p">
          <n gen="c" lem="responsable" num="p" pos="nccp000" postype="common" sense="16:07311393" wd="responsables"/>
          <sp>
            <prep>
              <s lem="de" pos="sps00" postype="preposition" wd="de"/>
            </prep>
            <sn coreftype="ident" entity="entity7" entityref="ne" ne="organization">
              <grup.nom>
                <n lem="MRT" ne="organization" pos="np00000" postype="proper" wd="MRT"/>
              </grup.nom>
            </sn>
          </sp>
          <S clausetype="relative">
            <f lem="," pos="fc" punct="comma" wd=","/>
            <relatiu arg="arg0" coreftype="ident" entity="entity6" entityref="nne" func="suj" tem="agt">
              <p gen="c" lem="que" num="c" pos="pr0cn000" postype="relative" wd="que"/>
            </relatiu>
            <grup.verb>
              <v lem="temer" lss="A21.transitive-agentive-patient" mood="indicative" num="p" person="3" pos="vmip3p0" postype="main" tense="present" wd="temen"/>
            </grup.verb>
            <sn arg="arg1" entityref="nne" func="cd" tem="pat">
              <spec gen="f" num="s">
                <d gen="f" lem="uno" num="s" pos="di0fs0" postype="indefinite" wd="una"/>
              </spec>
              <grup.nom gen="f" num="s">
                <s.a func="cn" gen="f" num="s">
                  <grup.a gen="f" num="s">
                    <a gen="f" lem="nuevo" num="s" pos="aq0fs0" postype="qualificative" wd="nueva"/>
                  </grup.a>
                </s.a>
                <n gen="f" lem="paralización" lexicalid="noun.paralización.1.anticausative" num="s" origin="deverbal" pos="ncfs000" postype="common" sense="16:05485275" wd="paralización"/>
                <sp arg="arg1" func="cn" tem="tem">
                  <prep>
                    <s lem="en" pos="sps00" postype="preposition" wd="en"/>
                  </prep>
                  <sn coreftype="ident" entity="entity8" entityref="nne" homophoricDD="yes">
                    <spec gen="f" num="s">
                      <d gen="f" lem="el" num="s" pos="da0fs0" postype="article" wd="la"/>
                    </spec>
                    <grup.nom gen="f" num="s">
                      <n gen="f" lem="concesión" lexicalid="noun.concesión.3.default" num="s" origin="deverbal" pos="ncfs000" postype="common" sense="16:cs1" wd="concesión"/>
                      <sp arg="arg1" func="cn" tem="pat">
                        <prep>
                          <s contracted="yes" gen="m" lem="del" num="s" pos="spcms" postype="preposition" wd="del"/>
                        </prep>
                        <sn coreftype="ident" entity="entity2" entityref="spec">
                          <grup.nom gen="m" num="s">
                            <n gen="m" lem="crédito" num="s" pos="ncms000" postype="common" sense="16:09634656" wd="crédito"/>
                          </grup.nom>
                        </sn>
                      </sp>
                    </grup.nom>
                  </sn>
                </sp>
              </grup.nom>
            </sn>
            <S clausetype="adverbial" func="ao">
              <f lem="," pos="fc" punct="comma" wd=","/>
              <conj conjunctiontype="subordinating">
                <c lem="según" pos="cs" postype="subordinating" wd="según"/>
              </conj>
              <grup.verb>
                <v lem="declarar" lss="A32.ditransitive-patient-benefactive" mood="indicative" num="s" person="3" pos="vmis3s0" postype="main" tense="past" wd="declaró"/>
              </grup.verb>
              <sn arg="arg0" entity="entity9" entityref="ne" func="suj" ne="person" tem="agt">
                <spec gen="m" num="s">
                  <d gen="m" lem="el" num="s" pos="da0ms0" postype="article" wd="el"/>
                </spec>
                <grup.nom gen="m" num="s">
                  <n gen="m" lem="presidente" num="s" pos="ncms000" postype="common" sense="16:07496197" wd="presidente"/>
                  <sp>
                    <prep>
                      <s contracted="yes" gen="m" lem="del" num="s" pos="spcms" postype="preposition" wd="del"/>
                    </prep>
                    <sn entityref="nne" homophoricDD="yes">
                      <grup.nom gen="m" num="s">
                        <n gen="m" lem="comité" num="s" pos="ncms000" postype="common" sense="16:06213619" wd="comité"/>
                        <sp>
                          <prep>
                            <s lem="de" pos="sps00" postype="preposition" wd="de"/>
                          </prep>
                          <sn>
                            <grup.nom gen="f" num="s">
                              <n gen="f" lem="empresa" num="s" pos="ncfs000" postype="common" sense="16:06004580" wd="empresa"/>
                            </grup.nom>
                          </sn>
                        </sp>
                      </grup.nom>
                    </sn>
                  </sp>
                  <sn corefsubtype="definit" coreftype="pred" entity="entity9" entityref="ne" ne="person">
                    <f lem="," pos="fc" punct="comma" wd=","/>
                    <grup.nom gen="m" num="s">
                      <n lem="Ricardo_Gallego" ne="person" pos="np00000" postype="proper" wd="Ricardo_Gallego"/>
                    </grup.nom>
                  </sn>
                </grup.nom>
              </sn>
            </S>
          </S>
        </grup.nom>
      </sn>
    </sp>
    <f lem="." pos="fp" punct="period" wd="."/>
  </sentence>
  <sentence id="2">
    <sn arg="arg0" coreftype="ident" entity="entity3" entityref="nne" func="suj" tem="agt">
      <spec gen="m" num="p">
        <d gen="m" lem="el" num="p" pos="da0mp0" postype="article" wd="Los"/>
      </spec>
      <grup.nom gen="m" num="p">
        <n gen="m" lem="minero" num="p" pos="ncmp000" postype="common" sense="16:07412036" wd="mineros"/>
      </grup.nom>
    </sn>
    <morfema.pronominal>
      <p gen="c" lem="él" num="c" person="3" pos="p0300000" wd="se"/>
    </morfema.pronominal>
    <grup.verb>
      <v lem="reunir" lss="A21.transitive-agentive-patient" mood="indicative" num="p" person="3" pos="vmif3p0" postype="main" tense="future" wd="reunirán"/>
    </grup.verb>
    <sp arg="argM" func="cc" tem="tmp">
      <prep>
        <s lem="a" pos="sps00" postype="preposition" wd="a"/>
      </prep>
      <sn entityref="nne">
        <grup.nom gen="f" num="s">
          <s.a gen="f" num="s">
            <grup.a gen="f" num="s">
              <a gen="f" lem="último" num="s" pos="ao0fs0" postype="ordinal" wd="última"/>
            </grup.a>
          </s.a>
          <n gen="f" lem="hora" num="s" pos="ncfs000" postype="common" sense="16:10856821" wd="hora"/>
          <sp>
            <prep>
              <s lem="de" pos="sps00" postype="preposition" wd="de"/>
            </prep>
            <sn entityref="nne">
              <spec gen="f" num="s">
                <d gen="f" lem="el" num="s" pos="da0fs0" postype="article" wd="la"/>
              </spec>
              <grup.nom gen="f" num="s">
                <n gen="f" lem="tarde" num="s" pos="ncfs000" postype="common" sense="16:10885066" wd="tarde"/>
              </grup.nom>
            </sn>
          </sp>
        </grup.nom>
      </sn>
    </sp>
    <sp arg="argM" func="cc" tem="fin">
      <prep>
        <s lem="para" pos="sps00" postype="preposition" wd="para"/>
      </prep>
      <S clausetype="completive" impersonal="yes">
        <infinitiu>
          <v lem="decidir" lss="A21.transitive-agentive-patient" mood="infinitive" pos="vmn0000" postype="main" wd="decidir"/>
        </infinitiu>
        <sn arg="arg1" entityref="nne" func="cd" tem="pat">
          <spec gen="m" num="s">
            <d gen="m" lem="uno" num="s" pos="di0ms0" postype="indefinite" wd="un"/>
          </spec>
          <grup.nom gen="m" num="s">
            <s.a gen="m" num="s">
              <grup.a gen="m" num="s">
                <a gen="c" lem="posible" num="s" pos="aq0cs0" postype="qualificative" wd="posible"/>
              </grup.a>
            </s.a>
            <n gen="m" lem="calendario" num="s" pos="ncms000" postype="common" sense="16:04870072" wd="calendario"/>
            <sp>
              <prep>
                <s lem="de" pos="sps00" postype="preposition" wd="de"/>
              </prep>
              <sn entity="entity10" entityref="nne">
                <grup.nom gen="f" num="p">
                  <n gen="f" lem="movilización" lexicalid="noun.movilización.2.default" num="p" origin="deverbal" pos="ncfp000" postype="common" sense="16:00798373" wd="movilizaciones"/>
                  <S clausetype="relative" func="cn">
                    <f lem="," pos="fc" punct="comma" wd=","/>
                    <relatiu arg="arg1" coreftype="ident" entity="entity10" entityref="nne" func="suj" tem="tem">
                      <p gen="c" lem="que" num="c" pos="pr0cn000" postype="relative" wd="que"/>
                    </relatiu>
                    <grup.verb>
                      <v lem="poder" mood="indicative" num="p" person="3" pos="vmic3p0" postype="main" tense="conditional" wd="podrían"/>
                      <infinitiu>
                        <v lem="comenzar" lss="C11.state-existential" mood="infinitive" pos="vmn0000" postype="main" wd="comenzar"/>
                      </infinitiu>
                    </grup.verb>
                    <sp arg="argM" func="cc" tem="tmp">
                      <prep>
                        <s lem="durante" pos="sps00" postype="preposition" wd="durante"/>
                      </prep>
                      <sn entityref="nne" homophoricDD="yes">
                        <spec gen="f" num="s">
                          <d gen="f" lem="el" num="s" pos="da0fs0" postype="article" wd="la"/>
                        </spec>
                        <grup.nom gen="f" num="s">
                          <s.a gen="m" num="s">
                            <grup.a gen="m" num="s">
                              <a gen="c" lem="presente" num="s" pos="aq0cs0" postype="qualificative" wd="presente"/>
                            </grup.a>
                          </s.a>
                          <n gen="f" lem="campaña" num="s" pos="ncfs000" postype="common" sense="16:00509919" wd="campaña"/>
                          <s.a gen="f" num="s">
                            <grup.a gen="f" num="s">
                              <a gen="c" lem="electoral" num="s" pos="aq0cs0" postype="qualificative" wd="electoral"/>
                            </grup.a>
                          </s.a>
                        </grup.nom>
                      </sn>
                    </sp>
                  </S>
                </grup.nom>
              </sn>
            </sp>
          </grup.nom>
        </sn>
      </S>
    </sp>
    <f lem="." pos="fp" punct="period" wd="."/>
  </sentence>
  <sentence id="3">
    <sn arg="arg1" entityref="nne" func="suj" homophoricDD="yes" tem="tem">
      <spec gen="f" num="s">
        <d gen="f" lem="el" num="s" pos="da0fs0" postype="article" wd="La"/>
      </spec>
      <grup.nom gen="f" num="s">
        <n gen="f" lem="producción" lexicalid="noun.producción.3.default" num="s" origin="deverbal" pos="ncfs000" postype="common" sense="16:03640400" wd="producción"/>
        <sp arg="arg1" func="cn" tem="pat">
          <prep>
            <s contracted="yes" gen="m" lem="del" num="s" pos="spcms" postype="preposition" wd="del"/>
          </prep>
          <sn entityref="nne" homophoricDD="yes">
            <grup.nom gen="m" num="s">
              <n gen="m" lem="cobre" num="s" pos="ncms000" postype="common" sense="16:10484763" wd="cobre"/>
            </grup.nom>
          </sn>
        </sp>
        <S clausetype="participle" func="cn" impersonal="yes">
          <f lem="," pos="fc" punct="comma" wd=","/>
          <participi>
            <a gen="f" lem="paralizado" lss="B22.unaccusative-passive-transitive" num="s" pos="aq0fsp" posfunction="participle" postype="qualificative" wd="paralizada"/>
          </participi>
          <sp arg="argM" func="cc" tem="tmp">
            <prep>
              <s lem="durante" pos="sps00" postype="preposition" wd="durante"/>
            </prep>
            <sn complex="yes">
              <grup.nom coord="yes">
                <grup.nom gen="m" num="s">
                  <n gen="m" lem="año" num="s" pos="ncms000" postype="common" sense="16:10917791" wd="año"/>
                </grup.nom>
                <conj conjunctiontype="coordinating">
                  <c lem="y" pos="cc" postype="coordinating" wd="y"/>
                </conj>
                <grup.nom gen="m" num="s">
                  <p gen="m" lem="medio" num="s" pos="pn0ms000" postype="numeral" wd="medio"/>
                </grup.nom>
              </grup.nom>
            </sn>
          </sp>
          <sp arg="argM" func="cc" tem="cau">
            <prep>
              <s lem="por" pos="sps00" postype="preposition" wd="por"/>
            </prep>
            <sn entity="entity16" entityref="nne" homophoricDD="yes">
              <spec gen="f" num="s">
                <d gen="f" lem="el" num="s" pos="da0fs0" postype="article" wd="la"/>
              </spec>
              <grup.nom gen="f" num="s">
                <n gen="f" lem="suspensión" lexicalid="noun.suspensión.1.default" num="s" origin="deverbal" pos="ncfs000" postype="common" sense="16:10969750" wd="suspensión"/>
                <sp arg="arg1" func="cn" tem="pat">
                  <prep>
                    <s lem="de" pos="sps00" postype="preposition" wd="de"/>
                  </prep>
                  <sn entity="entity11" entityref="nne">
                    <grup.nom gen="m" num="p">
                      <n gen="m" lem="pago" lexicalid="noun.pago.1.default" num="p" origin="deverbal" pos="ncmp000" postype="common" sense="16:00725730" wd="pagos"/>
                    </grup.nom>
                  </sn>
                </sp>
                <sp arg="arg0" func="cn" tem="agt">
                  <prep>
                    <s lem="de" pos="sps00" postype="preposition" wd="de"/>
                  </prep>
                  <sn coreftype="ident" entity="entity7" entityref="spec">
                    <spec gen="f" num="s">
                      <d gen="f" lem="el" num="s" pos="da0fs0" postype="article" wd="la"/>
                    </spec>
                    <grup.nom gen="f" num="s">
                      <n gen="f" lem="empresa" num="s" pos="ncfs000" postype="common" sense="16:06004580" wd="empresa"/>
                    </grup.nom>
                  </sn>
                </sp>
              </grup.nom>
            </sn>
          </sp>
          <f lem="," pos="fc" punct="comma" wd=","/>
        </S>
      </grup.nom>
    </sn>
    <morfema.pronominal>
      <p gen="c" lem="él" num="c" person="3" pos="p0300000" wd="se"/>
    </morfema.pronominal>
    <grup.verb>
      <v lem="reabrir" lss="B21.unaccusative-state" mood="indicative" num="s" person="3" pos="vmif3s0" postype="main" tense="future" wd="reabrirá"/>
    </grup.verb>
    <sp arg="argM" func="cc" tem="tmp">
      <prep>
        <s lem="en" pos="sps00" postype="preposition" wd="en"/>
      </prep>
      <sn entityref="nne" homophoricDD="yes">
        <spec gen="m" num="s">
          <d gen="m" lem="el" num="s" pos="da0ms0" postype="article" wd="el"/>
        </spec>
        <grup.nom gen="m" num="s">
          <n gen="m" lem="plazo" num="s" pos="ncms000" postype="common" sense="16:10935385" wd="plazo"/>
          <sp>
            <prep>
              <s lem="de" pos="sps00" postype="preposition" wd="de"/>
            </prep>
            <sn complex="yes">
              <spec gen="m" num="s">
                <d gen="m" lem="uno" num="s" pos="di0ms0" postype="indefinite" wd="un"/>
              </spec>
              <grup.nom coord="yes">
                <grup.nom gen="m" num="s">
                  <n gen="m" lem="mes" num="s" pos="ncms000" postype="common" sense="16:10919146" wd="mes"/>
                </grup.nom>
                <conj conjunctiontype="coordinating">
                  <c lem="o" pos="cc" postype="coordinating" wd="o"/>
                </conj>
                <grup.nom coord="yes">
                  <grup.nom gen="m" num="s">
                    <n gen="m" lem="mes" num="s" pos="ncms000" postype="common" sense="16:10919146" wd="mes"/>
                  </grup.nom>
                  <conj conjunctiontype="coordinating">
                    <c lem="y" pos="cc" postype="coordinating" wd="y"/>
                  </conj>
                  <grup.nom gen="m" num="s">
                    <p gen="m" lem="medio" num="s" pos="pn0ms000" postype="numeral" wd="medio"/>
                  </grup.nom>
                </grup.nom>
              </grup.nom>
            </sn>
          </sp>
        </grup.nom>
      </sn>
    </sp>
    <sn entity="entity12" entityref="nne" func="ao">
      <grup.nom gen="m" num="s">
        <n gen="m" lem="aval" num="s" pos="ncms000" postype="common" sense="16:09614018" wd="aval"/>
        <sp>
          <prep>
            <s lem="de" pos="sps00" postype="preposition" wd="de"/>
          </prep>
          <sn>
            <spec gen="m" num="p">
              <z lem="1000" ne="number" wd="1.000"/>
            </spec>
            <grup.nom gen="m" num="p">
              <n gen="m" lem="millón" num="p" pos="ncmp000" postype="common" sense="16:09902865" wd="millones"/>
            </grup.nom>
          </sn>
        </sp>
        <S clausetype="participle" impersonal="yes">
          <participi>
            <a gen="m" lem="concedido" lss="B12.unaccusative-passive-ditransitive" num="s" pos="aq0msp" posfunction="participle" postype="qualificative" wd="concedido"/>
          </participi>
          <sp arg="arg0" func="cag" tem="agt">
            <prep>
              <s lem="por" pos="sps00" postype="preposition" wd="por"/>
            </prep>
            <sn entity="entity13" entityref="ne" ne="organization">
              <spec gen="f" num="s">
                <d gen="f" lem="el" num="s" pos="da0fs0" postype="article" wd="la"/>
              </spec>
              <grup.nom gen="f" num="s">
                <n lem="Junta_de_Andalucía" ne="organization" pos="np00000" postype="proper" wd="Junta_de_Andalucía"/>
              </grup.nom>
            </sn>
          </sp>
        </S>
        <S clausetype="relative">
          <f lem="," pos="fc" punct="comma" wd=","/>
          <relatiu arg="arg1" coreftype="ident" entity="entity12" entityref="nne" func="suj" tem="pat">
            <p gen="c" lem="que" num="c" pos="pr0cn000" postype="relative" wd="que"/>
          </relatiu>
          <morfema.verbal func="pass">
            <p gen="c" lem="él" num="c" person="3" pos="p0300000" wd="se"/>
          </morfema.verbal>
          <grup.verb>
            <v lem="hacer" lss="B22.unaccusative-passive-transitive" mood="indicative" num="s" person="3" pos="vmis3s0" postype="main" tense="past" wd="hizo"/>
          </grup.verb>
          <sa arg="arg2" func="cpred" predicate="suj" tem="atr">
            <grup.a>
              <a gen="m" lem="efectivo" num="s" pos="aq0ms0" postype="qualificative" wd="efectivo"/>
            </grup.a>
          </sa>
          <sadv arg="argM" func="cc" tem="tmp">
            <grup.adv>
              <r lem="ayer" pos="rg" wd="ayer"/>
            </grup.adv>
          </sadv>
          <sp arg="argM" func="cc" tem="tmp">
            <prep>
              <s lem="tras" pos="sps00" postype="preposition" wd="tras"/>
            </prep>
            <S clausetype="completive" impersonal="yes">
              <infinitiu>
                <v lem="cerrar" lss="A21.transitive-agentive-patient" mood="infinitive" pos="vmn0000" postype="main" wd="cerrar"/>
              </infinitiu>
              <sn arg="arg1" entityref="nne" func="cd" tem="pat">
                <spec gen="m" num="s">
                  <d gen="m" lem="uno" num="s" pos="di0ms0" postype="indefinite" wd="un"/>
                </spec>
                <grup.nom gen="m" num="s">
                  <n gen="m" lem="acuerdo" lexicalid="noun.acuerdo.1.default" num="s" origin="deverbal" pos="ncms000" postype="common" sense="16:05072418" wd="acuerdo"/>
                  <sp arg="argM" func="cn" tem="adv">
                    <prep>
                      <s lem="con" pos="sps00" postype="preposition" wd="con"/>
                    </prep>
                    <sn entityref="ne" ne="organization">
                      <spec gen="m" num="s">
                        <d gen="m" lem="el" num="s" pos="da0ms0" postype="article" wd="el"/>
                      </spec>
                      <grup.nom gen="m" num="s">
                        <n lem="Banco_de_Andalucía" ne="organization" pos="np00000" postype="proper" wd="Banco_de_Andalucía"/>
                      </grup.nom>
                    </sn>
                  </sp>
                </grup.nom>
              </sn>
            </S>
          </sp>
        </S>
      </grup.nom>
    </sn>
    <f lem="." pos="fp" punct="period" wd="."/>
  </sentence>
  <sentence coord="yes" id="4">
    <S coord="yes">
      <S>
        <sn arg="arg0" entityref="ne" func="suj" ne="organization" tem="agt">
          <spec gen="m" num="s">
            <d gen="m" lem="el" num="s" pos="da0ms0" postype="article" wd="El"/>
          </spec>
          <grup.nom gen="m" num="s">
            <n lem="PSOE" ne="organization" pos="np00000" postype="proper" sense="16:50001205" wd="PSOE"/>
          </grup.nom>
        </sn>
        <inc>
          <S>
            <f lem="," pos="fc" punct="comma" wd=","/>
            <grup.verb>
              <v lem="decir" lss="A32.ditransitive-patient-benefactive" mood="indicative" num="s" person="3" pos="vmis3s0" postype="main" tense="past" wd="dijo"/>
            </grup.verb>
            <sn arg="arg0" coreftype="ident" entity="entity9" entityref="ne" func="suj" ne="person" tem="agt">
              <grup.nom gen="m" num="s">
                <n lem="Gallego" ne="person" pos="np00000" postype="proper" wd="Gallego"/>
              </grup.nom>
            </sn>
            <sp func="ao">
              <prep>
                <s lem="en_referencia_a" pos="sps00" postype="preposition" wd="en_referencia_a"/>
              </prep>
              <sn coreftype="ident" entity="entity13" entityref="ne" ne="organization">
                <spec gen="f" num="s">
                  <d gen="f" lem="el" num="s" pos="da0fs0" postype="article" wd="la"/>
                </spec>
                <grup.nom gen="f" num="s">
                  <n lem="Junta" ne="organization" pos="np00000" postype="proper" wd="Junta"/>
                </grup.nom>
              </sn>
            </sp>
            <f lem="," pos="fc" punct="comma" wd=","/>
          </S>
        </inc>
        <f lem="&quot;" pos="fe" punct="quotation" wd="&quot;"/>
        <grup.verb>
          <v lem="haber" mood="indicative" num="s" person="3" pos="vaip3s0" postype="auxiliary" tense="present" wd="ha"/>
          <v gen="m" lem="aportar" lss="A21.transitive-agentive-patient" mood="participle" num="s" pos="vmp00sm" postype="main" wd="aportado"/>
        </grup.verb>
        <sn arg="arg1" coreftype="ident" entity="entity12" entityref="nne" func="cd" tem="pat">
          <spec gen="m" num="p">
            <d gen="m" lem="el" num="p" pos="da0mp0" postype="article" wd="los"/>
          </spec>
          <grup.nom gen="m" num="p">
            <n gen="m" lem="fondo" num="p" pos="ncmp000" postype="common" sense="16:cs1" wd="fondos"/>
          </grup.nom>
        </sn>
        <sadv arg="argM" func="cc" tem="tmp">
          <grup.adv>
            <r lem="tarde" pos="rg" wd="tarde"/>
          </grup.adv>
        </sadv>
        <f lem="&quot;" pos="fe" punct="quotation" wd="&quot;"/>
        <sadv arg="argM" func="cc" tem="tmp">
          <grup.adv>
            <r lem="después" pos="rg" wd="después"/>
          </grup.adv>
          <sp>
            <prep>
              <s lem="de" pos="sps00" postype="preposition" wd="de"/>
            </prep>
            <sn entityref="nne">
              <spec gen="f" num="s">
                <d gen="f" lem="uno" num="s" pos="di0fs0" postype="indefinite" wd="una"/>
              </spec>
              <grup.nom gen="f" num="s">
                <n gen="f" lem="espera" lexicalid="noun.espera.1.default" num="s" origin="deverbal" pos="ncfs000" postype="common" sense="16:00688424" wd="espera"/>
                <sp arg="argM" func="cn" tem="ext">
                  <prep>
                    <s lem="de" pos="sps00" postype="preposition" wd="de"/>
                  </prep>
                  <sn>
                    <spec gen="m" num="s">
                      <d gen="m" lem="uno" num="s" pos="di0ms0" postype="indefinite" wd="un"/>
                    </spec>
                    <grup.nom gen="m" num="s">
                      <n gen="m" lem="año" num="s" pos="ncms000" postype="common" sense="16:10917509" wd="año"/>
                    </grup.nom>
                  </sn>
                </sp>
              </grup.nom>
            </sn>
          </sp>
        </sadv>
      </S>
      <conj conjunctiontype="coordinating">
        <c lem="mientras_que" pos="cc" postype="coordinating" wd="mientras_que"/>
      </conj>
      <S>
        <sn arg="arg0" coreftype="ident" entity="entity5" entityref="ne" func="suj" ne="organization" tem="agt">
          <spec gen="m" num="s">
            <d gen="m" lem="el" num="s" pos="da0ms0" postype="article" wd="el"/>
          </spec>
          <grup.nom gen="m" num="s">
            <n lem="PP" ne="organization" pos="np00000" postype="proper" sense="16:50001207" wd="PP"/>
          </grup.nom>
        </sn>
        <f lem="&quot;" pos="fe" punct="quotation" wd="&quot;"/>
        <sadv func="mod">
          <grup.adv>
            <r lem="aún" pos="rg" wd="aún"/>
          </grup.adv>
        </sadv>
        <neg func="mod">
          <r lem="no" pos="rn" postype="negative" wd="no"/>
        </neg>
        <grup.verb>
          <v lem="haber" mood="indicative" num="s" person="3" pos="vaip3s0" postype="auxiliary" tense="present" wd="ha"/>
          <v gen="m" lem="cumplir" lss="A21.transitive-agentive-patient" mood="participle" num="s" pos="vmp00sm" postype="main" wd="cumplido"/>
        </grup.verb>
        <sn arg="arg1" entityref="nne" func="cd" tem="pat">
          <spec arg="arg0" gen="f" num="s" tem="agt">
            <d coreftype="ident" entity="entity5" entityref="spec" gen="c" lem="su" num="s" person="3" pos="dp3cs0" postype="possessive" wd="su"/>
          </spec>
          <grup.nom gen="f" num="s">
            <n arg="arg1" gen="f" lem="promesa" lexicalid="noun.promesa.1.default" num="s" origin="deverbal" pos="ncfs000" postype="common" sense="16:05396507" tem="pat" wd="promesa"/>
          </grup.nom>
        </sn>
      </S>
      <f lem="&quot;" pos="fe" punct="quotation" wd="&quot;"/>
      <f lem="," pos="fc" punct="comma" wd=","/>
    </S>
    <conj conjunctiontype="coordinating">
      <c lem="y" pos="cc" postype="coordinating" wd="y"/>
    </conj>
    <S>
      <sn arg="arg0" coreftype="ident" elliptic="yes" entity="entity9" entityref="spec" func="suj" tem="agt"/>
      <grup.verb>
        <v lem="añadir" lss="A21.transitive-agentive-patient" mood="indicative" num="s" person="3" pos="vmis3s0" postype="main" tense="past" wd="añadió"/>
      </grup.verb>
      <S arg="arg1" clausetype="completive" func="cd" tem="pat">
        <conj conjunctiontype="subordinating">
          <c lem="que" pos="cs" postype="subordinating" wd="que"/>
        </conj>
        <sn arg="arg1" entityref="nne" func="suj" homophoricDD="yes" tem="tem">
          <spec gen="f" num="s">
            <d gen="f" lem="el" num="s" pos="da0fs0" postype="article" wd="la"/>
          </spec>
          <grup.nom gen="f" num="s">
            <n gen="f" lem="situación" lexicalid="noun.situación.2.anticausative" num="s" origin="deverbal" pos="ncfs000" postype="common" sense="16:10035141" wd="situación"/>
            <sp arg="arg1" func="cn" tem="tem">
              <prep>
                <s lem="de" pos="sps00" postype="preposition" wd="de"/>
              </prep>
              <sn coreftype="ident" entity="entity7" entityref="ne" ne="organization">
                <grup.nom>
                  <n lem="MRT" ne="organization" pos="np00000" postype="proper" wd="MRT"/>
                </grup.nom>
              </sn>
            </sp>
          </grup.nom>
        </sn>
        <grup.verb>
          <v lem="ser" lss="C21.state-attributive" mood="indicative" num="s" person="3" pos="vsip3s0" postype="semiauxiliary" tense="present" wd="es"/>
        </grup.verb>
        <sa arg="arg2" func="atr" tem="atr">
          <grup.a>
            <a gen="c" lem="similar" num="s" pos="aq0cs0" postype="qualificative" wd="similar"/>
            <sp>
              <prep>
                <s lem="a" pos="sps00" postype="preposition" wd="a"/>
              </prep>
              <sn entityref="nne">
                <spec gen="f" num="s">
                  <d gen="f" lem="el" num="s" pos="da0fs0" postype="article" wd="la"/>
                </spec>
                <grup.nom gen="f" num="s">
                  <sp>
                    <prep>
                      <s lem="de" pos="sps00" postype="preposition" wd="de"/>
                    </prep>
                    <sn entity="entity14" entityref="ne" ne="organization">
                      <grup.nom gen="f" num="s">
                        <n lem="Ercross" ne="organization" pos="np00000" postype="proper" wd="Ercross"/>
                        <S clausetype="relative">
                          <f lem="," pos="fc" punct="comma" wd=","/>
                          <sp arg="arg2" func="ci" repetition="yes" tem="ben">
                            <prep>
                              <s lem="a" pos="sps00" postype="preposition" wd="a"/>
                            </prep>
                            <sn coreftype="ident" entity="entity14" entityref="spec">
                              <spec gen="f" num="s">
                                <d gen="f" lem="el" num="s" pos="da0fs0" postype="article" wd="la"/>
                              </spec>
                              <grup.nom gen="f" num="s">
                                <relatiu>
                                  <p gen="c" lem="que" num="c" pos="pr0cn000" postype="relative" wd="que"/>
                                </relatiu>
                              </grup.nom>
                            </sn>
                          </sp>
                          <sn arg="arg0" coreftype="ident" entity="entity1" entityref="ne" func="suj" ne="organization" tem="agt">
                            <spec gen="m" num="s">
                              <d gen="m" lem="el" num="s" pos="da0ms0" postype="article" wd="el"/>
                            </spec>
                            <grup.nom gen="m" num="s">
                              <n lem="ICO" ne="organization" pos="np00000" postype="proper" wd="ICO"/>
                            </grup.nom>
                          </sn>
                          <sn arg="arg2" coreftype="ident" entity="entity14" entityref="spec" func="ci" repetition="yes" tem="ben">
                            <grup.nom num="s">
                              <p case="dative" gen="c" lem="él" num="s" person="3" pos="pp3csd00" postype="personal" wd="le"/>
                            </grup.nom>
                          </sn>
                          <grup.verb>
                            <v lem="conceder" lss="A32.ditransitive-patient-benefactive" mood="indicative" num="s" person="3" pos="vmis3s0" postype="main" tense="past" wd="concedió"/>
                          </grup.verb>
                          <sn arg="arg1" entityref="ne" func="cd" ne="number" tem="pat">
                            <spec gen="m" num="p">
                              <z lem="10000" ne="number" wd="10.000"/>
                            </spec>
                            <grup.nom gen="m" num="p">
                              <n gen="m" lem="millón" num="p" pos="ncmp000" postype="common" sense="16:09902865" wd="millones"/>
                              <sp>
                                <prep>
                                  <s lem="de" pos="sps00" postype="preposition" wd="de"/>
                                </prep>
                                <sn entityref="ne" ne="number">
                                  <grup.nom gen="f" num="p">
                                    <z lem="peseta" ne="number" pos="zm" postype="currency" wd="pesetas"/>
                                  </grup.nom>
                                </sn>
                              </sp>
                            </grup.nom>
                          </sn>
                          <sp arg="argM" func="cc" tem="fin">
                            <prep>
                              <s lem="para" pos="sps00" postype="preposition" wd="para"/>
                            </prep>
                            <S clausetype="completive" impersonal="yes">
                              <infinitiu>
                                <v lem="afrontar" lss="A21.transitive-agentive-patient" mood="infinitive" pos="vmn0000" postype="main" wd="afrontar"/>
                              </infinitiu>
                              <sn arg="arg1" entityref="nne" func="cd" tem="pat">
                                <spec gen="f" num="s">
                                  <d coreftype="ident" entity="entity14" entityref="spec" gen="c" lem="su" num="s" person="3" pos="dp3cs0" postype="possessive" wd="su"/>
                                </spec>
                                <grup.nom gen="f" num="s">
                                  <n gen="f" lem="crisis" num="c" pos="ncfn000" postype="common" sense="16:10040291" wd="crisis"/>
                                </grup.nom>
                              </sn>
                            </S>
                          </sp>
                        </S>
                      </grup.nom>
                    </sn>
                  </sp>
                </grup.nom>
              </sn>
            </sp>
          </grup.a>
        </sa>
      </S>
    </S>
    <f lem="." pos="fp" punct="period" wd="."/>
  </sentence>
  <sentence id="5">
    <sp arg="argM" func="cc" tem="adv">
      <prep>
        <s lem="con" pos="sps00" postype="preposition" wd="Con"/>
      </prep>
      <sn coreftype="ident" entity="entity12" entityref="nne" homophoricDD="yes">
        <spec gen="m" num="s">
          <d gen="m" lem="el" num="s" pos="da0ms0" postype="article" wd="el"/>
        </spec>
        <grup.nom gen="m" num="s">
          <n gen="m" lem="dinero" num="s" pos="ncms000" postype="common" sense="16:09616555" wd="dinero"/>
          <sp>
            <prep>
              <s lem="de" pos="sps00" postype="preposition" wd="de"/>
            </prep>
            <sn coreftype="ident" entity="entity13" entityref="ne" ne="organization">
              <spec gen="f" num="s">
                <d gen="f" lem="el" num="s" pos="da0fs0" postype="article" wd="la"/>
              </spec>
              <grup.nom gen="f" num="s">
                <n lem="Junta" ne="organization" pos="np00000" postype="proper" wd="Junta"/>
              </grup.nom>
            </sn>
          </sp>
        </grup.nom>
      </sn>
      <f lem="," pos="fc" punct="comma" wd=","/>
    </sp>
    <sn arg="arg0" coreftype="ident" entity="entity3" entityref="nne" func="suj" tem="agt">
      <spec gen="m" num="p">
        <d gen="m" lem="el" num="p" pos="da0mp0" postype="article" wd="los"/>
      </spec>
      <grup.nom gen="m" num="p">
        <n gen="m" lem="minero" num="p" pos="ncmp000" postype="common" sense="16:07412036" wd="mineros"/>
      </grup.nom>
    </sn>
    <grup.verb>
      <v lem="volver" mood="indicative" num="p" person="3" pos="vmif3p0" postype="main" tense="future" wd="volverán"/>
      <s lem="a" pos="sps00" postype="preposition" wd="a"/>
      <infinitiu>
        <v lem="explotar" lss="A21.transitive-agentive-patient" mood="infinitive" pos="vmn0000" postype="main" wd="explotar"/>
      </infinitiu>
    </grup.verb>
    <sn arg="arg1" entityref="nne" func="cd" homophoricDD="yes" tem="pat">
      <spec gen="m" num="s">
        <d gen="m" lem="el" num="s" pos="da0ms0" postype="article" wd="el"/>
      </spec>
      <grup.nom gen="m" num="s">
        <n gen="m" lem="yacimiento" num="s" pos="ncms000" postype="common" sense="16:06780036" wd="yacimiento"/>
        <sp>
          <prep>
            <s lem="de" pos="sps00" postype="preposition" wd="de"/>
          </prep>
          <sn entityref="ne" ne="location">
            <grup.nom>
              <n lem="Cerro_Colorado" ne="location" pos="np00000" postype="proper" wd="Cerro_Colorado"/>
            </grup.nom>
          </sn>
        </sp>
      </grup.nom>
    </sn>
    <S clausesubtype="concessive" clausetype="adverbial" func="ao">
      <conj conjunctiontype="subordinating">
        <c lem="aunque" pos="cs" postype="subordinating" wd="aunque"/>
      </conj>
      <sn arg="arg1" corefsubtype="definit" coreftype="pred" entity="entity15" func="suj" tem="tem">
        <spec gen="m" num="s">
          <d coreftype="ident" entity="entity3" entityref="nne" gen="c" lem="su" num="s" person="3" pos="dp3cs0" postype="possessive" wd="su"/>
        </spec>
        <grup.nom gen="m" num="s">
          <n gen="m" lem="objetivo" num="s" pos="ncms000" postype="common" sense="16:04586952" wd="objetivo"/>
        </grup.nom>
      </sn>
      <grup.verb>
        <v lem="ser" lss="C21.state-attributive" mood="indicative" num="s" person="3" pos="vsip3s0" postype="semiauxiliary" tense="present" wd="es"/>
      </grup.verb>
      <sn arg="arg2" entity="entity15" entityref="ne" func="atr" ne="other" tem="atr">
        <spec gen="m" num="s">
          <d gen="m" lem="el" num="s" pos="da0ms0" postype="article" wd="el"/>
        </spec>
        <grup.nom gen="m" num="s">
          <n gen="m" lem="proyecto" lexicalid="noun.proyecto.4.default" num="s" origin="deverbal" pos="ncms000" postype="common" sense="16:00508925" wd="proyecto"/>
          <sn entityref="ne" func="cn" ne="other">
            <grup.nom>
              <n lem="Salomón" ne="other" pos="np00000" postype="proper" wd="Salomón"/>
            </grup.nom>
          </sn>
          <s.a coord="yes" func="cn" gen="m" num="s">
            <s.a gen="m" num="s">
              <f lem="," pos="fc" punct="comma" wd=","/>
              <spec>
                <r lem="mucho" pos="rg" wd="mucho"/>
                <r lem="más" pos="rg" wd="más"/>
              </spec>
              <grup.a gen="m" num="s">
                <a gen="m" lem="rico" num="s" pos="aq0ms0" postype="qualificative" wd="rico"/>
                <sp>
                  <prep>
                    <s lem="en" pos="sps00" postype="preposition" wd="en"/>
                  </prep>
                  <sn>
                    <grup.nom gen="m" num="s">
                      <n gen="m" lem="cobre" num="s" pos="ncms000" postype="common" sense="16:10484763" wd="cobre"/>
                    </grup.nom>
                  </sn>
                </sp>
                <sp>
                  <f lem="(" pos="fpa" punct="bracket" punctenclose="open" wd="("/>
                  <prep>
                    <s lem="con" pos="sps00" postype="preposition" wd="con"/>
                  </prep>
                  <sn entityref="nne" homophoricDD="yes">
                    <spec gen="m" num="s">
                      <d gen="m" lem="el" num="s" pos="da0ms0" postype="article" wd="el"/>
                    </spec>
                    <grup.nom gen="m" num="s">
                      <s.a gen="m" num="s">
                        <grup.a gen="m" num="s">
                          <a gen="c" lem="doble" num="s" pos="aq0cs0" postype="qualificative" wd="doble"/>
                          <sp coord="yes">
                            <sp>
                              <prep>
                                <s lem="de" pos="sps00" postype="preposition" wd="de"/>
                              </prep>
                              <sn>
                                <grup.nom gen="f" num="p">
                                  <n gen="f" lem="ley" num="p" pos="ncfp000" postype="common" sense="16:04904589" wd="leyes"/>
                                </grup.nom>
                              </sn>
                            </sp>
                            <conj conjunctiontype="coordinating">
                              <c lem="y" pos="cc" postype="coordinating" wd="y"/>
                            </conj>
                            <sp>
                              <prep>
                                <s lem="de" pos="sps00" postype="preposition" wd="de"/>
                              </prep>
                              <sn>
                                <grup.nom gen="f" num="s">
                                  <n gen="f" lem="rentabilidad" num="s" pos="ncfs000" postype="common" sense="16:04018175" wd="rentabilidad"/>
                                </grup.nom>
                              </sn>
                            </sp>
                          </sp>
                        </grup.a>
                      </s.a>
                    </grup.nom>
                  </sn>
                  <f lem=")" pos="fpt" punct="bracket" punctenclose="close" wd=")"/>
                </sp>
              </grup.a>
            </s.a>
            <conj conjunctiontype="coordinating">
              <c lem="y" pos="cc" postype="coordinating" wd="y"/>
            </conj>
            <S clausetype="relative">
              <relatiu arg="arg1" coreftype="ident" entity="entity15" entityref="spec" func="suj" tem="tem">
                <p gen="c" lem="que" num="c" pos="pr0cn000" postype="relative" wd="que"/>
              </relatiu>
              <sadv func="mod">
                <grup.adv>
                  <r lem="sólo" pos="rg" wd="sólo"/>
                </grup.adv>
              </sadv>
              <grup.verb>
                <v lem="ser" lss="C21.state-attributive" mood="indicative" num="s" person="3" pos="vsif3s0" postype="semiauxiliary" tense="future" wd="será"/>
              </grup.verb>
              <sa arg="arg2" func="atr" tem="atr">
                <grup.a>
                  <a gen="c" lem="viable" num="s" pos="aq0cs0" postype="qualificative" wd="viable"/>
                </grup.a>
              </sa>
              <sp arg="argM" func="cc" tem="adv">
                <prep>
                  <s lem="con" pos="sps00" postype="preposition" wd="con"/>
                </prep>
                <sn coreftype="ident" entity="entity2" entityref="spec" homophoricDD="yes">
                  <spec gen="m" num="p">
                    <d gen="m" lem="el" num="p" pos="da0mp0" postype="article" wd="los"/>
                  </spec>
                  <grup.nom gen="m" num="p">
                    <n gen="m" lem="fondo" num="p" pos="ncmp000" postype="common" sense="16:cs1" wd="fondos"/>
                    <sp>
                      <prep>
                        <s contracted="yes" gen="m" lem="del" num="s" pos="spcms" postype="preposition" wd="del"/>
                      </prep>
                      <sn coreftype="ident" entity="entity5" entityref="ne" ne="organization">
                        <grup.nom gen="m" num="s">
                          <n lem="Gobierno" ne="organization" pos="np00000" postype="proper" wd="Gobierno"/>
                        </grup.nom>
                      </sn>
                    </sp>
                  </grup.nom>
                </sn>
              </sp>
            </S>
          </s.a>
        </grup.nom>
      </sn>
    </S>
    <f lem="." pos="fp" punct="period" wd="."/>
  </sentence>
  <sentence id="6">
    <sn arg="arg1" coreftype="ident" entity="entity2" entityref="ne" func="suj" ne="other" tem="tem">
      <spec gen="m" num="s">
        <d gen="m" lem="el" num="s" pos="da0ms0" postype="article" wd="El"/>
      </spec>
      <grup.nom gen="m" num="s">
        <n gen="m" lem="crédito" num="s" pos="ncms000" postype="common" sense="16:09634656" wd="crédito"/>
        <sn entityref="ne" ne="organization">
          <grup.nom>
            <n lem="ICO" ne="organization" pos="np00000" postype="proper" wd="ICO"/>
          </grup.nom>
        </sn>
      </grup.nom>
    </sn>
    <grup.verb>
      <v lem="ser" lss="C21.state-attributive" mood="indicative" num="s" person="3" pos="vsip3s0" postype="semiauxiliary" tense="present" wd="es"/>
    </grup.verb>
    <sa arg="arg2" func="atr" tem="atr">
      <grup.a>
        <a gen="c" lem="imprescindible" num="s" pos="aq0cs0" postype="qualificative" wd="imprescindible"/>
      </grup.a>
    </sa>
    <sp func="ao">
      <f lem="," pos="fc" punct="comma" wd=","/>
      <prep>
        <s lem="según" pos="sps00" postype="preposition" wd="según"/>
      </prep>
      <sn coreftype="ident" entity="entity3" entityref="nne">
        <spec gen="m" num="p">
          <d gen="m" lem="el" num="p" pos="da0mp0" postype="article" wd="los"/>
        </spec>
        <grup.nom gen="m" num="p">
          <n gen="m" lem="minero" num="p" pos="ncmp000" postype="common" sense="16:07412036" wd="mineros"/>
        </grup.nom>
      </sn>
      <f lem="," pos="fc" punct="comma" wd=","/>
    </sp>
    <sp arg="argM" func="cc" tem="fin">
      <prep>
        <s lem="para" pos="sps00" postype="preposition" wd="para"/>
      </prep>
      <S clausetype="completive">
        <conj conjunctiontype="subordinating">
          <c lem="que" pos="cs" postype="subordinating" wd="que"/>
        </conj>
        <sn arg="arg1" coreftype="ident" entity="entity7" entityref="spec" func="suj" tem="tem">
          <spec gen="f" num="s">
            <d gen="f" lem="el" num="s" pos="da0fs0" postype="article" wd="la"/>
          </spec>
          <grup.nom gen="f" num="s">
            <n gen="f" lem="empresa" num="s" pos="ncfs000" postype="common" sense="16:06004580" wd="empresa"/>
            <S clausetype="relative">
              <f lem="," pos="fc" punct="comma" wd=","/>
              <sp discid="1c">
                <prep>
                  <s lem="de" pos="sps00" postype="preposition" wd="de"/>
                </prep>
                <sn coreftype="ident" entity="entity7" entityref="spec">
                  <spec gen="f" num="s">
                    <d gen="f" lem="el" num="s" pos="da0fs0" postype="article" wd="la"/>
                  </spec>
                  <grup.nom gen="f" num="s">
                    <relatiu>
                      <p gen="c" lem="cual" num="s" pos="pr0cs000" postype="relative" wd="cual"/>
                    </relatiu>
                  </grup.nom>
                </sn>
              </sp>
              <sn arg="arg1" coreftype="ident" entity="entity3" entityref="nne" func="suj" tem="tem">
                <spec gen="m" num="p">
                  <d gen="m" lem="el" num="p" pos="da0mp0" postype="article" wd="los"/>
                </spec>
                <grup.nom gen="m" num="p">
                  <n gen="m" lem="trabajador" num="p" pos="ncmp000" postype="common" sense="16:07240707" wd="trabajadores"/>
                </grup.nom>
              </sn>
              <grup.verb>
                <v lem="ser" lss="C21.state-attributive" mood="indicative" num="p" person="3" pos="vsip3p0" postype="semiauxiliary" tense="present" wd="son"/>
              </grup.verb>
              <sn arg="arg2" func="atr" tem="atr">
                <spec gen="m" num="p">
                  <r lem="también" pos="rg" wd="también"/>
                </spec>
                <grup.nom discid="1n" gen="m" num="p">
                  <n gen="c" lem="accionista" num="p" pos="nccp000" postype="common" sense="16:07612499" wd="accionistas"/>
                </grup.nom>
              </sn>
              <f lem="," pos="fc" punct="comma" wd=","/>
            </S>
          </grup.nom>
        </sn>
        <grup.verb>
          <v lem="salir" lss="B11.unaccusative-motion" mood="subjunctive" num="s" person="3" pos="vmsp3s0" postype="main" tense="present" wd="salga"/>
        </grup.verb>
        <sp arg="arg3" func="cc" tem="ori">
          <prep>
            <s lem="de" pos="sps00" postype="preposition" wd="de"/>
          </prep>
          <sn coreftype="ident" entity="entity16" entityref="nne" homophoricDD="yes">
            <spec gen="f" num="s">
              <d gen="f" lem="el" num="s" pos="da0fs0" postype="article" wd="la"/>
            </spec>
            <grup.nom gen="f" num="s">
              <n gen="f" lem="suspensión" lexicalid="noun.suspensión.2.default" num="s" origin="deverbal" pos="ncfs000" postype="common" sense="16:10093359" wd="suspensión"/>
              <sp arg="arg1" func="cn" tem="pat">
                <prep>
                  <s lem="de" pos="sps00" postype="preposition" wd="de"/>
                </prep>
                <sn coreftype="ident" entity="entity11" entityref="nne">
                  <grup.nom gen="m" num="p">
                    <n gen="m" lem="pago" lexicalid="noun.pago.1.default" num="p" origin="deverbal" pos="ncmp000" postype="common" sense="16:00725730" wd="pagos"/>
                  </grup.nom>
                </sn>
              </sp>
              <S clausetype="relative" func="cn">
                <sp arg="arg2" func="cc" tem="atr">
                  <prep>
                    <s lem="en" pos="sps00" postype="preposition" wd="en"/>
                  </prep>
                  <sn coreftype="ident" entity="entity16" entityref="nne">
                    <spec gen="f" num="s">
                      <d gen="f" lem="el" num="s" pos="da0fs0" postype="article" wd="la"/>
                    </spec>
                    <grup.nom gen="f" num="s">
                      <relatiu>
                        <p gen="c" lem="que" num="c" pos="pr0cn000" postype="relative" wd="que"/>
                      </relatiu>
                    </grup.nom>
                  </sn>
                </sp>
                <sn arg="arg1" coreftype="ident" elliptic="yes" entity="entity7" entityref="spec" func="suj" tem="tem"/>
                <morfema.pronominal>
                  <p gen="c" lem="él" num="c" person="3" pos="p0300000" wd="se"/>
                </morfema.pronominal>
                <grup.verb>
                  <v lem="encontrar" lss="C21.state-attributive" mood="indicative" num="s" person="3" pos="vmip3s0" postype="main" tense="present" wd="encuentra"/>
                </grup.verb>
              </S>
            </grup.nom>
          </sn>
        </sp>
      </S>
    </sp>
    <f lem="." pos="fp" punct="period" wd="."/>
  </sentence>
  <sentence coord="yes" id="7">
    <S>
      <sn arg="arg1" coreftype="ident" entity="entity7" entityref="ne" func="suj" ne="organization" tem="tem">
        <grup.nom>
          <n lem="Minas_de_Rio_Tinto" ne="organization" pos="np00000" postype="proper" wd="Minas_de_Rio_Tinto"/>
        </grup.nom>
      </sn>
      <grup.verb>
        <v lem="tener" lss="C21.state-attributive" mood="indicative" num="s" person="3" pos="vmip3s0" postype="main" tense="present" wd="tiene"/>
      </grup.verb>
      <sn arg="arg2" coord="yes" func="cd" functype="quantitative" tem="atr">
        <sn coreftype="ident" entity="entity3" entityref="nne">
          <spec gen="f" num="s">
            <d gen="f" lem="uno" num="s" pos="di0fs0" postype="indefinite" wd="una"/>
          </spec>
          <grup.nom gen="f" num="s">
            <n gen="f" lem="plantilla" num="s" pos="ncfs000" postype="common" sense="16:50001182" wd="plantilla"/>
            <sp>
              <prep>
                <s lem="de" pos="sps00" postype="preposition" wd="de"/>
              </prep>
              <sn>
                <spec gen="m" num="p">
                  <z lem="550" ne="number" wd="550"/>
                </spec>
                <grup.nom gen="m" num="p">
                  <n gen="m" lem="trabajador" num="p" pos="ncmp000" postype="common" sense="16:07240707" wd="trabajadores"/>
                </grup.nom>
              </sn>
            </sp>
          </grup.nom>
        </sn>
        <conj conjunctiontype="coordinating">
          <c lem="y" pos="cc" postype="coordinating" wd="y"/>
        </conj>
        <sn entityref="nne">
          <spec gen="f" num="s">
            <d gen="f" lem="uno" num="s" pos="di0fs0" postype="indefinite" wd="una"/>
          </spec>
          <grup.nom gen="f" num="s">
            <n gen="f" lem="deuda" num="s" pos="ncfs000" postype="common" sense="16:10395239" wd="deuda"/>
            <sp>
              <prep>
                <s lem="de" pos="sps00" postype="preposition" wd="de"/>
              </prep>
              <sn entityref="ne" ne="number">
                <spec gen="m" num="p">
                  <z lem="9000" ne="number" wd="9.000"/>
                </spec>
                <grup.nom gen="m" num="p">
                  <n gen="m" lem="millón" num="p" pos="ncmp000" postype="common" sense="16:09902865" wd="millones"/>
                  <sp>
                    <prep>
                      <s lem="de" pos="sps00" postype="preposition" wd="de"/>
                    </prep>
                    <sn entityref="ne" ne="number">
                      <grup.nom gen="f" num="p">
                        <z lem="peseta" ne="number" pos="zm" postype="currency" wd="pesetas"/>
                      </grup.nom>
                    </sn>
                  </sp>
                </grup.nom>
              </sn>
            </sp>
          </grup.nom>
        </sn>
      </sn>
    </S>
    <f lem="," pos="fc" punct="comma" wd=","/>
    <S>
      <morfema.verbal func="impers">
        <p gen="c" lem="se" num="c" pos="p0000000" wd="se"/>
      </morfema.verbal>
      <grup.verb>
        <v lem="tratar" lss="C21.state-attributive" mood="indicative" num="s" person="3" pos="vmip3s0" postype="main" tense="present" wd="trata"/>
      </grup.verb>
      <sp arg="arg2" func="creg" tem="atr">
        <prep>
          <s lem="de" pos="sps00" postype="preposition" wd="de"/>
        </prep>
        <sn corefsubtype="definit" coreftype="pred" entity="entity7">
          <spec gen="f" num="s">
            <d gen="f" lem="el" num="s" pos="da0fs0" postype="article" wd="la"/>
          </spec>
          <grup.nom gen="f" num="s">
            <s.a gen="f" num="s">
              <grup.a gen="f" num="s">
                <a gen="c" lem="principal" num="s" pos="aq0cs0" postype="qualificative" wd="principal"/>
              </grup.a>
            </s.a>
            <n gen="f" lem="industria" num="s" pos="ncfs000" postype="common" sense="16:06011363" wd="industria"/>
            <sp>
              <prep>
                <s lem="de" pos="sps00" postype="preposition" wd="de"/>
              </prep>
              <sn entity="entity17" entityref="ne" ne="location">
                <spec gen="f" num="s">
                  <d gen="f" lem="el" num="s" pos="da0fs0" postype="article" wd="la"/>
                </spec>
                <grup.nom gen="f" num="s">
                  <n lem="Cuenca_Minera_de_Huelva" ne="location" pos="np00000" postype="proper" wd="Cuenca_Minera_de_Huelva"/>
                  <S clausetype="relative">
                    <f lem="," pos="fc" punct="comma" wd=","/>
                    <relatiu arg="argM" coreftype="ident" entity="entity17" entityref="spec" func="cc" tem="loc">
                      <p gen="c" lem="donde" num="c" pos="pr000000" postype="relative" wd="donde"/>
                    </relatiu>
                    <sn arg="arg0" entityref="nne" func="suj" homophoricDD="yes" tem="agt">
                      <spec gen="m" num="s">
                        <d gen="m" lem="el" num="s" pos="da0ms0" postype="article" wd="el"/>
                      </spec>
                      <grup.nom gen="m" num="s">
                        <n gen="m" lem="índice" num="s" pos="ncms000" postype="common" sense="16:04981133" wd="índice"/>
                        <sp>
                          <prep>
                            <s lem="de" pos="sps00" postype="preposition" wd="de"/>
                          </prep>
                          <sn>
                            <grup.nom gen="m" num="s">
                              <n gen="m" lem="paro" lexicalid="noun.paro.1.default" num="s" origin="deverbal" pos="ncms000" postype="common" sense="16:10063667" wd="paro"/>
                            </grup.nom>
                          </sn>
                        </sp>
                      </grup.nom>
                    </sn>
                    <grup.verb>
                      <v lem="alcanzar" lss="A21.transitive-agentive-patient" mood="indicative" num="s" person="3" pos="vmip3s0" postype="main" tense="present" wd="alcanza"/>
                    </grup.verb>
                    <sp arg="arg1" func="cd" tem="pat">
                      <prep>
                        <s lem="a" pos="sps00" postype="preposition" wd="a"/>
                      </prep>
                      <sn entityref="nne">
                        <spec gen="f" num="s">
                          <r lem="más" pos="rg" wd="más"/>
                          <s lem="de" pos="sps00" postype="preposition" wd="de"/>
                          <d gen="f" lem="el" num="s" pos="da0fs0" postype="article" wd="la"/>
                        </spec>
                        <grup.nom gen="f" num="s">
                          <n gen="f" lem="mitad" num="s" pos="ncfs000" postype="common" sense="16:09891093" wd="mitad"/>
                          <sp>
                            <prep>
                              <s lem="de" pos="sps00" postype="preposition" wd="de"/>
                            </prep>
                            <sn entityref="nne" homophoricDD="yes">
                              <spec gen="f" num="s">
                                <d gen="f" lem="el" num="s" pos="da0fs0" postype="article" wd="la"/>
                              </spec>
                              <grup.nom gen="f" num="s">
                                <n gen="f" lem="población" lexicalid="noun.población.1.default" num="s" origin="deverbal" pos="ncfs000" postype="common" sense="16:06079663" wd="población"/>
                                <s.a func="cn" gen="f" num="s">
                                  <grup.a gen="f" num="s">
                                    <a gen="f" lem="activo" num="s" pos="aq0fs0" postype="qualificative" wd="activa"/>
                                  </grup.a>
                                </s.a>
                              </grup.nom>
                            </sn>
                          </sp>
                        </grup.nom>
                      </sn>
                    </sp>
                  </S>
                </grup.nom>
              </sn>
            </sp>
          </grup.nom>
        </sn>
      </sp>
    </S>
    <f lem="." pos="fp" punct="period" wd="."/>
  </sentence>
</article>
