<?xml version="1.0" encoding="UTF-8"?>
<!-- 

  ancora-2.0
       
			Copyright (C) 2007, 2008, 2009, 2010, 2011 UB - CLiC
			Centre de Llenguatge i Computació - Universitat de Barcelona
 
  This file is part of ancora-2.0.
 
  ancora-2.0 is free software and data: you can redistribute it and/or modify
  it under the terms of the GNU General Public License as published
  by the Free Software Foundation, either version 3 of the License,
  or (at your option) any later version.

  ancora-2.0 is distributed in the hope that it will be useful,
  but WITHOUT ANY WARRANTY; without even the implied warranty of
  MERCHANTABILITY or FITNESS FOR A PARTICULAR PURPOSE.  See the
  GNU General Public License for more details.
 
  You should have received a copy of the GNU General Public License
  along with ancora-2.0.  If not, see &lt;http://www.gnu.org/licenses/&gt;.
 
  Check a text in catalan explaining the terms of the license at http://www.softcatala.cat/wiki/GPL3.
  In spanish at http://www.viti.es/gnu/licenses/gpl.html
 

  The following paper must be cited when using this corpus:

 * Taulé, M., M.A. Martí, M. Recasens (2008) 'Ancora: Multilevel Annotated Corpora for Catalan and Spanish',
   Proceedings of 6th International Conference on Language Resources and Evaluation. Marrakesh (Morocco).

  In addition, the following paper must be cited if coreference information (attributes entity, coreftype,
  corefsubtype, homophoricDD or entityref) is used:

 * Recasens, Marta, M. Antònia Martí (2010) ‘AnCora-CO: Coreferentially annotated corpora for Spanish and
   Catalan’. Language Resources and Evaluation, Springer Science.

  Additionally, the following paper must be cited when argumental attributes in "sn" or "grup.nom"
  (attributes func, arg, tem or lexicalid) are used:

 * Peris, Aina, Mariona Taulé, Horacio Rodríguez (2010) ‘Semantic Annotation of Deverbal Nominalizations in the
   Spanish AnCora corpus’. Treebanks and Linguistic Theories (TLT-2010), Estonia.
-->
<article lng="es">
  <sentence id="0">
    <sn arg="arg0" entity="entity1" entityref="ne" func="suj" ne="person" tem="agt">
      <spec gen="m" num="s">
        <d gen="m" lem="el" num="s" pos="da0ms0" postype="article" wd="El"/>
      </spec>
      <grup.nom gen="m" num="s">
        <n gen="m" lem="presidente" num="s" pos="ncms000" postype="common" sense="16:07496197" wd="presidente"/>
        <sp>
          <prep>
            <s lem="de" pos="sps00" postype="preposition" wd="de"/>
          </prep>
          <sn entityref="ne" ne="organization">
            <grup.nom>
              <n lem="Unicaja" ne="organization" pos="np00000" postype="proper" wd="Unicaja"/>
            </grup.nom>
          </sn>
        </sp>
        <sn corefsubtype="definit" coreftype="pred" entity="entity1" entityref="ne" ne="person">
          <f lem="," pos="fc" punct="comma" wd=","/>
          <grup.nom gen="m" num="s">
            <n lem="Braulio_Medel" ne="person" pos="np00000" postype="proper" wd="Braulio_Medel"/>
          </grup.nom>
        </sn>
      </grup.nom>
    </sn>
    <grup.verb>
      <v lem="afirmar" lss="A32.ditransitive-patient-benefactive" mood="indicative" num="s" person="3" pos="vmis3s0" postype="main" tense="past" wd="afirmó"/>
    </grup.verb>
    <sadv arg="argM" func="cc" tem="tmp">
      <grup.adv>
        <r lem="hoy" pos="rg" wd="hoy"/>
      </grup.adv>
    </sadv>
    <S arg="arg1" clausetype="completive" func="cd" tem="pat">
      <conj conjunctiontype="subordinating">
        <c lem="que" pos="cs" postype="subordinating" wd="que"/>
      </conj>
      <f lem="&quot;" pos="fe" punct="quotation" wd="&quot;"/>
      <sn arg="arg0" entityref="nne" func="suj" tem="agt">
        <spec gen="f" num="s">
          <d gen="f" lem="el" num="s" pos="da0fs0" postype="article" wd="la"/>
        </spec>
        <grup.nom gen="f" num="s">
          <n gen="f" lem="experiencia" lexicalid="noun.experiencia.2.default" num="s" origin="deverbal" pos="ncfs000" postype="common" sense="16:04441868" wd="experiencia"/>
        </grup.nom>
      </sn>
      <grup.verb>
        <v lem="haber" mood="indicative" num="s" person="3" pos="vaip3s0" postype="auxiliary" tense="present" wd="ha"/>
        <v gen="m" lem="demostrar" lss="A21.transitive-agentive-patient" mood="participle" num="s" pos="vmp00sm" postype="main" wd="demostrado"/>
      </grup.verb>
      <S arg="arg1" clausetype="completive" func="cd" tem="pat">
        <conj conjunctiontype="subordinating">
          <c lem="que" pos="cs" postype="subordinating" wd="que"/>
        </conj>
        <sn arg="arg1" entity="entity2" entityref="ne" func="suj" ne="other" tem="tem">
          <grup.nom>
            <n lem="Internet" ne="other" pos="np00000" postype="proper" wd="Internet"/>
          </grup.nom>
        </sn>
        <grup.verb>
          <v lem="ser" lss="C21.state-attributive" mood="indicative" num="s" person="3" pos="vsip3s0" postype="semiauxiliary" tense="present" wd="es"/>
        </grup.verb>
        <sn arg="arg2" corefsubtype="indefinit" coreftype="pred" entity="entity2" func="atr" tem="atr">
          <spec gen="m" num="s">
            <d gen="m" lem="uno" num="s" pos="di0ms0" postype="indefinite" wd="un"/>
          </spec>
          <grup.nom gen="m" num="s">
            <n gen="m" lem="canal" num="s" pos="ncms000" postype="common" sense="16:03372354" wd="canal"/>
            <s.a gen="m" num="s">
              <grup.a gen="m" num="s">
                <a gen="m" lem="bancario" num="s" pos="aq0ms0" postype="qualificative" wd="bancario"/>
              </grup.a>
            </s.a>
            <s.a gen="m" num="s">
              <grup.a gen="m" num="s">
                <a gen="m" lem="complementario" num="s" pos="aq0ms0" postype="qualificative" wd="complementario"/>
                <sp>
                  <prep>
                    <s lem="a" pos="sps00" postype="preposition" wd="a"/>
                  </prep>
                  <sn entityref="nne" homophoricDD="yes">
                    <spec gen="f" num="p">
                      <d gen="f" lem="el" num="p" pos="da0fp0" postype="article" wd="las"/>
                    </spec>
                    <grup.nom gen="f" num="p">
                      <n gen="f" lem="sucursal" num="p" pos="ncfp000" postype="common" sense="16:02418164" wd="sucursales"/>
                    </grup.nom>
                  </sn>
                </sp>
                <sp>
                  <prep>
                    <s lem="en" pos="sps00" postype="preposition" wd="en"/>
                  </prep>
                  <sn entity="entity3" entityref="nne" homophoricDD="yes">
                    <spec gen="f" num="s">
                      <d gen="f" lem="el" num="s" pos="da0fs0" postype="article" wd="la"/>
                    </spec>
                    <grup.nom gen="f" num="s">
                      <n gen="f" lem="atención" lexicalid="noun.atención.1.default" num="s" origin="deverbal" pos="ncfs000" postype="common" sense="16:03675189" wd="atención"/>
                      <S clausetype="relative" func="cn">
                        <relatiu arg="arg1" coreftype="ident" entity="entity3" entityref="nne" func="cd" tem="pat">
                          <p gen="c" lem="que" num="c" pos="pr0cn000" postype="relative" wd="que"/>
                        </relatiu>
                        <sn arg="arg0" entityref="nne" func="suj" homophoricDD="yes" tem="agt">
                          <spec gen="f" num="p">
                            <d gen="f" lem="el" num="p" pos="da0fp0" postype="article" wd="las"/>
                          </spec>
                          <grup.nom gen="f" num="p">
                            <n gen="f" lem="entidad" num="p" pos="ncfp000" postype="common" sense="16:cs1" wd="entidades"/>
                            <s.a gen="f" num="p">
                              <grup.a gen="f" num="p">
                                <a gen="f" lem="bancario" num="p" pos="aq0fp0" postype="qualificative" wd="bancarias"/>
                              </grup.a>
                            </s.a>
                          </grup.nom>
                        </sn>
                        <grup.verb>
                          <v lem="poder" mood="indicative" num="p" person="1" pos="vmip1p0" postype="main" tense="present" wd="podemos"/>
                          <infinitiu>
                            <v lem="ofrecer" lss="A32.ditransitive-patient-benefactive" mood="infinitive" pos="vmn0000" postype="main" wd="ofrecer"/>
                          </infinitiu>
                        </grup.verb>
                        <sp arg="arg2" func="ci" tem="ben">
                          <prep>
                            <s contracted="yes" gen="m" lem="al" num="s" pos="spcms" postype="preposition" wd="al"/>
                          </prep>
                          <sn entity="entity5" entityref="nne" homophoricDD="yes">
                            <grup.nom gen="m" num="s">
                              <n gen="c" lem="cliente" num="s" pos="nccs000" postype="common" sense="16:07197309" wd="cliente"/>
                            </grup.nom>
                          </sn>
                        </sp>
                      </S>
                    </grup.nom>
                  </sn>
                </sp>
              </grup.a>
            </s.a>
          </grup.nom>
        </sn>
        <f lem="&quot;" pos="fe" punct="quotation" wd="&quot;"/>
        <S arg="argM" clausetype="adverbial" func="cc" tem="cau">
          <f lem="," pos="fc" punct="comma" wd=","/>
          <conj conjunctiontype="subordinating">
            <c lem="ya_que" pos="cs" postype="subordinating" wd="ya_que"/>
          </conj>
          <S clausetype="adverbial" func="ao">
            <f lem="," pos="fc" punct="comma" wd=","/>
            <conj conjunctiontype="subordinating">
              <c lem="según" pos="cs" postype="subordinating" wd="según"/>
            </conj>
            <grup.verb>
              <v lem="indicar" lss="A32.ditransitive-patient-benefactive" mood="indicative" num="s" person="3" pos="vmis3s0" postype="main" tense="past" wd="indicó"/>
            </grup.verb>
            <sn arg="arg0" coreftype="ident" elliptic="yes" entity="entity1" entityref="spec" func="suj" tem="agt"/>
          </S>
          <grup.verb>
            <v lem="ser" lss="C21.state-attributive" mood="indicative" num="s" person="3" pos="vsip3s0" postype="semiauxiliary" tense="present" wd="es"/>
          </grup.verb>
          <sa arg="arg2" func="atr" tem="atr">
            <grup.a>
              <f lem="&quot;" pos="fe" punct="quotation" wd="&quot;"/>
              <a gen="c" lem="imprescindible" num="s" pos="aq0cs0" postype="qualificative" wd="imprescindible"/>
              <f lem="&quot;" pos="fe" punct="quotation" wd="&quot;"/>
            </grup.a>
          </sa>
          <sn arg="arg1" entityref="nne" func="suj" tem="tem">
            <spec gen="m" num="s">
              <d gen="m" lem="uno" num="s" pos="di0ms0" postype="indefinite" wd="un"/>
            </spec>
            <grup.nom gen="m" num="s">
              <n gen="m" lem="soporte" num="s" pos="ncms000" postype="common" sense="16:04015637" wd="soporte"/>
              <s.a gen="m" num="s">
                <grup.a gen="m" num="s">
                  <a gen="m" lem="físico" num="s" pos="aq0ms0" postype="qualificative" wd="físico"/>
                </grup.a>
              </s.a>
            </grup.nom>
          </sn>
        </S>
      </S>
    </S>
    <f lem="." pos="fp" punct="period" wd="."/>
  </sentence>
  <sentence coord="yes" id="1">
    <S>
      <sn arg="arg0" coreftype="ident" entity="entity1" entityref="ne" func="suj" ne="person" tem="agt">
        <grup.nom gen="m" num="s">
          <n lem="Medel" ne="person" pos="np00000" postype="proper" wd="Medel"/>
        </grup.nom>
      </sn>
      <grup.verb>
        <v lem="indicar" lss="A32.ditransitive-patient-benefactive" mood="indicative" num="s" person="3" pos="vmis3s0" postype="main" tense="past" wd="indicó"/>
      </grup.verb>
      <sn arg="arg1" entityref="nne" func="cd" homophoricDD="yes" tem="pat">
        <spec gen="f" num="s">
          <d gen="f" lem="el" num="s" pos="da0fs0" postype="article" wd="la"/>
        </spec>
        <grup.nom gen="f" num="s">
          <n gen="f" lem="necesidad" num="s" pos="ncfs000" postype="common" sense="16:04028238" wd="necesidad"/>
          <sp>
            <prep>
              <s lem="de" pos="sps00" postype="preposition" wd="de"/>
            </prep>
            <S clausetype="completive" coord="yes" impersonal="yes">
              <S clausetype="completive" impersonal="yes">
                <infinitiu>
                  <v lem="adaptar" lss="A21.transitive-agentive-patient" mood="infinitive" pos="vmn0000" postype="main" wd="adaptar"/>
                </infinitiu>
                <sn arg="arg1" entityref="nne" func="cd" homophoricDD="yes" tem="pat">
                  <spec gen="m" num="s">
                    <d gen="m" lem="el" num="s" pos="da0ms0" postype="article" wd="el"/>
                  </spec>
                  <grup.nom gen="m" num="s">
                    <n gen="m" lem="modelo" num="s" pos="ncms000" postype="common" sense="16:04559362" wd="modelo"/>
                    <s.a gen="m" num="s">
                      <grup.a gen="m" num="s">
                        <a gen="m" lem="bancario" num="s" pos="aq0ms0" postype="qualificative" wd="bancario"/>
                      </grup.a>
                    </s.a>
                  </grup.nom>
                </sn>
                <sp arg="arg2" func="creg" tem="efi">
                  <prep>
                    <s lem="a" pos="sps00" postype="preposition" wd="a"/>
                  </prep>
                  <sn entity="entity6" entityref="nne" homophoricDD="yes">
                    <spec gen="f" num="p">
                      <d gen="f" lem="el" num="p" pos="da0fp0" postype="article" wd="las"/>
                    </spec>
                    <grup.nom gen="f" num="p">
                      <s.a gen="f" num="p">
                        <grup.a gen="f" num="p">
                          <a gen="f" lem="nuevo" num="p" pos="aq0fp0" postype="qualificative" wd="nuevas"/>
                        </grup.a>
                      </s.a>
                      <n gen="f" lem="tecnología" num="p" pos="ncfp000" postype="common" sense="16:00607693" wd="tecnologías"/>
                    </grup.nom>
                  </sn>
                </sp>
              </S>
              <conj conjunctiontype="coordinating">
                <c lem="pero" pos="cc" postype="coordinating" wd="pero"/>
              </conj>
              <S clausetype="completive" impersonal="yes" verbless="yes">
                <neg>
                  <r lem="no" pos="rn" postype="negative" wd="no"/>
                </neg>
                <sp>
                  <prep>
                    <s lem="de" pos="sps00" postype="preposition" wd="de"/>
                  </prep>
                  <sn complex="yes" entityref="nne">
                    <grup.nom coord="yes">
                      <grup.nom gen="f" num="s">
                        <n gen="f" lem="forma" num="s" pos="ncfs000" postype="common" sense="16:03856995" wd="forma"/>
                        <s.a gen="f" num="s">
                          <grup.a gen="f" num="s">
                            <a gen="f" lem="alternativo" num="s" pos="aq0fs0" postype="qualificative" wd="alternativa"/>
                          </grup.a>
                        </s.a>
                      </grup.nom>
                      <conj conjunctiontype="coordinating">
                        <c lem="sino" pos="cc" postype="coordinating" wd="sino"/>
                      </conj>
                      <grup.nom gen="f" num="s">
                        <s.a gen="f" num="s">
                          <grup.a gen="f" num="s">
                            <a gen="f" lem="complementario" num="s" pos="aq0fs0" postype="qualificative" wd="complementaria"/>
                          </grup.a>
                        </s.a>
                      </grup.nom>
                    </grup.nom>
                  </sn>
                </sp>
              </S>
            </S>
          </sp>
        </grup.nom>
      </sn>
    </S>
    <conj conjunctiontype="coordinating">
      <c lem="y" pos="cc" postype="coordinating" wd="y"/>
    </conj>
    <S>
      <sn arg="arg0" coreftype="ident" elliptic="yes" entity="entity1" entityref="spec" func="suj" tem="agt"/>
      <grup.verb>
        <v lem="poner" lss="A21.transitive-agentive-patient" mood="indicative" num="s" person="3" pos="vmis3s0" postype="main" tense="past" wd="puso"/>
      </grup.verb>
      <sp arg="argM" func="cc" tem="adv">
        <prep>
          <s lem="como" pos="sps00" postype="preposition" wd="como"/>
        </prep>
        <sn>
          <grup.nom gen="m" num="s">
            <n gen="m" lem="ejemplo" num="s" pos="ncms000" postype="common" sense="16:04483764" wd="ejemplo"/>
          </grup.nom>
        </sn>
      </sp>
      <sn arg="arg1" entity="entity4" entityref="nne" func="cd" homophoricDD="yes" tem="pat">
        <spec gen="f" num="p">
          <d gen="f" lem="el" num="p" pos="da0fp0" postype="article" wd="las"/>
        </spec>
        <grup.nom gen="f" num="p">
          <n gen="f" lem="entidad" num="p" pos="ncfp000" postype="common" sense="16:cs1" wd="entidades"/>
          <s.a gen="f" num="p">
            <grup.a gen="f" num="p">
              <a gen="f" lem="americano" num="p" pos="aq0fp0" postype="qualificative" wd="americanas"/>
            </grup.a>
          </s.a>
          <S clausetype="relative" coord="yes">
            <S clausetype="relative">
              <relatiu arg="arg1" coreftype="ident" entity="entity4" entityref="nne" func="suj" tem="tem">
                <p gen="c" lem="que" num="c" pos="pr0cn000" postype="relative" wd="que"/>
              </relatiu>
              <f lem="&quot;" pos="fe" punct="quotation" wd="&quot;"/>
              <grup.verb>
                <v lem="ser" lss="C21.state-attributive" mood="indicative" num="p" person="3" pos="vsis3p0" postype="semiauxiliary" tense="past" wd="fueron"/>
              </grup.verb>
              <sn arg="arg2" corefsubtype="definit" coreftype="pred" entity="entity4" func="atr" tem="atr">
                <spec gen="f" num="p">
                  <d gen="f" lem="el" num="p" pos="da0fp0" postype="article" wd="las"/>
                </spec>
                <grup.nom gen="f" num="p">
                  <s.a gen="f" num="p">
                    <grup.a gen="f" num="p">
                      <a gen="f" lem="primero" num="p" pos="ao0fp0" postype="ordinal" wd="primeras"/>
                      <sp>
                        <prep>
                          <s lem="en" pos="sps00" postype="preposition" wd="en"/>
                        </prep>
                        <S clausetype="completive" impersonal="yes">
                          <infinitiu>
                            <v lem="ofrecer" lss="A32.ditransitive-patient-benefactive" mood="infinitive" pos="vmn0000" postype="main" wd="ofrecer"/>
                          </infinitiu>
                          <sn arg="arg1" entityref="nne" func="cd" tem="pat">
                            <spec gen="m" num="p">
                              <d gen="m" lem="este" num="p" pos="dd0mp0" postype="demonstrative" wd="estos"/>
                            </spec>
                            <grup.nom gen="m" num="p">
                              <n gen="m" lem="servicio" lexicalid="noun.servicio.1.default" num="p" origin="deverbal" pos="ncmp000" postype="common" sense="16:06084772" wd="servicios"/>
                            </grup.nom>
                          </sn>
                        </S>
                      </sp>
                    </grup.a>
                  </s.a>
                </grup.nom>
              </sn>
            </S>
            <conj conjunctiontype="coordinating">
              <c lem="y" pos="cc" postype="coordinating" wd="y"/>
            </conj>
            <S clausetype="relative">
              <relatiu arg="arg0" coreftype="ident" entity="entity4" entityref="nne" func="suj" tem="agt">
                <p gen="c" lem="que" num="c" pos="pr0cn000" postype="relative" wd="que"/>
              </relatiu>
              <sadv arg="argM" func="cc" tem="tmp">
                <grup.adv>
                  <r lem="inmediatamente" pos="rg" wd="inmediatamente"/>
                </grup.adv>
              </sadv>
              <morfema.pronominal>
                <p gen="c" lem="él" num="c" person="3" pos="p0300000" wd="se"/>
              </morfema.pronominal>
              <grup.verb>
                <v lem="haber" mood="indicative" num="p" person="3" pos="vaip3p0" postype="auxiliary" tense="present" wd="han"/>
                <v gen="m" lem="dar_cuenta" lss="A22.transitive-agentive-theme" mood="participle" num="s" pos="vmp00sm" postype="main" wd="dado_cuenta"/>
              </grup.verb>
              <sp arg="arg1" func="creg" tem="tem">
                <prep>
                  <s lem="de" pos="sps00" postype="preposition" wd="de"/>
                </prep>
                <sn entityref="nne" homophoricDD="yes">
                  <spec gen="f" num="s">
                    <d gen="f" lem="el" num="s" pos="da0fs0" postype="article" wd="la"/>
                  </spec>
                  <grup.nom gen="f" num="s">
                    <n gen="f" lem="necesidad" num="s" pos="ncfs000" postype="common" sense="16:04028238" wd="necesidad"/>
                    <sp>
                      <prep>
                        <s lem="de" pos="sps00" postype="preposition" wd="de"/>
                      </prep>
                      <S clausetype="completive" impersonal="yes">
                        <infinitiu>
                          <v lem="abrir" lss="A21.transitive-agentive-patient" mood="infinitive" pos="vmn0000" postype="main" wd="abrir"/>
                        </infinitiu>
                        <sn arg="arg1" entityref="nne" func="cd" tem="pat">
                          <spec gen="m" num="s">
                            <d gen="m" lem="uno" num="s" pos="di0ms0" postype="indefinite" wd="un"/>
                          </spec>
                          <grup.nom gen="m" num="s">
                            <s.a gen="m" num="s">
                              <grup.a gen="m" num="s">
                                <a gen="m" lem="mínimo" num="s" pos="aq0ms0" postype="qualificative" wd="mínimo"/>
                                <sp>
                                  <prep>
                                    <s lem="de" pos="sps00" postype="preposition" wd="de"/>
                                  </prep>
                                  <sn>
                                    <grup.nom gen="f" num="p">
                                      <n gen="f" lem="sucursal" num="p" pos="ncfp000" postype="common" sense="16:02418164" wd="sucursales"/>
                                    </grup.nom>
                                  </sn>
                                </sp>
                              </grup.a>
                            </s.a>
                          </grup.nom>
                        </sn>
                        <sp arg="argM" func="cc" tem="fin">
                          <prep>
                            <s lem="para" pos="sps00" postype="preposition" wd="para"/>
                          </prep>
                          <S clausetype="completive" impersonal="yes">
                            <infinitiu>
                              <v lem="atender" lss="A21.transitive-agentive-patient" mood="infinitive" pos="vmn0000" postype="main" wd="atender"/>
                            </infinitiu>
                            <sp arg="arg1" func="cd" tem="pat">
                              <prep>
                                <s lem="a" pos="sps00" postype="preposition" wd="a"/>
                              </prep>
                              <sn entityref="nne">
                                <spec gen="f" num="p">
                                  <d coreftype="ident" entity="entity4" entityref="nne" gen="c" lem="su" num="p" person="3" pos="dp3cp0" postype="possessive" wd="sus"/>
                                </spec>
                                <grup.nom gen="f" num="p">
                                  <n gen="c" lem="cliente" num="p" pos="nccp000" postype="common" sense="16:07197309" wd="clientes"/>
                                </grup.nom>
                              </sn>
                            </sp>
                          </S>
                        </sp>
                      </S>
                    </sp>
                  </grup.nom>
                </sn>
              </sp>
            </S>
            <f lem="&quot;" pos="fe" punct="quotation" wd="&quot;"/>
          </S>
        </grup.nom>
      </sn>
    </S>
    <f lem="." pos="fp" punct="period" wd="."/>
  </sentence>
  <sentence coord="yes" id="2">
    <S>
      <sn arg="arg1" coreftype="ident" entity="entity2" entityref="ne" func="suj" ne="other" tem="tem">
        <grup.nom>
          <n lem="Internet" ne="other" pos="np00000" postype="proper" wd="Internet"/>
        </grup.nom>
      </sn>
      <inc>
        <S>
          <f lem="," pos="fc" punct="comma" wd=","/>
          <grup.verb>
            <v lem="añadir" lss="A21.transitive-agentive-patient" mood="indicative" num="s" person="3" pos="vmis3s0" postype="main" tense="past" wd="añadió"/>
          </grup.verb>
          <sn arg="arg0" coreftype="ident" elliptic="yes" entity="entity1" entityref="spec" func="suj" tem="agt"/>
          <f lem="," pos="fc" punct="comma" wd=","/>
        </S>
      </inc>
      <grup.verb>
        <v lem="ser" lss="C21.state-attributive" mood="indicative" num="s" person="3" pos="vsip3s0" postype="semiauxiliary" tense="present" wd="es"/>
      </grup.verb>
      <sn arg="arg2" corefsubtype="indefinit" coreftype="pred" entity="entity2" func="atr" tem="atr">
        <spec gen="m" num="s">
          <d gen="m" lem="uno" num="s" pos="di0ms0" postype="indefinite" wd="un"/>
        </spec>
        <grup.nom gen="m" num="s">
          <s.a gen="m" num="s">
            <grup.a gen="m" num="s">
              <a gen="m" lem="nuevo" num="s" pos="aq0ms0" postype="qualificative" wd="nuevo"/>
            </grup.a>
          </s.a>
          <n gen="m" lem="canal" num="s" pos="ncms000" postype="common" sense="16:03372354" wd="canal"/>
          <sp>
            <prep>
              <s lem="para" pos="sps00" postype="preposition" wd="para"/>
            </prep>
            <S clausetype="completive" impersonal="yes">
              <infinitiu>
                <v lem="invertir" lss="A31.ditransitive-patient-locative" mood="infinitive" pos="vmn0000" postype="main" wd="invertir"/>
              </infinitiu>
              <sp arg="arg2" func="cc" tem="tem">
                <prep>
                  <s lem="en" pos="sps00" postype="preposition" wd="en"/>
                </prep>
                <sn entityref="nne">
                  <grup.nom gen="m" num="p">
                    <n gen="m" lem="proyecto" lexicalid="noun.proyecto.4.default" num="p" origin="deverbal" pos="ncmp000" postype="common" sense="16:00508925" wd="proyectos"/>
                    <sp arg="argM" func="cn" tem="tmp">
                      <prep>
                        <s lem="de" pos="sps00" postype="preposition" wd="de"/>
                      </prep>
                      <sn>
                        <grup.nom gen="m" num="s">
                          <n gen="m" lem="futuro" num="s" pos="ncms000" postype="common" sense="16:10849807" wd="futuro"/>
                        </grup.nom>
                      </sn>
                    </sp>
                  </grup.nom>
                </sn>
              </sp>
            </S>
          </sp>
        </grup.nom>
      </sn>
    </S>
    <conj conjunctiontype="coordinating">
      <c lem="y" pos="cc" postype="coordinating" wd="y"/>
    </conj>
    <S>
      <sn arg="arg0" coreftype="ident" elliptic="yes" entity="entity1" entityref="spec" func="suj" tem="agt"/>
      <grup.verb>
        <v lem="asegurar" lss="A21.transitive-agentive-patient" mood="indicative" num="s" person="3" pos="vmis3s0" postype="main" tense="past" wd="aseguró"/>
      </grup.verb>
      <S arg="arg1" clausetype="completive" coord="yes" func="cd" tem="pat">
        <S clausetype="completive">
          <conj conjunctiontype="subordinating">
            <c lem="que" pos="cs" postype="subordinating" wd="que"/>
          </conj>
          <S clausesubtype="concessive" clausetype="adverbial" func="ao">
            <conj conjunctiontype="subordinating">
              <c lem="aunque" pos="cs" postype="subordinating" wd="aunque"/>
            </conj>
            <sadv arg="argM" func="cc" tem="tmp">
              <grup.adv>
                <r lem="actualmente" pos="rg" wd="actualmente"/>
              </grup.adv>
            </sadv>
            <sn arg="arg0" coreftype="ident" entity="entity5" entityref="nne" func="suj" homophoricDD="yes" tem="agt">
              <spec gen="m" num="s">
                <d gen="m" lem="el" num="s" pos="da0ms0" postype="article" wd="el"/>
              </spec>
              <grup.nom gen="m" num="s">
                <n gen="c" lem="cliente" num="s" pos="nccs000" postype="common" sense="16:07197309" wd="cliente"/>
              </grup.nom>
            </sn>
            <grup.verb>
              <v lem="poder" mood="indicative" num="s" person="3" pos="vmip3s0" postype="main" tense="present" wd="puede"/>
              <infinitiu>
                <v lem="optar" lss="A22.transitive-agentive-theme" mood="infinitive" pos="vmn0000" postype="main" wd="optar"/>
              </infinitiu>
            </grup.verb>
            <sp arg="arg1" func="creg" tem="tem">
              <prep>
                <s lem="por" pos="sps00" postype="preposition" wd="por"/>
              </prep>
              <S clausetype="completive" coord="yes" impersonal="yes">
                <S clausetype="completive" impersonal="yes">
                  <infinitiu>
                    <v lem="acudir" lss="B11.unaccusative-motion" mood="infinitive" pos="vmn0000" postype="main" wd="acudir"/>
                  </infinitiu>
                  <sp arg="argM" func="cc" tem="loc">
                    <prep>
                      <s lem="a" pos="sps00" postype="preposition" wd="a"/>
                    </prep>
                    <sn entity="entity8" entityref="nne" homophoricDD="yes">
                      <spec gen="f" num="s">
                        <d coreftype="ident" entity="entity5" entityref="nne" gen="c" lem="su" num="s" person="3" pos="dp3cs0" postype="possessive" wd="su"/>
                      </spec>
                      <grup.nom gen="f" num="s">
                        <n gen="f" lem="oficina" num="s" pos="ncfs000" postype="common" sense="16:03052755" wd="oficina"/>
                        <s.a gen="f" num="s">
                          <grup.a gen="f" num="s">
                            <a gen="f" lem="bancario" num="s" pos="aq0fs0" postype="qualificative" wd="bancaria"/>
                          </grup.a>
                        </s.a>
                      </grup.nom>
                    </sn>
                  </sp>
                </S>
                <conj conjunctiontype="coordinating">
                  <c lem="o" pos="cc" postype="coordinating" wd="o"/>
                </conj>
                <S clausetype="completive" impersonal="yes">
                  <infinitiu>
                    <v lem="acceder" lss="A21.transitive-agentive-patient" mood="infinitive" pos="vmn0000" postype="main" wd="acceder"/>
                  </infinitiu>
                  <sp arg="arg1" func="creg" tem="loc">
                    <prep>
                      <s lem="a" pos="sps00" postype="preposition" wd="a"/>
                    </prep>
                    <sn entityref="nne">
                      <spec arg="arg0" gen="f" num="s" tem="agt">
                        <d coreftype="ident" entity="entity5" entityref="nne" gen="c" lem="su" num="s" person="3" pos="dp3cs0" postype="possessive" wd="su"/>
                      </spec>
                      <grup.nom gen="f" num="s">
                        <n gen="f" lem="cuenta" lexicalid="noun.cuenta.3.default" num="s" origin="deverbal" pos="ncfs000" postype="common" sense="16:09623476" wd="cuenta"/>
                      </grup.nom>
                    </sn>
                  </sp>
                  <sp arg="argM" func="cc" tem="mnr">
                    <prep>
                      <s lem="a_través_de" pos="sps00" postype="preposition" wd="a_través_de"/>
                    </prep>
                    <sn coreftype="ident" entity="entity2" entityref="spec">
                      <spec gen="f" num="s">
                        <d gen="f" lem="el" num="s" pos="da0fs0" postype="article" wd="la"/>
                      </spec>
                      <grup.nom gen="f" num="s">
                        <n gen="f" lem="red" num="s" pos="ncfs000" postype="common" sense="16:cs1" wd="red"/>
                      </grup.nom>
                    </sn>
                  </sp>
                </S>
              </S>
            </sp>
            <f lem="," pos="fc" punct="comma" wd=","/>
          </S>
          <f lem="&quot;" pos="fe" punct="quotation" wd="&quot;"/>
          <sn arg="arg0" entityref="nne" func="suj" tem="agt">
            <spec gen="m" num="s">
              <d gen="m" lem="uno" num="s" pos="di0ms0" postype="indefinite" wd="un"/>
            </spec>
            <grup.nom gen="m" num="s">
              <n gen="m" lem="medio" num="s" pos="ncms000" postype="common" sense="16:02975720" wd="medio"/>
            </grup.nom>
          </sn>
          <neg func="mod">
            <r lem="no" pos="rn" postype="negative" wd="no"/>
          </neg>
          <grup.verb>
            <v lem="sustituir" lss="A34.ditransitive-patient-theme" mood="indicative" num="s" person="3" pos="vmif3s0" postype="main" tense="future" wd="sustituirá"/>
          </grup.verb>
          <sp arg="arg1" func="cd" tem="pat">
            <prep>
              <s contracted="yes" gen="m" lem="al" num="s" pos="spcms" postype="preposition" wd="al"/>
            </prep>
            <sn entityref="nne">
              <grup.nom gen="m" num="s">
                <p gen="m" lem="otro" num="s" pos="pi0ms000" postype="indefinite" wd="otro"/>
              </grup.nom>
            </sn>
          </sp>
        </S>
        <conj conjunctiontype="coordinating">
          <c lem="sino_que" pos="cc" postype="coordinating" wd="sino_que"/>
        </conj>
        <S clausetype="completive">
          <sn arg="arg1" coreftype="ident" elliptic="yes" entity="entity2+entity8" entityref="nne" func="suj" tem="pat"/>
          <morfema.verbal>
            <p gen="c" lem="se" num="c" pos="p0000000" wd="se"/>
          </morfema.verbal>
          <grup.verb>
            <v lem="complementar" lss="B22.unaccusative-passive-transitive" mood="indicative" num="p" person="3" pos="vmif3p0" postype="main" tense="future" wd="complementarán"/>
          </grup.verb>
        </S>
        <f lem="&quot;" pos="fe" punct="quotation" wd="&quot;"/>
      </S>
    </S>
    <f lem="." pos="fp" punct="period" wd="."/>
  </sentence>
  <sentence id="3">
    <sp func="ao">
      <prep>
        <s contracted="yes" gen="m" lem="en_cuanto_al" num="s" pos="spcms" postype="preposition" wd="En_cuanto_al"/>
      </prep>
      <sn entityref="ne" ne="other">
        <grup.nom gen="m" num="s">
          <n gen="m" lem="binomio" num="s" pos="ncms000" postype="common" sense="16:04621615" wd="binomio"/>
          <sn entityref="ne" ne="other">
            <grup.nom>
              <n lem="Internet-turismo" ne="other" pos="np00000" postype="proper" wd="Internet-turismo"/>
            </grup.nom>
          </sn>
        </grup.nom>
      </sn>
      <f lem="," pos="fc" punct="comma" wd=","/>
    </sp>
    <sn arg="arg0" coreftype="ident" entity="entity1" entityref="ne" func="suj" ne="person" tem="agt">
      <grup.nom gen="m" num="s">
        <n lem="Medel" ne="person" pos="np00000" postype="proper" wd="Medel"/>
      </grup.nom>
    </sn>
    <grup.verb>
      <v lem="asegurar" lss="A32.ditransitive-patient-benefactive" mood="indicative" num="s" person="3" pos="vmis3s0" postype="main" tense="past" wd="aseguró"/>
    </grup.verb>
    <S arg="arg1" clausetype="completive" func="cd" tem="pat">
      <conj conjunctiontype="subordinating">
        <c lem="que" pos="cs" postype="subordinating" wd="que"/>
      </conj>
      <sn arg="arg1" entityref="nne" func="suj" homophoricDD="yes" tem="tem">
        <spec gen="m" num="p">
          <d gen="m" lem="el" num="p" pos="da0mp0" postype="article" wd="los"/>
        </spec>
        <grup.nom gen="m" num="p">
          <n gen="m" lem="empresario" num="p" pos="ncmp000" postype="common" sense="16:07132046" wd="empresarios"/>
          <sp>
            <prep>
              <s lem="de" pos="sps00" postype="preposition" wd="de"/>
            </prep>
            <sn entityref="nne">
              <spec gen="m" num="p">
                <d gen="m" lem="todo" num="p" pos="di0mp0" postype="indefinite" wd="todos"/>
                <d gen="m" lem="el" num="p" pos="da0mp0" postype="article" wd="los"/>
              </spec>
              <grup.nom gen="m" num="p">
                <n gen="m" lem="sector" num="p" pos="ncmp000" postype="common" sense="16:06214548" wd="sectores"/>
              </grup.nom>
            </sn>
          </sp>
        </grup.nom>
      </sn>
      <morfema.pronominal>
        <p gen="c" lem="él" num="c" person="3" pos="p0300000" wd="se"/>
      </morfema.pronominal>
      <grup.verb>
        <v lem="estar" mood="indicative" num="p" person="3" pos="vmip3p0" postype="main" tense="present" wd="están"/>
        <gerundi>
          <v lem="adaptar" lss="A22.transitive-agentive-theme" mood="gerund" pos="vmg0000" postype="main" wd="adaptando"/>
        </gerundi>
      </grup.verb>
      <sp arg="arg2" func="creg" tem="efi">
        <prep>
          <s lem="a" pos="sps00" postype="preposition" wd="a"/>
        </prep>
        <sn coreftype="ident" entity="entity6" entityref="nne" homophoricDD="yes">
          <spec gen="f" num="p">
            <d gen="f" lem="el" num="p" pos="da0fp0" postype="article" wd="las"/>
          </spec>
          <grup.nom gen="f" num="p">
            <s.a gen="f" num="p">
              <grup.a gen="f" num="p">
                <a gen="f" lem="nuevo" num="p" pos="aq0fp0" postype="qualificative" wd="nuevas"/>
              </grup.a>
            </s.a>
            <n gen="f" lem="tecnología" num="p" pos="ncfp000" postype="common" sense="16:00607693" wd="tecnologías"/>
          </grup.nom>
        </sn>
      </sp>
      <sp arg="argM" func="cc" tem="adv">
        <prep>
          <s lem="por" pos="sps00" postype="preposition" wd="por"/>
        </prep>
        <sn entity="entity7" entityref="nne" homophoricDD="yes">
          <spec gen="f" num="s">
            <d gen="f" lem="el" num="s" pos="da0fs0" postype="article" wd="la"/>
          </spec>
          <grup.nom gen="f" num="s">
            <f lem="&quot;" pos="fe" punct="quotation" wd="&quot;"/>
            <s.a func="cn" gen="f" num="s">
              <grup.a gen="f" num="s">
                <a gen="f" lem="alto" num="s" pos="aq0fs0" postype="qualificative" wd="alta"/>
              </grup.a>
            </s.a>
            <n gen="f" lem="competencia" lexicalid="noun.competencia.2.default" num="s" origin="deverbal" pos="ncfs000" postype="common" sense="16:00756855" wd="competencia"/>
            <s.a arg="arg0" func="cn" gen="f" num="s" tem="agt">
              <grup.a gen="f" num="s">
                <a gen="c" lem="internacional" num="s" pos="aq0cs0" postype="qualificative" wd="internacional"/>
              </grup.a>
            </s.a>
            <f lem="&quot;" pos="fe" punct="quotation" wd="&quot;"/>
            <sn corefsubtype="indefinit" coreftype="pred" entity="entity7" func="cn">
              <f lem="," pos="fc" punct="comma" wd=","/>
              <grup.nom gen="m" num="s">
                <p gen="c" lem="algo" num="s" pos="pi0cs000" postype="indefinite" wd="algo"/>
                <S clausetype="relative">
                  <relatiu arg="arg0" coreftype="ident" entity="entity7" entityref="nne" func="suj" tem="cau">
                    <p gen="c" lem="que" num="c" pos="pr0cn000" postype="relative" wd="que"/>
                  </relatiu>
                  <grup.verb>
                    <v lem="afectar" lss="A11.transitive-causative" mood="indicative" num="s" person="3" pos="vmip3s0" postype="main" tense="present" wd="afecta"/>
                  </grup.verb>
                  <sp arg="arg1" coord="yes" func="cd" tem="tem">
                    <conj conjunctiontype="coordinating">
                      <r lem="tanto" pos="rg" wd="tanto"/>
                    </conj>
                    <sp>
                      <prep>
                        <s contracted="yes" gen="m" lem="al" num="s" pos="spcms" postype="preposition" wd="al"/>
                      </prep>
                      <sn entityref="nne" homophoricDD="yes">
                        <grup.nom gen="m" num="s">
                          <n gen="m" lem="turismo" num="s" pos="ncms000" postype="common" sense="16:cs1" wd="turismo"/>
                        </grup.nom>
                      </sn>
                    </sp>
                    <conj conjunctiontype="coordinating">
                      <c lem="como" pos="cs" postype="subordinating" wd="como"/>
                    </conj>
                    <sp>
                      <prep>
                        <s lem="a" pos="sps00" postype="preposition" wd="a"/>
                      </prep>
                      <sn entityref="nne" homophoricDD="yes">
                        <spec gen="f" num="p">
                          <d gen="f" lem="el" num="p" pos="da0fp0" postype="article" wd="las"/>
                        </spec>
                        <grup.nom gen="f" num="p">
                          <n gen="f" lem="finanzas" num="p" pos="ncfp000" postype="common" sense="16:00711940" wd="finanzas"/>
                        </grup.nom>
                      </sn>
                    </sp>
                  </sp>
                </S>
              </grup.nom>
            </sn>
          </grup.nom>
        </sn>
      </sp>
    </S>
    <inc>
      <S>
        <f lem="," pos="fc" punct="comma" wd=","/>
        <grup.verb>
          <v lem="apostillar" lss="A21.transitive-agentive-patient" mood="indicative" num="s" person="3" pos="vmis3s0" postype="main" tense="past" wd="apostilló"/>
        </grup.verb>
        <sn arg="arg0" coreftype="ident" elliptic="yes" entity="entity1" entityref="spec" func="suj" tem="agt"/>
      </S>
    </inc>
    <f lem="." pos="fp" punct="period" wd="."/>
  </sentence>
</article>
