<?xml version="1.0" encoding="UTF-8"?>
<!-- 

  ancora-2.0
       
			Copyright (C) 2007, 2008, 2009, 2010, 2011 UB - CLiC
			Centre de Llenguatge i Computació - Universitat de Barcelona
 
  This file is part of ancora-2.0.
 
  ancora-2.0 is free software and data: you can redistribute it and/or modify
  it under the terms of the GNU General Public License as published
  by the Free Software Foundation, either version 3 of the License,
  or (at your option) any later version.

  ancora-2.0 is distributed in the hope that it will be useful,
  but WITHOUT ANY WARRANTY; without even the implied warranty of
  MERCHANTABILITY or FITNESS FOR A PARTICULAR PURPOSE.  See the
  GNU General Public License for more details.
 
  You should have received a copy of the GNU General Public License
  along with ancora-2.0.  If not, see &lt;http://www.gnu.org/licenses/&gt;.
 
  Check a text in catalan explaining the terms of the license at http://www.softcatala.cat/wiki/GPL3.
  In spanish at http://www.viti.es/gnu/licenses/gpl.html
 

  The following paper must be cited when using this corpus:

 * Taulé, M., M.A. Martí, M. Recasens (2008) 'Ancora: Multilevel Annotated Corpora for Catalan and Spanish',
   Proceedings of 6th International Conference on Language Resources and Evaluation. Marrakesh (Morocco).

  In addition, the following paper must be cited if coreference information (attributes entity, coreftype,
  corefsubtype, homophoricDD or entityref) is used:

 * Recasens, Marta, M. Antònia Martí (2010) ‘AnCora-CO: Coreferentially annotated corpora for Spanish and
   Catalan’. Language Resources and Evaluation, Springer Science.

  Additionally, the following paper must be cited when argumental attributes in "sn" or "grup.nom"
  (attributes func, arg, tem or lexicalid) are used:

 * Peris, Aina, Mariona Taulé, Horacio Rodríguez (2010) ‘Semantic Annotation of Deverbal Nominalizations in the
   Spanish AnCora corpus’. Treebanks and Linguistic Theories (TLT-2010), Estonia.
-->
<article lng="es">
  <sentence coord="yes" title="yes">
    <S>
      <sn arg="arg0" entity="entity1" entityref="ne" func="suj" ne="number" tem="agt" title="yes">
        <spec gen="m" num="p">
          <d gen="m" lem="el" num="p" pos="da0mp0" postype="article" wd="Los"/>
          <z lem="15" ne="number" wd="15"/>
        </spec>
        <grup.nom gen="m" num="p">
          <n gen="m" lem="kilómetro" num="p" pos="ncmp000" postype="common" sense="16:09822867" wd="kilómetros"/>
          <sp>
            <prep>
              <s lem="de" pos="sps00" postype="preposition" wd="de"/>
            </prep>
            <sn>
              <grup.nom gen="f" num="s">
                <n gen="f" lem="vía" num="s" pos="ncfs000" postype="common" sense="16:03600463" wd="vía"/>
              </grup.nom>
            </sn>
          </sp>
        </grup.nom>
      </sn>
      <grup.verb>
        <v lem="comunicar" lss="A22.transitive-agentive-theme" mood="indicative" num="p" person="3" pos="vmif3p0" postype="main" tense="future" wd="comunicarán"/>
      </grup.verb>
      <sn arg="arg1" entity="entity12" entityref="nne" func="cd" tem="pat" title="yes">
        <spec gen="f" num="p">
          <d gen="c" lem="dos" num="p" pos="dn0cp0" postype="numeral" wd="dos"/>
        </spec>
        <grup.nom gen="f" num="p">
          <n gen="f" lem="comarca" num="p" pos="ncfp000" postype="common" sense="16:50004760" wd="comarcas"/>
        </grup.nom>
      </sn>
    </S>
    <conj conjunctiontype="coordinating">
      <c lem="y" pos="cc" postype="coordinating" wd="y"/>
    </conj>
    <S>
      <sn arg="arg1" coreftype="ident" elliptic="yes" entity="entity1" entityref="spec" func="suj" tem="tem"/>
      <grup.verb>
        <v lem="costar" lss="C31.state-scalar" mood="indicative" num="p" person="3" pos="vmif3p0" postype="main" tense="future" wd="costarán"/>
      </grup.verb>
      <sn arg="arg2" entity="entity11" entityref="nne" func="cd" functype="quantitative" tem="ext" title="yes">
        <spec gen="m" num="p">
          <z lem="1350" ne="number" wd="1.350"/>
        </spec>
        <grup.nom gen="m" num="p">
          <n gen="m" lem="millón" num="p" pos="ncmp000" postype="common" sense="16:09902865" wd="millones"/>
        </grup.nom>
      </sn>
    </S>
    <f lem="." pos="fp" punct="period" wd="."/>
  </sentence>
  <sentence>
    <sn arg="arg0" entityref="ne" func="suj" ne="organization" tem="agt">
      <spec gen="f" num="s">
        <d gen="f" lem="el" num="s" pos="da0fs0" postype="article" wd="La"/>
      </spec>
      <grup.nom gen="f" num="s">
        <n lem="Conselleria_d'Obres_Públiques" ne="organization" pos="np00000" postype="proper" wd="Conselleria_d'Obres_Públiques"/>
      </grup.nom>
    </sn>
    <grup.verb>
      <v lem="iniciar" lss="A21.transitive-agentive-patient" mood="indicative" num="s" person="3" pos="vmip3s0" postype="main" tense="present" wd="inicia"/>
    </grup.verb>
    <sadv arg="argM" func="cc" tem="tmp">
      <grup.adv>
        <r lem="mañana" pos="rg" wd="mañana"/>
      </grup.adv>
    </sadv>
    <sn arg="arg1" entityref="nne" func="cd" homophoricDD="yes" tem="pat">
      <spec gen="f" num="s">
        <d gen="f" lem="el" num="s" pos="da0fs0" postype="article" wd="la"/>
      </spec>
      <grup.nom gen="f" num="s">
        <n gen="f" lem="construcción" lexicalid="noun.construcción.3.default" num="s" origin="deverbal" pos="ncfs000" postype="common" sense="16:00585093" wd="construcción"/>
        <sp arg="arg1" func="cn" tem="pat">
          <prep>
            <s lem="de" pos="sps00" postype="preposition" wd="de"/>
          </prep>
          <sn coreftype="ident" entity="entity1" entityref="ne" ne="location">
            <spec gen="f" num="s">
              <d gen="f" lem="el" num="s" pos="da0fs0" postype="article" wd="la"/>
            </spec>
            <grup.nom gen="f" num="s">
              <s.a gen="f" num="s">
                <grup.a gen="f" num="s">
                  <a gen="f" lem="nuevo" num="s" pos="aq0fs0" postype="qualificative" wd="nueva"/>
                </grup.a>
              </s.a>
              <n gen="f" lem="carretera" num="s" pos="ncfs000" postype="common" sense="16:03243979" wd="carretera"/>
              <sp>
                <prep>
                  <s lem="de" pos="sps00" postype="preposition" wd="de"/>
                </prep>
                <sn entityref="ne" ne="location">
                  <grup.nom>
                    <n lem="Josa_i_Tuixén" ne="location" pos="np00000" postype="proper" wd="Josa_i_Tuixén"/>
                    <sp>
                      <prep>
                        <s lem="a" pos="sps00" postype="preposition" wd="a"/>
                      </prep>
                      <sn entityref="ne" ne="location">
                        <sn entityref="ne" ne="location">
                          <grup.nom>
                            <n lem="Gósol" ne="location" pos="np00000" postype="proper" wd="Gósol"/>
                          </grup.nom>
                        </sn>
                        <sn adjunct="yes" entityref="ne" ne="location">
                          <grup.nom>
                            <f lem="(" pos="fpa" punct="bracket" punctenclose="open" wd="("/>
                            <n lem="Berguedà" ne="location" pos="np00000" postype="proper" wd="Berguedà"/>
                            <f lem=")" pos="fpt" punct="bracket" punctenclose="close" wd=")"/>
                          </grup.nom>
                        </sn>
                      </sn>
                    </sp>
                  </grup.nom>
                </sn>
              </sp>
              <sn corefsubtype="indefinit" coreftype="pred" entity="entity1">
                <f lem="," pos="fc" punct="comma" wd=","/>
                <spec gen="f" num="s">
                  <d gen="f" lem="uno" num="s" pos="di0fs0" postype="indefinite" wd="una"/>
                </spec>
                <grup.nom gen="f" num="s">
                  <n gen="f" lem="vía" num="s" pos="ncfs000" postype="common" sense="16:03600463" wd="vía"/>
                  <S clausetype="relative" coord="yes">
                    <S clausetype="relative">
                      <relatiu arg="arg0" coreftype="ident" entity="entity1" entityref="spec" func="suj" tem="agt">
                        <p gen="c" lem="que" num="c" pos="pr0cn000" postype="relative" wd="que"/>
                      </relatiu>
                      <grup.verb>
                        <v lem="unir" lss="A34.ditransitive-patient-theme" mood="indicative" num="s" person="3" pos="vmif3s0" postype="main" tense="future" wd="unirá"/>
                      </grup.verb>
                      <sn arg="arg1" coreftype="ident" entity="entity12" entityref="nne" func="cd" tem="pat">
                        <spec gen="f" num="p">
                          <d gen="c" lem="dos" num="p" pos="dn0cp0" postype="numeral" wd="dos"/>
                        </spec>
                        <grup.nom gen="f" num="p">
                          <n gen="f" lem="comarca" num="p" pos="ncfp000" postype="common" sense="16:50004760" wd="comarcas"/>
                          <s.a gen="f" num="p">
                            <grup.a gen="f" num="p">
                              <a gen="f" lem="pirenaico" num="p" pos="aq0fp0" postype="qualificative" wd="pirenaicas"/>
                            </grup.a>
                          </s.a>
                        </grup.nom>
                      </sn>
                    </S>
                    <conj conjunctiontype="coordinating">
                      <c lem="y" pos="cc" postype="coordinating" wd="y"/>
                    </conj>
                    <S clausetype="relative">
                      <relatiu arg="arg1" coreftype="ident" entity="entity1" entityref="spec" func="suj" tem="tem">
                        <p gen="c" lem="que" num="c" pos="pr0cn000" postype="relative" wd="que"/>
                      </relatiu>
                      <grup.verb>
                        <v lem="suponer" lss="C21.state-attributive" mood="indicative" num="s" person="3" pos="vmif3s0" postype="main" tense="future" wd="supondrá"/>
                      </grup.verb>
                      <sn arg="arg2" coreftype="ident" entity="entity11" entityref="nne" func="cd" functype="quantitative" tem="atr">
                        <spec gen="f" num="s">
                          <d gen="f" lem="uno" num="s" pos="di0fs0" postype="indefinite" wd="una"/>
                        </spec>
                        <grup.nom gen="f" num="s">
                          <n gen="f" lem="inversión" lexicalid="noun.inversión.2.default" num="s" origin="deverbal" pos="ncfs000" postype="common" sense="16:00712429" wd="inversión"/>
                          <sp arg="arg1" func="cn" tem="pat">
                            <prep>
                              <s lem="de" pos="sps00" postype="preposition" wd="de"/>
                            </prep>
                            <sn entityref="ne" ne="number">
                              <spec gen="m" num="p">
                                <z lem="1350" ne="number" wd="1.350"/>
                              </spec>
                              <grup.nom gen="m" num="p">
                                <n gen="m" lem="millón" num="p" pos="ncmp000" postype="common" sense="16:09902865" wd="millones"/>
                                <sp>
                                  <prep>
                                    <s lem="de" pos="sps00" postype="preposition" wd="de"/>
                                  </prep>
                                  <sn entityref="ne" ne="number">
                                    <grup.nom gen="f" num="p">
                                      <z lem="peseta" ne="number" pos="zm" postype="currency" wd="pesetas"/>
                                    </grup.nom>
                                  </sn>
                                </sp>
                              </grup.nom>
                            </sn>
                          </sp>
                        </grup.nom>
                      </sn>
                    </S>
                  </S>
                </grup.nom>
              </sn>
            </grup.nom>
          </sn>
        </sp>
      </grup.nom>
    </sn>
    <f lem="." pos="fp" punct="period" wd="."/>
  </sentence>
  <sentence>
    <sn arg="arg0" entity="entity8" entityref="ne" func="suj" ne="organization" tem="agt">
      <spec gen="f" num="s">
        <d gen="f" lem="el" num="s" pos="da0fs0" postype="article" wd="La"/>
      </spec>
      <grup.nom gen="f" num="s">
        <n lem="Generalitat" ne="organization" pos="np00000" postype="proper" wd="Generalitat"/>
      </grup.nom>
    </sn>
    <grup.verb>
      <v lem="haber" mood="indicative" num="s" person="3" pos="vaip3s0" postype="auxiliary" tense="present" wd="ha"/>
      <v gen="m" lem="adjudicar" lss="A32.ditransitive-patient-benefactive" mood="participle" num="s" pos="vmp00sm" postype="main" wd="adjudicado"/>
    </grup.verb>
    <sn arg="arg1" entityref="nne" func="cd" tem="pat">
      <spec gen="m" num="p">
        <d gen="m" lem="el" num="p" pos="da0mp0" postype="article" wd="los"/>
      </spec>
      <grup.nom gen="m" num="p">
        <n gen="m" lem="trabajo" lexicalid="noun.trabajo.1.default" num="p" origin="deverbal" pos="ncmp000" postype="common" sense="16:00383807" wd="trabajos"/>
      </grup.nom>
    </sn>
    <sp arg="arg2" func="ci" tem="ben">
      <prep>
        <s lem="a" pos="sps00" postype="preposition" wd="a"/>
      </prep>
      <sn entity="entity3" entityref="ne" ne="organization">
        <spec gen="f" num="s">
          <d gen="f" lem="el" num="s" pos="da0fs0" postype="article" wd="la"/>
        </spec>
        <grup.nom gen="f" num="s">
          <n gen="f" lem="empresa" num="s" pos="ncfs000" postype="common" sense="16:06004580" wd="empresa"/>
          <sn entityref="ne" ne="organization">
            <grup.nom gen="f" num="s">
              <n lem="Obras_y_Contratas_Javier_Guinovart_SA" ne="organization" pos="np00000" postype="proper" wd="Obras_y_Contratas_Javier_Guinovart_SA"/>
            </grup.nom>
          </sn>
          <S clausetype="relative">
            <f lem="," pos="fc" punct="comma" wd=","/>
            <relatiu arg="arg0" coreftype="ident" entity="entity3" entityref="spec" func="suj" tem="agt">
              <p gen="c" lem="que" num="c" pos="pr0cn000" postype="relative" wd="que"/>
            </relatiu>
            <grup.verb>
              <v lem="realizar" lss="A21.transitive-agentive-patient" mood="indicative" num="s" person="3" pos="vmif3s0" postype="main" tense="future" wd="realizará"/>
            </grup.verb>
            <sn arg="arg1" coreftype="ident" entity="entity1" entityref="spec" func="cd" tem="pat">
              <spec gen="m" num="s">
                <d gen="m" lem="el" num="s" pos="da0ms0" postype="article" wd="el"/>
              </spec>
              <grup.nom gen="m" num="s">
                <s.a func="cn" gen="m" num="s">
                  <grup.a gen="m" num="s">
                    <a gen="m" lem="nuevo" num="s" pos="aq0ms0" postype="qualificative" wd="nuevo"/>
                  </grup.a>
                </s.a>
                <n gen="m" lem="acceso" lexicalid="noun.acceso.1.default" num="s" origin="deverbal" pos="ncms000" postype="common" sense="16:02159544" wd="acceso"/>
                <sp arg="argM" func="cn" tem="adv">
                  <prep>
                    <s lem="de" pos="sps00" postype="preposition" wd="de"/>
                  </prep>
                  <sn entityref="ne" ne="number">
                    <spec gen="m" num="p">
                      <z lem="15" ne="number" wd="15"/>
                    </spec>
                    <grup.nom gen="m" num="p">
                      <n gen="m" lem="kilómetro" num="p" pos="ncmp000" postype="common" sense="16:09822867" wd="kilómetros"/>
                      <sp>
                        <prep>
                          <s lem="de" pos="sps00" postype="preposition" wd="de"/>
                        </prep>
                        <sn>
                          <grup.nom gen="f" num="s">
                            <n gen="f" lem="longitud" num="s" pos="ncfs000" postype="common" sense="16:03999338" wd="longitud"/>
                          </grup.nom>
                        </sn>
                      </sp>
                    </grup.nom>
                  </sn>
                </sp>
              </grup.nom>
            </sn>
            <sp arg="argM" func="cc" tem="tmp">
              <prep>
                <s lem="en" pos="sps00" postype="preposition" wd="en"/>
              </prep>
              <sn entityref="nne">
                <spec gen="m" num="s">
                  <d gen="m" lem="uno" num="s" pos="di0ms0" postype="indefinite" wd="un"/>
                </spec>
                <grup.nom gen="m" num="s">
                  <n gen="m" lem="plazo" num="s" pos="ncms000" postype="common" sense="16:10935385" wd="plazo"/>
                  <sp>
                    <prep>
                      <s lem="de" pos="sps00" postype="preposition" wd="de"/>
                    </prep>
                    <sn entityref="ne" ne="number">
                      <spec gen="m" num="p">
                        <z lem="11" ne="number" wd="11"/>
                      </spec>
                      <grup.nom gen="m" num="p">
                        <n gen="m" lem="mes" num="p" pos="ncmp000" postype="common" sense="16:10922179" wd="meses"/>
                      </grup.nom>
                    </sn>
                  </sp>
                </grup.nom>
              </sn>
            </sp>
          </S>
        </grup.nom>
      </sn>
    </sp>
    <f lem="." pos="fp" punct="period" wd="."/>
  </sentence>
  <sentence>
    <sn arg="arg1" coreftype="ident" entity="entity1" entityref="spec" func="suj" tem="tem">
      <spec gen="f" num="s">
        <d gen="f" lem="el" num="s" pos="da0fs0" postype="article" wd="La"/>
      </spec>
      <grup.nom gen="f" num="s">
        <n gen="f" lem="carretera" num="s" pos="ncfs000" postype="common" sense="16:03243979" wd="carretera"/>
      </grup.nom>
    </sn>
    <grup.verb>
      <v lem="suponer" lss="C21.state-attributive" mood="indicative" num="s" person="3" pos="vmif3s0" postype="main" tense="future" wd="supondrá"/>
    </grup.verb>
    <sn arg="arg2" entityref="nne" func="cd" functype="quantitative" tem="atr">
      <spec gen="f" num="s">
        <d gen="f" lem="uno" num="s" pos="di0fs0" postype="indefinite" wd="una"/>
      </spec>
      <grup.nom gen="f" num="s">
        <s.a func="cn" gen="f" num="s">
          <grup.a gen="f" num="s">
            <a gen="c" lem="importante" num="s" pos="aq0cs0" postype="qualificative" wd="importante"/>
          </grup.a>
        </s.a>
        <n gen="f" lem="mejora" lexicalid="noun.mejora.1.default" num="s" origin="deverbal" pos="ncfs000" postype="common" sense="16:00159157" wd="mejora"/>
        <sp arg="arg1" func="cn" tem="tem">
          <prep>
            <s lem="de" pos="sps00" postype="preposition" wd="de"/>
          </prep>
          <sn entityref="nne">
            <spec gen="f" num="p">
              <d gen="f" lem="el" num="p" pos="da0fp0" postype="article" wd="las"/>
            </spec>
            <grup.nom gen="f" num="p">
              <n gen="f" lem="comunicación" lexicalid="noun.comunicación.1.default" num="p" origin="deverbal" pos="ncfp000" postype="common" sense="16:04728675" wd="comunicaciones"/>
            </grup.nom>
          </sn>
        </sp>
      </grup.nom>
    </sn>
    <sp arg="argM" func="cc" tem="loc">
      <prep>
        <s lem="en" pos="sps00" postype="preposition" wd="en"/>
      </prep>
      <sn entity="entity16" entityref="ne" ne="location">
        <spec gen="f" num="s">
          <d gen="f" lem="el" num="s" pos="da0fs0" postype="article" wd="la"/>
        </spec>
        <grup.nom gen="f" num="s">
          <n gen="f" lem="zona" num="s" pos="ncfs000" postype="common" sense="16:06395720" wd="zona"/>
          <sp>
            <prep>
              <s contracted="yes" gen="m" lem="del" num="s" pos="spcms" postype="preposition" wd="del"/>
            </prep>
            <sn entityref="ne" ne="location">
              <grup.nom gen="m" num="s">
                <n lem="Cadí" ne="location" pos="np00000" postype="proper" wd="Cadí"/>
              </grup.nom>
            </sn>
          </sp>
        </grup.nom>
      </sn>
    </sp>
    <S arg="argM" clausetype="adverbial" func="cc" tem="cau">
      <conj conjunctiontype="subordinating">
        <c lem="ya_que" pos="cs" postype="subordinating" wd="ya_que"/>
      </conj>
      <sn arg="arg0" coreftype="ident" elliptic="yes" entity="entity1" entityref="spec" func="suj" tem="agt"/>
      <grup.verb>
        <v lem="enlazar" lss="A21.transitive-agentive-patient" mood="indicative" num="s" person="3" pos="vmif3s0" postype="main" tense="future" wd="enlazará"/>
      </grup.verb>
      <sn arg="arg1" entity="entity13" entityref="ne" func="cd" ne="location" tem="pat">
        <spec gen="m" num="s">
          <d gen="m" lem="el" num="s" pos="da0ms0" postype="article" wd="el"/>
        </spec>
        <grup.nom gen="m" num="s">
          <n lem="Alt_Urgell" ne="location" pos="np00000" postype="proper" wd="Alt_Urgell"/>
        </grup.nom>
      </sn>
      <sp arg="argM" coord="yes" func="cc" tem="adv">
        <sp>
          <prep>
            <s lem="con" pos="sps00" postype="preposition" wd="con"/>
          </prep>
          <sn entity="entity14" entityref="ne" ne="location">
            <spec gen="m" num="s">
              <d gen="m" lem="el" num="s" pos="da0ms0" postype="article" wd="el"/>
            </spec>
            <grup.nom gen="m" num="s">
              <n lem="Berguedà" ne="location" pos="np00000" postype="proper" wd="Berguedà"/>
            </grup.nom>
          </sn>
        </sp>
        <conj conjunctiontype="coordinating">
          <c lem="y" pos="cc" postype="coordinating" wd="y"/>
        </conj>
        <sp>
          <sadv adjunct="yes">
            <grup.adv>
              <r lem="también" pos="rg" wd="también"/>
            </grup.adv>
          </sadv>
          <sp>
            <prep>
              <s lem="con" pos="sps00" postype="preposition" wd="con"/>
            </prep>
            <sn entityref="ne" ne="location">
              <spec gen="m" num="s">
                <d gen="m" lem="el" num="s" pos="da0ms0" postype="article" wd="el"/>
              </spec>
              <grup.nom gen="m" num="s">
                <n lem="Solsonès" ne="location" pos="np00000" postype="proper" wd="Solsonès"/>
              </grup.nom>
            </sn>
          </sp>
        </sp>
      </sp>
    </S>
    <f lem="." pos="fp" punct="period" wd="."/>
  </sentence>
  <sentence>
    <sp arg="argM" func="cc" tem="tmp">
      <prep>
        <s lem="hasta" pos="sps00" postype="preposition" wd="Hasta"/>
      </prep>
      <sadv>
        <grup.adv>
          <r lem="ahora" pos="rg" wd="ahora"/>
        </grup.adv>
      </sadv>
      <f lem="," pos="fc" punct="comma" wd=","/>
    </sp>
    <sn arg="arg1" entity="entity5" entityref="nne" func="suj" homophoricDD="yes" tem="tem">
      <spec gen="f" num="s">
        <d gen="f" lem="el" num="s" pos="da0fs0" postype="article" wd="la"/>
      </spec>
      <grup.nom gen="f" num="s">
        <s.a gen="f" num="s">
          <grup.a gen="f" num="s">
            <a gen="f" lem="único" num="s" pos="aq0fs0" postype="qualificative" wd="única"/>
          </grup.a>
        </s.a>
        <n gen="f" lem="vía" num="s" pos="ncfs000" postype="common" sense="16:03600463" wd="vía"/>
        <S clausetype="relative">
          <relatiu arg="arg0" coreftype="ident" entity="entity5" entityref="nne" func="suj" tem="agt">
            <p gen="c" lem="que" num="c" pos="pr0cn000" postype="relative" wd="que"/>
          </relatiu>
          <grup.verb>
            <v lem="comunicar" lss="A22.transitive-agentive-theme" mood="indicative" num="s" person="3" pos="vmip3s0" postype="main" tense="present" wd="comunica"/>
          </grup.verb>
          <sn arg="arg1" coreftype="ident" entity="entity13+entity14" entityref="spec" func="cd" tem="pat">
            <spec gen="f" num="p">
              <d gen="f" lem="el" num="p" pos="da0fp0" postype="article" wd="las"/>
              <d gen="c" lem="dos" num="p" pos="dn0cp0" postype="numeral" wd="dos"/>
            </spec>
            <grup.nom gen="f" num="p">
              <s.a gen="f" num="p">
                <grup.a gen="f" num="p">
                  <a gen="f" lem="primero" num="p" pos="ao0fp0" postype="ordinal" wd="primeras"/>
                </grup.a>
              </s.a>
              <n gen="f" lem="comarca" num="p" pos="ncfp000" postype="common" sense="16:50004760" wd="comarcas"/>
            </grup.nom>
          </sn>
        </S>
      </grup.nom>
    </sn>
    <grup.verb>
      <v lem="ser" lss="C21.state-attributive" mood="indicative" num="s" person="3" pos="vsip3s0" postype="semiauxiliary" tense="present" wd="es"/>
    </grup.verb>
    <sn arg="arg2" corefsubtype="indefinit" coreftype="pred" entity="entity5" func="atr" tem="atr">
      <spec gen="f" num="s">
        <d gen="f" lem="uno" num="s" pos="di0fs0" postype="indefinite" wd="una"/>
      </spec>
      <grup.nom gen="f" num="s">
        <n gen="f" lem="pista" num="s" pos="ncfs000" postype="common" sense="16:03199185" wd="pista"/>
        <sp>
          <prep>
            <s lem="de" pos="sps00" postype="preposition" wd="de"/>
          </prep>
          <sn>
            <grup.nom gen="f" num="s">
              <n gen="f" lem="tierra" num="s" pos="ncfs000" postype="common" sense="16:10647622" wd="tierra"/>
            </grup.nom>
          </sn>
        </sp>
        <S clausetype="relative">
          <relatiu arg="arg1" coreftype="ident" entity="entity5" entityref="nne" func="suj" tem="tem">
            <p gen="c" lem="que" num="c" pos="pr0cn000" postype="relative" wd="que"/>
          </relatiu>
          <grup.verb>
            <v lem="estar" lss="C21.state-attributive" mood="indicative" num="s" person="3" pos="vmip3s0" postype="main" tense="present" wd="está"/>
          </grup.verb>
          <sp arg="arg2" func="atr" tem="atr">
            <prep>
              <s lem="en" pos="sps00" postype="preposition" wd="en"/>
            </prep>
            <sn entityref="nne">
              <grup.nom gen="f" num="p">
                <s.a gen="f" num="p">
                  <grup.a gen="f" num="p">
                    <a gen="f" lem="malo" num="p" pos="aq0fp0" postype="qualificative" wd="malas"/>
                  </grup.a>
                </s.a>
                <n gen="f" lem="condición" num="p" pos="ncfp000" postype="common" sense="16:10032130" wd="condiciones"/>
                <sp>
                  <prep>
                    <s lem="para" pos="sps00" postype="preposition" wd="para"/>
                  </prep>
                  <sn entityref="nne" homophoricDD="yes">
                    <spec gen="f" num="s">
                      <d gen="f" lem="el" num="s" pos="da0fs0" postype="article" wd="la"/>
                    </spec>
                    <grup.nom gen="f" num="s">
                      <n gen="f" lem="circulación" lexicalid="noun.circulación.1.default" num="s" origin="deverbal" pos="ncfs000" postype="common" sense="16:06231214" wd="circulación"/>
                      <sp arg="arg0" func="cn" tem="agt">
                        <prep>
                          <s lem="de" pos="sps00" postype="preposition" wd="de"/>
                        </prep>
                        <sn entityref="nne">
                          <grup.nom gen="m" num="p">
                            <n gen="m" lem="vehículo" num="p" pos="ncmp000" postype="common" sense="16:03569523" wd="vehículos"/>
                          </grup.nom>
                        </sn>
                      </sp>
                    </grup.nom>
                  </sn>
                </sp>
              </grup.nom>
            </sn>
          </sp>
        </S>
      </grup.nom>
    </sn>
    <f lem="." pos="fp" punct="period" wd="."/>
  </sentence>
  <sentence>
    <sn arg="arg1" entity="entity15" entityref="nne" func="suj" homophoricDD="yes" tem="tem">
      <spec gen="f" num="s">
        <d gen="f" lem="el" num="s" pos="da0fs0" postype="article" wd="La"/>
      </spec>
      <grup.nom gen="f" num="s">
        <n gen="f" lem="apertura" lexicalid="noun.apertura.7.default" num="s" origin="deverbal" pos="ncfs000" postype="common" sense="16:00153241" wd="apertura"/>
        <sp arg="arg1" func="cn" tem="pat">
          <prep>
            <s lem="de" pos="sps00" postype="preposition" wd="de"/>
          </prep>
          <sn entityref="nne">
            <spec gen="f" num="s">
              <d gen="f" lem="uno" num="s" pos="di0fs0" postype="indefinite" wd="una"/>
            </spec>
            <grup.nom gen="f" num="s">
              <n gen="f" lem="carretera" num="s" pos="ncfs000" postype="common" sense="16:03243979" wd="carretera"/>
              <S clausetype="participle" impersonal="yes">
                <participi>
                  <a gen="f" lem="asfaltado" num="s" pos="aq0fsp" posfunction="participle" postype="qualificative" wd="asfaltada"/>
                </participi>
              </S>
              <sp>
                <prep>
                  <s lem="de" pos="sps00" postype="preposition" wd="de"/>
                </prep>
                <sn entityref="nne">
                  <spec gen="m" num="p">
                    <d gen="c" lem="cinco" num="p" pos="dn0cp0" postype="numeral" wd="cinco"/>
                  </spec>
                  <grup.nom gen="m" num="p">
                    <n gen="m" lem="metro" num="p" pos="ncmp000" postype="common" sense="16:09822324" wd="metros"/>
                    <sp>
                      <prep>
                        <s lem="de" pos="sps00" postype="preposition" wd="de"/>
                      </prep>
                      <sn>
                        <grup.nom gen="m" num="s">
                          <n gen="m" lem="ancho" num="s" pos="ncms000" postype="common" sense="16:04001445" wd="ancho"/>
                        </grup.nom>
                      </sn>
                    </sp>
                  </grup.nom>
                </sn>
              </sp>
            </grup.nom>
          </sn>
        </sp>
      </grup.nom>
    </sn>
    <grup.verb>
      <v lem="ser" lss="C21.state-attributive" mood="indicative" num="s" person="3" pos="vsip3s0" postype="semiauxiliary" tense="present" wd="es"/>
    </grup.verb>
    <sn arg="arg2" corefsubtype="indefinit" coreftype="pred" entity="entity15" entityref="nne" func="atr" tem="atr">
      <spec gen="f" num="s">
        <d gen="f" lem="uno" num="s" pos="di0fs0" postype="indefinite" wd="una"/>
      </spec>
      <grup.nom gen="f" num="s">
        <n gen="f" lem="reivindicación" lexicalid="noun.reivindicación.1.default" num="s" origin="deverbal" pos="ncfs000" postype="common" sense="16:05387341" wd="reivindicación"/>
        <s.a func="cn" gen="f" num="s">
          <grup.a gen="f" num="s">
            <a gen="c" lem="pendiente" num="s" pos="aq0cs0" postype="qualificative" wd="pendiente"/>
            <sp>
              <prep>
                <s lem="desde" pos="sps00" postype="preposition" wd="desde"/>
              </prep>
              <sn entityref="nne">
                <v lem="hacer" mood="indicative" num="s" person="3" pos="vmip3s0" postype="main" tense="present" wd="hace"/>
                <r lem="más" pos="rg" wd="más"/>
                <s lem="de" pos="sps00" postype="preposition" wd="de"/>
                <z lem="15" ne="number" wd="15"/>
                <n gen="m" lem="año" num="p" pos="ncmp000" postype="common" sense="16:10917509" wd="años"/>
              </sn>
            </sp>
          </grup.a>
        </s.a>
        <sp arg="arg0" func="cn" tem="agt">
          <prep>
            <s lem="de" pos="sps00" postype="preposition" wd="de"/>
          </prep>
          <sn entityref="nne" homophoricDD="yes">
            <spec gen="f" num="p">
              <d gen="f" lem="el" num="p" pos="da0fp0" postype="article" wd="las"/>
            </spec>
            <grup.nom gen="f" num="p">
              <n gen="f" lem="población" lexicalid="noun.población.1.default" num="p" origin="deverbal" pos="ncfp000" postype="common" sense="16:06382213" wd="poblaciones"/>
              <sp arg="arg1" func="cn" tem="pat">
                <prep>
                  <s lem="de" pos="sps00" postype="preposition" wd="de"/>
                </prep>
                <sn coreftype="ident" entity="entity16" entityref="spec">
                  <spec gen="f" num="s">
                    <d gen="f" lem="este" num="s" pos="dd0fs0" postype="demonstrative" wd="esta"/>
                  </spec>
                  <grup.nom gen="f" num="s">
                    <n gen="f" lem="zona" num="s" pos="ncfs000" postype="common" sense="16:06395720" wd="zona"/>
                    <s.a gen="f" num="s">
                      <grup.a gen="f" num="s">
                        <a gen="f" lem="pirenaico" num="s" pos="aq0fs0" postype="qualificative" wd="pirenaica"/>
                      </grup.a>
                    </s.a>
                  </grup.nom>
                </sn>
              </sp>
            </grup.nom>
          </sn>
        </sp>
      </grup.nom>
    </sn>
    <f lem="." pos="fp" punct="period" wd="."/>
  </sentence>
  <sentence>
    <sn arg="arg0" entity="entity6" entityref="nne" func="suj" homophoricDD="yes" tem="agt">
      <spec gen="m" num="p">
        <d gen="m" lem="el" num="p" pos="da0mp0" postype="article" wd="Los"/>
      </spec>
      <grup.nom gen="m" num="p">
        <n gen="m" lem="alcalde" num="p" pos="ncmp000" postype="common" sense="16:07401898" wd="alcaldes"/>
        <sp>
          <prep>
            <s lem="de" pos="sps00" postype="preposition" wd="de"/>
          </prep>
          <sn complex="yes">
            <grup.nom coord="yes">
              <grup.nom>
                <n lem="Josa_i_Tuxén" ne="location" pos="np00000" postype="proper" wd="Josa_i_Tuxén"/>
              </grup.nom>
              <conj conjunctiontype="coordinating">
                <c lem="y" pos="cc" postype="coordinating" wd="y"/>
              </conj>
              <grup.nom>
                <n lem="Gòsol" ne="location" pos="np00000" postype="proper" wd="Gòsol"/>
              </grup.nom>
            </grup.nom>
          </sn>
        </sp>
        <sn complex="yes" corefsubtype="definit" coreftype="pred" entity="entity6">
          <f lem="," pos="fc" punct="comma" wd=","/>
          <grup.nom coord="yes">
            <grup.nom coord="yes">
              <grup.nom gen="m" num="s">
                <grup.nom gen="m" num="s">
                  <n lem="Josep_Pallerola" ne="person" pos="np00000" postype="proper" wd="Josep_Pallerola"/>
                </grup.nom>
                <sn adjunct="yes" entityref="ne" ne="organization">
                  <grup.nom>
                    <f lem="(" pos="fpa" punct="bracket" punctenclose="open" wd="("/>
                    <n lem="CiU" ne="organization" pos="np00000" postype="proper" wd="CiU"/>
                    <f lem=")" pos="fpt" punct="bracket" punctenclose="close" wd=")"/>
                  </grup.nom>
                </sn>
              </grup.nom>
              <conj conjunctiontype="coordinating">
                <c lem="y" pos="cc" postype="coordinating" wd="y"/>
              </conj>
              <grup.nom gen="m" num="s">
                <grup.nom gen="m" num="s">
                  <n lem="Josep_Tomàs" ne="person" pos="np00000" postype="proper" wd="Josep_Tomàs"/>
                </grup.nom>
                <sn adjunct="yes" entityref="ne" ne="organization">
                  <grup.nom>
                    <f lem="(" pos="fpa" punct="bracket" punctenclose="open" wd="("/>
                    <n lem="PSC" ne="organization" pos="np00000" postype="proper" wd="PSC"/>
                    <f lem=")" pos="fpt" punct="bracket" punctenclose="close" wd=")"/>
                  </grup.nom>
                </sn>
              </grup.nom>
            </grup.nom>
            <sadv adjunct="yes">
              <grup.adv>
                <r lem="respectivamente" pos="rg" wd="respectivamente"/>
              </grup.adv>
            </sadv>
          </grup.nom>
          <f lem="," pos="fc" punct="comma" wd=","/>
        </sn>
      </grup.nom>
    </sn>
    <grup.verb>
      <v lem="coincidir" lss="A22.transitive-agentive-theme" mood="indicative" num="p" person="3" pos="vmis3p0" postype="main" tense="past" wd="coincidieron"/>
    </grup.verb>
    <sp arg="arg1" func="creg" tem="tem">
      <prep>
        <s lem="en" pos="sps00" postype="preposition" wd="en"/>
      </prep>
      <S clausetype="completive" impersonal="yes">
        <infinitiu>
          <v lem="recordar" lss="A21.transitive-agentive-patient" mood="infinitive" pos="vmn0000" postype="main" wd="recordar"/>
        </infinitiu>
        <S arg="arg1" clausetype="completive" func="cd" tem="pat">
          <conj conjunctiontype="subordinating">
            <c lem="que" pos="cs" postype="subordinating" wd="que"/>
          </conj>
          <f lem="&quot;" pos="fe" punct="quotation" wd="&quot;"/>
          <sn arg="arg1" coreftype="ident" elliptic="yes" entity="entity1" entityref="spec" func="suj" tem="tem"/>
          <grup.verb>
            <v lem="ser" lss="C21.state-attributive" mood="indicative" num="s" person="3" pos="vsip3s0" postype="semiauxiliary" tense="present" wd="es"/>
          </grup.verb>
          <sn arg="arg2" corefsubtype="indefinit" coreftype="pred" entity="entity1" func="atr" tem="atr">
            <spec gen="f" num="s">
              <d gen="f" lem="uno" num="s" pos="di0fs0" postype="indefinite" wd="una"/>
            </spec>
            <grup.nom gen="f" num="s">
              <n arg="arg1" gen="f" lem="promesa" lexicalid="noun.promesa.1.default" num="s" origin="deverbal" pos="ncfs000" postype="common" sense="16:05396507" tem="pat" wd="promesa"/>
              <S clausetype="relative" func="cn">
                <relatiu arg="arg1" coreftype="ident" entity="entity1" entityref="spec" func="cd" tem="pat">
                  <p gen="c" lem="que" num="c" pos="pr0cn000" postype="relative" wd="que"/>
                </relatiu>
                <grup.verb>
                  <v lem="hacer" lss="A21.transitive-agentive-patient" mood="indicative" num="s" person="3" pos="vmis3s0" postype="main" tense="past" wd="hizo"/>
                </grup.verb>
                <sadv func="mod">
                  <grup.adv>
                    <r lem="ya" pos="rg" wd="ya"/>
                  </grup.adv>
                </sadv>
                <sn arg="arg0" entityref="ne" func="suj" ne="person" tem="agt">
                  <spec gen="m" num="s">
                    <d gen="m" lem="el" num="s" pos="da0ms0" postype="article" wd="el"/>
                  </spec>
                  <grup.nom gen="m" num="s">
                    <n gen="m" lem="conseller" num="s" pos="ncms000" postype="common" sense="16:cs2" wd="conseller"/>
                    <sn entityref="ne" ne="person">
                      <grup.nom gen="m" num="s">
                        <n lem="Josep_Maria_Cullell" ne="person" pos="np00000" postype="proper" wd="Josep_Maria_Cullell"/>
                      </grup.nom>
                    </sn>
                  </grup.nom>
                </sn>
                <sp arg="argM" func="cc" tem="tmp">
                  <prep>
                    <s lem="en" pos="sps00" postype="preposition" wd="en"/>
                  </prep>
                  <sn entityref="ne" ne="date">
                    <grup.nom gen="m" num="s">
                      <w lem="[??:??/??/1984:??.??]" ne="date" wd="1984"/>
                    </grup.nom>
                  </sn>
                </sp>
              </S>
            </grup.nom>
          </sn>
          <f lem="&quot;" pos="fe" punct="quotation" wd="&quot;"/>
        </S>
      </S>
    </sp>
    <f lem="." pos="fp" punct="period" wd="."/>
  </sentence>
  <sentence>
    <sn arg="arg0" coreftype="ident" entity="entity6" entityref="spec" func="suj" tem="agt">
      <spec gen="m" num="p">
        <d gen="m" lem="el" num="p" pos="da0mp0" postype="article" wd="Los"/>
      </spec>
      <grup.nom gen="m" num="p">
        <n gen="m" lem="edil" num="p" pos="ncmp000" postype="common" sense="16:07171285" wd="ediles"/>
      </grup.nom>
    </sn>
    <grup.verb>
      <v lem="afirmar" lss="A32.ditransitive-patient-benefactive" mood="indicative" num="p" person="3" pos="vmip3p0" postype="main" tense="present" wd="afirman"/>
    </grup.verb>
    <S arg="arg1" clausetype="completive" func="cd" tem="pat">
      <conj conjunctiontype="subordinating">
        <c lem="que" pos="cs" postype="subordinating" wd="que"/>
      </conj>
      <sp arg="argM" func="cc" tem="tmp">
        <f lem="," pos="fc" punct="comma" wd=","/>
        <prep>
          <s lem="durante" pos="sps00" postype="preposition" wd="durante"/>
        </prep>
        <sn entityref="nne">
          <spec gen="m" num="p">
            <d gen="m" lem="este" num="p" pos="dd0mp0" postype="demonstrative" wd="estos"/>
          </spec>
          <grup.nom gen="m" num="p">
            <n gen="m" lem="año" num="p" pos="ncmp000" postype="common" sense="16:10917509" wd="años"/>
          </grup.nom>
        </sn>
        <f lem="," pos="fc" punct="comma" wd=","/>
      </sp>
      <f lem="&quot;" pos="fe" punct="quotation" wd="&quot;"/>
      <sn arg="arg0" coreftype="ident" elliptic="yes" entity="entity6" entityref="spec" func="suj" tem="agt"/>
      <grup.verb>
        <v lem="haber" mood="indicative" num="p" person="3" pos="vaip3p0" postype="auxiliary" tense="present" wd="han"/>
        <v gen="m" lem="realizar" lss="A21.transitive-agentive-patient" mood="participle" num="s" pos="vmp00sm" postype="main" wd="realizado"/>
      </grup.verb>
      <sn arg="arg1" entityref="nne" func="cd" tem="pat">
        <spec gen="f" num="p">
          <d gen="c" lem="diferente" num="p" pos="di0cp0" postype="indefinite" wd="diferentes"/>
        </spec>
        <grup.nom gen="f" num="p">
          <n gen="f" lem="acción" lexicalid="noun.acción.2.default" num="p" origin="deverbal" pos="ncfp000" postype="common" sense="16:00022246" wd="acciones"/>
        </grup.nom>
      </sn>
      <sp arg="argM" func="cc" tem="fin">
        <prep>
          <s lem="con_el_objetivo_de" pos="sps00" postype="preposition" wd="con_el_objetivo_de"/>
        </prep>
        <S clausetype="completive">
          <conj conjunctiontype="subordinating">
            <c lem="que" pos="cs" postype="subordinating" wd="que"/>
          </conj>
          <sn arg="arg0" coreftype="ident" entity="entity8" entityref="ne" func="suj" ne="organization" tem="agt">
            <spec gen="f" num="s">
              <d gen="f" lem="el" num="s" pos="da0fs0" postype="article" wd="la"/>
            </spec>
            <grup.nom gen="f" num="s">
              <n lem="Generalitat" ne="organization" pos="np00000" postype="proper" wd="Generalitat"/>
            </grup.nom>
          </sn>
          <grup.verb>
            <v lem="hacer" lss="A21.transitive-agentive-patient" mood="subjunctive" num="s" person="3" pos="vmsi3s0" postype="main" tense="imperfect" wd="hiciera"/>
          </grup.verb>
          <sn arg="arg2" entityref="nne" func="cpred" predicate="cd" tem="atr">
            <grup.nom gen="f" num="s">
              <n gen="f" lem="realidad" num="s" pos="ncfs000" postype="common" sense="16:10054722" wd="realidad"/>
            </grup.nom>
          </sn>
          <sn arg="arg1" coreftype="ident" entity="entity1" entityref="spec" func="cd" tem="pat">
            <spec gen="f" num="s">
              <d gen="f" lem="el" num="s" pos="da0fs0" postype="article" wd="la"/>
            </spec>
            <grup.nom gen="f" num="s">
              <n arg="arg1" gen="f" lem="obra" lexicalid="noun.obra.2.default" num="s" origin="deverbal" pos="ncfs000" postype="common" sense="16:50005895" tem="pat" wd="obra"/>
            </grup.nom>
          </sn>
        </S>
      </sp>
      <f lem="&quot;" pos="fe" punct="quotation" wd="&quot;"/>
    </S>
    <f lem="." pos="fp" punct="period" wd="."/>
  </sentence>
  <sentence>
    <sp discid="1c" func="ao">
      <prep>
        <s lem="para" pos="sps00" postype="preposition" wd="Para"/>
      </prep>
      <sn entityref="nne">
        <spec gen="m" num="p">
          <d gen="m" lem="ambos" num="p" pos="dn0mp0" postype="numeral" wd="ambos"/>
        </spec>
        <grup.nom gen="m" num="p">
          <n gen="c" lem="representante" num="p" pos="nccp000" postype="common" sense="16:07601722" wd="representantes"/>
          <s.a gen="m" num="p">
            <grup.a gen="m" num="p">
              <a gen="c" lem="municipal" num="p" pos="aq0cp0" postype="qualificative" wd="municipales"/>
            </grup.a>
          </s.a>
        </grup.nom>
      </sn>
      <f lem="," pos="fc" punct="comma" wd=","/>
    </sp>
    <sn arg="arg1" coreftype="ident" entity="entity1" entityref="spec" func="suj" tem="tem">
      <spec gen="f" num="s">
        <d gen="f" lem="el" num="s" pos="da0fs0" postype="article" wd="la"/>
      </spec>
      <grup.nom gen="f" num="s">
        <n gen="f" lem="vía" num="s" pos="ncfs000" postype="common" sense="16:03600463" wd="vía"/>
        <sp>
          <prep>
            <s lem="de" pos="sps00" postype="preposition" wd="de"/>
          </prep>
          <sn>
            <grup.nom gen="f" num="s">
              <n gen="f" lem="comunicación" lexicalid="noun.comunicación.1.default" num="s" origin="deverbal" pos="ncfs000" postype="common" sense="16:04728675" wd="comunicación"/>
            </grup.nom>
          </sn>
        </sp>
      </grup.nom>
    </sn>
    <f lem="&quot;" pos="fe" punct="quotation" wd="&quot;"/>
    <grup.verb>
      <v lem="ser" lss="C21.state-attributive" mood="indicative" num="s" person="3" pos="vsip3s0" postype="semiauxiliary" tense="present" wd="es"/>
    </grup.verb>
    <sa arg="arg2" func="atr" tem="atr">
      <spec>
        <r lem="mucho" pos="rg" wd="muy"/>
      </spec>
      <grup.a discid="1n">
        <a gen="f" lem="necesario" num="s" pos="aq0fs0" postype="qualificative" wd="necesaria"/>
        <sp>
          <f lem="," pos="fc" punct="comma" wd=","/>
          <sadv adjunct="yes">
            <grup.adv>
              <r lem="en_especial" pos="rg" wd="en_especial"/>
            </grup.adv>
          </sadv>
          <sp>
            <prep>
              <s lem="para" pos="sps00" postype="preposition" wd="para"/>
            </prep>
            <sn entityref="nne" homophoricDD="yes">
              <spec gen="f" num="s">
                <d gen="f" lem="el" num="s" pos="da0fs0" postype="article" wd="la"/>
              </spec>
              <grup.nom gen="f" num="s">
                <n gen="f" lem="promoción" lexicalid="noun.promoción.2.default" num="s" origin="deverbal" pos="ncfs000" postype="common" sense="16:05409803" wd="promoción"/>
                <s.a func="cn" gen="f" num="s">
                  <grup.a gen="f" num="s">
                    <a gen="f" lem="turístico" num="s" pos="aq0fs0" postype="qualificative" wd="turística"/>
                  </grup.a>
                </s.a>
                <sp arg="arg1" func="cn" tem="pat">
                  <prep>
                    <s lem="de" pos="sps00" postype="preposition" wd="de"/>
                  </prep>
                  <sn coreftype="ident" entity="entity16" entityref="spec">
                    <spec gen="f" num="s">
                      <d gen="f" lem="el" num="s" pos="da0fs0" postype="article" wd="la"/>
                    </spec>
                    <grup.nom gen="f" num="s">
                      <n gen="f" lem="zona" num="s" pos="ncfs000" postype="common" sense="16:06395720" wd="zona"/>
                    </grup.nom>
                  </sn>
                </sp>
              </grup.nom>
            </sn>
          </sp>
        </sp>
      </grup.a>
      <f lem="&quot;" punct="quotation" wd="&quot;"/>
    </sa>
    <f lem="." pos="fp" punct="period" wd="."/>
  </sentence>
  <sentence coord="yes">
    <f lem="&quot;" punct="quotation" wd="&quot;"/>
    <S>
      <sn arg="arg1" entity="entity5" entityref="nne" func="cd" repetition="yes" tem="pat">
        <spec gen="f" num="s">
          <d gen="f" lem="el" num="s" pos="da0fs0" postype="article" wd="La"/>
        </spec>
        <grup.nom gen="f" num="s">
          <n gen="f" lem="pista" num="s" pos="ncfs000" postype="common" sense="16:03199185" wd="pista"/>
          <s.a gen="f" num="s">
            <grup.a gen="f" num="s">
              <a gen="c" lem="actual" num="s" pos="aq0cs0" postype="qualificative" wd="actual"/>
            </grup.a>
          </s.a>
          <sp>
            <prep>
              <s lem="de" pos="sps00" postype="preposition" wd="de"/>
            </prep>
            <sn>
              <grup.nom gen="f" num="s">
                <n gen="f" lem="tierra" num="s" pos="ncfs000" postype="common" sense="16:10647622" wd="tierra"/>
              </grup.nom>
            </sn>
          </sp>
        </grup.nom>
      </sn>
      <sn arg="arg1" coreftype="ident" entity="entity5" entityref="nne" func="cd" repetition="yes" tem="pat">
        <grup.nom gen="f" num="s">
          <p case="accusative" gen="f" lem="él" num="s" person="3" pos="pp3fsa00" postype="personal" wd="la"/>
        </grup.nom>
      </sn>
      <grup.verb>
        <v lem="poder" mood="indicative" num="p" person="3" pos="vmip3p0" postype="main" tense="present" wd="pueden"/>
        <infinitiu>
          <v lem="utilizar" lss="A21.transitive-agentive-patient" mood="infinitive" pos="vmn0000" postype="main" wd="utilizar"/>
        </infinitiu>
      </grup.verb>
      <sn arg="arg0" entityref="nne" func="suj" homophoricDD="yes" tem="agt">
        <spec gen="m" num="p">
          <d gen="m" lem="el" num="p" pos="da0mp0" postype="article" wd="los"/>
        </spec>
        <grup.nom gen="m" num="p">
          <n gen="m" lem="vehículo" num="p" pos="ncmp000" postype="common" sense="16:03569523" wd="vehículos"/>
          <s.a gen="m" num="p">
            <grup.a gen="m" num="p">
              <a gen="m" lem="todoterreno" num="s" pos="aq0ms0" postype="qualificative" wd="todoterreno"/>
            </grup.a>
          </s.a>
        </grup.nom>
      </sn>
      <f lem="," pos="fc" punct="comma" wd=","/>
    </S>
    <conj conjunctiontype="coordinating">
      <c lem="pero" pos="cc" postype="coordinating" wd="pero"/>
    </conj>
    <S>
      <sn arg="arg1" coreftype="ident" elliptic="yes" entity="entity5" entityref="nne" func="suj" tem="tem"/>
      <neg func="mod">
        <r lem="no" pos="rn" postype="negative" wd="no"/>
      </neg>
      <grup.verb>
        <v lem="ser" lss="C21.state-attributive" mood="indicative" num="s" person="3" pos="vsip3s0" postype="semiauxiliary" tense="present" wd="es"/>
      </grup.verb>
      <sa arg="arg2" func="atr" tem="atr">
        <spec>
          <r lem="mucho" pos="rg" wd="muy"/>
        </spec>
        <grup.a>
          <a gen="f" lem="apto" num="s" pos="aq0fs0" postype="qualificative" wd="apta"/>
          <sp>
            <prep>
              <s lem="para" pos="sps00" postype="preposition" wd="para"/>
            </prep>
            <sn entityref="nne" homophoricDD="yes">
              <spec gen="m" num="p">
                <d gen="m" lem="el" num="p" pos="da0mp0" postype="article" wd="los"/>
              </spec>
              <grup.nom gen="m" num="p">
                <n gen="m" lem="turismo" num="p" pos="ncmp000" postype="common" sense="16:02383458" wd="turismos"/>
              </grup.nom>
            </sn>
          </sp>
        </grup.a>
      </sa>
      <f lem="&quot;" pos="fe" punct="quotation" wd="&quot;"/>
    </S>
    <f lem="." pos="fp" punct="period" wd="."/>
  </sentence>
  <sentence>
    <sp arg="argM" func="cc" tem="fin">
      <prep>
        <s lem="para" pos="sps00" postype="preposition" wd="Para"/>
      </prep>
      <S clausetype="completive" impersonal="yes">
        <infinitiu>
          <v lem="trasladar" lss="B11.unaccusative-motion" mood="infinitive" pos="vmn0000" postype="main" wd="trasladarse"/>
        </infinitiu>
        <sp arg="arg3" func="cc" tem="ori">
          <prep>
            <s lem="de" pos="sps00" postype="preposition" wd="de"/>
          </prep>
          <sn entityref="nne">
            <spec gen="m" num="s">
              <d gen="m" lem="uno" num="s" pos="di0ms0" postype="indefinite" wd="un"/>
            </spec>
            <grup.nom gen="m" num="s">
              <n gen="m" lem="municipio" num="s" pos="ncms000" postype="common" sense="16:06355858" wd="municipio"/>
            </grup.nom>
          </sn>
        </sp>
        <sp arg="arg4" func="cc" tem="des">
          <prep>
            <s lem="a" pos="sps00" postype="preposition" wd="a"/>
          </prep>
          <sn entityref="nne">
            <grup.nom gen="m" num="s">
              <p gen="m" lem="otro" num="s" pos="pi0ms000" postype="indefinite" wd="otro"/>
            </grup.nom>
          </sn>
        </sp>
      </S>
    </sp>
    <morfema.verbal func="impers">
      <p gen="c" lem="se" num="c" pos="p0000000" wd="se"/>
    </morfema.verbal>
    <grup.verb>
      <v lem="tardar" lss="A23.transitive-agentive-extension" mood="indicative" num="p" person="3" pos="vmip3p0" postype="main" tense="present" wd="tardan"/>
    </grup.verb>
    <sp arg="arg2" func="creg" tem="tem">
      <prep>
        <s lem="en" pos="sps00" postype="preposition" wd="en"/>
      </prep>
      <sn entityref="nne">
        <spec gen="f" num="s">
          <d gen="f" lem="el" num="s" pos="da0fs0" postype="article" wd="la"/>
        </spec>
        <grup.nom gen="f" num="s">
          <n gen="f" lem="actualidad" num="s" pos="ncfs000" postype="common" sense="16:10848167" wd="actualidad"/>
        </grup.nom>
      </sn>
    </sp>
    <sn arg="arg1" entity="entity17" entityref="ne" func="cd" functype="quantitative" ne="number" tem="ext">
      <spec gen="m" num="p">
        <d gen="m" lem="uno" num="p" pos="di0mp0" postype="indefinite" wd="unos"/>
        <z lem="45" ne="number" wd="45"/>
      </spec>
      <grup.nom gen="m" num="p">
        <n gen="m" lem="minuto" num="p" pos="ncmp000" postype="common" sense="16:10943650" wd="minutos"/>
      </grup.nom>
    </sn>
    <sp arg="argM" func="cc" tem="adv">
      <prep>
        <s lem="con" pos="sps00" postype="preposition" wd="con"/>
      </prep>
      <sn entityref="nne">
        <grup.nom gen="m" num="p">
          <n gen="m" lem="vehículo" num="p" pos="ncmp000" postype="common" sense="16:03569523" wd="vehículos"/>
          <S clausetype="participle" impersonal="yes">
            <participi>
              <a gen="m" lem="adaptado" lss="B22.unaccusative-passive-transitive" num="p" pos="aq0mpp" posfunction="participle" postype="qualificative" wd="adaptados"/>
            </participi>
            <sp arg="arg2" func="creg" tem="efi">
              <prep>
                <s lem="a" pos="sps00" postype="preposition" wd="a"/>
              </prep>
              <sn entityref="nne" homophoricDD="yes">
                <spec gen="f" num="p">
                  <d gen="f" lem="el" num="p" pos="da0fp0" postype="article" wd="las"/>
                </spec>
                <grup.nom gen="f" num="p">
                  <s.a gen="f" num="p">
                    <grup.a gen="f" num="p">
                      <a gen="f" lem="duro" num="p" pos="aq0fp0" postype="qualificative" wd="duras"/>
                    </grup.a>
                  </s.a>
                  <n gen="f" lem="condición" num="p" pos="ncfp000" postype="common" sense="16:10032130" wd="condiciones"/>
                  <sp coord="yes">
                    <sp>
                      <prep>
                        <s contracted="yes" gen="m" lem="del" num="s" pos="spcms" postype="preposition" wd="del"/>
                      </prep>
                      <sn entityref="nne" homophoricDD="yes">
                        <grup.nom gen="m" num="s">
                          <n gen="m" lem="firme" num="s" pos="ncms000" postype="common" sense="16:03245238" wd="firme"/>
                        </grup.nom>
                      </sn>
                    </sp>
                    <conj conjunctiontype="coordinating">
                      <c lem="y" pos="cc" postype="coordinating" wd="y"/>
                    </conj>
                    <sp>
                      <prep>
                        <s contracted="yes" gen="m" lem="del" num="s" pos="spcms" postype="preposition" wd="del"/>
                      </prep>
                      <sn entityref="nne" homophoricDD="yes">
                        <grup.nom gen="m" num="s">
                          <n gen="m" lem="trazado" lexicalid="noun.trazado.1.default" num="s" origin="deverbal" pos="ncms000" postype="common" sense="16:04494752" wd="trazado"/>
                        </grup.nom>
                      </sn>
                    </sp>
                  </sp>
                </grup.nom>
              </sn>
            </sp>
          </S>
        </grup.nom>
      </sn>
    </sp>
    <f lem="." pos="fp" punct="period" wd="."/>
  </sentence>
  <sentence>
    <sadv func="et">
      <grup.adv>
        <r lem="en_cambio" pos="rg" wd="En_cambio"/>
      </grup.adv>
      <f lem="," pos="fc" punct="comma" wd=","/>
    </sadv>
    <sp arg="argM" func="cc" tem="adv">
      <prep>
        <s lem="con" pos="sps00" postype="preposition" wd="con"/>
      </prep>
      <sn coreftype="ident" entity="entity1" entityref="spec">
        <spec gen="f" num="s">
          <d gen="f" lem="el" num="s" pos="da0fs0" postype="article" wd="la"/>
        </spec>
        <grup.nom gen="f" num="s">
          <s.a gen="f" num="s">
            <grup.a gen="f" num="s">
              <a gen="f" lem="nuevo" num="s" pos="aq0fs0" postype="qualificative" wd="nueva"/>
            </grup.a>
          </s.a>
          <n gen="f" lem="vía" num="s" pos="ncfs000" postype="common" sense="16:03600463" wd="vía"/>
        </grup.nom>
      </sn>
    </sp>
    <sn arg="arg1" coreftype="ident" entity="entity17" entityref="spec" func="suj" tem="tem">
      <spec gen="m" num="s">
        <d gen="m" lem="este" num="s" pos="dd0ms0" postype="demonstrative" wd="este"/>
      </spec>
      <grup.nom gen="m" num="s">
        <n gen="m" lem="tiempo" num="s" pos="ncms000" postype="common" sense="16:00015594" wd="tiempo"/>
      </grup.nom>
    </sn>
    <grup.verb>
      <v lem="poder" mood="indicative" num="s" person="3" pos="vmif3s0" postype="main" tense="future" wd="podrá"/>
      <infinitiu>
        <v lem="reducir" lss="B21.unaccusative-state" mood="infinitive" pos="vmn0000" postype="main" wd="reducirse"/>
      </infinitiu>
    </grup.verb>
    <sp arg="argM" func="cc" tem="ext">
      <prep>
        <s lem="hasta" pos="sps00" postype="preposition" wd="hasta"/>
      </prep>
      <S clausetype="completive" impersonal="yes">
        <infinitiu>
          <v lem="quedar" lss="C11.state-existential" mood="infinitive" pos="vmn0000" postype="main" wd="quedar"/>
        </infinitiu>
        <sp arg="argM" func="cc" tem="adv">
          <prep>
            <s lem="en" pos="sps00" postype="preposition" wd="en"/>
          </prep>
          <sn entityref="ne" ne="number">
            <spec gen="m" num="p">
              <z lem="20" ne="number" wd="20"/>
            </spec>
            <grup.nom gen="m" num="p">
              <n gen="m" lem="minuto" num="p" pos="ncmp000" postype="common" sense="16:10943650" wd="minutos"/>
            </grup.nom>
          </sn>
        </sp>
      </S>
    </sp>
    <f lem="." pos="fp" punct="period" wd="."/>
  </sentence>
  <sentence>
    <sn arg="arg1" entityref="nne" func="suj" tem="tem">
      <grup.nom gen="f" num="s">
        <p gen="f" lem="uno" num="s" pos="pi0fs000" postype="indefinite" wd="Una"/>
        <sp>
          <prep>
            <s lem="de" pos="sps00" postype="preposition" wd="de"/>
          </prep>
          <sn entityref="nne" homophoricDD="yes">
            <spec gen="f" num="p">
              <d gen="f" lem="el" num="p" pos="da0fp0" postype="article" wd="las"/>
            </spec>
            <grup.nom gen="f" num="p">
              <n gen="f" lem="característica" num="p" pos="ncfp000" postype="common" sense="16:04504455" wd="características"/>
              <sp>
                <prep>
                  <s contracted="yes" gen="m" lem="del" num="s" pos="spcms" postype="preposition" wd="del"/>
                </prep>
                <sn coreftype="ident" entity="entity1" entityref="spec">
                  <grup.nom gen="m" num="s">
                    <s.a func="cn" gen="m" num="s">
                      <grup.a gen="m" num="s">
                        <a gen="m" lem="futuro" num="s" pos="aq0ms0" postype="qualificative" wd="futuro"/>
                      </grup.a>
                    </s.a>
                    <n gen="m" lem="acceso" lexicalid="noun.acceso.1.default" num="s" origin="deverbal" pos="ncms000" postype="common" sense="16:02159544" wd="acceso"/>
                  </grup.nom>
                </sn>
              </sp>
            </grup.nom>
          </sn>
        </sp>
      </grup.nom>
    </sn>
    <grup.verb>
      <v lem="ser" lss="C21.state-attributive" mood="indicative" num="s" person="3" pos="vsip3s0" postype="semiauxiliary" tense="present" wd="es"/>
    </grup.verb>
    <S arg="arg2" clausetype="completive" entity="entity18" func="atr" tem="atr">
      <conj conjunctiontype="subordinating">
        <c lem="que" pos="cs" postype="subordinating" wd="que"/>
      </conj>
      <sn arg="arg1" coreftype="ident" elliptic="yes" entity="entity1" entityref="spec" func="suj" tem="tem"/>
      <grup.verb>
        <v lem="transcurrir" lss="C11.state-existential" mood="indicative" num="s" person="3" pos="vmip3s0" postype="main" tense="present" wd="transcurre"/>
      </grup.verb>
      <sp arg="argM" func="cc" tem="tmp">
        <sadv adjunct="yes">
          <grup.adv>
            <r lem="casi" pos="rg" wd="casi"/>
          </grup.adv>
        </sadv>
        <sp>
          <prep>
            <s lem="en" pos="sps00" postype="preposition" wd="en"/>
          </prep>
          <sn entityref="nne">
            <spec gen="f" num="s">
              <d coreftype="ident" entity="entity1" entityref="spec" gen="c" lem="su" num="s" person="3" pos="dp3cs0" postype="possessive" wd="su"/>
            </spec>
            <grup.nom gen="f" num="s">
              <n gen="f" lem="totalidad" num="s" pos="ncfs000" postype="common" sense="16:04516267" wd="totalidad"/>
            </grup.nom>
          </sn>
        </sp>
      </sp>
      <sp arg="argM" func="cc" tem="loc">
        <prep>
          <s lem="por" pos="sps00" postype="preposition" wd="por"/>
        </prep>
        <sn entityref="nne">
          <grup.nom gen="m" num="s">
            <n gen="m" lem="territorio" num="s" pos="ncms000" postype="common" sense="16:06307482" wd="territorio"/>
            <sp>
              <prep>
                <s contracted="yes" gen="m" lem="del" num="s" pos="spcms" postype="preposition" wd="del"/>
              </prep>
              <sn entityref="ne" ne="location">
                <grup.nom gen="m" num="s">
                  <n gen="m" lem="parque" num="s" pos="ncms000" postype="common" sense="16:06347803" wd="parque"/>
                  <s.a gen="m" num="s">
                    <grup.a gen="m" num="s">
                      <a gen="c" lem="natural" num="s" pos="aq0cs0" postype="qualificative" wd="natural"/>
                    </grup.a>
                  </s.a>
                  <sp>
                    <prep>
                      <s contracted="yes" gen="m" lem="del" num="s" pos="spcms" postype="preposition" wd="del"/>
                    </prep>
                    <sn entityref="ne" ne="location">
                      <grup.nom gen="m" num="s">
                        <n lem="Cadí-Moixeró" ne="location" pos="np00000" postype="proper" wd="Cadí-Moixeró"/>
                      </grup.nom>
                    </sn>
                  </sp>
                </grup.nom>
              </sn>
            </sp>
          </grup.nom>
        </sn>
      </sp>
    </S>
    <f lem="." pos="fp" punct="period" wd="."/>
  </sentence>
  <sentence>
    <sp arg="argM" func="cc" tem="cau">
      <prep>
        <s lem="por" pos="sps00" postype="preposition" wd="Por"/>
      </prep>
      <sn corefsubtype="token" coreftype="dx" entity="entity18" entityref="nne">
        <spec gen="f" num="s">
          <d gen="f" lem="este" num="s" pos="dd0fs0" postype="demonstrative" wd="esta"/>
        </spec>
        <grup.nom gen="f" num="s">
          <n gen="f" lem="razón" num="s" pos="ncfs000" postype="common" sense="16:06659860" wd="razón"/>
        </grup.nom>
      </sn>
      <f lem="," pos="fc" punct="comma" wd=","/>
    </sp>
    <morfema.verbal func="pass">
      <p gen="c" lem="se" num="c" pos="p0000000" wd="se"/>
    </morfema.verbal>
    <grup.verb>
      <v lem="haber" mood="indicative" num="p" person="3" pos="vaip3p0" postype="auxiliary" tense="present" wd="han"/>
      <v gen="m" lem="incorporar" lss="B22.unaccusative-passive-transitive" mood="participle" num="s" pos="vmp00sm" postype="main" wd="incorporado"/>
    </grup.verb>
    <sp arg="arg2" func="creg" tem="loc">
      <prep>
        <s contracted="yes" gen="m" lem="al" num="s" pos="spcms" postype="preposition" wd="al"/>
      </prep>
      <sn entityref="nne">
        <grup.nom gen="m" num="s">
          <n gen="m" lem="proyecto" lexicalid="noun.proyecto.4.default" num="s" origin="deverbal" pos="ncms000" postype="common" sense="16:00468909" wd="proyecto"/>
        </grup.nom>
      </sn>
    </sp>
    <sn arg="arg1" entity="entity10" entityref="nne" func="suj" tem="pat">
      <spec gen="f" num="s">
        <d gen="f" lem="uno" num="s" pos="di0fs0" postype="indefinite" wd="una"/>
      </spec>
      <grup.nom gen="f" num="s">
        <n gen="f" lem="serie" num="s" pos="ncfs000" postype="common" sense="16:06247582" wd="serie"/>
        <sp>
          <prep>
            <s lem="de" pos="sps00" postype="preposition" wd="de"/>
          </prep>
          <sn>
            <grup.nom gen="f" num="p">
              <n gen="f" lem="medida" num="p" pos="ncfp000" postype="common" sense="16:00113217" wd="medidas"/>
              <S clausetype="relative">
                <relatiu arg="arg0" coreftype="ident" entity="entity10" entityref="nne" func="suj" tem="agt">
                  <p gen="c" lem="que" num="c" pos="pr0cn000" postype="relative" wd="que"/>
                </relatiu>
                <grup.verb>
                  <v lem="asegurar" lss="A21.transitive-agentive-patient" mood="indicative" num="p" person="3" pos="vmip3p0" postype="main" tense="present" wd="aseguran"/>
                </grup.verb>
                <sn arg="arg1" entityref="nne" func="cd" homophoricDD="yes" tem="pat">
                  <spec gen="f" num="s">
                    <d gen="f" lem="el" num="s" pos="da0fs0" postype="article" wd="la"/>
                  </spec>
                  <grup.nom gen="f" num="s">
                    <n gen="f" lem="protección" lexicalid="noun.protección.3.default" num="s" origin="deverbal" pos="ncfs000" postype="common" sense="16:00522858" wd="protección"/>
                    <sp arg="arg1" func="cn" tem="pat">
                      <prep>
                        <s contracted="yes" gen="m" lem="del" num="s" pos="spcms" postype="preposition" wd="del"/>
                      </prep>
                      <sn entityref="nne" homophoricDD="yes">
                        <grup.nom gen="m" num="s">
                          <s.a gen="m" num="s">
                            <grup.a gen="m" num="s">
                              <a gen="m" lem="valioso" num="s" pos="aq0ms0" postype="qualificative" wd="valioso"/>
                            </grup.a>
                          </s.a>
                          <n gen="m" lem="entorno" num="s" pos="ncms000" postype="common" sense="16:06315687" wd="entorno"/>
                          <s.a gen="m" num="s">
                            <grup.a gen="m" num="s">
                              <a gen="c" lem="natural" num="s" pos="aq0cs0" postype="qualificative" wd="natural"/>
                            </grup.a>
                          </s.a>
                        </grup.nom>
                      </sn>
                    </sp>
                  </grup.nom>
                </sn>
              </S>
            </grup.nom>
          </sn>
        </sp>
      </grup.nom>
    </sn>
    <f lem="." pos="fp" punct="period" wd="."/>
  </sentence>
</article>
