<?xml version="1.0" encoding="UTF-8"?>
<!-- 

  ancora-2.0
       
			Copyright (C) 2007, 2008, 2009, 2010, 2011 UB - CLiC
			Centre de Llenguatge i Computació - Universitat de Barcelona
 
  This file is part of ancora-2.0.
 
  ancora-2.0 is free software and data: you can redistribute it and/or modify
  it under the terms of the GNU General Public License as published
  by the Free Software Foundation, either version 3 of the License,
  or (at your option) any later version.

  ancora-2.0 is distributed in the hope that it will be useful,
  but WITHOUT ANY WARRANTY; without even the implied warranty of
  MERCHANTABILITY or FITNESS FOR A PARTICULAR PURPOSE.  See the
  GNU General Public License for more details.
 
  You should have received a copy of the GNU General Public License
  along with ancora-2.0.  If not, see &lt;http://www.gnu.org/licenses/&gt;.
 
  Check a text in catalan explaining the terms of the license at http://www.softcatala.cat/wiki/GPL3.
  In spanish at http://www.viti.es/gnu/licenses/gpl.html
 

  The following paper must be cited when using this corpus:

 * Taulé, M., M.A. Martí, M. Recasens (2008) 'Ancora: Multilevel Annotated Corpora for Catalan and Spanish',
   Proceedings of 6th International Conference on Language Resources and Evaluation. Marrakesh (Morocco).

  In addition, the following paper must be cited if coreference information (attributes entity, coreftype,
  corefsubtype, homophoricDD or entityref) is used:

 * Recasens, Marta, M. Antònia Martí (2010) ‘AnCora-CO: Coreferentially annotated corpora for Spanish and
   Catalan’. Language Resources and Evaluation, Springer Science.

  Additionally, the following paper must be cited when argumental attributes in "sn" or "grup.nom"
  (attributes func, arg, tem or lexicalid) are used:

 * Peris, Aina, Mariona Taulé, Horacio Rodríguez (2010) ‘Semantic Annotation of Deverbal Nominalizations in the
   Spanish AnCora corpus’. Treebanks and Linguistic Theories (TLT-2010), Estonia.
-->
<article lng="es">
  <sentence id="0">
    <sn arg="arg1" entity="entity3" entityref="ne" func="suj" ne="person" tem="tem">
      <grup.nom gen="m" num="s">
        <n lem="Costa" ne="person" pos="np00000" postype="proper" wd="Costa"/>
      </grup.nom>
    </sn>
    <grup.verb>
      <v lem="llevar" lss="C31.state-scalar" mood="indicative" num="s" person="3" pos="vmip3s0" postype="main" tense="present" wd="lleva"/>
    </grup.verb>
    <sn arg="arg2" entityref="nne" func="cd" functype="quantitative" tem="ext">
      <spec gen="f" num="p">
        <d gen="c" lem="cinco" num="p" pos="dn0cp0" postype="numeral" wd="cinco"/>
      </spec>
      <grup.nom gen="f" num="p">
        <n gen="f" lem="derrota" lexicalid="noun.derrota.1.default" num="p" origin="deverbal" pos="ncfp000" postype="common" sense="16:05558471" wd="derrotas"/>
        <S clausetype="participle" func="cn" impersonal="yes">
          <participi>
            <a gen="f" lem="seguido" num="p" pos="aq0fpp" posfunction="participle" postype="qualificative" wd="seguidas"/>
          </participi>
        </S>
      </grup.nom>
    </sn>
    <sp arg="argM" func="cc" tem="adv">
      <prep>
        <s lem="en" pos="sps00" postype="preposition" wd="en"/>
      </prep>
      <sn entityref="nne">
        <grup.nom gen="f" num="s">
          <s.a gen="f" num="s">
            <grup.a gen="f" num="s">
              <a gen="f" lem="primero" num="s" pos="ao0fs0" postype="ordinal" wd="primera"/>
            </grup.a>
          </s.a>
          <n gen="f" lem="ronda" num="s" origin="deverbal" pos="ncfs000" postype="common" sense="16:cs1" wd="ronda"/>
        </grup.nom>
      </sn>
    </sp>
    <f lem="." pos="fp" punct="period" wd="."/>
  </sentence>
  <sentence id="1">
    <S arg="argM" clausetype="adverbial" coord="yes" func="cc" tem="tmp">
      <conj conjunctiontype="subordinating">
        <c lem="cuando" pos="cs" postype="subordinating" wd="Cuando"/>
      </conj>
      <S clausetype="adverbial">
        <sn arg="arg0" entity="entity1" entityref="nne" func="suj" homophoricDD="yes" tem="agt">
          <spec gen="m" num="s">
            <d gen="m" lem="uno" num="s" pos="di0ms0" postype="indefinite" wd="un"/>
          </spec>
          <grup.nom gen="m" num="s">
            <n gen="m" lem="jugador" num="s" pos="ncms000" postype="common" sense="16:07480903" wd="jugador"/>
          </grup.nom>
        </sn>
        <grup.verb>
          <v lem="bajar" lss="A21.transitive-agentive-patient" mood="indicative" num="s" person="3" pos="vmip3s0" postype="main" tense="present" wd="baja"/>
        </grup.verb>
        <sn arg="arg1" entityref="nne" func="cd" tem="pat">
          <spec gen="f" num="s">
            <d gen="f" lem="el" num="s" pos="da0fs0" postype="article" wd="la"/>
          </spec>
          <grup.nom gen="f" num="s">
            <n gen="f" lem="cabeza" num="s" pos="ncfs000" postype="common" sense="16:04290247" wd="cabeza"/>
          </grup.nom>
        </sn>
      </S>
      <conj conjunctiontype="coordinating">
        <c lem="o" pos="cc" postype="coordinating" wd="o"/>
      </conj>
      <S clausetype="adverbial">
        <sn arg="arg0" coreftype="ident" elliptic="yes" entity="entity1" entityref="nne" func="suj" tem="cau"/>
        <grup.verb>
          <v lem="torcer" lss="A11.transitive-causative" mood="indicative" num="s" person="3" pos="vmip3s0" postype="main" tense="present" wd="tuerce"/>
        </grup.verb>
        <sn arg="arg1" entityref="nne" func="cd" homophoricDD="yes" tem="tem">
          <spec gen="m" num="s">
            <d gen="m" lem="el" num="s" pos="da0ms0" postype="article" wd="el"/>
          </spec>
          <grup.nom gen="m" num="s">
            <n gen="m" lem="gesto" num="s" pos="ncms000" postype="common" sense="16:00215081" wd="gesto"/>
            <sp>
              <prep>
                <s lem="de" pos="sps00" postype="preposition" wd="de"/>
              </prep>
              <sn>
                <grup.nom gen="m" num="s">
                  <n gen="m" lem="disgusto" num="s" pos="ncms000" postype="common" sense="16:05605549" wd="disgusto"/>
                </grup.nom>
              </sn>
            </sp>
          </grup.nom>
        </sn>
      </S>
      <f lem="," pos="fc" punct="comma" wd=","/>
    </S>
    <sn arg="arg1" elliptic="yes" entityref="lex" func="suj" tem="tem"/>
    <grup.verb>
      <v lem="ser" lss="C21.state-attributive" mood="indicative" num="s" person="3" pos="vsip3s0" postype="semiauxiliary" tense="present" wd="es"/>
    </grup.verb>
    <S arg="arg2" clausetype="completive" func="atr" tem="atr">
      <conj conjunctiontype="subordinating">
        <c lem="que" pos="cs" postype="subordinating" wd="que"/>
      </conj>
      <sn arg="arg1" entityref="nne" func="suj" homophoricDD="yes" tem="tem">
        <spec gen="f" num="p">
          <d gen="f" lem="el" num="p" pos="da0fp0" postype="article" wd="las"/>
        </spec>
        <grup.nom gen="f" num="p">
          <n gen="f" lem="cosa" num="p" pos="ncfp000" postype="common" sense="16:04384343" wd="cosas"/>
        </grup.nom>
      </sn>
      <neg func="mod">
        <r lem="no" pos="rn" postype="negative" wd="no"/>
      </neg>
      <grup.verb>
        <v lem="ir" lss="C41.state-benefactive" mood="indicative" num="p" person="3" pos="vmip3p0" postype="main" tense="present" wd="van"/>
      </grup.verb>
      <sadv arg="argM" func="cc" tem="adv">
        <grup.adv>
          <r lem="bien" pos="rg" wd="bien"/>
        </grup.adv>
      </sadv>
    </S>
    <f lem="." pos="fp" punct="period" wd="."/>
  </sentence>
  <sentence id="2">
    <S clausesubtype="conditional" clausetype="adverbial" coord="yes" func="ao">
      <conj conjunctiontype="subordinating">
        <c lem="si" pos="cs" postype="subordinating" wd="Si"/>
      </conj>
      <S clausesubtype="conditional" clausetype="adverbial">
        <sn arg="arg0" coreftype="ident" elliptic="yes" entity="entity1" entityref="nne" func="suj" tem="agt"/>
        <grup.verb>
          <v lem="arrojar" lss="A31.ditransitive-patient-locative" mood="indicative" num="s" person="3" pos="vmip3s0" postype="main" tense="present" wd="arroja"/>
        </grup.verb>
        <sn arg="arg1" entity="entity2" entityref="nne" func="cd" homophoricDD="yes" tem="pat">
          <spec gen="f" num="s">
            <d gen="f" lem="el" num="s" pos="da0fs0" postype="article" wd="la"/>
          </spec>
          <grup.nom gen="f" num="s">
            <n gen="f" lem="raqueta" num="s" pos="ncfs000" postype="common" sense="16:03200805" wd="raqueta"/>
          </grup.nom>
        </sn>
        <sp arg="arg2" func="cc" tem="loc">
          <prep>
            <s contracted="yes" gen="m" lem="al" num="s" pos="spcms" postype="preposition" wd="al"/>
          </prep>
          <sn entityref="nne">
            <grup.nom gen="m" num="s">
              <n gen="m" lem="suelo" num="s" pos="ncms000" postype="common" sense="16:02699889" wd="suelo"/>
            </grup.nom>
          </sn>
        </sp>
      </S>
      <conj conjunctiontype="coordinating">
        <c lem="o" pos="cc" postype="coordinating" wd="o"/>
      </conj>
      <S clausesubtype="conditional" clausetype="adverbial">
        <sn arg="arg0" coreftype="ident" elliptic="yes" entity="entity1" entityref="nne" func="suj" tem="cau"/>
        <sn arg="arg1" coreftype="ident" entity="entity2" entityref="nne" func="cd" tem="tem">
          <grup.nom gen="f" num="s">
            <p case="accusative" gen="f" lem="él" num="s" person="3" pos="pp3fsa00" postype="personal" wd="la"/>
          </grup.nom>
        </sn>
        <grup.verb>
          <v lem="hacer" mood="indicative" num="s" person="3" pos="vmip3s0" postype="main" tense="present" wd="hace"/>
          <infinitiu>
            <v lem="volar" lss="A11.transitive-causative" mood="infinitive" pos="vmn0000" postype="main" wd="volar"/>
          </infinitiu>
        </grup.verb>
        <sp arg="arg2" func="cc" tem="loc">
          <prep>
            <s lem="por" pos="sps00" postype="preposition" wd="por"/>
          </prep>
          <sn entityref="nne" homophoricDD="yes">
            <spec gen="m" num="p">
              <d gen="m" lem="el" num="p" pos="da0mp0" postype="article" wd="los"/>
            </spec>
            <grup.nom gen="m" num="p">
              <n gen="m" lem="aire" num="p" pos="ncmp000" postype="common" sense="16:06373203" wd="aires"/>
            </grup.nom>
          </sn>
        </sp>
      </S>
      <f lem="," pos="fc" punct="comma" wd=","/>
    </S>
    <sn arg="arg1" elliptic="yes" entityref="lex" func="suj" tem="tem"/>
    <grup.verb>
      <v lem="ser" lss="C21.state-attributive" mood="indicative" num="s" person="3" pos="vsip3s0" postype="semiauxiliary" tense="present" wd="es"/>
    </grup.verb>
    <S arg="arg2" clausetype="completive" func="atr" tem="atr">
      <conj conjunctiontype="subordinating">
        <c lem="que" pos="cs" postype="subordinating" wd="que"/>
      </conj>
      <sn arg="arg1" coreftype="ident" elliptic="yes" entity="entity1" entityref="nne" func="suj" tem="tem"/>
      <sadv func="mod">
        <grup.adv>
          <r lem="ya" pos="rg" wd="ya"/>
        </grup.adv>
      </sadv>
      <grup.verb>
        <v lem="empezar" mood="indicative" num="s" person="3" pos="vmip3s0" postype="main" tense="present" wd="empieza"/>
        <s lem="a" pos="sps00" postype="preposition" wd="a"/>
        <infinitiu>
          <v lem="estar" lss="C21.state-attributive" mood="infinitive" pos="vmn0000" postype="main" wd="estar"/>
        </infinitiu>
      </grup.verb>
      <S arg="arg2" clausetype="participle" func="atr" impersonal="yes" tem="atr">
        <participi>
          <a gen="m" lem="desesperado" num="s" pos="aq0msp" posfunction="participle" postype="qualificative" wd="desesperado"/>
        </participi>
      </S>
    </S>
    <f lem="." pos="fp" punct="period" wd="."/>
  </sentence>
  <sentence id="3">
    <conj conjunctiontype="coordinating" func="et">
      <c lem="y" pos="cc" postype="coordinating" wd="Y"/>
    </conj>
    <S arg="argM" clausetype="adverbial" coord="yes" func="cc" tem="tmp">
      <S clausetype="adverbial">
        <conj conjunctiontype="subordinating">
          <c lem="cuando" pos="cs" postype="subordinating" wd="cuando"/>
        </conj>
        <sn arg="arg0" coreftype="ident" elliptic="yes" entity="entity1" entityref="nne" func="suj" tem="agt"/>
        <morfema.pronominal>
          <p gen="c" lem="él" num="c" person="3" pos="p0300000" wd="se"/>
        </morfema.pronominal>
        <grup.verb>
          <v lem="gritar" lss="A32.ditransitive-patient-benefactive" mood="indicative" num="s" person="3" pos="vmip3s0" postype="main" tense="present" wd="grita"/>
        </grup.verb>
        <sp arg="arg2" func="ci" tem="ben">
          <prep>
            <s lem="a" pos="sps00" postype="preposition" wd="a"/>
          </prep>
          <sn coreftype="ident" entity="entity1" entityref="nne">
            <grup.nom>
              <p case="oblique" gen="c" lem="él" num="c" person="3" pos="pp3cno00" postype="personal" wd="sí"/>
              <s.a gen="m" num="s">
                <grup.a gen="m" num="s">
                  <a gen="m" lem="mismo" num="s" pos="aq0ms0" postype="qualificative" wd="mismo"/>
                </grup.a>
              </s.a>
            </grup.nom>
          </sn>
        </sp>
      </S>
      <f lem="," pos="fc" punct="comma" wd=","/>
      <S clausetype="adverbial">
        <conj conjunctiontype="subordinating">
          <c lem="cuando" pos="cs" postype="subordinating" wd="cuando"/>
        </conj>
        <sn arg="arg1" coreftype="ident" elliptic="yes" entity="entity1" entityref="nne" func="suj" tem="tem"/>
        <morfema.pronominal>
          <p gen="c" lem="él" num="c" person="3" pos="p0300000" wd="se"/>
        </morfema.pronominal>
        <grup.verb>
          <v lem="autoflagelar" lss="B21.unaccusative-state" mood="indicative" num="s" person="3" pos="vmip3s0" postype="main" tense="present" wd="autoflagela"/>
        </grup.verb>
        <sadv arg="argM" func="cc" tem="mnr">
          <grup.adv>
            <r lem="a_viva_voz" pos="rg" wd="a_viva_voz"/>
          </grup.adv>
        </sadv>
      </S>
      <f lem="," pos="fc" punct="comma" wd=","/>
    </S>
    <sn arg="arg1" elliptic="yes" func="suj" tem="tem"/>
    <grup.verb>
      <v lem="significar" lss="C21.state-attributive" mood="indicative" num="s" person="3" pos="vmip3s0" postype="main" tense="present" wd="significa"/>
    </grup.verb>
    <S arg="arg2" clausetype="completive" func="cd" functype="quantitative" tem="atr">
      <conj conjunctiontype="subordinating">
        <c lem="que" pos="cs" postype="subordinating" wd="que"/>
      </conj>
      <sadv arg="argM" func="cc" tem="loc">
        <grup.adv>
          <r lem="ahí" pos="rg" wd="ahí"/>
        </grup.adv>
      </sadv>
      <grup.verb>
        <v lem="haber" lss="C11.state-existential" mood="indicative" num="s" person="3" pos="vaip3s0" postype="auxiliary" tense="present" wd="hay"/>
      </grup.verb>
      <sn arg="arg1" entityref="nne" func="cd" functype="quantitative" tem="tem">
        <spec gen="m" num="s">
          <d gen="m" lem="uno" num="s" pos="di0ms0" postype="indefinite" wd="un"/>
        </spec>
        <grup.nom gen="m" num="s">
          <n gen="c" lem="tenista" num="s" pos="nccs000" postype="common" sense="16:07636800" wd="tenista"/>
          <sp>
            <prep>
              <s lem="a_punto_de" pos="sps00" postype="preposition" wd="a_punto_de"/>
            </prep>
            <S clausetype="completive" impersonal="yes">
              <infinitiu>
                <v lem="perder" lss="A21.transitive-agentive-patient" mood="infinitive" pos="vmn0000" postype="main" wd="perder"/>
              </infinitiu>
              <sn arg="arg1" entityref="nne" func="cd" tem="pat">
                <spec gen="m" num="s">
                  <d gen="m" lem="uno" num="s" pos="di0ms0" postype="indefinite" wd="un"/>
                </spec>
                <grup.nom gen="m" num="s">
                  <n gen="m" lem="partido" num="s" pos="ncms000" postype="common" sense="16:05554348" wd="partido"/>
                </grup.nom>
              </sn>
            </S>
          </sp>
        </grup.nom>
      </sn>
    </S>
    <f lem="." pos="fp" punct="period" wd="."/>
  </sentence>
  <sentence id="4">
    <S arg="arg1" clausetype="completive" func="cd" tem="pat">
      <f lem="&quot;" pos="fe" punct="quotation" wd="&quot;"/>
      <f lem="¡" pos="faa" punct="exclamationmark" punctenclose="open" wd="¡"/>
      <sn arg="arg0" coreftype="ident" elliptic="yes" entity="entity3" entityref="spec" func="suj" tem="agt"/>
      <grup.verb>
        <v lem="estar" mood="indicative" num="s" person="2" pos="vmip2s0" postype="main" tense="present" wd="Estás"/>
        <gerundi>
          <v lem="jugar" lss="A21.transitive-agentive-patient" mood="gerund" pos="vmg0000" postype="main" wd="jugando"/>
        </gerundi>
      </grup.verb>
      <sadv arg="argM" func="cc" tem="mnr">
        <grup.adv>
          <r lem="fatal" pos="rg" wd="Fatal"/>
        </grup.adv>
      </sadv>
      <f lem="!" pos="fat" punct="exclamationmark" punctenclose="close" wd="!"/>
      <f lem="¡" pos="faa" punct="exclamationmark" punctenclose="open" wd="¡"/>
      <sadv arg="argM" func="cc" tem="mnr">
        <grup.adv>
          <r lem="fatal" pos="rg" wd="Fatal"/>
        </grup.adv>
      </sadv>
      <f lem="!" pos="fat" punct="exclamationmark" punctenclose="close" wd="!"/>
      <f lem="&quot;" pos="fe" punct="quotation" wd="&quot;"/>
      <f lem="," pos="fc" punct="comma" wd=","/>
    </S>
    <grup.verb>
      <v lem="vociferar" lss="A21.transitive-agentive-patient" mood="indicative" num="s" person="3" pos="vmis3s0" postype="main" tense="past" wd="vociferó"/>
    </grup.verb>
    <sn arg="arg0" entity="entity3" entityref="ne" func="suj" ne="person" tem="agt">
      <grup.nom gen="m" num="s">
        <n lem="Albert_Costa" ne="person" pos="np00000" postype="proper" wd="Albert_Costa"/>
      </grup.nom>
    </sn>
    <sp arg="argM" func="cc" tem="tmp">
      <prep>
        <s lem="tras" pos="sps00" postype="preposition" wd="tras"/>
      </prep>
      <S clausetype="completive" impersonal="yes">
        <infinitiu>
          <v lem="estampar" lss="A21.transitive-agentive-patient" mood="infinitive" pos="vmn0000" postype="main" wd="estampar"/>
        </infinitiu>
        <sn arg="arg1" entityref="nne" func="cd" tem="pat">
          <spec gen="m" num="s">
            <d gen="m" lem="otro" num="s" pos="di0ms0" postype="indefinite" wd="otro"/>
          </spec>
          <grup.nom gen="m" num="s">
            <n gen="m" lem="golpe" lexicalid="noun.golpe.1.default" num="s" origin="deverbal" pos="ncms000" postype="common" sense="16:00369708" wd="golpe"/>
            <sp arg="argM" func="cn" tem="mnr">
              <prep>
                <s lem="de" pos="sps00" postype="preposition" wd="de"/>
              </prep>
              <sn>
                <grup.nom gen="m" num="s">
                  <n gen="m" lem="revés" num="s" pos="ncms000" postype="common" sense="16:00371238" wd="revés"/>
                </grup.nom>
              </sn>
            </sp>
          </grup.nom>
        </sn>
        <sp arg="argM" func="cc" tem="loc">
          <prep>
            <s lem="a" pos="sps00" postype="preposition" wd="a"/>
          </prep>
          <sn entityref="nne" homophoricDD="yes">
            <spec gen="f" num="s">
              <d gen="f" lem="el" num="s" pos="da0fs0" postype="article" wd="la"/>
            </spec>
            <grup.nom gen="f" num="s">
              <n gen="f" lem="red" num="s" pos="ncfs000" postype="common" sense="16:03037972" wd="red"/>
            </grup.nom>
          </sn>
        </sp>
      </S>
    </sp>
    <f lem="." pos="fp" punct="period" wd="."/>
  </sentence>
  <sentence id="5">
    <sadv func="et">
      <grup.adv>
        <r lem="ciertamente" pos="rg" wd="Ciertamente"/>
      </grup.adv>
      <f lem="," pos="fc" punct="comma" wd=","/>
    </sadv>
    <neg func="mod">
      <r lem="no" pos="rn" postype="negative" wd="no"/>
    </neg>
    <grup.verb>
      <v lem="jugar" lss="A21.transitive-agentive-patient" mood="indicative" num="s" person="3" pos="vmis3s0" postype="main" tense="past" wd="jugó"/>
    </grup.verb>
    <sadv arg="argM" func="cc" tem="mnr">
      <spec>
        <r lem="mucho" pos="rg" wd="muy"/>
      </spec>
      <grup.adv>
        <r lem="bien" pos="rg" wd="bien"/>
      </grup.adv>
    </sadv>
    <sn arg="arg0" coreftype="ident" entity="entity3" entityref="spec" func="suj" tem="agt">
      <spec gen="m" num="s">
        <d gen="m" lem="el" num="s" pos="da0ms0" postype="article" wd="el"/>
      </spec>
      <grup.nom gen="m" num="s">
        <n gen="m" lem="leridano" num="s" pos="ncms000" postype="common" sense="16:50001033" wd="leridano"/>
      </grup.nom>
    </sn>
    <sp arg="argM" func="cc" tem="loc">
      <prep>
        <s lem="en" pos="sps00" postype="preposition" wd="en"/>
      </prep>
      <sn entity="entity9" entityref="nne">
        <spec gen="m" num="s">
          <d coreftype="ident" entity="entity3" entityref="spec" gen="c" lem="su" num="s" person="3" pos="dp3cs0" postype="possessive" wd="su"/>
        </spec>
        <grup.nom gen="m" num="s">
          <n gen="m" lem="debut" num="s" pos="ncms000" postype="common" sense="16:00155548" wd="debut"/>
          <sp>
            <prep>
              <s lem="en" pos="sps00" postype="preposition" wd="en"/>
            </prep>
            <sn entity="entity6" entityref="ne" ne="other">
              <spec gen="m" num="s">
                <d gen="m" lem="el" num="s" pos="da0ms0" postype="article" wd="el"/>
              </spec>
              <grup.nom gen="m" num="s">
                <n lem="Abierto_de_EEUU" ne="other" pos="np00000" postype="proper" wd="Abierto_de_EEUU"/>
              </grup.nom>
            </sn>
          </sp>
        </grup.nom>
      </sn>
    </sp>
    <f lem="." pos="fp" punct="period" wd="."/>
  </sentence>
  <sentence coord="yes" id="6">
    <S>
      <morfema.pronominal>
        <p gen="c" lem="él" num="c" person="3" pos="p0300000" wd="se"/>
      </morfema.pronominal>
      <grup.verb>
        <v lem="enterar" lss="B21.unaccusative-state" mood="indicative" num="s" person="3" pos="vmis3s0" postype="main" tense="past" wd="enteró"/>
      </grup.verb>
      <sn arg="arg1" coord="yes" func="suj" tem="tem">
        <sn entity="entity4" entityref="spec">
          <spec gen="m" num="s">
            <d coreftype="ident" entity="entity3" entityref="spec" gen="c" lem="su" num="s" person="3" pos="dp3cs0" postype="possessive" wd="su"/>
          </spec>
          <grup.nom gen="m" num="s">
            <n gen="c" lem="rival" num="s" pos="nccs000" postype="common" sense="16:07535673" wd="rival"/>
            <sn corefsubtype="definit" coreftype="pred" entity="entity4" entityref="ne" ne="person">
              <f lem="," pos="fc" punct="comma" wd=","/>
              <spec gen="m" num="s">
                <d gen="m" lem="el" num="s" pos="da0ms0" postype="article" wd="el"/>
              </spec>
              <grup.nom gen="m" num="s">
                <n gen="m" lem="checo" num="s" pos="ncms000" postype="common" sense="16:cs1" wd="checo"/>
                <sn entityref="ne" ne="person">
                  <grup.nom gen="m" num="s">
                    <n lem="Daniel_Vacek" ne="person" pos="np00000" postype="proper" wd="Daniel_Vacek"/>
                  </grup.nom>
                </sn>
              </grup.nom>
              <f lem="," pos="fc" punct="comma" wd=","/>
            </sn>
          </grup.nom>
        </sn>
        <sn entityref="nne">
          <spec gen="m" num="p">
            <d gen="m" lem="todo" num="p" pos="di0mp0" postype="indefinite" wd="todos"/>
            <d gen="m" lem="el" num="p" pos="da0mp0" postype="article" wd="los"/>
          </spec>
          <grup.nom gen="m" num="p">
            <n gen="m" lem="espectador" num="p" pos="ncmp000" postype="common" sense="16:07598298" wd="espectadores"/>
            <sp>
              <prep>
                <s lem="de" pos="sps00" postype="preposition" wd="de"/>
              </prep>
              <sn entityref="nne" homophoricDD="yes">
                <spec gen="f" num="s">
                  <d gen="f" lem="el" num="s" pos="da0fs0" postype="article" wd="la"/>
                </spec>
                <grup.nom gen="f" num="s">
                  <n gen="f" lem="pista" num="s" pos="ncfs000" postype="common" sense="16:02510690" wd="pista"/>
                  <s.a gen="f" num="s">
                    <grup.a gen="f" num="s">
                      <z lem="7" ne="number" wd="siete"/>
                    </grup.a>
                  </s.a>
                </grup.nom>
              </sn>
            </sp>
          </grup.nom>
        </sn>
      </sn>
      <f lem="," pos="fc" punct="comma" wd=","/>
    </S>
    <conj conjunctiontype="coordinating">
      <c lem="y" pos="cc" postype="coordinating" wd="y"/>
    </conj>
    <S>
      <S arg="argM" clausesubtype="suj" clausetype="participle" func="cc" tem="adv">
        <f lem="," pos="fc" punct="comma" wd=","/>
        <grup.verb>
          <v gen="m" lem="dar" lss="B22.unaccusative-passive-transitive" mood="participle" num="s" pos="vmp00sm" postype="main" wd="dado"/>
        </grup.verb>
        <sn arg="arg1" entityref="nne" func="suj" homophoricDD="yes" tem="pat">
          <spec gen="m" num="s">
            <d gen="m" lem="el" num="s" pos="da0ms0" postype="article" wd="el"/>
          </spec>
          <grup.nom gen="m" num="s">
            <n gen="m" lem="volumen" num="s" pos="ncms000" postype="common" sense="16:03898867" wd="volumen"/>
            <sp>
              <prep>
                <s lem="de" pos="sps00" postype="preposition" wd="de"/>
              </prep>
              <sn entityref="nne">
                <spec arg="arg0" gen="m" num="s" tem="agt">
                  <d coreftype="ident" entity="entity3" entityref="spec" gen="c" lem="su" num="s" person="3" pos="dp3cs0" postype="possessive" wd="su"/>
                </spec>
                <grup.nom gen="m" num="s">
                  <n gen="m" lem="lamento" lexicalid="noun.lamento.1.default" num="s" origin="deverbal" pos="ncms000" postype="common" sense="16:05332420" wd="lamento"/>
                </grup.nom>
              </sn>
            </sp>
          </grup.nom>
        </sn>
        <f lem="," pos="fc" punct="comma" wd=","/>
      </S>
      <morfema.verbal func="pass">
        <p gen="c" lem="se" num="c" pos="p0000000" wd="se"/>
      </morfema.verbal>
      <grup.verb>
        <v lem="decir" lss="B12.unaccusative-passive-ditransitive" mood="indicative" num="s" person="3" pos="vmic3s0" postype="main" tense="conditional" wd="diría"/>
      </grup.verb>
      <S arg="arg1" clausetype="completive" func="suj" num="p" tem="pat">
        <conj conjunctiontype="subordinating">
          <c lem="que" pos="cs" postype="subordinating" wd="que"/>
        </conj>
        <morfema.pronominal>
          <p gen="c" lem="él" num="c" person="3" pos="p0300000" wd="se"/>
        </morfema.pronominal>
        <grup.verb>
          <v lem="percatar" lss="B21.unaccusative-state" mood="indicative" num="p" person="3" pos="vmis3p0" postype="main" tense="past" wd="percataron"/>
        </grup.verb>
        <sn arg="arg1" func="suj" tem="tem">
          <sadv adjunct="yes">
            <grup.adv>
              <r lem="hasta" pos="rg" wd="hasta"/>
            </grup.adv>
          </sadv>
          <sn entity="entity5" entityref="nne">
            <spec gen="m" num="p">
              <d gen="m" lem="aquel" num="p" pos="dd0mp0" postype="demonstrative" wd="aquellos"/>
            </spec>
            <grup.nom gen="m" num="p">
              <S clausetype="relative">
                <relatiu arg="arg0" coreftype="ident" entity="entity5" entityref="nne" func="suj" tem="agt">
                  <p gen="c" lem="que" num="c" pos="pr0cn000" postype="relative" wd="que"/>
                </relatiu>
                <grup.verb>
                  <v lem="degustar" lss="A21.transitive-agentive-patient" mood="indicative" num="p" person="3" pos="vmii3p0" postype="main" tense="imperfect" wd="degustaban"/>
                </grup.verb>
                <sp arg="argM" func="cc" tem="adv">
                  <prep>
                    <s lem="por" pos="sps00" postype="preposition" wd="por"/>
                  </prep>
                  <sn entityref="ne" ne="number">
                    <spec gen="f" num="p">
                      <z lem="900" ne="number" wd="900"/>
                    </spec>
                    <grup.nom gen="f" num="p">
                      <z lem="peseta" ne="number" pos="zm" postype="currency" wd="pesetas"/>
                    </grup.nom>
                  </sn>
                </sp>
                <sn arg="arg1" entityref="nne" func="cd" tem="pat">
                  <spec gen="f" num="s">
                    <d gen="f" lem="uno" num="s" pos="di0fs0" postype="indefinite" wd="una"/>
                  </spec>
                  <grup.nom gen="f" num="s">
                    <n gen="f" lem="hamburguesa" num="s" pos="ncfs000" postype="common" sense="16:05738264" wd="hamburguesa"/>
                  </grup.nom>
                </sn>
                <sp arg="argM" func="cc" tem="loc">
                  <prep>
                    <s lem="en" pos="sps00" postype="preposition" wd="en"/>
                  </prep>
                  <sn entityref="nne">
                    <spec gen="f" num="s">
                      <d gen="f" lem="uno" num="s" pos="di0fs0" postype="indefinite" wd="una"/>
                    </spec>
                    <grup.nom gen="f" num="s">
                      <n gen="f" lem="área" num="s" pos="ncfs000" postype="common" sense="16:02207321" wd="área"/>
                      <sp>
                        <prep>
                          <s lem="de" pos="sps00" postype="preposition" wd="de"/>
                        </prep>
                        <sn>
                          <grup.nom gen="m" num="s">
                            <n gen="m" lem="reposo" lexicalid="noun.reposo.1.default" num="s" origin="deverbal" pos="ncms000" postype="common" sense="16:05587497" wd="reposo"/>
                          </grup.nom>
                        </sn>
                      </sp>
                      <s.a gen="f" num="s">
                        <neg>
                          <r lem="no" pos="rn" postype="negative" wd="no"/>
                        </neg>
                        <spec>
                          <r lem="mucho" pos="rg" wd="muy"/>
                        </spec>
                        <grup.a gen="f" num="s">
                          <a gen="f" lem="cercano" num="s" pos="aq0fs0" postype="qualificative" wd="cercana"/>
                        </grup.a>
                      </s.a>
                    </grup.nom>
                  </sn>
                </sp>
              </S>
            </grup.nom>
          </sn>
        </sn>
      </S>
    </S>
    <f lem="." pos="fp" punct="period" wd="."/>
  </sentence>
  <sentence id="7">
    <sn arg="arg1" entityref="nne" func="suj" homophoricDD="yes" tem="tem">
      <spec gen="m" num="s">
        <d gen="m" lem="el" num="s" pos="da0ms0" postype="article" wd="El"/>
      </spec>
      <grup.nom gen="m" num="s">
        <n gen="m" lem="problema" num="s" pos="ncms000" postype="common" sense="16:05080756" wd="problema"/>
        <sp>
          <prep>
            <s lem="para" pos="sps00" postype="preposition" wd="para"/>
          </prep>
          <sn coreftype="ident" entity="entity3" entityref="ne" ne="person">
            <grup.nom gen="m" num="s">
              <n lem="Costa" ne="person" pos="np00000" postype="proper" wd="Costa"/>
            </grup.nom>
          </sn>
        </sp>
      </grup.nom>
    </sn>
    <grup.verb>
      <v lem="ser" lss="C21.state-attributive" mood="indicative" num="s" person="3" pos="vsip3s0" postype="semiauxiliary" tense="present" wd="es"/>
    </grup.verb>
    <S arg="arg2" clausetype="completive" func="atr" tem="atr">
      <conj conjunctiontype="subordinating">
        <c lem="que" pos="cs" postype="subordinating" wd="que"/>
      </conj>
      <sn arg="arg0" coreftype="ident" elliptic="yes" entity="entity3" entityref="spec" func="suj" tem="src"/>
      <sadv func="mod">
        <grup.adv>
          <r lem="ya" pos="rg" wd="ya"/>
        </grup.adv>
      </sadv>
      <grup.verb>
        <v lem="haber" mood="indicative" num="s" person="3" pos="vaip3s0" postype="auxiliary" tense="present" wd="ha"/>
        <v gen="m" lem="tener" mood="participle" num="s" pos="vmp00sm" postype="main" wd="tenido"/>
        <c lem="que" pos="cs" postype="subordinating" wd="que"/>
        <infinitiu>
          <v lem="pegar" lss="D31.inergative-source" mood="infinitive" pos="vmn0000" postype="main" wd="pegar"/>
        </infinitiu>
      </grup.verb>
      <sn arg="argL" entityref="nne" func="cd">
        <spec gen="m" num="p">
          <d gen="m" lem="este" num="p" pos="dd0mp0" postype="demonstrative" wd="estos"/>
        </spec>
        <grup.nom gen="m" num="p">
          <n gen="m" lem="grito" lexicalid="noun.grito.1.default" num="p" origin="deverbal" pos="ncmp000" postype="common" sense="16:05328790" wd="gritos"/>
        </grup.nom>
      </sn>
      <sadv arg="argM" func="cc" tem="tmp">
        <spec>
          <r lem="demasiado" pos="rg" wd="demasiado"/>
        </spec>
        <grup.adv>
          <r lem="a_menudo" pos="rg" wd="a_menudo"/>
        </grup.adv>
      </sadv>
      <sp arg="argM" func="cc" tem="loc">
        <prep>
          <s lem="en" pos="sps00" postype="preposition" wd="en"/>
        </prep>
        <sn entity="entity15" entityref="ne" ne="other">
          <grup.nom>
            <n lem="Flushing_Meadow" ne="other" pos="np00000" postype="proper" wd="Flushing_Meadow"/>
          </grup.nom>
        </sn>
      </sp>
    </S>
    <f lem="." pos="fp" punct="period" wd="."/>
  </sentence>
  <sentence id="8">
    <sn arg="arg1" coreftype="ident" elliptic="yes" entity="entity6" entityref="spec" func="suj" tem="tem"/>
    <grup.verb>
      <v lem="ser" lss="C21.state-attributive" mood="indicative" num="s" person="3" pos="vsip3s0" postype="semiauxiliary" tense="present" wd="Es"/>
    </grup.verb>
    <sn arg="arg2" corefsubtype="definit" coreftype="pred" entity="entity6" func="atr" tem="atr">
      <spec gen="m" num="s">
        <d coreftype="ident" entity="entity3" entityref="spec" gen="c" lem="su" num="s" person="3" pos="dp3cs0" postype="possessive" wd="su"/>
      </spec>
      <grup.nom gen="m" num="s">
        <n gen="m" lem="torneo" num="s" pos="ncms000" postype="common" sense="16:05549454" wd="torneo"/>
        <s.a gen="m" num="s">
          <grup.a gen="m" num="s">
            <a gen="m" lem="maldito" num="s" pos="aq0ms0" postype="qualificative" wd="maldito"/>
          </grup.a>
        </s.a>
      </grup.nom>
    </sn>
    <f lem="." pos="fp" punct="period" wd="."/>
  </sentence>
  <sentence id="9">
    <neg func="mod">
      <r lem="no" pos="rn" postype="negative" wd="No"/>
    </neg>
    <grup.verb>
      <v lem="ser" lss="C21.state-attributive" mood="indicative" num="s" person="3" pos="vsip3s0" postype="semiauxiliary" tense="present" wd="es"/>
    </grup.verb>
    <sa arg="arg2" func="atr" tem="atr">
      <grup.a>
        <a gen="c" lem="normal" num="s" pos="aq0cs0" postype="qualificative" wd="normal"/>
      </grup.a>
    </sa>
    <S arg="arg1" clausetype="completive" func="suj" tem="tem">
      <conj conjunctiontype="subordinating">
        <c lem="que" pos="cs" postype="subordinating" wd="que"/>
      </conj>
      <sn arg="arg1" entity="entity7" entityref="nne" func="suj" tem="pat">
        <spec gen="m" num="s">
          <d gen="m" lem="uno" num="s" pos="di0ms0" postype="indefinite" wd="un"/>
        </spec>
        <grup.nom gen="m" num="s">
          <n gen="m" lem="jugador" num="s" pos="ncms000" postype="common" sense="16:07480903" wd="jugador"/>
          <sp>
            <prep>
              <s lem="de" pos="sps00" postype="preposition" wd="de"/>
            </prep>
            <sn>
              <grup.nom gen="f" num="s">
                <n gen="f" lem="élite" num="s" pos="ncfs000" postype="common" sense="16:06205356" wd="élite"/>
              </grup.nom>
            </sn>
          </sp>
          <sp>
            <prep>
              <c lem="como" pos="cs" postype="subordinating" wd="como"/>
            </prep>
            <sn coreftype="ident" entity="entity3" entityref="spec">
              <grup.nom gen="m" num="s">
                <p gen="m" lem="él" num="s" person="3" pos="pp3ms000" postype="personal" wd="él"/>
              </grup.nom>
            </sn>
          </sp>
          <S clausetype="relative">
            <f lem="," pos="fc" punct="comma" wd=","/>
            <relatiu arg="arg0" coreftype="ident" entity="entity3" entityref="spec" func="suj" tem="agt">
              <p gen="c" lem="que" num="c" pos="pr0cn000" postype="relative" wd="que"/>
            </relatiu>
            <grup.verb>
              <v lem="soler" mood="indicative" num="s" person="3" pos="vmip3s0" postype="main" tense="present" wd="suele"/>
              <infinitiu>
                <v lem="acampar" lss="D11.inergative-agentive" mood="infinitive" pos="vmn0000" postype="main" wd="acampar"/>
              </infinitiu>
            </grup.verb>
            <sp arg="argM" func="cc" tem="loc">
              <prep>
                <s lem="entre" pos="sps00" postype="preposition" wd="entre"/>
              </prep>
              <sn entityref="nne" homophoricDD="yes">
                <spec gen="m" num="p">
                  <d gen="m" lem="el" num="p" pos="da0mp0" postype="article" wd="los"/>
                  <z lem="20" ne="number" wd="20"/>
                </spec>
                <grup.nom gen="m" num="p">
                  <s.a gen="m" num="p">
                    <grup.a gen="m" num="p">
                      <a gen="m" lem="primero" num="p" pos="ao0mp0" postype="ordinal" wd="primeros"/>
                    </grup.a>
                  </s.a>
                  <sp>
                    <prep>
                      <s contracted="yes" gen="m" lem="del" num="s" pos="spcms" postype="preposition" wd="del"/>
                    </prep>
                    <sn entityref="nne" homophoricDD="yes">
                      <grup.nom gen="m" num="s">
                        <n gen="m" lem="ranking" num="s" pos="ncms000" postype="common" sense="16:10352060" wd="ranking"/>
                      </grup.nom>
                    </sn>
                  </sp>
                </grup.nom>
              </sn>
            </sp>
            <f lem="," pos="fc" punct="comma" wd=","/>
          </S>
        </grup.nom>
      </sn>
      <grup.verb>
        <v lem="ser" mood="subjunctive" num="s" person="3" pos="vssp3s0" postype="semiauxiliary" tense="present" wd="sea"/>
        <v gen="m" lem="eliminar" lss="B22.unaccusative-passive-transitive" mood="participle" num="s" pos="vmp00sm" postype="main" wd="eliminado"/>
      </grup.verb>
      <sp arg="argM" func="cc" tem="loc">
        <prep>
          <s lem="en" pos="sps00" postype="preposition" wd="en"/>
        </prep>
        <sn entityref="nne">
          <grup.nom gen="f" num="s">
            <s.a func="cn" gen="f" num="s">
              <grup.a gen="f" num="s">
                <a gen="f" lem="primero" num="s" pos="ao0fs0" postype="ordinal" wd="primera"/>
              </grup.a>
            </s.a>
            <n gen="f" lem="ronda" num="s" origin="deverbal" pos="ncfs000" postype="common" sense="16:cs1" wd="ronda"/>
          </grup.nom>
        </sn>
      </sp>
      <sn arg="argM" entity="entity8" entityref="nne" func="cc" homophoricDD="yes" tem="adv">
        <spec gen="f" num="p">
          <d gen="f" lem="el" num="p" pos="da0fp0" postype="article" wd="las"/>
          <d gen="c" lem="cinco" num="p" pos="dn0cp0" postype="numeral" wd="cinco"/>
        </spec>
        <grup.nom gen="f" num="p">
          <n gen="f" lem="vez" num="p" pos="ncfp000" postype="common" sense="16:05449233" wd="veces"/>
          <S clausetype="relative">
            <relatiu arg="argM" coreftype="ident" entity="entity8" entityref="nne" func="cc" tem="tmp">
              <p gen="c" lem="que" num="c" pos="pr0cn000" postype="relative" wd="que"/>
            </relatiu>
            <sn arg="arg0" coreftype="ident" elliptic="yes" entity="entity3" entityref="spec" func="suj" tem="agt"/>
            <grup.verb>
              <v lem="haber" mood="indicative" num="s" person="3" pos="vaip3s0" postype="auxiliary" tense="present" wd="ha"/>
              <v gen="m" lem="competir" lss="A33.ditransitive-theme-locative" mood="participle" num="s" pos="vmp00sm" postype="main" wd="competido"/>
            </grup.verb>
            <sp arg="arg2" func="cc" tem="loc">
              <prep>
                <s lem="en" pos="sps00" postype="preposition" wd="en"/>
              </prep>
              <sn coreftype="ident" entity="entity15" entityref="spec">
                <spec gen="f" num="p">
                  <d gen="f" lem="el" num="p" pos="da0fp0" postype="article" wd="las"/>
                </spec>
                <grup.nom gen="f" num="p">
                  <n gen="f" lem="pista" num="p" pos="ncfp000" postype="common" sense="16:02510690" wd="pistas"/>
                  <s.a gen="f" num="p">
                    <grup.a gen="f" num="p">
                      <a gen="f" lem="neoyorquino" num="p" pos="aq0fp0" postype="qualificative" wd="neoyorquinas"/>
                    </grup.a>
                  </s.a>
                </grup.nom>
              </sn>
            </sp>
          </S>
        </grup.nom>
      </sn>
    </S>
    <f lem="." pos="fp" punct="period" wd="."/>
  </sentence>
  <sentence id="10">
    <S arg="arg1" clausetype="completive" func="cd" tem="pat">
      <f lem="&quot;" pos="fe" punct="quotation" wd="&quot;"/>
      <f lem="¡" pos="faa" punct="exclamationmark" punctenclose="open" wd="¡"/>
      <sadv arg="argM" func="cc" tem="loc">
        <grup.adv>
          <r lem="aquí" pos="rg" wd="Aquí"/>
        </grup.adv>
      </sadv>
      <sn arg="arg0" coreftype="ident" elliptic="yes" entity="entity3" entityref="spec" func="suj" tem="agt"/>
      <neg func="mod">
        <r lem="no" pos="rn" postype="negative" wd="no"/>
      </neg>
      <grup.verb>
        <v lem="rascar" lss="A21.transitive-agentive-patient" mood="indicative" num="s" person="1" pos="vmip1s0" postype="main" tense="present" wd="rasco"/>
      </grup.verb>
      <sn arg="arg1" entityref="lex" func="cd" tem="pat">
        <grup.nom gen="f" num="s">
          <p gen="f" lem="uno" num="s" pos="pi0fs000" postype="indefinite" wd="una"/>
        </grup.nom>
      </sn>
      <f lem="!" pos="fat" punct="exclamationmark" punctenclose="close" wd="!"/>
      <f lem="&quot;" pos="fe" punct="quotation" wd="&quot;"/>
      <f lem="," pos="fc" punct="comma" wd=","/>
    </S>
    <grup.verb>
      <v lem="admitir" lss="A21.transitive-agentive-patient" mood="indicative" num="s" person="3" pos="vmis3s0" postype="main" tense="past" wd="admitió"/>
    </grup.verb>
    <sn arg="arg0" coreftype="ident" elliptic="yes" entity="entity3" entityref="spec" func="suj" tem="agt"/>
    <sadv arg="argM" func="cc" tem="tmp">
      <grup.adv>
        <r lem="después" pos="rg" wd="después"/>
        <sp>
          <prep>
            <s lem="de" pos="sps00" postype="preposition" wd="de"/>
          </prep>
          <S clausetype="completive" impersonal="yes">
            <infinitiu>
              <v lem="perder" lss="A21.transitive-agentive-patient" mood="infinitive" pos="vmn0000" postype="main" wd="perder"/>
            </infinitiu>
            <sp arg="argM" func="cc" tem="adv">
              <prep>
                <s lem="ante" pos="sps00" postype="preposition" wd="ante"/>
              </prep>
              <sn coreftype="ident" entity="entity4" entityref="ne" ne="person">
                <grup.nom gen="m" num="s">
                  <n lem="Vacek" ne="person" pos="np00000" postype="proper" wd="Vacek"/>
                </grup.nom>
              </sn>
            </sp>
            <sp arg="argM" func="cc" tem="mnr">
              <prep>
                <s lem="en" pos="sps00" postype="preposition" wd="en"/>
              </prep>
              <sn entityref="nne">
                <spec gen="m" num="p">
                  <d gen="c" lem="tres" num="p" pos="dn0cp0" postype="numeral" wd="tres"/>
                </spec>
                <grup.nom gen="m" num="p">
                  <n gen="m" lem="set" num="p" pos="ncmp000" postype="common" sense="16:10959680" wd="sets"/>
                </grup.nom>
              </sn>
            </sp>
          </S>
        </sp>
      </grup.adv>
    </sadv>
    <f lem="." pos="fp" punct="period" wd="."/>
  </sentence>
  <sentence id="11" verbless="yes">
    <conj conjunctiontype="coordinating">
      <c lem="y" pos="cc" postype="coordinating" wd="Y"/>
    </conj>
    <sn entityref="lex">
      <grup.nom gen="m" num="s">
        <p gen="c" lem="ese" num="s" pos="pd0ns000" postype="demonstrative" wd="eso"/>
      </grup.nom>
    </sn>
    <S clausetype="completive">
      <conj conjunctiontype="subordinating">
        <c lem="que" pos="cs" postype="subordinating" wd="que"/>
      </conj>
      <sn arg="argM" entityref="nne" func="cc" tem="tmp">
        <spec gen="m" num="s">
          <d gen="m" lem="este" num="s" pos="dd0ms0" postype="demonstrative" wd="este"/>
        </spec>
        <grup.nom gen="m" num="s">
          <n gen="m" lem="año" num="s" pos="ncms000" postype="common" sense="16:10917509" wd="año"/>
        </grup.nom>
      </sn>
      <sn arg="arg1" coreftype="ident" elliptic="yes" entity="entity3" entityref="spec" func="suj" tem="tem"/>
      <grup.verb>
        <v lem="tener" lss="C21.state-attributive" mood="indicative" num="s" person="3" pos="vmii3s0" postype="main" tense="imperfect" wd="tenía"/>
      </grup.verb>
      <sn arg="arg2" entityref="nne" func="cd" functype="quantitative" tem="atr">
        <grup.nom gen="f" num="s">
          <n gen="f" lem="confianza" lexicalid="noun.confianza.1.default" num="s" origin="deverbal" pos="ncfs000" postype="common" sense="16:05595498" wd="confianza"/>
        </grup.nom>
      </sn>
    </S>
    <f lem="." pos="fp" punct="period" wd="."/>
  </sentence>
  <sentence id="12">
    <S arg="arg1" clausetype="completive" coord="yes" func="cd" tem="pat">
      <f lem="&quot;" pos="fe" punct="quotation" wd="&quot;"/>
      <S clausetype="completive">
        <sn arg="arg0" coreftype="ident" elliptic="yes" entity="entity3" entityref="spec" func="suj" tem="agt"/>
        <grup.verb>
          <v lem="estar" mood="indicative" num="s" person="3" pos="vmii3s0" postype="main" tense="imperfect" wd="estaba"/>
          <gerundi>
            <v lem="entrenar" lss="A21.transitive-agentive-patient" mood="gerund" pos="vmg0000" postype="main" wd="entrenando"/>
          </gerundi>
        </grup.verb>
        <sadv arg="argM" func="cc" tem="mnr">
          <grup.adv>
            <r lem="bien" pos="rg" wd="bien"/>
          </grup.adv>
        </sadv>
      </S>
      <f lem="," pos="fc" punct="comma" wd=","/>
      <S clausetype="completive">
        <sn arg="arg1" coreftype="ident" elliptic="yes" entity="entity3" entityref="spec" func="suj" tem="tem"/>
        <morfema.pronominal>
          <p gen="c" lem="yo" num="s" person="1" pos="p010s000" wd="me"/>
        </morfema.pronominal>
        <grup.verb>
          <v lem="sentir" lss="C21.state-attributive" mood="indicative" num="s" person="3" pos="vmii3s0" postype="main" tense="imperfect" wd="sentía"/>
        </grup.verb>
        <sa arg="arg2" func="cpred" predicate="suj" tem="atr">
          <grup.a>
            <a gen="c" lem="fuerte" num="s" pos="aq0cs0" postype="qualificative" wd="fuerte"/>
          </grup.a>
        </sa>
      </S>
      <f lem="..." pos="fs" punct="etc" wd="..."/>
      <f lem="&quot;" pos="fe" punct="quotation" wd="&quot;"/>
      <f lem="," pos="fc" punct="comma" wd=","/>
    </S>
    <grup.verb>
      <v lem="decir" lss="A32.ditransitive-patient-benefactive" mood="indicative" num="s" person="3" pos="vmii3s0" postype="main" tense="imperfect" wd="decía"/>
    </grup.verb>
    <sn arg="arg0" coreftype="ident" elliptic="yes" entity="entity3" entityref="spec" func="suj" tem="agt"/>
    <f lem="." pos="fp" punct="period" wd="."/>
  </sentence>
  <sentence id="13">
    <sn arg="arg1" coreftype="ident" elliptic="yes" entity="entity3" entityref="spec" func="suj" tem="tem"/>
    <sadv func="mod">
      <grup.adv>
        <r lem="incluso" pos="rg" wd="Incluso"/>
      </grup.adv>
    </sadv>
    <grup.verb>
      <v lem="estar" lss="C21.state-attributive" mood="indicative" num="s" person="3" pos="vmii3s0" postype="main" tense="imperfect" wd="estaba"/>
    </grup.verb>
    <sa arg="arg2" func="atr" tem="atr">
      <grup.a>
        <a gen="c" lem="impaciente" num="s" pos="aq0cs0" postype="qualificative" wd="impaciente"/>
        <sp>
          <prep>
            <s lem="por" pos="sps00" postype="preposition" wd="por"/>
          </prep>
          <S clausetype="completive" impersonal="yes">
            <infinitiu>
              <v lem="disputar" lss="A21.transitive-agentive-patient" mood="infinitive" pos="vmn0000" postype="main" wd="disputar"/>
            </infinitiu>
            <sn arg="arg1" coreftype="ident" entity="entity9" entityref="nne" func="cd" homophoricDD="yes" tem="pat">
              <spec gen="m" num="s">
                <d gen="m" lem="el" num="s" pos="da0ms0" postype="article" wd="el"/>
              </spec>
              <grup.nom gen="m" num="s">
                <n gen="m" lem="partido" num="s" pos="ncms000" postype="common" sense="16:05554348" wd="partido"/>
                <sp>
                  <prep>
                    <s lem="de" pos="sps00" postype="preposition" wd="de"/>
                  </prep>
                  <sn>
                    <grup.nom gen="m" num="s">
                      <n gen="m" lem="estreno" lexicalid="noun.estreno.4.default" num="s" origin="deverbal" pos="ncms000" postype="common" sense="16:05461893" wd="estreno"/>
                    </grup.nom>
                  </sn>
                </sp>
              </grup.nom>
            </sn>
          </S>
        </sp>
      </grup.a>
    </sa>
    <f lem="." pos="fp" punct="period" wd="."/>
  </sentence>
  <sentence id="14">
    <sadv func="et">
      <grup.adv>
        <r lem="de_hecho" pos="rg" wd="De_hecho"/>
      </grup.adv>
      <f lem="," pos="fc" punct="comma" wd=","/>
    </sadv>
    <sn arg="arg0" coreftype="ident" elliptic="yes" entity="entity3" entityref="spec" func="suj" tem="agt"/>
    <neg func="mod">
      <r lem="no" pos="rn" postype="negative" wd="no"/>
    </neg>
    <grup.verb>
      <v lem="querer" lss="A21.transitive-agentive-patient" mood="indicative" num="s" person="3" pos="vmii3s0" postype="main" tense="imperfect" wd="quería"/>
    </grup.verb>
    <sadv func="mod">
      <grup.adv>
        <r lem="ni" pos="rg" wd="ni"/>
      </grup.adv>
    </sadv>
    <S arg="arg1" clausetype="completive" func="cd" impersonal="yes" tem="pat">
      <infinitiu>
        <v lem="esperar" lss="A21.transitive-agentive-patient" mood="infinitive" pos="vmn0000" postype="main" wd="esperar"/>
      </infinitiu>
      <sp arg="argM" coord="yes" func="cc" tem="tmp">
        <sp>
          <prep>
            <s contracted="yes" gen="m" lem="al" num="s" pos="spcms" postype="preposition" wd="al"/>
          </prep>
          <sn entityref="nne" homophoricDD="yes">
            <grup.nom gen="m" num="s">
              <s.a gen="m" num="s">
                <grup.a gen="m" num="s">
                  <a gen="m" lem="segundo" num="s" pos="ao0ms0" postype="ordinal" wd="segundo"/>
                </grup.a>
              </s.a>
            </grup.nom>
          </sn>
        </sp>
        <conj conjunctiontype="coordinating">
          <c lem="o" pos="cc" postype="coordinating" wd="o"/>
        </conj>
        <sp>
          <prep>
            <s contracted="yes" gen="m" lem="al" num="s" pos="spcms" postype="preposition" wd="al"/>
          </prep>
          <sn entityref="nne" homophoricDD="yes">
            <grup.nom gen="m" num="s">
              <s.a gen="m" num="s">
                <grup.a gen="m" num="s">
                  <a gen="m" lem="tercero" num="s" pos="ao0ms0" postype="ordinal" wd="tercer"/>
                </grup.a>
              </s.a>
              <n gen="m" lem="día" num="s" pos="ncms000" postype="common" sense="16:10878116" wd="día"/>
            </grup.nom>
          </sn>
        </sp>
      </sp>
    </S>
    <f lem="." pos="fp" punct="period" wd="."/>
  </sentence>
  <sentence id="15">
    <sn arg="arg0" coreftype="ident" elliptic="yes" entity="entity3" entityref="spec" func="suj" tem="agt"/>
    <grup.verb>
      <v lem="querer" lss="A21.transitive-agentive-patient" mood="indicative" num="s" person="3" pos="vmii3s0" postype="main" tense="imperfect" wd="Quería"/>
    </grup.verb>
    <S arg="arg1" clausetype="completive" func="cd" impersonal="yes" tem="pat">
      <infinitiu>
        <v lem="debutar" lss="D11.inergative-agentive" mood="infinitive" pos="vmn0000" postype="main" wd="debutar"/>
      </infinitiu>
      <sadv arg="argM" func="cc" tem="tmp">
        <grup.adv>
          <r lem="cuanto_antes" pos="rg" wd="cuanto_antes"/>
        </grup.adv>
      </sadv>
    </S>
    <f lem="." pos="fp" punct="period" wd="."/>
  </sentence>
  <sentence id="16">
    <S arg="arg1" clausetype="completive" coord="yes" func="cd" tem="pat">
      <f lem="&quot;" pos="fe" punct="quotation" wd="&quot;"/>
      <S clausetype="completive">
        <sn arg="arg0" coreftype="ident" elliptic="yes" entity="entity3" entityref="spec" func="suj" tem="agt"/>
        <grup.verb>
          <v lem="llevar" lss="A21.transitive-agentive-patient" mood="indicative" num="s" person="2" pos="vmip2s0" postype="main" tense="present" wd="Llevas"/>
        </grup.verb>
        <sn arg="arg1" entityref="nne" func="cd" tem="pat">
          <spec gen="f" num="s">
            <d gen="f" lem="todo" num="s" pos="di0fs0" postype="indefinite" wd="toda"/>
            <d gen="f" lem="el" num="s" pos="da0fs0" postype="article" wd="la"/>
          </spec>
          <grup.nom gen="f" num="s">
            <n gen="f" lem="vida" num="s" pos="ncfs000" postype="common" sense="16:10865688" wd="vida"/>
          </grup.nom>
        </sn>
        <S arg="argM" clausetype="adverbial" func="cc" impersonal="yes" tem="adv">
          <gerundi>
            <v lem="querer" lss="A21.transitive-agentive-patient" mood="gerund" pos="vmg0000" postype="main" wd="queriendo"/>
          </gerundi>
          <S arg="arg1" clausetype="completive" func="cd" impersonal="yes" tem="pat">
            <infinitiu>
              <v lem="jugar" lss="A21.transitive-agentive-patient" mood="infinitive" pos="vmn0000" postype="main" wd="jugar"/>
            </infinitiu>
            <sadv arg="argM" func="cc" tem="loc">
              <grup.adv>
                <r lem="aquí" pos="rg" wd="aquí"/>
              </grup.adv>
            </sadv>
          </S>
        </S>
        <f lem="..." pos="fs" punct="etc" wd="..."/>
      </S>
      <f lem="¡" pos="faa" punct="exclamationmark" punctenclose="open" wd="¡"/>
      <conj conjunctiontype="coordinating">
        <c lem="y" pos="cc" postype="coordinating" wd="y"/>
      </conj>
      <S clausetype="completive">
        <sadv arg="argM" func="cc" tem="tmp">
          <grup.adv>
            <r lem="ahora" pos="rg" wd="ahora"/>
          </grup.adv>
        </sadv>
        <sn arg="arg1" elliptic="yes" entityref="lex" func="suj" tem="tem"/>
        <sn arg="arg2" coreftype="ident" entity="entity3" entityref="spec" func="ci" tem="ben">
          <grup.nom num="s">
            <p gen="c" lem="tú" num="s" person="2" pos="pp2cs000" postype="personal" wd="te"/>
          </grup.nom>
        </sn>
        <grup.verb>
          <v lem="venir" lss="C11.state-existential" mood="indicative" num="s" person="3" pos="vmif3s0" postype="main" tense="future" wd="vendrá"/>
        </grup.verb>
        <sp arg="argM" func="cc" tem="adv">
          <prep>
            <s lem="de" pos="sps00" postype="preposition" wd="de"/>
          </prep>
          <sn entityref="nne">
            <spec gen="m" num="p">
              <d gen="c" lem="dos" num="p" pos="dn0cp0" postype="numeral" wd="dos"/>
            </spec>
            <grup.nom gen="m" num="p">
              <n gen="m" lem="día" num="p" pos="ncmp000" postype="common" sense="16:10878116" wd="días"/>
            </grup.nom>
          </sn>
        </sp>
      </S>
      <f lem="!" pos="fat" punct="exclamationmark" punctenclose="close" wd="!"/>
      <f lem="&quot;" pos="fe" punct="quotation" wd="&quot;"/>
      <f lem="," pos="fc" punct="comma" wd=","/>
    </S>
    <sn arg="arg2" coreftype="ident" entity="entity3" entityref="spec" func="ci" tem="ben">
      <grup.nom num="s">
        <p case="dative" gen="c" lem="él" num="s" person="3" pos="pp3csd00" postype="personal" wd="le"/>
      </grup.nom>
    </sn>
    <grup.verb>
      <v lem="espetar" lss="A32.ditransitive-patient-benefactive" mood="indicative" num="s" person="3" pos="vmis3s0" postype="main" tense="past" wd="espetó"/>
    </grup.verb>
    <sn arg="argM" entityref="ne" func="cc" ne="date" tem="tmp">
      <spec gen="m" num="s">
        <d gen="m" lem="el" num="s" pos="da0ms0" postype="article" wd="el"/>
      </spec>
      <grup.nom gen="m" num="s">
        <w lem="[S:??/??/??:??.??]" ne="date" wd="Sábado"/>
      </grup.nom>
    </sn>
    <sn arg="arg0" entity="entity10" entityref="spec" func="suj" tem="agt">
      <spec gen="m" num="s">
        <d coreftype="ident" entity="entity3" gen="c" lem="su" num="s" person="3" pos="dp3cs0" postype="possessive" wd="su"/>
      </spec>
      <grup.nom gen="m" num="s">
        <n gen="m" lem="técnico" num="s" pos="ncms000" postype="common" sense="16:07633674" wd="técnico"/>
        <sn corefsubtype="definit" coreftype="pred" entity="entity10" entityref="ne" ne="person">
          <f lem="," pos="fc" punct="comma" wd=","/>
          <grup.nom gen="m" num="s">
            <n lem="Josep_Perlas" ne="person" pos="np00000" postype="proper" wd="Josep_Perlas"/>
          </grup.nom>
        </sn>
      </grup.nom>
    </sn>
    <f lem="." pos="fp" punct="period" wd="."/>
  </sentence>
  <sentence id="17">
    <f lem="¿" pos="fia" punct="questionmark" punctenclose="open" wd="¿"/>
    <grup.verb>
      <v lem="ser" lss="C21.state-attributive" mood="indicative" num="p" person="3" pos="vsis3p0" postype="semiauxiliary" tense="past" wd="Fueron"/>
    </grup.verb>
    <sn arg="arg1" entity="entity11" entityref="nne" func="suj" tem="tem">
      <spec gen="f" num="p">
        <d gen="f" lem="ese" num="p" pos="dd0fp0" postype="demonstrative" wd="esas"/>
      </spec>
      <grup.nom gen="f" num="p">
        <S clausetype="participle" impersonal="yes">
          <participi>
            <a gen="f" lem="desmesurado" num="p" pos="aq0fpp" posfunction="participle" postype="qualificative" wd="desmesuradas"/>
          </participi>
        </S>
        <n gen="f" lem="gana" num="p" pos="ncfp000" postype="common" sense="16:cs2" wd="ganas"/>
      </grup.nom>
    </sn>
    <sn arg="arg2" corefsubtype="definit" coreftype="pred" entity="entity11" func="atr" tem="atr">
      <spec gen="f" num="p">
        <d gen="f" lem="el" num="p" pos="da0fp0" postype="article" wd="las"/>
      </spec>
      <grup.nom gen="f" num="p">
        <S clausetype="relative">
          <relatiu arg="arg0" coreftype="ident" entity="entity11" entityref="nne" func="suj" tem="agt">
            <p gen="c" lem="que" num="c" pos="pr0cn000" postype="relative" wd="que"/>
          </relatiu>
          <sn arg="arg1" coreftype="ident" entity="entity3" entityref="spec" func="cd" tem="pat">
            <grup.nom num="s">
              <p case="dative" gen="c" lem="él" num="s" person="3" pos="pp3csd00" postype="personal" wd="le"/>
            </grup.nom>
          </sn>
          <grup.verb>
            <v lem="llevar" lss="A21.transitive-agentive-patient" mood="indicative" num="s" person="3" pos="vmis3s0" postype="main" tense="past" wd="llevó"/>
          </grup.verb>
          <sp arg="arg4" func="creg" tem="des">
            <prep>
              <s lem="a" pos="sps00" postype="preposition" wd="a"/>
            </prep>
            <S clausetype="completive" impersonal="yes">
              <infinitiu>
                <v lem="cometer" lss="A21.transitive-agentive-patient" mood="infinitive" pos="vmn0000" postype="main" wd="cometer"/>
              </infinitiu>
              <sn arg="arg1" entityref="nne" func="cd" tem="pat">
                <grup.nom gen="m" num="p">
                  <n gen="m" lem="error" num="p" pos="ncmp000" postype="common" sense="16:00042411" wd="errores"/>
                  <S clausetype="participle" impersonal="yes">
                    <neg func="mod">
                      <r lem="no" pos="rn" postype="negative" wd="no"/>
                    </neg>
                    <participi>
                      <a gen="m" lem="deseado" lss="B22.unaccusative-passive-transitive" num="p" pos="aq0mpp" posfunction="participle" postype="qualificative" wd="deseados"/>
                    </participi>
                  </S>
                </grup.nom>
              </sn>
            </S>
          </sp>
        </S>
      </grup.nom>
    </sn>
    <f lem="?" pos="fit" punct="questionmark" punctenclose="close" wd="?"/>
    <f lem="." pos="fp" punct="period" wd="."/>
  </sentence>
  <sentence id="18">
    <S arg="arg1" clausetype="completive" func="cd" tem="pat" verbless="yes">
      <f lem="&quot;" pos="fe" punct="quotation" wd="&quot;"/>
      <neg>
        <r lem="no" pos="rn" postype="negative" wd="No"/>
      </neg>
      <sadv>
        <f lem="," pos="fc" punct="comma" wd=","/>
        <grup.adv>
          <r lem="para_nada" pos="rg" wd="para_nada"/>
        </grup.adv>
      </sadv>
      <f lem="&quot;" pos="fe" punct="quotation" wd="&quot;"/>
      <f lem="," pos="fc" punct="comma" wd=","/>
    </S>
    <grup.verb>
      <v lem="responder" lss="A32.ditransitive-patient-benefactive" mood="indicative" num="s" person="3" pos="vmii3s0" postype="main" tense="imperfect" wd="respondía"/>
    </grup.verb>
    <sn arg="arg0" coreftype="ident" entity="entity3" entityref="ne" func="suj" ne="person" tem="agt">
      <grup.nom gen="m" num="s">
        <n lem="Albert" ne="person" pos="np00000" postype="proper" wd="Albert"/>
      </grup.nom>
    </sn>
    <f lem="." pos="fp" punct="period" wd="."/>
  </sentence>
  <sentence id="19">
    <f lem="¿" pos="fia" punct="questionmark" punctenclose="open" wd="¿"/>
    <sn arg="arg1" elliptic="yes" entityref="lex" func="suj" tem="tem"/>
    <grup.verb>
      <v lem="ser" lss="C21.state-attributive" mood="indicative" num="s" person="3" pos="vsis3s0" postype="semiauxiliary" tense="past" wd="Fue"/>
    </grup.verb>
    <sn arg="arg2" entityref="nne" func="atr" tem="atr">
      <spec gen="f" num="s">
        <d gen="f" lem="ese" num="s" pos="dd0fs0" postype="demonstrative" wd="esa"/>
      </spec>
      <grup.nom gen="f" num="s">
        <n gen="f" lem="obsesión" lexicalid="noun.obsesión.1.default" num="s" origin="deverbal" pos="ncfs000" postype="common" sense="16:04403919" wd="obsesión"/>
        <sp arg="arg0" func="cn" tem="cau">
          <prep>
            <s lem="por" pos="sps00" postype="preposition" wd="por"/>
          </prep>
          <S clausetype="completive" impersonal="yes">
            <infinitiu>
              <v lem="pasar" lss="A21.transitive-agentive-patient" mood="infinitive" pos="vmn0000" postype="main" wd="pasar"/>
            </infinitiu>
            <sn arg="arg1" entityref="nne" func="cd" tem="pat">
              <spec gen="f" num="s">
                <d gen="f" lem="uno" num="s" pos="di0fs0" postype="indefinite" wd="una"/>
              </spec>
              <grup.nom gen="f" num="s">
                <s.a gen="f" num="s">
                  <grup.a gen="f" num="s">
                    <a gen="f" lem="primero" num="s" pos="ao0fs0" postype="ordinal" wd="primera"/>
                  </grup.a>
                </s.a>
                <n gen="f" lem="ronda" num="s" origin="deverbal" pos="ncfs000" postype="common" sense="16:cs1" wd="ronda"/>
              </grup.nom>
            </sn>
          </S>
        </sp>
      </grup.nom>
    </sn>
    <f lem="?" pos="fit" punct="questionmark" punctenclose="close" wd="?"/>
    <f lem="." pos="fp" punct="period" wd="."/>
  </sentence>
  <sentence coord="yes" id="20">
    <f lem="&quot;" pos="fe" punct="quotation" wd="&quot;"/>
    <S>
      <neg func="mod">
        <r lem="no" pos="rn" postype="negative" wd="No"/>
        <f lem="," pos="fc" punct="comma" wd=","/>
      </neg>
      <sn arg="arg1" coreftype="ident" elliptic="yes" entity="entity3" entityref="spec" func="suj" tem="tem"/>
      <neg func="mod">
        <r lem="no" pos="rn" postype="negative" wd="no"/>
      </neg>
      <grup.verb>
        <v lem="poder" mood="indicative" num="s" person="2" pos="vmip2s0" postype="main" tense="present" wd="puedes"/>
        <infinitiu>
          <v lem="obsesionar" lss="B21.unaccusative-state" mood="infinitive" pos="vmn0000" postype="main" wd="obsesionarte"/>
        </infinitiu>
      </grup.verb>
    </S>
    <f lem="." pos="fp" punct="period" wd="."/>
    <S>
      <sn arg="argM" entityref="nne" func="cc" tem="tmp">
        <spec gen="m" num="s">
          <d gen="c" lem="cada" num="s" pos="di0cs0" postype="indefinite" wd="Cada"/>
        </spec>
        <grup.nom gen="m" num="s">
          <n gen="m" lem="año" num="s" pos="ncms000" postype="common" sense="16:10917509" wd="año"/>
        </grup.nom>
      </sn>
      <grup.verb>
        <v lem="ser" lss="C11.state-existential" mood="indicative" num="p" person="3" pos="vsip3p0" postype="semiauxiliary" tense="present" wd="son"/>
      </grup.verb>
      <sn arg="arg1" entityref="nne" func="suj" tem="tem">
        <grup.nom gen="f" num="p">
          <n gen="f" lem="circunstancia" num="p" pos="ncfp000" postype="common" sense="16:10409482" wd="circunstancias"/>
          <s.a gen="f" num="p">
            <grup.a gen="f" num="p">
              <a gen="f" lem="distinto" num="p" pos="aq0fp0" postype="qualificative" wd="distintas"/>
            </grup.a>
          </s.a>
        </grup.nom>
      </sn>
    </S>
    <f lem="&quot;" pos="fe" punct="quotation" wd="&quot;"/>
    <f lem="." pos="fp" punct="period" wd="."/>
  </sentence>
  <sentence id="21">
    <f lem="¿" pos="fia" punct="questionmark" punctenclose="open" wd="¿"/>
    <sn arg="argM" entity="entity12" entityref="nne" func="cc" homophoricDD="yes" tem="tmp">
      <spec gen="m" num="s">
        <d gen="m" lem="el" num="s" pos="da0ms0" postype="article" wd="El"/>
      </spec>
      <grup.nom gen="m" num="s">
        <n gen="m" lem="año" num="s" pos="ncms000" postype="common" sense="16:10917509" wd="año"/>
        <S clausetype="relative">
          <relatiu arg="argM" coreftype="ident" entity="entity12" entityref="nne" func="cc" tem="tmp">
            <p gen="c" lem="que" num="c" pos="pr0cn000" postype="relative" wd="que"/>
          </relatiu>
          <sn arg="arg0" elliptic="yes" func="suj" tem="agt"/>
          <grup.verb>
            <v lem="pasar" lss="A21.transitive-agentive-patient" mood="subjunctive" num="s" person="2" pos="vmsp2s0" postype="main" tense="present" wd="pases"/>
          </grup.verb>
          <sn arg="arg1" coreftype="ident" entity="entity14" entityref="nne" func="cd" tem="pat">
            <spec gen="f" num="s">
              <d gen="f" lem="uno" num="s" pos="di0fs0" postype="indefinite" wd="una"/>
            </spec>
            <grup.nom gen="f" num="s">
              <n gen="f" lem="ronda" num="s" origin="deverbal" pos="ncfs000" postype="common" sense="16:cs1" wd="ronda"/>
            </grup.nom>
          </sn>
        </S>
      </grup.nom>
      <f lem="," pos="fc" punct="comma" wd=","/>
    </sn>
    <sn arg="arg1" coreftype="ident" elliptic="yes" entity="entity12" entityref="nne" func="suj" tem="tem"/>
    <grup.verb>
      <v lem="ser" lss="C21.state-attributive" mood="indicative" num="s" person="3" pos="vsif3s0" postype="semiauxiliary" tense="future" wd="será"/>
    </grup.verb>
    <sn arg="arg2" corefsubtype="indefinit" coreftype="pred" entity="entity12" entityref="nne" func="atr" tem="atr">
      <spec gen="f" num="s">
        <d gen="f" lem="uno" num="s" pos="di0fs0" postype="indefinite" wd="una"/>
      </spec>
      <grup.nom gen="f" num="s">
        <n gen="f" lem="celebración" lexicalid="noun.celebración.1.default" num="s" origin="deverbal" pos="ncfs000" postype="common" sense="16:05539623" wd="celebración"/>
      </grup.nom>
    </sn>
    <f lem="?" pos="fit" punct="questionmark" punctenclose="close" wd="?"/>
    <f lem="." pos="fp" punct="period" wd="."/>
  </sentence>
  <sentence id="22">
    <f lem="&quot;" pos="fe" punct="quotation" wd="&quot;"/>
    <sn arg="argM" entity="entity13" entityref="nne" func="cc" homophoricDD="yes" tem="tmp">
      <spec gen="m" num="s">
        <d gen="m" lem="el" num="s" pos="da0ms0" postype="article" wd="El"/>
      </spec>
      <grup.nom gen="m" num="s">
        <n gen="m" lem="año" num="s" pos="ncms000" postype="common" sense="16:10917509" wd="año"/>
        <S clausetype="relative">
          <relatiu arg="argM" coreftype="ident" entity="entity13" entityref="nne" func="cc" tem="tmp">
            <p gen="c" lem="que" num="c" pos="pr0cn000" postype="relative" wd="que"/>
          </relatiu>
          <sn arg="arg0" elliptic="yes" func="suj" tem="agt"/>
          <grup.verb>
            <v lem="pasar" lss="A21.transitive-agentive-patient" mood="subjunctive" num="s" person="3" pos="vmsp3s0" postype="main" tense="present" wd="pase"/>
          </grup.verb>
          <sn arg="arg1" coreftype="ident" entity="entity14" entityref="nne" func="cd" tem="pat">
            <spec gen="f" num="s">
              <d gen="f" lem="uno" num="s" pos="di0fs0" postype="indefinite" wd="una"/>
            </spec>
            <grup.nom gen="f" num="s">
              <n gen="f" lem="ronda" num="s" origin="deverbal" pos="ncfs000" postype="common" sense="16:cs1" wd="ronda"/>
            </grup.nom>
          </sn>
        </S>
      </grup.nom>
      <f lem="," pos="fc" punct="comma" wd=","/>
    </sn>
    <sn arg="arg0" coreftype="ident" elliptic="yes" entity="entity3" entityref="spec" func="suj" tem="agt"/>
    <sadv func="mod">
      <grup.adv>
        <r lem="igual" pos="rg" wd="igual"/>
      </grup.adv>
    </sadv>
    <sadv arg="argM" func="cc" tem="tmp">
      <grup.adv>
        <r lem="ya" pos="rg" wd="ya"/>
      </grup.adv>
    </sadv>
    <grup.verb>
      <v lem="pasar" lss="A21.transitive-agentive-patient" mood="indicative" num="s" person="1" pos="vmip1s0" postype="main" tense="present" wd="paso"/>
    </grup.verb>
    <sn arg="arg1" complex="yes" entityref="nne" func="cd" tem="pat">
      <grup.nom coord="yes">
        <grup.nom gen="f" num="s">
          <p gen="c" lem="cuatro" num="p" pos="pn0cp000" postype="numeral" wd="cuatro"/>
        </grup.nom>
        <conj conjunctiontype="coordinating">
          <c lem="o" pos="cc" postype="coordinating" wd="o"/>
        </conj>
        <grup.nom gen="f" num="s">
          <p gen="c" lem="cinco" num="p" pos="pn0cp000" postype="numeral" wd="cinco"/>
        </grup.nom>
      </grup.nom>
    </sn>
    <sadv arg="argM" func="cc" tem="mnr">
      <grup.adv>
        <r lem="de_carrerilla" pos="rg" wd="de_carrerilla"/>
      </grup.adv>
    </sadv>
    <f lem="&quot;" pos="fe" punct="quotation" wd="&quot;"/>
    <f lem="." pos="fp" punct="period" wd="."/>
  </sentence>
  <sentence id="23" verbless="yes">
    <sn entityref="nne" homophoricDD="yes">
      <spec gen="m" num="s">
        <d gen="m" lem="el" num="s" pos="da0ms0" postype="article" wd="El"/>
      </spec>
      <grup.nom gen="m" num="s">
        <s.a gen="m" num="s">
          <grup.a gen="m" num="s">
            <a gen="m" lem="próximo" num="s" pos="aq0ms0" postype="qualificative" wd="próximo"/>
          </grup.a>
        </s.a>
      </grup.nom>
    </sn>
    <sadv>
      <f lem="," pos="fc" punct="comma" wd=","/>
      <grup.adv>
        <r lem="quizá" pos="rg" wd="quizá"/>
      </grup.adv>
    </sadv>
    <f lem="." pos="fp" punct="period" wd="."/>
  </sentence>
</article>
