<?xml version="1.0" encoding="UTF-8" standalone="no"?>
<!-- 

  ancora-2.0
       
			Copyright (C) 2007, 2008, 2009, 2010, 2011 UB - CLiC
			Centre de Llenguatge i Computació - Universitat de Barcelona
 
  This file is part of ancora-2.0.
 
  ancora-2.0 is free software and data: you can redistribute it and/or modify
  it under the terms of the GNU General Public License as published
  by the Free Software Foundation, either version 3 of the License,
  or (at your option) any later version.

  ancora-2.0 is distributed in the hope that it will be useful,
  but WITHOUT ANY WARRANTY; without even the implied warranty of
  MERCHANTABILITY or FITNESS FOR A PARTICULAR PURPOSE.  See the
  GNU General Public License for more details.
 
  You should have received a copy of the GNU General Public License
  along with ancora-2.0.  If not, see &lt;http://www.gnu.org/licenses/&gt;.
 
  Check a text in catalan explaining the terms of the license at http://www.softcatala.cat/wiki/GPL3.
  In spanish at http://www.viti.es/gnu/licenses/gpl.html
 

  The following paper must be cited when using this corpus:

 * Taulé, M., M.A. Martí, M. Recasens (2008) 'Ancora: Multilevel Annotated Corpora for Catalan and Spanish',
   Proceedings of 6th International Conference on Language Resources and Evaluation. Marrakesh (Morocco).

  In addition, the following paper must be cited if coreference information (attributes entity, coreftype,
  corefsubtype, homophoricDD or entityref) is used:

 * Recasens, Marta, M. Antònia Martí (2010) ‘AnCora-CO: Coreferentially annotated corpora for Spanish and
   Catalan’. Language Resources and Evaluation, Springer Science.

  Additionally, the following paper must be cited when argumental attributes in "sn" or "grup.nom"
  (attributes func, arg, tem or lexicalid) are used:

 * Peris, Aina, Mariona Taulé, Horacio Rodríguez (2010) ‘Semantic Annotation of Deverbal Nominalizations in the
   Spanish AnCora corpus’. Treebanks and Linguistic Theories (TLT-2010), Estonia.
-->
<article lng="es">
  <sentence>
    <sp arg="argM" func="cc" tem="adv">
      <prep>
        <s lem="para" pos="sps00" postype="preposition" wd="Para"/>
      </prep>
      <S clausetype="completive" impersonal="yes">
        <infinitiu>
          <v lem="abreviar" lss="A21.transitive-agentive-patient" mood="infinitive" pos="vmn0000" postype="main" wd="abreviar"/>
        </infinitiu>
      </S>
      <f lem="," pos="fc" punct="comma" wd=","/>
    </sp>
    <sn arg="arg0" entityref="ne" func="suj" ne="organization" tem="agt">
      <spec gen="m" num="s">
        <d gen="m" lem="el" num="s" pos="da0ms0" postype="article" wd="el"/>
      </spec>
      <grup.nom gen="m" num="s">
        <n lem="Real" ne="organization" pos="np0000o" postype="proper" sense="16:cs1" wd="Real"/>
      </grup.nom>
    </sn>
    <grup.verb>
      <v lem="marcar" lss="A21.transitive-agentive-patient" mood="indicative" num="s" person="3" pos="vmis3s0" postype="main" tense="past" wd="marcó"/>
    </grup.verb>
    <sadv arg="argM" coord="yes" func="cc" tem="adv">
      <sadv>
        <grup.adv>
          <f lem="-" pos="fg" punct="hyphen" wd="-"/>
          <r lem="de_churro" pos="rg" wd="de_churro"/>
          <f lem="-" pos="fg" punct="hyphen" wd="-"/>
        </grup.adv>
      </sadv>
      <conj conjunctiontype="coordinating">
        <c lem="y" pos="cc" postype="coordinating" wd="y"/>
      </conj>
      <sp>
        <prep>
          <s lem="de" pos="sps00" postype="preposition" wd="de"/>
        </prep>
        <sn>
          <grup.nom gen="m" num="s">
            <n gen="m" lem="penalti" num="s" pos="ncms000" postype="common" sense="16:cs1" wd="penalti"/>
          </grup.nom>
        </sn>
      </sp>
    </sadv>
    <f lem="." pos="fp" punct="period" wd="."/>
  </sentence>
  <sentence verbless="yes">
    <sn entityref="ne" ne="organization">
      <spec gen="m" num="s">
        <d gen="m" lem="el" num="s" pos="da0ms0" postype="article" wd="El"/>
      </spec>
      <grup.nom gen="m" num="s">
        <n lem="Atlético" ne="organization" pos="np0000o" postype="proper" sense="16:cs1" wd="Atlético"/>
      </grup.nom>
    </sn>
    <sadv>
      <f lem="," pos="fc" punct="comma" wd=","/>
      <grup.adv>
        <r lem="en_cambio" pos="rg" wd="en_cambio"/>
      </grup.adv>
      <f lem="," pos="fc" punct="comma" wd=","/>
    </sadv>
    <sp>
      <prep>
        <s lem="tras" pos="sps00" postype="preposition" wd="tras"/>
      </prep>
      <sn>
        <spec gen="f" num="p">
          <d gen="c" lem="dos" num="p" pos="dn0cp0" postype="numeral" wd="dos"/>
        </spec>
        <grup.nom gen="f" num="p">
          <n gen="f" lem="acción" lexicalid="noun.acción.2.default" num="p" origin="deverbal" pos="ncfp000" postype="common" sense="16:00017487" wd="acciones"/>
          <s.a func="cn" gen="f" num="p">
            <grup.a gen="f" num="p">
              <a gen="f" lem="espléndido" num="p" pos="aq0fp0" postype="qualificative" wd="espléndidas"/>
            </grup.a>
          </s.a>
          <sp arg="arg1" func="cn" tem="pat">
            <prep>
              <s lem="de" pos="sps00" postype="preposition" wd="de"/>
            </prep>
            <sn>
              <grup.nom gen="m" num="s">
                <n gen="m" lem="contragolpe" lexicalid="noun.contragolpe.1.default" num="s" origin="deverbal" pos="ncms000" postype="common" sense="16:00618654" wd="contragolpe"/>
              </grup.nom>
            </sn>
          </sp>
          <S clausetype="participle" func="cn" impersonal="yes">
            <f lem="," pos="fc" punct="comma" wd=","/>
            <participi>
              <a gen="f" lem="culminado" lss="B22.unaccusative-passive-transitive" num="p" pos="aq0fpp" posfunction="participle" postype="qualificative" wd="culminadas"/>
            </participi>
            <sp arg="arg0" func="cag" tem="agt">
              <prep>
                <s lem="por" pos="sps00" postype="preposition" wd="por"/>
              </prep>
              <sn entityref="ne" ne="person">
                <spec gen="m" num="s">
                  <d gen="m" lem="uno" num="s" pos="di0ms0" postype="indefinite" wd="un"/>
                </spec>
                <grup.nom gen="m" num="s">
                  <s.a gen="m" num="s">
                    <grup.a gen="m" num="s">
                      <a gen="m" lem="soberbio" num="s" pos="aq0ms0" postype="qualificative" wd="soberbio"/>
                    </grup.a>
                  </s.a>
                  <n lem="Caminero" ne="person" pos="np0000p" postype="proper" sense="16:cs1" wd="Caminero"/>
                </grup.nom>
              </sn>
            </sp>
          </S>
        </grup.nom>
      </sn>
    </sp>
    <f lem="." pos="fp" punct="period" wd="."/>
  </sentence>
  <sentence>
    <sn arg="arg0" func="suj" tem="agt">
      <spec gen="f" num="p">
        <d gen="f" lem="ese" num="p" pos="dd0fp0" postype="demonstrative" wd="Esas"/>
        <d gen="c" lem="dos" num="p" pos="dn0cp0" postype="numeral" wd="dos"/>
      </spec>
      <grup.nom gen="f" num="p">
        <n gen="f" lem="evidencia" lexicalid="noun.evidencia.1.default" num="p" origin="deverbal" pos="ncfp000" postype="common" sense="16:04978516" wd="evidencias"/>
      </grup.nom>
    </sn>
    <grup.verb>
      <v lem="resumir" lss="A21.transitive-agentive-patient" mood="indicative" num="p" person="3" pos="vmip3p0" postype="main" tense="present" wd="resumen"/>
    </grup.verb>
    <sn arg="arg1" func="cd" tem="pat">
      <spec gen="f" num="p">
        <d gen="f" lem="el" num="p" pos="da0fp0" postype="article" wd="las"/>
      </spec>
      <grup.nom gen="f" num="p">
        <n gen="f" lem="distancia" lexicalid="noun.distancia.1.default" num="p" origin="deverbal" pos="ncfp000" postype="common" sense="16:03967504" wd="distancias"/>
        <s.a func="cn" gen="f" num="p">
          <grup.a gen="f" num="p">
            <a gen="f" lem="máximo" num="p" pos="aq0fp0" postype="qualificative" wd="máximas"/>
          </grup.a>
        </s.a>
        <sp arg="arg1" func="cn" tem="tem">
          <prep>
            <s lem="entre" pos="sps00" postype="preposition" wd="entre"/>
          </prep>
          <sn coord="yes">
            <sn>
              <grup.nom gen="m" num="s">
                <p gen="m" lem="uno" num="s" pos="pi0ms000" postype="indefinite" wd="uno"/>
              </grup.nom>
            </sn>
            <conj conjunctiontype="coordinating">
              <c lem="y" pos="cc" postype="coordinating" wd="y"/>
            </conj>
            <sn>
              <spec gen="m" num="s">
                <d gen="m" lem="otro" num="s" pos="di0ms0" postype="indefinite" wd="otro"/>
              </spec>
              <grup.nom gen="m" num="s">
                <n gen="m" lem="equipo" num="s" pos="ncms000" postype="common" sense="16:06093198" wd="equipo"/>
              </grup.nom>
            </sn>
          </sn>
        </sp>
      </grup.nom>
    </sn>
    <f lem="." pos="fp" punct="period" wd="."/>
  </sentence>
  <sentence>
    <sn arg="arg0" func="suj" tem="agt">
      <spec gen="f" num="s">
        <d gen="f" lem="el" num="s" pos="da0fs0" postype="article" wd="La"/>
      </spec>
      <grup.nom gen="f" num="s">
        <n gen="f" lem="jugada" lexicalid="noun.jugada.1.default" num="s" origin="deverbal" pos="ncfs000" postype="common" sense="16:00364173" wd="jugada"/>
        <sp arg="argM" func="cn" tem="tmp">
          <prep>
            <s contracted="yes" gen="m" lem="del" num="s" pos="spcms" postype="preposition" wd="del"/>
          </prep>
          <sn>
            <grup.nom gen="m" num="s">
              <s.a gen="m" num="s">
                <grup.a gen="m" num="s">
                  <a gen="m" lem="segundo" num="s" pos="ao0ms0" postype="ordinal" wd="segundo"/>
                </grup.a>
              </s.a>
              <n gen="m" lem="gol" num="s" pos="ncms000" postype="common" sense="16:50004855" wd="gol"/>
              <s.a gen="m" num="s">
                <grup.a gen="m" num="s">
                  <a gen="m" lem="rojiblanco" num="s" pos="aq0ms0" postype="qualificative" wd="rojiblanco"/>
                </grup.a>
              </s.a>
            </grup.nom>
          </sn>
        </sp>
      </grup.nom>
    </sn>
    <grup.verb>
      <v lem="sintetizar" lss="A21.transitive-agentive-patient" mood="indicative" num="s" person="3" pos="vmip3s0" postype="main" tense="present" wd="sintetiza"/>
    </grup.verb>
    <sp arg="argM" func="cc" tem="adv">
      <prep>
        <s lem="por" pos="sps00" postype="preposition" wd="por"/>
      </prep>
      <grup.nom gen="f" num="s">
        <p case="oblique" gen="c" lem="él" num="c" person="3" pos="pp3cno00" postype="personal" wd="sí"/>
        <s.a gen="f" num="s">
          <grup.a gen="f" num="s">
            <a gen="f" lem="solo" num="s" pos="aq0fs0" postype="qualificative" wd="sola"/>
          </grup.a>
        </s.a>
      </grup.nom>
    </sp>
    <sn arg="arg1" func="cd" tem="pat">
      <spec gen="f" num="p">
        <d gen="f" lem="el" num="p" pos="da0fp0" postype="article" wd="las"/>
      </spec>
      <grup.nom gen="f" num="p">
        <s.a func="cn" gen="f" num="p">
          <spec>
            <r lem="más" pos="rg" wd="más"/>
          </spec>
          <grup.a gen="f" num="p">
            <a gen="c" lem="grande" num="p" pos="aq0cp0" postype="qualificative" wd="grandes"/>
          </grup.a>
        </s.a>
        <n gen="f" lem="diferencia" lexicalid="noun.diferencia.1.default" num="p" origin="deverbal" pos="ncfp000" postype="common" sense="16:03731027" wd="diferencias"/>
        <S clausetype="relative" func="cn">
          <relatiu arg="arg1" func="suj" tem="tem">
            <p gen="c" lem="que" num="c" pos="pr0cn000" postype="relative" wd="que"/>
          </relatiu>
          <morfema.pronominal>
            <p gen="c" lem="él" num="c" person="3" pos="p0300000" wd="se"/>
          </morfema.pronominal>
          <grup.verb>
            <v lem="dar" lss="C11.state-existential" mood="indicative" num="p" person="3" pos="vmis3p0" postype="main" tense="past" wd="dieron"/>
          </grup.verb>
          <sp arg="argM" func="cc" tem="loc">
            <prep>
              <s lem="en" pos="sps00" postype="preposition" wd="en"/>
            </prep>
            <sn>
              <spec gen="m" num="s">
                <d gen="m" lem="el" num="s" pos="da0ms0" postype="article" wd="el"/>
              </spec>
              <grup.nom gen="m" num="s">
                <n gen="m" lem="encuentro" lexicalid="noun.encuentro.4.default" num="s" origin="deverbal" pos="ncms000" postype="common" sense="16:50005915" wd="encuentro"/>
              </grup.nom>
            </sn>
          </sp>
        </S>
        <sn func="cn">
          <f lem=":" pos="fd" punct="colon" wd=":"/>
          <spec gen="f" num="p">
            <d gen="f" lem="el" num="p" pos="da0fp0" postype="article" wd="las"/>
          </spec>
          <S clausetype="relative">
            <relatiu arg="arg1" func="suj" tem="tem">
              <p gen="c" lem="que" num="c" pos="pr0cn000" postype="relative" wd="que"/>
            </relatiu>
            <grup.verb>
              <v lem="ir" lss="C11.state-existential" mood="indicative" num="p" person="3" pos="vmip3p0" postype="main" tense="present" wd="van"/>
            </grup.verb>
            <sp arg="arg3" func="cc" tem="ein">
              <prep>
                <s lem="de" pos="sps00" postype="preposition" wd="de"/>
              </prep>
              <sn>
                <spec gen="m" num="s">
                  <d gen="m" lem="uno" num="s" pos="di0ms0" postype="indefinite" wd="un"/>
                </spec>
                <grup.nom gen="m" num="s">
                  <n gen="m" lem="conjunto" num="s" pos="ncms000" postype="common" sense="16:cs1" wd="conjunto"/>
                  <s.a complex="yes" gen="m" num="s">
                    <grup.a coord="yes" gen="m" num="s">
                      <grup.a gen="m" num="s">
                        <a gen="m" lem="expresivo" num="s" pos="aq0ms0" postype="qualificative" wd="expresivo"/>
                      </grup.a>
                      <conj conjunctiontype="coordinating">
                        <c lem="y" pos="cc" postype="coordinating" wd="y"/>
                      </conj>
                      <grup.a gen="m" num="s">
                        <a gen="c" lem="ágil" num="s" pos="aq0cs0" postype="qualificative" wd="ágil"/>
                      </grup.a>
                    </grup.a>
                  </s.a>
                </grup.nom>
              </sn>
            </sp>
            <sp arg="arg4" func="cc" tem="efi">
              <prep>
                <s lem="a" pos="sps00" postype="preposition" wd="a"/>
              </prep>
              <sn>
                <grup.nom gen="m" num="s">
                  <d gen="m" lem="otro" num="s" pos="di0ms0" postype="indefinite" wd="otro"/>
                  <s.a complex="yes" gen="m" num="s">
                    <grup.a coord="yes" gen="m" num="s">
                      <grup.a gen="m" num="s">
                        <a gen="c" lem="torpe" num="s" pos="aq0cs0" postype="qualificative" wd="torpe"/>
                      </grup.a>
                      <conj conjunctiontype="coordinating">
                        <c lem="y" pos="cc" postype="coordinating" wd="y"/>
                      </conj>
                      <grup.a gen="m" num="s">
                        <a gen="m" lem="lacónico" num="s" pos="aq0ms0" postype="qualificative" wd="lacónico"/>
                      </grup.a>
                    </grup.a>
                  </s.a>
                </grup.nom>
              </sn>
            </sp>
          </S>
        </sn>
      </grup.nom>
    </sn>
    <f lem="." pos="fp" punct="period" wd="."/>
  </sentence>
  <sentence>
    <sp arg="argM" func="cc" tem="loc">
      <prep>
        <s lem="desde" pos="sps00" postype="preposition" wd="Desde"/>
      </prep>
      <sn>
        <spec gen="f" num="s">
          <d gen="f" lem="el" num="s" pos="da0fs0" postype="article" wd="la"/>
        </spec>
        <grup.nom gen="f" num="s">
          <n gen="f" lem="portería" num="s" pos="ncfs000" postype="common" sense="16:03038089" wd="portería"/>
          <s.a gen="f" num="s">
            <grup.a gen="f" num="s">
              <a gen="c" lem="visitante" num="s" pos="aq0cs0" postype="qualificative" wd="visitante"/>
            </grup.a>
          </s.a>
        </grup.nom>
      </sn>
    </sp>
    <sp arg="argM" func="cc" tem="loc">
      <prep>
        <s lem="hasta" pos="sps00" postype="preposition" wd="hasta"/>
      </prep>
      <sn>
        <spec gen="f" num="s">
          <d gen="f" lem="el" num="s" pos="da0fs0" postype="article" wd="la"/>
        </spec>
        <grup.nom gen="f" num="s">
          <s.a gen="f" num="s">
            <grup.a gen="f" num="s">
              <a gen="c" lem="local" num="s" pos="aq0cs0" postype="qualificative" wd="local"/>
            </grup.a>
          </s.a>
        </grup.nom>
      </sn>
    </sp>
    <sn arg="arg0" func="suj" tem="agt">
      <spec gen="m" num="s">
        <d gen="m" lem="ninguno" num="s" pos="di0ms0" postype="indefinite" wd="ningún"/>
      </spec>
      <grup.nom gen="m" num="s">
        <n gen="m" lem="jugador" num="s" pos="ncms000" postype="common" sense="16:07480903" wd="jugador"/>
        <s.a gen="m" num="s">
          <grup.a gen="m" num="s">
            <a gen="c" lem="madridista" num="s" pos="aq0cs0" postype="qualificative" wd="madridista"/>
          </grup.a>
        </s.a>
      </grup.nom>
    </sn>
    <grup.verb>
      <v lem="tocar" lss="A21.transitive-agentive-patient" mood="indicative" num="s" person="3" pos="vmis3s0" postype="main" tense="past" wd="tocó"/>
    </grup.verb>
    <sn arg="arg1" func="cd" tem="pat">
      <spec gen="f" num="s">
        <d gen="f" lem="el" num="s" pos="da0fs0" postype="article" wd="la"/>
      </spec>
      <grup.nom gen="f" num="s">
        <n gen="f" lem="pelota" num="s" pos="ncfs000" postype="common" sense="16:02240791" wd="pelota"/>
      </grup.nom>
    </sn>
    <f lem="." pos="fp" punct="period" wd="."/>
  </sentence>
  <sentence>
    <neg func="mod">
      <r lem="no" pos="rn" postype="negative" wd="No"/>
    </neg>
    <morfema.verbal func="impers">
      <p gen="c" lem="se" num="c" pos="p0000000" wd="se"/>
    </morfema.verbal>
    <grup.verb>
      <v lem="tratar" lss="C21.state-attributive" mood="indicative" num="s" person="3" pos="vmis3s0" postype="main" tense="past" wd="trató"/>
    </grup.verb>
    <sadv arg="argM" func="cc" tem="adv">
      <f lem="," pos="fc" punct="comma" wd=","/>
      <grup.adv>
        <r lem="por_añadidura" pos="rg" wd="por_añadidura"/>
      </grup.adv>
      <f lem="," pos="fc" punct="comma" wd=","/>
    </sadv>
    <sp arg="arg2" func="creg" tem="atr">
      <prep>
        <s lem="de" pos="sps00" postype="preposition" wd="de"/>
      </prep>
      <sn>
        <spec gen="m" num="s">
          <d gen="m" lem="uno" num="s" pos="di0ms0" postype="indefinite" wd="un"/>
        </spec>
        <grup.nom gen="m" num="s">
          <n gen="m" lem="contraataque" lexicalid="noun.contraataque.1.default" num="s" origin="deverbal" pos="ncms000" postype="common" sense="16:00629424" wd="contraataque"/>
          <s.a complex="yes" func="cn" gen="m" num="s">
            <grup.a coord="yes" gen="m" num="s">
              <grup.a gen="m" num="s">
                <a gen="m" lem="eléctrico" num="s" pos="aq0ms0" postype="qualificative" wd="eléctrico"/>
                <sp>
                  <prep>
                    <s lem="por" pos="sps00" postype="preposition" wd="por"/>
                  </prep>
                  <s.a gen="f" num="s">
                    <grup.a gen="f" num="s">
                      <a gen="c" lem="elegante" num="s" pos="aq0cs0" postype="qualificative" wd="elegante"/>
                    </grup.a>
                  </s.a>
                </sp>
              </grup.a>
              <conj conjunctiontype="coordinating">
                <c lem="o" pos="cc" postype="coordinating" wd="o"/>
              </conj>
              <grup.a gen="f" num="s">
                <a gen="c" lem="irresistible" num="s" pos="aq0cs0" postype="qualificative" wd="irresistible"/>
                <sp>
                  <prep>
                    <s lem="por" pos="sps00" postype="preposition" wd="por"/>
                  </prep>
                  <s.a gen="m" num="s">
                    <grup.a gen="m" num="s">
                      <a gen="c" lem="brutal" num="s" pos="aq0cs0" postype="qualificative" wd="brutal"/>
                    </grup.a>
                  </s.a>
                </sp>
              </grup.a>
            </grup.a>
          </s.a>
          <S clausetype="participle" func="cn" impersonal="yes">
            <f lem="," pos="fc" punct="comma" wd=","/>
            <participi>
              <a gen="m" lem="resuelto" lss="B22.unaccusative-passive-transitive" num="s" pos="aq0msp" posfunction="participle" postype="qualificative" wd="resuelto"/>
            </participi>
            <sp arg="argM" func="cc" tem="mnr">
              <prep>
                <s lem="en" pos="sps00" postype="preposition" wd="en"/>
              </prep>
              <sn>
                <spec gen="m" num="p">
                  <d gen="c" lem="tres" num="p" pos="dn0cp0" postype="numeral" wd="tres"/>
                </spec>
                <grup.nom gen="m" num="p">
                  <n gen="m" lem="pase" lexicalid="noun.pase.3.default" num="p" origin="deverbal" pos="ncmp000" postype="common" sense="16:00366105" wd="pases"/>
                  <sp arg="argM" func="cn" tem="mnr">
                    <prep>
                      <s lem="de" pos="sps00" postype="preposition" wd="de"/>
                    </prep>
                    <sn>
                      <grup.nom gen="f" num="s">
                        <s.a complex="yes" gen="f" num="s">
                          <grup.a coord="yes" gen="f" num="s">
                            <grup.a gen="f" num="s">
                              <a gen="f" lem="escueto" num="s" pos="aq0fs0" postype="qualificative" wd="escueta"/>
                            </grup.a>
                            <conj conjunctiontype="coordinating">
                              <c lem="y" pos="cc" postype="coordinating" wd="y"/>
                            </conj>
                            <grup.a gen="f" num="s">
                              <a gen="c" lem="relampagueante" num="s" pos="aq0cs0" postype="qualificative" wd="relampagueante"/>
                            </grup.a>
                          </grup.a>
                        </s.a>
                        <n gen="f" lem="verticalidad" num="s" pos="ncfs000" postype="common" sense="16:03964865" wd="verticalidad"/>
                      </grup.nom>
                    </sn>
                  </sp>
                </grup.nom>
              </sn>
            </sp>
          </S>
        </grup.nom>
      </sn>
    </sp>
    <f lem="." pos="fp" punct="period" wd="."/>
  </sentence>
  <sentence verbless="yes">
    <sn>
      <grup.nom gen="m" num="s">
        <p gen="c" lem="nada" num="s" pos="pi0cs000" postype="indefinite" wd="Nada"/>
        <sp>
          <prep>
            <s lem="de" pos="sps00" postype="preposition" wd="de"/>
          </prep>
          <sn>
            <grup.nom gen="m" num="s">
              <p gen="c" lem="ese" num="s" pos="pd0ns000" postype="demonstrative" wd="eso"/>
            </grup.nom>
          </sn>
        </sp>
      </grup.nom>
    </sn>
    <f lem="." pos="fp" punct="period" wd="."/>
  </sentence>
  <sentence verbless="yes">
    <sn>
      <grup.nom gen="m" num="s">
        <p gen="c" lem="nada" num="s" pos="pi0cs000" postype="indefinite" wd="Nada"/>
        <sp>
          <prep>
            <s lem="de" pos="sps00" postype="preposition" wd="de"/>
          </prep>
          <sn>
            <grup.nom gen="m" num="p">
              <n gen="m" lem="chispazo" num="p" pos="ncmp000" postype="common" sense="16:05516648" wd="chispazos"/>
              <s.a gen="m" num="p">
                <grup.a gen="m" num="p">
                  <a gen="m" lem="rectilíneo" num="p" pos="aq0mp0" postype="qualificative" wd="rectilíneos"/>
                </grup.a>
              </s.a>
            </grup.nom>
          </sn>
        </sp>
      </grup.nom>
    </sn>
    <f lem="." pos="fp" punct="period" wd="."/>
  </sentence>
  <sentence>
    <sn arg="arg0" func="suj" tem="agt">
      <spec gen="m" num="s">
        <d gen="m" lem="el" num="s" pos="da0ms0" postype="article" wd="El"/>
      </spec>
      <grup.nom gen="m" num="s">
        <n gen="m" lem="balón" num="s" pos="ncms000" postype="common" sense="16:02240791" wd="balón"/>
      </grup.nom>
    </sn>
    <sp arg="argM" func="cc" tem="adv">
      <f lem="," pos="fc" punct="comma" wd=","/>
      <prep>
        <s lem="sin" pos="sps00" postype="preposition" wd="sin"/>
      </prep>
      <S clausetype="completive" impersonal="yes">
        <infinitiu>
          <v lem="llegar" mood="infinitive" pos="vmn0000" postype="main" wd="llegar"/>
          <s lem="a" pos="sps00" postype="preposition" wd="a"/>
          <infinitiu>
            <v lem="dormir" lss="D21.inergative-experiencer" mood="infinitive" pos="vmn0000" postype="main" wd="dormirse"/>
          </infinitiu>
        </infinitiu>
      </S>
      <f lem="," pos="fc" punct="comma" wd=","/>
    </sp>
    <morfema.pronominal>
      <p gen="c" lem="él" num="c" person="3" pos="p0300000" wd="se"/>
    </morfema.pronominal>
    <grup.verb>
      <v lem="tomar" lss="A21.transitive-agentive-patient" mood="indicative" num="s" person="3" pos="vmis3s0" postype="main" tense="past" wd="tomó"/>
    </grup.verb>
    <sn arg="arg1" func="cd" tem="pat">
      <spec gen="m" num="s">
        <d gen="c" lem="su" num="s" person="3" pos="dp3cs0" postype="possessive" wd="su"/>
      </spec>
      <grup.nom gen="m" num="s">
        <n gen="m" lem="tiempo" num="s" pos="ncms000" postype="common" sense="16:00015594" wd="tiempo"/>
      </grup.nom>
    </sn>
    <sp arg="argM" func="cc" tem="fin">
      <prep>
        <s lem="para" pos="sps00" postype="preposition" wd="para"/>
      </prep>
      <S clausetype="completive" impersonal="yes">
        <infinitiu>
          <v lem="alcanzar" lss="A31.ditransitive-patient-locative" mood="infinitive" pos="vmn0000" postype="main" wd="alcanzar"/>
        </infinitiu>
        <sn arg="arg1" func="cd" tem="pat">
          <spec gen="f" num="s">
            <d gen="f" lem="el" num="s" pos="da0fs0" postype="article" wd="la"/>
          </spec>
          <grup.nom gen="f" num="s">
            <n gen="f" lem="meta" num="s" pos="ncfs000" postype="common" sense="16:04586952" wd="meta"/>
            <sp>
              <prep>
                <s lem="de" pos="sps00" postype="preposition" wd="de"/>
              </prep>
              <sn entityref="ne" ne="person">
                <grup.nom gen="m" num="s">
                  <n lem="Buyo" ne="person" pos="np0000p" postype="proper" sense="16:cs1" wd="Buyo"/>
                </grup.nom>
              </sn>
            </sp>
          </grup.nom>
        </sn>
      </S>
    </sp>
    <f lem="." pos="fp" punct="period" wd="."/>
  </sentence>
  <sentence>
    <sn arg="arg0" elliptic="yes" func="suj" tem="agt"/>
    <sadv func="mod">
      <grup.adv>
        <r lem="incluso" pos="rg" wd="Incluso"/>
      </grup.adv>
    </sadv>
    <grup.verb>
      <v lem="optar" lss="A22.transitive-agentive-theme" mood="indicative" num="s" person="3" pos="vmis3s0" postype="main" tense="past" wd="optó"/>
    </grup.verb>
    <sp arg="argM" func="cc" tem="tmp">
      <f lem="," pos="fc" punct="comma" wd=","/>
      <prep>
        <s lem="en" pos="sps00" postype="preposition" wd="en"/>
      </prep>
      <sn>
        <spec gen="f" num="s">
          <d gen="f" lem="el" num="s" pos="da0fs0" postype="article" wd="la"/>
        </spec>
        <grup.nom gen="f" num="s">
          <n gen="f" lem="fase" num="s" pos="ncfs000" postype="common" sense="16:10983365" wd="fase"/>
          <s.a gen="f" num="s">
            <grup.a gen="f" num="s">
              <a gen="f" lem="intermedio" num="s" pos="aq0fs0" postype="qualificative" wd="intermedia"/>
            </grup.a>
          </s.a>
          <sp>
            <prep>
              <s lem="de" pos="sps00" postype="preposition" wd="de"/>
            </prep>
            <sn>
              <spec gen="f" num="s">
                <d gen="f" lem="el" num="s" pos="da0fs0" postype="article" wd="la"/>
              </spec>
              <grup.nom gen="f" num="s">
                <n gen="f" lem="jugada" lexicalid="noun.jugada.1.default" num="s" origin="deverbal" pos="ncfs000" postype="common" sense="16:00364173" wd="jugada"/>
              </grup.nom>
            </sn>
          </sp>
        </grup.nom>
      </sn>
      <f lem="," pos="fc" punct="comma" wd=","/>
    </sp>
    <sp arg="arg1" func="creg" tem="tem">
      <prep>
        <s lem="por" pos="sps00" postype="preposition" wd="por"/>
      </prep>
      <S clausetype="completive" coord="yes" impersonal="yes">
        <S clausetype="completive" impersonal="yes">
          <infinitiu>
            <v lem="entretener" lss="A22.transitive-agentive-theme" mood="infinitive" pos="vmn0000" postype="main" wd="entretenerse"/>
          </infinitiu>
          <sp arg="argM" func="cc" tem="loc">
            <prep>
              <s lem="en" pos="sps00" postype="preposition" wd="en"/>
            </prep>
            <sn>
              <spec gen="f" num="s">
                <d gen="f" lem="el" num="s" pos="da0fs0" postype="article" wd="la"/>
              </spec>
              <grup.nom gen="f" num="s">
                <n gen="f" lem="banda" num="s" pos="ncfs000" postype="common" sense="16:06374015" wd="banda"/>
                <s.a gen="f" num="s">
                  <grup.a gen="f" num="s">
                    <a gen="f" lem="derecho" num="s" pos="aq0fs0" postype="qualificative" wd="derecha"/>
                  </grup.a>
                </s.a>
              </grup.nom>
            </sn>
          </sp>
        </S>
        <conj conjunctiontype="coordinating">
          <c lem="y" pos="cc" postype="coordinating" wd="y"/>
        </conj>
        <S clausetype="completive" impersonal="yes">
          <infinitiu>
            <v lem="cargar" lss="A22.transitive-agentive-theme" mood="infinitive" pos="vmn0000" postype="main" wd="cargarse"/>
          </infinitiu>
          <sp arg="argM" func="cc" tem="adv">
            <f lem="," pos="fc" punct="comma" wd=","/>
            <prep>
              <s lem="en" pos="sps00" postype="preposition" wd="en"/>
            </prep>
            <sn>
              <spec gen="m" num="s">
                <d gen="c" lem="su" num="s" person="3" pos="dp3cs0" postype="possessive" wd="su"/>
              </spec>
              <grup.nom gen="m" num="s">
                <n gen="m" lem="deambular" num="s" pos="ncms000" postype="common" sense="16:cs1" wd="deambular"/>
                <s.a complex="yes" gen="m" num="s">
                  <grup.a coord="yes" gen="m" num="s">
                    <grup.a gen="m" num="s">
                      <a gen="c" lem="inteligente" num="s" pos="aq0cs0" postype="qualificative" wd="inteligente"/>
                    </grup.a>
                    <conj conjunctiontype="coordinating">
                      <c lem="y" pos="cc" postype="coordinating" wd="y"/>
                    </conj>
                    <grup.a gen="m" num="s">
                      <a gen="c" lem="gentil" num="s" pos="aq0cs0" postype="qualificative" wd="gentil"/>
                    </grup.a>
                  </grup.a>
                </s.a>
              </grup.nom>
            </sn>
            <f lem="," pos="fc" punct="comma" wd=","/>
          </sp>
          <sp arg="arg1" func="creg" tem="tem">
            <prep>
              <s lem="de" pos="sps00" postype="preposition" wd="de"/>
            </prep>
            <sn coord="yes">
              <conj conjunctiontype="coordinating">
                <d gen="f" lem="tanto" num="s" pos="di0fs0" postype="indefinite" wd="tanta"/>
              </conj>
              <sn>
                <grup.nom gen="f" num="s">
                  <n gen="f" lem="paciencia" num="s" pos="ncfs000" postype="common" sense="16:03659752" wd="paciencia"/>
                </grup.nom>
              </sn>
              <conj conjunctiontype="coordinating">
                <c lem="como" pos="cs" postype="subordinating" wd="como"/>
              </conj>
              <sn>
                <grup.nom gen="m" num="s">
                  <n gen="m" lem="veneno" num="s" pos="ncms000" postype="common" sense="16:10786704" wd="veneno"/>
                </grup.nom>
              </sn>
            </sn>
          </sp>
        </S>
      </S>
    </sp>
    <f lem="." pos="fp" punct="period" wd="."/>
  </sentence>
  <sentence coord="yes">
    <S>
      <sn arg="arg0" elliptic="yes" func="suj" tem="agt"/>
      <grup.verb>
        <v lem="progresar" lss="D11.inergative-agentive" mood="indicative" num="s" person="3" pos="vmis3s0" postype="main" tense="past" wd="Progresó"/>
      </grup.verb>
    </S>
    <f lem="," pos="fc" punct="comma" wd=","/>
    <S>
      <sn arg="arg0" elliptic="yes" func="suj" tem="agt"/>
      <grup.verb>
        <v lem="pasar" lss="D11.inergative-agentive" mood="indicative" num="s" person="3" pos="vmis3s0" postype="main" tense="past" wd="pasó"/>
      </grup.verb>
      <sp arg="arg3" func="cc" tem="ori">
        <prep>
          <s lem="de" pos="sps00" postype="preposition" wd="de"/>
        </prep>
        <sn>
          <spec gen="f" num="s">
            <d gen="f" lem="uno" num="s" pos="di0fs0" postype="indefinite" wd="una"/>
          </spec>
          <grup.nom gen="f" num="s">
            <n gen="f" lem="bota" num="s" pos="ncfs000" postype="common" sense="16:02315556" wd="bota"/>
          </grup.nom>
        </sn>
      </sp>
      <sp arg="arg4" func="cc" tem="des">
        <prep>
          <s lem="a" pos="sps00" postype="preposition" wd="a"/>
        </prep>
        <sn>
          <grup.nom gen="f" num="s">
            <p gen="f" lem="otro" num="s" pos="pi0fs000" postype="indefinite" wd="otra"/>
          </grup.nom>
        </sn>
      </sp>
      <S clausetype="adverbial" impersonal="yes">
        <gerundi>
          <v lem="anunciar" lss="A21.transitive-agentive-patient" mood="gerund" pos="vmg0000" postype="main" wd="anunciando"/>
        </gerundi>
        <sp arg="argM" func="cc" tem="mnr">
          <prep>
            <s lem="con" pos="sps00" postype="preposition" wd="con"/>
          </prep>
          <sn>
            <grup.nom gen="m" num="p">
              <n gen="m" lem="susurro" num="p" pos="ncmp000" postype="common" sense="16:05334824" wd="susurros"/>
            </grup.nom>
          </sn>
        </sp>
        <sn arg="arg1" func="cd" tem="pat">
          <spec arg="arg0" gen="f" num="p" tem="agt">
            <d gen="c" lem="su" num="p" person="3" pos="dp3cp0" postype="possessive" wd="sus"/>
          </spec>
          <grup.nom gen="f" num="p">
            <n gen="f" lem="intención" lexicalid="noun.intención.1.default" num="p" origin="deverbal" pos="ncfp000" postype="common" sense="16:04588594" wd="intenciones"/>
          </grup.nom>
        </sn>
      </S>
    </S>
    <conj conjunctiontype="coordinating">
      <c lem="y" pos="cc" postype="coordinating" wd="y"/>
    </conj>
    <S>
      <sn arg="arg1" elliptic="yes" func="suj" tem="tem"/>
      <grup.verb>
        <v lem="llegar" lss="B11.unaccusative-motion" mood="indicative" num="s" person="3" pos="vmis3s0" postype="main" tense="past" wd="llegó"/>
      </grup.verb>
      <sp arg="arg4" func="cc" tem="des">
        <prep>
          <s lem="hasta" pos="sps00" postype="preposition" wd="hasta"/>
        </prep>
        <sn>
          <spec gen="f" num="p">
            <d gen="f" lem="el" num="p" pos="da0fp0" postype="article" wd="las"/>
          </spec>
          <grup.nom gen="f" num="p">
            <sp>
              <prep>
                <s lem="de" pos="sps00" postype="preposition" wd="de"/>
              </prep>
              <sn entityref="ne" ne="person">
                <grup.nom gen="m" num="s">
                  <n lem="Caminero" ne="person" pos="np0000p" postype="proper" sense="16:cs1" wd="Caminero"/>
                </grup.nom>
              </sn>
            </sp>
          </grup.nom>
        </sn>
      </sp>
    </S>
    <f lem="." pos="fp" punct="period" wd="."/>
  </sentence>
  <sentence>
    <sp arg="argM" func="cc" tem="tmp">
      <prep>
        <s lem="en" pos="sps00" postype="preposition" wd="En"/>
      </prep>
      <sn>
        <spec gen="m" num="s">
          <d gen="m" lem="todo" num="s" pos="di0ms0" postype="indefinite" wd="todo"/>
          <d gen="m" lem="ese" num="s" pos="dd0ms0" postype="demonstrative" wd="ese"/>
        </spec>
        <grup.nom gen="m" num="s">
          <n gen="m" lem="lapso" num="s" pos="ncms000" postype="common" sense="16:10860372" wd="lapso"/>
          <S clausetype="relative">
            <f lem="," pos="fc" punct="comma" wd=","/>
            <relatiu arg="arg1" func="suj" tem="tem">
              <p gen="c" lem="que" num="c" pos="pr0cn000" postype="relative" wd="que"/>
            </relatiu>
            <grup.verb>
              <v lem="parecer" lss="C42.state-experiencer" mood="indicative" num="s" person="3" pos="vmis3s0" postype="main" tense="past" wd="pareció"/>
            </grup.verb>
            <sa arg="arg2" coord="yes" func="atr" tem="atr">
              <sa>
                <spec>
                  <r lem="mucho" pos="rg" wd="muy"/>
                </spec>
                <grup.a>
                  <a gen="m" lem="largo" num="s" pos="aq0ms0" postype="qualificative" wd="largo"/>
                </grup.a>
              </sa>
              <conj conjunctiontype="coordinating">
                <c lem="y" pos="cc" postype="coordinating" wd="y"/>
              </conj>
              <sa>
                <spec>
                  <r lem="mucho" pos="rg" wd="muy"/>
                </spec>
                <grup.a>
                  <a gen="m" lem="corto" num="s" pos="aq0ms0" postype="qualificative" wd="corto"/>
                </grup.a>
              </sa>
            </sa>
            <f lem="," pos="fc" punct="comma" wd=","/>
          </S>
        </grup.nom>
      </sn>
    </sp>
    <sn arg="arg1" entityref="ne" func="suj" ne="organization" tem="tem">
      <spec gen="m" num="s">
        <d gen="m" lem="el" num="s" pos="da0ms0" postype="article" wd="el"/>
      </spec>
      <grup.nom gen="m" num="s">
        <n lem="Madrid" ne="location" pos="np0000l" postype="proper" wd="Madrid"/>
      </grup.nom>
    </sn>
    <grup.verb>
      <v lem="ser" lss="C21.state-attributive" mood="indicative" num="s" person="3" pos="vsis3s0" postype="semiauxiliary" tense="past" wd="fue"/>
    </grup.verb>
    <sn arg="arg2" func="atr" tem="atr">
      <spec gen="m" num="s">
        <d gen="m" lem="uno" num="s" pos="di0ms0" postype="indefinite" wd="un"/>
      </spec>
      <grup.nom gen="m" num="s">
        <n gen="m" lem="cuerpo" num="s" pos="ncms000" postype="common" sense="16:05972379" wd="cuerpo"/>
        <s.a coord="yes" gen="m" num="s">
          <s.a gen="m" num="s">
            <grup.a gen="m" num="s">
              <a gen="m" lem="traslúcido" num="s" pos="aq0ms0" postype="qualificative" wd="traslúcido"/>
            </grup.a>
          </s.a>
          <f lem="," pos="fc" punct="comma" wd=","/>
          <s.a gen="m" num="s">
            <grup.a gen="m" num="s">
              <a gen="c" lem="transparente" num="s" pos="aq0cs0" postype="qualificative" wd="transparente"/>
            </grup.a>
          </s.a>
          <conj conjunctiontype="coordinating">
            <c lem="y" pos="cc" postype="coordinating" wd="y"/>
          </conj>
          <S clausetype="participle" impersonal="yes">
            <sadv arg="argM" func="cc" tem="adv">
              <f lem="," pos="fc" punct="comma" wd=","/>
              <grup.adv>
                <r lem="tal_vez" pos="rg" wd="tal_vez"/>
              </grup.adv>
              <f lem="," pos="fc" punct="comma" wd=","/>
            </sadv>
            <participi>
              <a gen="m" lem="hipnotizado" lss="B22.unaccusative-passive-transitive" num="s" pos="aq0msp" posfunction="participle" postype="qualificative" wd="hipnotizado"/>
            </participi>
          </S>
        </s.a>
      </grup.nom>
    </sn>
    <f lem="." pos="fp" punct="period" wd="."/>
  </sentence>
  <sentence verbless="yes">
    <sn coord="yes">
      <sn>
        <spec gen="m" num="s">
          <d gen="m" lem="uno" num="s" pos="di0ms0" postype="indefinite" wd="Un"/>
        </spec>
        <grup.nom gen="m" num="s">
          <n gen="m" lem="espectador" num="s" pos="ncms000" postype="common" sense="16:07598298" wd="espectador"/>
        </grup.nom>
      </sn>
      <f lem="," pos="fc" punct="comma" wd=","/>
      <sn>
        <spec gen="m" num="s">
          <d gen="m" lem="uno" num="s" pos="di0ms0" postype="indefinite" wd="un"/>
        </spec>
        <grup.nom gen="m" num="s">
          <n gen="m" lem="testigo" num="s" pos="ncms000" postype="common" sense="16:07684230" wd="testigo"/>
        </grup.nom>
      </sn>
    </sn>
    <f lem="." pos="fp" punct="period" wd="."/>
  </sentence>
</article>
