<?xml version="1.0" encoding="UTF-8" standalone="no"?>
<!-- 

  ancora-2.0
       
			Copyright (C) 2007, 2008, 2009, 2010, 2011 UB - CLiC
			Centre de Llenguatge i Computació - Universitat de Barcelona
 
  This file is part of ancora-2.0.
 
  ancora-2.0 is free software and data: you can redistribute it and/or modify
  it under the terms of the GNU General Public License as published
  by the Free Software Foundation, either version 3 of the License,
  or (at your option) any later version.

  ancora-2.0 is distributed in the hope that it will be useful,
  but WITHOUT ANY WARRANTY; without even the implied warranty of
  MERCHANTABILITY or FITNESS FOR A PARTICULAR PURPOSE.  See the
  GNU General Public License for more details.
 
  You should have received a copy of the GNU General Public License
  along with ancora-2.0.  If not, see &lt;http://www.gnu.org/licenses/&gt;.
 
  Check a text in catalan explaining the terms of the license at http://www.softcatala.cat/wiki/GPL3.
  In spanish at http://www.viti.es/gnu/licenses/gpl.html
 

  The following paper must be cited when using this corpus:

 * Taulé, M., M.A. Martí, M. Recasens (2008) 'Ancora: Multilevel Annotated Corpora for Catalan and Spanish',
   Proceedings of 6th International Conference on Language Resources and Evaluation. Marrakesh (Morocco).

  In addition, the following paper must be cited if coreference information (attributes entity, coreftype,
  corefsubtype, homophoricDD or entityref) is used:

 * Recasens, Marta, M. Antònia Martí (2010) ‘AnCora-CO: Coreferentially annotated corpora for Spanish and
   Catalan’. Language Resources and Evaluation, Springer Science.

  Additionally, the following paper must be cited when argumental attributes in "sn" or "grup.nom"
  (attributes func, arg, tem or lexicalid) are used:

 * Peris, Aina, Mariona Taulé, Horacio Rodríguez (2010) ‘Semantic Annotation of Deverbal Nominalizations in the
   Spanish AnCora corpus’. Treebanks and Linguistic Theories (TLT-2010), Estonia.
-->
<article lng="es">
  <sentence>
    <sn arg="arg0" func="suj" tem="agt">
      <spec gen="m" num="s">
        <d gen="m" lem="el" num="s" pos="da0ms0" postype="article" wd="El"/>
      </spec>
      <grup.nom gen="m" num="s">
        <n gen="m" lem="observador" num="s" pos="ncms000" postype="common" sense="16:06953561" wd="observador"/>
      </grup.nom>
    </sn>
    <grup.verb>
      <v lem="seguir" lss="A21.transitive-agentive-patient" mood="indicative" num="s" person="3" pos="vmip3s0" postype="main" tense="present" wd="sigue"/>
    </grup.verb>
    <sadv arg="argM" func="cc" tem="tmp">
      <grup.adv>
        <r lem="a_continuación" pos="rg" wd="a_continuación"/>
      </grup.adv>
    </sadv>
    <sn arg="arg1" func="cd" tem="pat">
      <spec gen="f" num="s">
        <d gen="f" lem="el" num="s" pos="da0fs0" postype="article" wd="la"/>
      </spec>
      <grup.nom gen="f" num="s">
        <n gen="f" lem="trayectoria" num="s" pos="ncfs000" postype="common" sense="16:06709272" wd="trayectoria"/>
        <sp>
          <prep>
            <s contracted="yes" gen="m" lem="del" num="s" pos="spcms" postype="preposition" wd="del"/>
          </prep>
          <sn>
            <grup.nom gen="m" num="s">
              <n gen="m" lem="paquete" num="s" pos="ncms000" postype="common" sense="16:05997364" wd="paquete"/>
              <sp>
                <prep>
                  <s lem="de" pos="sps00" postype="preposition" wd="de"/>
                </prep>
                <sn>
                  <grup.nom gen="f" num="s">
                    <n gen="f" lem="luz" num="s" pos="ncfs000" postype="common" sense="16:07811448" wd="luz"/>
                  </grup.nom>
                </sn>
              </sp>
              <sp>
                <prep>
                  <s lem="en" pos="sps00" postype="preposition" wd="en"/>
                </prep>
                <sn>
                  <spec arg="arg0" gen="m" num="s" tem="agt">
                    <d gen="c" lem="su" num="s" person="3" pos="dp3cs0" postype="possessive" wd="su"/>
                  </spec>
                  <grup.nom gen="m" num="s">
                    <n gen="m" lem="viaje" lexicalid="noun.viaje.1.default" num="s" origin="deverbal" pos="ncms000" postype="common" sense="16:00198579" wd="viaje"/>
                    <s.a func="cn" gen="m" num="s">
                      <grup.a gen="m" num="s">
                        <a gen="c" lem="descendente" num="s" pos="aq0cs0" postype="qualificative" wd="descendente"/>
                      </grup.a>
                    </s.a>
                  </grup.nom>
                </sn>
              </sp>
            </grup.nom>
          </sn>
        </sp>
      </grup.nom>
    </sn>
    <S arg="argM" clausetype="adverbial" func="cc" impersonal="yes" tem="adv">
      <f lem="," pos="fc" punct="comma" wd=","/>
      <gerundi>
        <v lem="apreciar" lss="A21.transitive-agentive-patient" mood="gerund" pos="vmg0000" postype="main" wd="apreciando"/>
      </gerundi>
      <S arg="arg1" clausetype="completive" func="cd" tem="pat">
        <conj conjunctiontype="subordinating">
          <c lem="que" pos="cs" postype="subordinating" wd="que"/>
        </conj>
        <sp arg="argM" func="cc" tem="adv">
          <f lem="," pos="fc" punct="comma" wd=","/>
          <prep>
            <s lem="para" pos="sps00" postype="preposition" wd="para"/>
          </prep>
          <sn>
            <grup.nom gen="m" num="s">
              <p gen="m" lem="él" num="s" person="3" pos="pp3ms000" postype="personal" wd="él"/>
            </grup.nom>
          </sn>
          <f lem="," pos="fc" punct="comma" wd=","/>
        </sp>
        <sn arg="arg1" func="suj" tem="tem">
          <spec gen="f" num="s">
            <d gen="c" lem="su" num="s" person="3" pos="dp3cs0" postype="possessive" wd="su"/>
          </spec>
          <grup.nom gen="f" num="s">
            <n gen="f" lem="frecuencia" num="s" pos="ncfs000" postype="common" sense="16:10975635" wd="frecuencia"/>
          </grup.nom>
        </sn>
        <grup.verb>
          <v lem="permanecer" lss="C21.state-attributive" mood="indicative" num="s" person="3" pos="vmip3s0" postype="main" tense="present" wd="permanece"/>
        </grup.verb>
        <sa arg="arg2" func="cpred" predicate="suj" tem="atr">
          <spec>
            <r lem="siempre" pos="rg" wd="siempre"/>
          </spec>
          <grup.a>
            <a gen="c" lem="uniforme" num="s" pos="aq0cs0" postype="qualificative" wd="uniforme"/>
          </grup.a>
        </sa>
      </S>
    </S>
    <f lem="." pos="fp" punct="period" wd="."/>
  </sentence>
  <sentence>
    <S>
      <sp arg="argM" func="cc" tem="adv">
        <prep>
          <s contracted="yes" gen="m" lem="al" num="s" pos="spcms" postype="preposition" wd="Al"/>
        </prep>
        <sn>
          <spec gen="m" num="s">
            <d gen="m" lem="mismo" num="s" pos="di0ms0" postype="indefinite" wd="mismo"/>
          </spec>
          <grup.nom gen="m" num="s">
            <n gen="m" lem="tiempo" num="s" pos="ncms000" postype="common" sense="16:00015594" wd="tiempo"/>
          </grup.nom>
        </sn>
        <f lem="," pos="fc" punct="comma" wd=","/>
      </sp>
      <sn arg="arg1" func="suj" tem="tem">
        <spec gen="m" num="s">
          <d gen="m" lem="el" num="s" pos="da0ms0" postype="article" wd="el"/>
        </spec>
        <grup.nom gen="m" num="s">
          <n gen="m" lem="laboratorio" num="s" pos="ncms000" postype="common" sense="16:02898427" wd="laboratorio"/>
        </grup.nom>
      </sn>
      <sadv func="mod">
        <grup.adv>
          <r lem="también" pos="rg" wd="también"/>
        </grup.adv>
      </sadv>
      <grup.verb>
        <v lem="comenzar" mood="indicative" num="s" person="3" pos="vmip3s0" postype="main" tense="present" wd="comienza"/>
        <s lem="a" pos="sps00" postype="preposition" wd="a"/>
        <infinitiu>
          <v lem="caer" lss="B11.unaccusative-motion" mood="infinitive" pos="vmn0000" postype="main" wd="caer"/>
        </infinitiu>
      </grup.verb>
    </S>
    <S clausetype="relative">
      <f lem="," pos="fc" punct="comma" wd=","/>
      <sp arg="argM" func="cc" tem="cau">
        <prep>
          <s lem="por" pos="sps00" postype="preposition" wd="por"/>
        </prep>
        <sn>
          <spec gen="m" num="s">
            <d gen="c" lem="el" num="s" pos="da0ns0" postype="article" wd="lo"/>
          </spec>
          <relatiu>
            <p gen="c" lem="que" num="c" pos="pr0cn000" postype="relative" wd="que"/>
          </relatiu>
        </sn>
      </sp>
      <sadv arg="argM" func="cc" tem="mnr">
        <f lem="," pos="fc" punct="comma" wd=","/>
        <grup.adv>
          <r lem="subjetivamente" pos="rg" wd="subjetivamente"/>
        </grup.adv>
        <f lem="," pos="fc" punct="comma" wd=","/>
      </sadv>
      <sn arg="arg0" elliptic="yes" func="suj" tem="agt"/>
      <grup.verb>
        <v lem="ver" lss="A21.transitive-agentive-patient" mood="indicative" num="s" person="3" pos="vmip3s0" postype="main" tense="present" wd="ve"/>
      </grup.verb>
      <S arg="arg1" clausetype="completive" func="cd" impersonal="yes" tem="pat">
        <infinitiu>
          <v lem="abalanzar" lss="C11.state-existential" mood="infinitive" pos="vmn0000" postype="main" wd="abalanzarse"/>
        </infinitiu>
        <sn arg="arg1" func="suj" tem="tem">
          <spec gen="m" num="s">
            <d gen="m" lem="el" num="s" pos="da0ms0" postype="article" wd="el"/>
          </spec>
          <grup.nom gen="m" num="s">
            <n gen="m" lem="receptor" num="s" pos="ncms000" postype="common" sense="16:03217746" wd="receptor"/>
          </grup.nom>
        </sn>
        <sp arg="arg4" func="cc" tem="des">
          <prep>
            <s lem="hacia" pos="sps00" postype="preposition" wd="hacia"/>
          </prep>
          <sn>
            <grup.nom>
              <p case="oblique" gen="c" lem="él" num="c" person="3" pos="pp3cno00" postype="personal" wd="sí"/>
            </grup.nom>
          </sn>
        </sp>
      </S>
      <S arg="argM" clausetype="adverbial" func="cc" tem="adv">
        <f lem="," pos="fc" punct="comma" wd=","/>
        <conj conjunctiontype="subordinating">
          <c lem="aunque" pos="cs" postype="subordinating" wd="aunque"/>
        </conj>
        <sadv arg="argM" func="cc" tem="adv">
          <grup.adv>
            <r lem="en_realidad" pos="rg" wd="en_realidad"/>
          </grup.adv>
        </sadv>
        <sn arg="arg1" func="suj" tem="tem">
          <spec gen="m" num="s">
            <d gen="m" lem="el" num="s" pos="da0ms0" postype="article" wd="el"/>
          </spec>
          <grup.nom gen="m" num="s">
            <n gen="m" lem="aparato" num="s" pos="ncms000" postype="common" sense="16:03304686" wd="aparato"/>
          </grup.nom>
        </sn>
        <grup.verb>
          <v lem="seguir" lss="C21.state-attributive" mood="subjunctive" num="s" person="3" pos="vmsp3s0" postype="main" tense="present" wd="siga"/>
        </grup.verb>
        <sa arg="arg2" func="cpred" predicate="suj" tem="atr">
          <grup.a>
            <a gen="m" lem="fijo" num="s" pos="aq0ms0" postype="qualificative" wd="fijo"/>
            <sp>
              <prep>
                <s lem="en" pos="sps00" postype="preposition" wd="en"/>
              </prep>
              <sn>
                <grup.nom gen="f" num="s">
                  <n gen="f" lem="tierra" num="s" pos="ncfs000" postype="common" sense="16:06667942" wd="tierra"/>
                </grup.nom>
              </sn>
            </sp>
          </grup.a>
        </sa>
      </S>
    </S>
    <f lem="." pos="fp" punct="period" wd="."/>
  </sentence>
  <sentence>
    <S arg="argM" clausetype="adverbial" func="cc" tem="tmp">
      <conj conjunctiontype="subordinating">
        <c lem="cuando" pos="cs" postype="subordinating" wd="Cuando"/>
      </conj>
      <sadv arg="argM" func="cc" tem="mnr">
        <grup.adv>
          <r lem="finalmente" pos="rg" wd="finalmente"/>
        </grup.adv>
      </sadv>
      <sn arg="arg1" func="suj" tem="tem">
        <spec gen="m" num="s">
          <d gen="m" lem="el" num="s" pos="da0ms0" postype="article" wd="el"/>
        </spec>
        <grup.nom gen="m" num="s">
          <n gen="m" lem="paquete" num="s" pos="ncms000" postype="common" sense="16:05997364" wd="paquete"/>
          <s.a gen="m" num="s">
            <grup.a gen="m" num="s">
              <a gen="m" lem="lumínico" num="s" pos="aq0ms0" postype="qualificative" wd="lumínico"/>
            </grup.a>
          </s.a>
        </grup.nom>
      </sn>
      <grup.verb>
        <v lem="llegar" lss="B11.unaccusative-motion" mood="indicative" num="s" person="3" pos="vmip3s0" postype="main" tense="present" wd="llega"/>
      </grup.verb>
      <sp arg="arg4" func="cc" tem="des">
        <prep>
          <s contracted="yes" gen="m" lem="al" num="s" pos="spcms" postype="preposition" wd="al"/>
        </prep>
        <sn>
          <grup.nom gen="m" num="s">
            <n gen="m" lem="receptor" num="s" pos="ncms000" postype="common" sense="16:03217746" wd="receptor"/>
            <S clausetype="relative">
              <relatiu arg="arg1" func="suj" tem="tem">
                <p gen="c" lem="que" num="c" pos="pr0cn000" postype="relative" wd="que"/>
              </relatiu>
              <morfema.pronominal>
                <p gen="c" lem="él" num="c" person="3" pos="p0300000" wd="se"/>
              </morfema.pronominal>
              <grup.verb>
                <v lem="precipitar" lss="B11.unaccusative-motion" mood="indicative" num="s" person="3" pos="vmip3s0" postype="main" tense="present" wd="precipita"/>
              </grup.verb>
              <sp arg="arg4" func="cc" tem="des">
                <prep>
                  <s lem="hacia" pos="sps00" postype="preposition" wd="hacia"/>
                </prep>
                <sn>
                  <spec gen="m" num="s">
                    <d gen="m" lem="el" num="s" pos="da0ms0" postype="article" wd="el"/>
                  </spec>
                  <grup.nom gen="m" num="s">
                    <n gen="m" lem="observador" num="s" pos="ncms000" postype="common" sense="16:06953561" wd="observador"/>
                  </grup.nom>
                </sn>
              </sp>
            </S>
          </grup.nom>
        </sn>
      </sp>
      <f lem="," pos="fc" punct="comma" wd=","/>
    </S>
    <sn arg="arg0" func="suj" tem="agt">
      <grup.nom gen="m" num="s">
        <p gen="m" lem="este" num="s" pos="pd0ms000" postype="demonstrative" wd="éste"/>
      </grup.nom>
    </sn>
    <grup.verb>
      <v lem="ver" lss="A21.transitive-agentive-patient" mood="indicative" num="s" person="3" pos="vmif3s0" postype="main" tense="future" wd="verá"/>
    </grup.verb>
    <S arg="arg1" clausetype="completive" func="cd" tem="pat">
      <conj conjunctiontype="subordinating">
        <c lem="que" pos="cs" postype="subordinating" wd="que"/>
      </conj>
      <sp arg="argM" func="cc" tem="adv">
        <f lem="," pos="fc" punct="comma" wd=","/>
        <prep>
          <s contracted="yes" gen="m" lem="en_virtud_del" num="s" pos="spcms" postype="preposition" wd="en_virtud_del"/>
        </prep>
        <sn entityref="ne" ne="other">
          <grup.nom gen="m" num="s">
            <n gen="m" lem="efecto" lexicalid="noun.efecto.1.default" num="s" origin="deverbal" pos="ncms000" postype="common" sense="16:07766144" wd="efecto"/>
            <sn entityref="ne" func="cn" ne="other">
              <grup.nom>
                <n lem="Doppler" ne="other" pos="np0000a" postype="proper" sense="16:cs1" wd="Doppler"/>
              </grup.nom>
            </sn>
          </grup.nom>
        </sn>
        <f lem="," pos="fc" punct="comma" wd=","/>
      </sp>
      <sn arg="arg2" func="suj" tem="loc">
        <spec gen="m" num="s">
          <d gen="m" lem="el" num="s" pos="da0ms0" postype="article" wd="el"/>
        </spec>
        <grup.nom gen="m" num="s">
          <n gen="m" lem="aparato" num="s" pos="ncms000" postype="common" sense="16:03304686" wd="aparato"/>
          <s.a gen="m" num="s">
            <grup.a gen="m" num="s">
              <a gen="m" lem="receptor" num="s" pos="aq0ms0" postype="qualificative" wd="receptor"/>
            </grup.a>
          </s.a>
        </grup.nom>
      </sn>
      <grup.verb>
        <v lem="registrar" lss="A31.ditransitive-patient-locative" mood="indicative" num="s" person="3" pos="vmip3s0" postype="main" tense="present" wd="registra"/>
      </grup.verb>
      <sn arg="arg1" func="cd" tem="pat">
        <sn>
          <spec gen="f" num="s">
            <d gen="f" lem="uno" num="s" pos="di0fs0" postype="indefinite" wd="una"/>
          </spec>
          <grup.nom gen="f" num="s">
            <n gen="f" lem="frecuencia" num="s" pos="ncfs000" postype="common" sense="16:10975635" wd="frecuencia"/>
            <s.a gen="f" num="s">
              <grup.a gen="f" num="s">
                <a gen="c" lem="mayor" num="s" pos="aq0cs0" postype="qualificative" wd="mayor"/>
              </grup.a>
            </s.a>
          </grup.nom>
        </sn>
        <S adjunct="yes" clausesubtype="comparative" clausetype="adverbial" verbless="yes">
          <conj conjunctiontype="subordinating">
            <c lem="que" pos="cs" postype="subordinating" wd="que"/>
          </conj>
          <sn>
            <spec gen="f" num="s">
              <d gen="f" lem="el" num="s" pos="da0fs0" postype="article" wd="la"/>
            </spec>
            <grup.nom gen="f" num="s">
              <S clausetype="relative">
                <relatiu arg="arg1" func="cd" tem="pat">
                  <p gen="c" lem="que" num="c" pos="pr0cn000" postype="relative" wd="que"/>
                </relatiu>
                <grup.verb>
                  <v lem="haber" mood="indicative" num="s" person="3" pos="vaip3s0" postype="auxiliary" tense="present" wd="ha"/>
                  <v gen="m" lem="venir" mood="participle" num="s" pos="vmp00sm" postype="main" wd="venido"/>
                  <gerundi>
                    <v lem="medir" lss="A21.transitive-agentive-patient" mood="gerund" pos="vmg0000" postype="main" wd="midiendo"/>
                  </gerundi>
                </grup.verb>
                <sn arg="arg0" func="suj" tem="agt">
                  <grup.nom gen="m" num="s">
                    <p gen="m" lem="él" num="s" person="3" pos="pp3ms000" postype="personal" wd="él"/>
                  </grup.nom>
                </sn>
                <sp arg="argM" func="cc" tem="tmp">
                  <prep>
                    <s lem="en" pos="sps00" postype="preposition" wd="en"/>
                  </prep>
                  <sn>
                    <spec arg="arg1" gen="f" num="s" tem="tem">
                      <d gen="c" lem="su" num="s" person="3" pos="dp3cs0" postype="possessive" wd="su"/>
                    </spec>
                    <grup.nom gen="f" num="s">
                      <n gen="f" lem="caída" lexicalid="noun.caída.3.default" num="s" origin="deverbal" pos="ncfs000" postype="common" sense="16:05483545" wd="caída"/>
                    </grup.nom>
                  </sn>
                </sp>
              </S>
            </grup.nom>
          </sn>
        </S>
      </sn>
    </S>
    <f lem="." pos="fp" punct="period" wd="."/>
  </sentence>
  <sentence>
    <sp arg="argM" func="cc" tem="adv">
      <prep>
        <s lem="en" pos="sps00" postype="preposition" wd="En"/>
      </prep>
      <sn>
        <spec arg="arg0" gen="m" num="s" tem="agt">
          <d gen="m" lem="nuestro" num="s" person="1" pos="dp1msp" possessornum="p" postype="possessive" wd="nuestro"/>
        </spec>
        <grup.nom gen="m" num="s">
          <n gen="m" lem="experimento" lexicalid="noun.experimento.2.default" num="s" origin="deverbal" pos="ncms000" postype="common" sense="16:00503375" wd="experimento"/>
          <s.a func="cn" gen="m" num="s">
            <grup.a gen="m" num="s">
              <a gen="m" lem="imaginario" num="s" pos="aq0ms0" postype="qualificative" wd="imaginario"/>
            </grup.a>
          </s.a>
        </grup.nom>
      </sn>
    </sp>
    <morfema.verbal func="pass">
      <p gen="c" lem="se" num="c" pos="p0000000" wd="se"/>
    </morfema.verbal>
    <grup.verb>
      <v lem="haber" mood="indicative" num="s" person="3" pos="vaip3s0" postype="auxiliary" tense="present" wd="ha"/>
      <v gen="m" lem="verificar" lss="B22.unaccusative-passive-transitive" mood="participle" num="s" pos="vmp00sm" postype="main" wd="verificado"/>
    </grup.verb>
    <sn arg="arg1" func="suj" tem="pat">
      <spec gen="m" num="s">
        <d gen="m" lem="uno" num="s" pos="di0ms0" postype="indefinite" wd="un"/>
      </spec>
      <grup.nom gen="m" num="s">
        <n gen="m" lem="corrimiento" lexicalid="noun.corrimiento.1.default" num="s" origin="deverbal" pos="ncms000" postype="common" sense="16:cs1" wd="corrimiento"/>
        <sp arg="arg0" func="cn" tem="agt">
          <prep>
            <s lem="de" pos="sps00" postype="preposition" wd="de"/>
          </prep>
          <sn>
            <spec gen="f" num="s">
              <d gen="f" lem="el" num="s" pos="da0fs0" postype="article" wd="la"/>
            </spec>
            <grup.nom gen="f" num="s">
              <n gen="f" lem="luz" num="s" pos="ncfs000" postype="common" sense="16:07811448" wd="luz"/>
            </grup.nom>
          </sn>
        </sp>
        <sp arg="arg4" func="cn" tem="des">
          <prep>
            <s lem="hacia" pos="sps00" postype="preposition" wd="hacia"/>
          </prep>
          <sn>
            <grup.nom gen="f" num="p">
              <n gen="f" lem="frecuencia" num="p" pos="ncfp000" postype="common" sense="16:10975635" wd="frecuencias"/>
              <s.a gen="f" num="p">
                <spec>
                  <r lem="más" pos="rg" wd="más"/>
                </spec>
                <grup.a gen="f" num="p">
                  <a gen="f" lem="alto" num="p" pos="aq0fp0" postype="qualificative" wd="altas"/>
                </grup.a>
              </s.a>
              <sp>
                <f lem="-" pos="fg" punct="hyphen" wd="-"/>
                <f lem="-" pos="fg" punct="hyphen" wd="-"/>
                <prep>
                  <s lem="hacia" pos="sps00" postype="preposition" wd="hacia"/>
                </prep>
                <sn>
                  <spec gen="m" num="s">
                    <d gen="m" lem="el" num="s" pos="da0ms0" postype="article" wd="el"/>
                  </spec>
                  <grup.nom gen="m" num="s">
                    <n gen="m" lem="extremo" num="s" pos="ncms000" postype="common" sense="16:06316649" wd="extremo"/>
                    <s.a gen="m" num="s">
                      <grup.a gen="m" num="s">
                        <a gen="c" lem="azul" num="s" pos="aq0cs0" postype="qualificative" wd="azul"/>
                      </grup.a>
                    </s.a>
                    <sp>
                      <prep>
                        <s contracted="yes" gen="m" lem="del" num="s" pos="spcms" postype="preposition" wd="del"/>
                      </prep>
                      <sn>
                        <grup.nom gen="m" num="s">
                          <n gen="m" lem="espectro" num="s" pos="ncms000" postype="common" sense="16:07772246" wd="espectro"/>
                          <s.a gen="m" num="s">
                            <grup.a gen="m" num="s">
                              <a gen="c" lem="visible" num="s" pos="aq0cs0" postype="qualificative" wd="visible"/>
                            </grup.a>
                          </s.a>
                        </grup.nom>
                      </sn>
                    </sp>
                  </grup.nom>
                </sn>
                <f lem="-" pos="fg" punct="hyphen" wd="-"/>
                <f lem="-" pos="fg" punct="hyphen" wd="-"/>
              </sp>
            </grup.nom>
          </sn>
        </sp>
      </grup.nom>
    </sn>
    <S arg="argM" clausetype="adverbial" func="cc" tem="cau">
      <conj conjunctiontype="subordinating">
        <c lem="porque" pos="cs" postype="subordinating" wd="porque"/>
      </conj>
      <sn arg="arg1" func="suj" tem="tem">
        <spec gen="m" num="s">
          <d gen="m" lem="el" num="s" pos="da0ms0" postype="article" wd="el"/>
        </spec>
        <grup.nom gen="m" num="s">
          <n gen="m" lem="laboratorio" num="s" pos="ncms000" postype="common" sense="16:02898427" wd="laboratorio"/>
          <sp>
            <prep>
              <s lem="en" pos="sps00" postype="preposition" wd="en"/>
            </prep>
            <sn>
              <grup.nom gen="f" num="s">
                <n gen="f" lem="caída" lexicalid="noun.caída.9.default" num="s" origin="deverbal" pos="ncfs000" postype="common" sense="16:05483545" wd="caída"/>
                <s.a arg="argL" func="cn" gen="f" num="s">
                  <grup.a gen="f" num="s">
                    <a gen="c" lem="libre" num="s" pos="aq0cs0" postype="qualificative" wd="libre"/>
                  </grup.a>
                </s.a>
              </grup.nom>
            </sn>
          </sp>
        </grup.nom>
      </sn>
      <morfema.pronominal>
        <p gen="c" lem="él" num="c" person="3" pos="p0300000" wd="se"/>
      </morfema.pronominal>
      <grup.verb>
        <v lem="mover" lss="B11.unaccusative-motion" mood="indicative" num="s" person="3" pos="vmii3s0" postype="main" tense="imperfect" wd="movía"/>
      </grup.verb>
      <sp arg="arg4" func="cc" tem="des">
        <prep>
          <s lem="hacia" pos="sps00" postype="preposition" wd="hacia"/>
        </prep>
        <sn>
          <spec gen="m" num="s">
            <d gen="m" lem="el" num="s" pos="da0ms0" postype="article" wd="el"/>
          </spec>
          <grup.nom gen="m" num="s">
            <n gen="m" lem="receptor" num="s" pos="ncms000" postype="common" sense="16:03217746" wd="receptor"/>
          </grup.nom>
        </sn>
      </sp>
    </S>
    <f lem="." pos="fp" punct="period" wd="."/>
  </sentence>
  <sentence>
    <S clausesubtype="conditional" clausetype="adverbial" coord="yes" func="ao">
      <conj conjunctiontype="subordinating">
        <c lem="si" pos="cs" postype="subordinating" wd="Si"/>
      </conj>
      <S clausesubtype="conditional" clausetype="adverbial">
        <sn arg="arg1" func="suj" tem="tem">
          <spec gen="m" num="s">
            <d gen="m" lem="el" num="s" pos="da0ms0" postype="article" wd="el"/>
          </spec>
          <grup.nom gen="m" num="s">
            <n gen="m" lem="emisor" num="s" pos="ncms000" postype="common" sense="16:03531817" wd="emisor"/>
          </grup.nom>
        </sn>
        <grup.verb>
          <v lem="haber" mood="subjunctive" num="s" person="3" pos="vasi3s0" postype="auxiliary" tense="imperfect" wd="hubiera"/>
          <v gen="m" lem="estar" lss="C11.state-existential" mood="participle" num="s" pos="vmp00sm" postype="main" wd="estado"/>
        </grup.verb>
        <sp arg="arg2" func="creg" tem="loc">
          <prep>
            <s lem="en" pos="sps00" postype="preposition" wd="en"/>
          </prep>
          <sn>
            <spec gen="m" num="s">
              <d gen="m" lem="el" num="s" pos="da0ms0" postype="article" wd="el"/>
            </spec>
            <grup.nom gen="m" num="s">
              <n gen="m" lem="suelo" num="s" pos="ncms000" postype="common" sense="16:02699889" wd="suelo"/>
            </grup.nom>
          </sn>
        </sp>
      </S>
      <conj conjunctiontype="coordinating">
        <c lem="y" pos="cc" postype="coordinating" wd="y"/>
      </conj>
      <S clausesubtype="conditional" clausetype="adverbial" verbless="yes">
        <sn>
          <spec gen="m" num="s">
            <d gen="m" lem="el" num="s" pos="da0ms0" postype="article" wd="el"/>
          </spec>
          <grup.nom gen="m" num="s">
            <n gen="m" lem="receptor" num="s" pos="ncms000" postype="common" sense="16:03217746" wd="receptor"/>
          </grup.nom>
        </sn>
        <sp>
          <prep>
            <s lem="en" pos="sps00" postype="preposition" wd="en"/>
          </prep>
          <sn>
            <spec gen="m" num="s">
              <d gen="c" lem="el" num="s" pos="da0ns0" postype="article" wd="lo"/>
            </spec>
            <grup.nom gen="m" num="s">
              <s.a gen="m" num="s">
                <grup.a gen="m" num="s">
                  <a gen="m" lem="alto" num="s" pos="aq0ms0" postype="qualificative" wd="alto"/>
                </grup.a>
              </s.a>
              <sp>
                <prep>
                  <s lem="de" pos="sps00" postype="preposition" wd="de"/>
                </prep>
                <sn>
                  <spec gen="f" num="s">
                    <d gen="f" lem="el" num="s" pos="da0fs0" postype="article" wd="la"/>
                  </spec>
                  <grup.nom gen="f" num="s">
                    <n gen="f" lem="torre" num="s" pos="ncfs000" postype="common" sense="16:03523510" wd="torre"/>
                  </grup.nom>
                </sn>
              </sp>
            </grup.nom>
          </sn>
        </sp>
      </S>
      <f lem="," pos="fc" punct="comma" wd=","/>
    </S>
    <sn arg="arg1" func="suj" tem="tem">
      <spec gen="m" num="s">
        <d gen="m" lem="el" num="s" pos="da0ms0" postype="article" wd="el"/>
      </spec>
      <grup.nom gen="m" num="s">
        <n gen="m" lem="corrimiento" lexicalid="noun.corrimiento.1.default" num="s" origin="deverbal" pos="ncms000" postype="common" sense="16:cs1" wd="corrimiento"/>
      </grup.nom>
    </sn>
    <grup.verb>
      <v lem="haber" mood="subjunctive" num="s" person="3" pos="vasi3s0" postype="auxiliary" tense="imperfect" wd="hubiera"/>
      <v gen="m" lem="tener_lugar" lss="B11.unaccusative-motion" mood="participle" num="s" pos="vmp00sm" postype="main" wd="tenido_lugar"/>
    </grup.verb>
    <sp arg="argM" func="cc" tem="adv">
      <prep>
        <s lem="hacia" pos="sps00" postype="preposition" wd="hacia"/>
      </prep>
      <sn>
        <grup.nom gen="f" num="p">
          <n gen="f" lem="frecuencia" num="p" pos="ncfp000" postype="common" sense="16:10975635" wd="frecuencias"/>
          <s.a gen="f" num="p">
            <spec>
              <r lem="más" pos="rg" wd="más"/>
            </spec>
            <grup.a gen="f" num="p">
              <a gen="f" lem="bajo" num="p" pos="aq0fp0" postype="qualificative" wd="bajas"/>
            </grup.a>
          </s.a>
          <sn>
            <f lem="-" pos="fg" punct="hyphen" wd="-"/>
            <f lem="-" pos="fg" punct="hyphen" wd="-"/>
            <spec gen="m" num="s">
              <d gen="m" lem="el" num="s" pos="da0ms0" postype="article" wd="el"/>
            </spec>
            <grup.nom gen="m" num="s">
              <n gen="m" lem="extremo" num="s" pos="ncms000" postype="common" sense="16:06316649" wd="extremo"/>
              <s.a gen="m" num="s">
                <grup.a gen="m" num="s">
                  <a gen="m" lem="rojo" num="s" pos="aq0ms0" postype="qualificative" wd="rojo"/>
                </grup.a>
              </s.a>
              <sp>
                <prep>
                  <s contracted="yes" gen="m" lem="del" num="s" pos="spcms" postype="preposition" wd="del"/>
                </prep>
                <sn>
                  <grup.nom gen="m" num="s">
                    <n gen="m" lem="espectro" num="s" pos="ncms000" postype="common" sense="16:07772246" wd="espectro"/>
                  </grup.nom>
                </sn>
              </sp>
            </grup.nom>
            <f lem="-" pos="fg" punct="hyphen" wd="-"/>
            <f lem="-" pos="fg" punct="hyphen" wd="-"/>
          </sn>
        </grup.nom>
      </sn>
    </sp>
    <S arg="argM" clausetype="adverbial" func="cc" tem="cau">
      <f lem="," pos="fc" punct="comma" wd=","/>
      <conj conjunctiontype="subordinating">
        <c lem="pues" pos="cs" postype="subordinating" wd="pues"/>
      </conj>
      <sp arg="argM" func="cc" tem="tmp">
        <prep>
          <s lem="en" pos="sps00" postype="preposition" wd="en"/>
        </prep>
        <sn>
          <spec gen="m" num="s">
            <d gen="m" lem="el" num="s" pos="da0ms0" postype="article" wd="el"/>
          </spec>
          <grup.nom gen="m" num="s">
            <n gen="m" lem="instante" num="s" pos="ncms000" postype="common" sense="16:10953446" wd="instante"/>
            <S clausetype="relative">
              <sp arg="argM" func="cc" tem="tmp">
                <prep>
                  <s lem="en" pos="sps00" postype="preposition" wd="en"/>
                </prep>
                <relatiu>
                  <p gen="c" lem="que" num="c" pos="pr0cn000" postype="relative" wd="que"/>
                </relatiu>
              </sp>
              <sn arg="arg1" func="suj" tem="tem">
                <spec gen="f" num="s">
                  <d gen="f" lem="el" num="s" pos="da0fs0" postype="article" wd="la"/>
                </spec>
                <grup.nom gen="f" num="s">
                  <n gen="f" lem="luz" num="s" pos="ncfs000" postype="common" sense="16:07811448" wd="luz"/>
                </grup.nom>
              </sn>
              <grup.verb>
                <v lem="haber" mood="subjunctive" num="s" person="3" pos="vasi3s0" postype="auxiliary" tense="imperfect" wd="hubiera"/>
                <v gen="m" lem="llegar" lss="B11.unaccusative-motion" mood="participle" num="s" pos="vmp00sm" postype="main" wd="llegado"/>
              </grup.verb>
              <sp arg="arg4" func="cc" tem="des">
                <prep>
                  <s contracted="yes" gen="m" lem="al" num="s" pos="spcms" postype="preposition" wd="al"/>
                </prep>
                <sn>
                  <grup.nom gen="m" num="s">
                    <n gen="m" lem="receptor" num="s" pos="ncms000" postype="common" sense="16:03217746" wd="receptor"/>
                  </grup.nom>
                </sn>
              </sp>
            </S>
          </grup.nom>
        </sn>
        <f lem="," pos="fc" punct="comma" wd=","/>
      </sp>
      <sn arg="arg0" func="suj" tem="agt">
        <spec gen="m" num="s">
          <d gen="m" lem="el" num="s" pos="da0ms0" postype="article" wd="el"/>
        </spec>
        <grup.nom gen="m" num="s">
          <n gen="m" lem="laboratorio" num="s" pos="ncms000" postype="common" sense="16:02898427" wd="laboratorio"/>
        </grup.nom>
      </sn>
      <morfema.pronominal>
        <p gen="c" lem="él" num="c" person="3" pos="p0300000" wd="se"/>
      </morfema.pronominal>
      <grup.verb>
        <v lem="estar" mood="indicative" num="s" person="3" pos="vmic3s0" postype="main" tense="conditional" wd="estaría"/>
        <gerundi>
          <v lem="alejar" lss="A31.ditransitive-patient-locative" mood="gerund" pos="vmg0000" postype="main" wd="alejando"/>
        </gerundi>
      </grup.verb>
      <sp arg="arg2" func="cc" tem="loc">
        <prep>
          <s lem="de" pos="sps00" postype="preposition" wd="de"/>
        </prep>
        <sn>
          <grup.nom gen="m" num="s">
            <p gen="m" lem="él" num="s" person="3" pos="pp3ms000" postype="personal" wd="él"/>
          </grup.nom>
        </sn>
      </sp>
    </S>
    <f lem="." pos="fp" punct="period" wd="."/>
  </sentence>
  <sentence>
    <sn arg="arg0" elliptic="yes" func="suj" tem="agt"/>
    <grup.verb>
      <v lem="ver" lss="A21.transitive-agentive-patient" mood="indicative" num="p" person="1" pos="vmip1p0" postype="main" tense="present" wd="Vemos"/>
    </grup.verb>
    <conj conjunctiontype="subordinating" func="et">
      <f lem="," pos="fc" punct="comma" wd=","/>
      <c lem="pues" pos="cs" postype="subordinating" wd="pues"/>
      <f lem="," pos="fc" punct="comma" wd=","/>
    </conj>
    <S arg="arg1" clausetype="completive" func="cd" tem="pat">
      <conj conjunctiontype="subordinating">
        <c lem="que" pos="cs" postype="subordinating" wd="que"/>
      </conj>
      <grup.verb>
        <v lem="poder" mood="indicative" num="s" person="3" pos="vmip3s0" postype="main" tense="present" wd="puede"/>
        <infinitiu>
          <v lem="existir" lss="C11.state-existential" mood="infinitive" pos="vmn0000" postype="main" wd="existir"/>
        </infinitiu>
      </grup.verb>
      <sn arg="arg1" func="suj" tem="tem">
        <spec gen="m" num="s">
          <d gen="m" lem="uno" num="s" pos="di0ms0" postype="indefinite" wd="un"/>
        </spec>
        <grup.nom gen="m" num="s">
          <n gen="m" lem="corrimiento" lexicalid="noun.corrimiento.1.default" num="s" origin="deverbal" pos="ncms000" postype="common" sense="16:cs1" wd="corrimiento"/>
          <sp arg="arg0" func="cn" tem="agt">
            <prep>
              <s lem="de" pos="sps00" postype="preposition" wd="de"/>
            </prep>
            <sn>
              <grup.nom gen="f" num="p">
                <n gen="f" lem="frecuencia" num="p" pos="ncfp000" postype="common" sense="16:10975635" wd="frecuencias"/>
              </grup.nom>
            </sn>
          </sp>
          <sp arg="arg4" coord="yes" func="cn" tem="des">
            <conj conjunctiontype="coordinating">
              <r lem="tanto" pos="rg" wd="tanto"/>
            </conj>
            <sp>
              <prep>
                <s contracted="yes" gen="m" lem="al" num="s" pos="spcms" postype="preposition" wd="al"/>
              </prep>
              <sn>
                <grup.nom gen="m" num="s">
                  <n gen="m" lem="rojo" num="s" pos="ncms000" postype="common" sense="16:03879230" wd="rojo"/>
                </grup.nom>
              </sn>
            </sp>
            <conj conjunctiontype="coordinating">
              <c lem="como" pos="cs" postype="subordinating" wd="como"/>
            </conj>
            <sp>
              <prep>
                <s contracted="yes" gen="m" lem="al" num="s" pos="spcms" postype="preposition" wd="al"/>
              </prep>
              <sn>
                <grup.nom gen="m" num="s">
                  <n gen="m" lem="azul" num="s" pos="ncms000" postype="common" sense="16:03883954" wd="azul"/>
                </grup.nom>
              </sn>
            </sp>
          </sp>
        </grup.nom>
      </sn>
      <S clausesubtype="concessive" clausetype="adverbial" func="ao">
        <f lem="," pos="fc" punct="comma" wd=","/>
        <conj conjunctiontype="subordinating">
          <c lem="aunque" pos="cs" postype="subordinating" wd="aunque"/>
        </conj>
        <sn arg="arg1" func="suj" tem="pat">
          <spec gen="m" num="s">
            <d gen="m" lem="el" num="s" pos="da0ms0" postype="article" wd="el"/>
          </spec>
          <grup.nom gen="m" num="s">
            <n gen="m" lem="efecto" lexicalid="noun.efecto.2.default" num="s" origin="deverbal" pos="ncms000" postype="common" sense="16:07766144" wd="efecto"/>
          </grup.nom>
        </sn>
        <morfema.verbal func="pass">
          <p gen="c" lem="se" num="c" pos="p0000000" wd="se"/>
        </morfema.verbal>
        <grup.verb>
          <v lem="conocer" lss="B22.unaccusative-passive-transitive" mood="indicative" num="s" person="3" pos="vmip3s0" postype="main" tense="present" wd="conoce"/>
        </grup.verb>
        <sadv arg="argM" func="cc" tem="mnr">
          <grup.adv>
            <r lem="comúnmente" pos="rg" wd="comúnmente"/>
          </grup.adv>
        </sadv>
        <sp arg="argM" func="cpred" predicate="suj" tem="atr">
          <prep>
            <s lem="por" pos="sps00" postype="preposition" wd="por"/>
          </prep>
          <sn>
            <grup.nom gen="m" num="s">
              <n gen="m" lem="corrimiento" lexicalid="noun.corrimiento.1.default" num="s" origin="deverbal" pos="ncms000" postype="common" sense="16:cs1" wd="corrimiento"/>
              <s.a func="cn" gen="m" num="s">
                <grup.a gen="m" num="s">
                  <a gen="c" lem="gravitacional" num="s" pos="aq0cs0" postype="qualificative" wd="gravitacional"/>
                </grup.a>
              </s.a>
              <sp arg="arg4" func="cn" tem="des">
                <prep>
                  <s contracted="yes" gen="m" lem="al" num="s" pos="spcms" postype="preposition" wd="al"/>
                </prep>
                <sn>
                  <grup.nom gen="m" num="s">
                    <n gen="m" lem="rojo" num="s" pos="ncms000" postype="common" sense="16:03879230" wd="rojo"/>
                  </grup.nom>
                </sn>
              </sp>
            </grup.nom>
          </sn>
        </sp>
      </S>
    </S>
    <f lem="." pos="fp" punct="period" wd="."/>
  </sentence>
  <sentence>
    <sp arg="argM" func="cc" tem="adv">
      <prep>
        <s lem="de" pos="sps00" postype="preposition" wd="De"/>
      </prep>
      <sn>
        <spec gen="f" num="s">
          <d gen="f" lem="el" num="s" pos="da0fs0" postype="article" wd="la"/>
        </spec>
        <grup.nom gen="f" num="s">
          <n gen="f" lem="descripción" lexicalid="noun.descripción.2.default" num="s" origin="deverbal" pos="ncfs000" postype="common" sense="16:05380994" wd="descripción"/>
          <sp arg="arg1" func="cn" tem="pat">
            <prep>
              <s contracted="yes" gen="m" lem="del" num="s" pos="spcms" postype="preposition" wd="del"/>
            </prep>
            <sn>
              <grup.nom gen="m" num="s">
                <n gen="m" lem="experimento" lexicalid="noun.experimento.2.default" num="s" origin="deverbal" pos="ncms000" postype="common" sense="16:00503375" wd="experimento"/>
              </grup.nom>
            </sn>
          </sp>
        </grup.nom>
      </sn>
    </sp>
    <morfema.verbal func="pass">
      <p gen="c" lem="se" num="c" pos="p0000000" wd="se"/>
    </morfema.verbal>
    <grup.verb>
      <v lem="colegir" lss="B22.unaccusative-passive-transitive" mood="indicative" num="s" person="3" pos="vmip3s0" postype="main" tense="present" wd="colige"/>
    </grup.verb>
    <S arg="arg1" clausetype="completive" func="suj" tem="pat">
      <conj conjunctiontype="subordinating">
        <c lem="que" pos="cs" postype="subordinating" wd="que"/>
      </conj>
      <sn arg="arg1" func="suj" tem="tem">
        <spec gen="m" num="s">
          <d gen="m" lem="el" num="s" pos="da0ms0" postype="article" wd="el"/>
        </spec>
        <grup.nom gen="m" num="s">
          <n gen="m" lem="desplazamiento" lexicalid="noun.desplazamiento.1.default" num="s" origin="deverbal" pos="ncms000" postype="common" sense="16:00180278" wd="desplazamiento"/>
          <sp arg="arg0" func="cn" tem="agt">
            <prep>
              <s lem="de" pos="sps00" postype="preposition" wd="de"/>
            </prep>
            <sn>
              <grup.nom gen="f" num="p">
                <n gen="f" lem="frecuencia" num="p" pos="ncfp000" postype="common" sense="16:10975635" wd="frecuencias"/>
              </grup.nom>
            </sn>
          </sp>
        </grup.nom>
      </sn>
      <grup.verb>
        <v lem="ser" lss="C21.state-attributive" mood="indicative" num="s" person="3" pos="vsip3s0" postype="semiauxiliary" tense="present" wd="es"/>
      </grup.verb>
      <sn arg="arg2" func="atr" tem="atr">
        <spec gen="m" num="s">
          <d gen="m" lem="uno" num="s" pos="di0ms0" postype="indefinite" wd="un"/>
        </spec>
        <grup.nom gen="m" num="s">
          <n gen="m" lem="fenómeno" num="s" pos="ncms000" postype="common" sense="16:00020461" wd="fenómeno"/>
          <s.a gen="m" num="s">
            <grup.a gen="m" num="s">
              <a gen="c" lem="universal" num="s" pos="aq0cs0" postype="qualificative" wd="universal"/>
            </grup.a>
          </s.a>
          <S clausetype="relative">
            <relatiu arg="arg1" func="suj" tem="tem">
              <p gen="c" lem="que" num="c" pos="pr0cn000" postype="relative" wd="que"/>
            </relatiu>
            <grup.verb>
              <v lem="incumbir" lss="C41.state-benefactive" mood="indicative" num="s" person="3" pos="vmip3s0" postype="main" tense="present" wd="incumbe"/>
            </grup.verb>
            <sp arg="arg2" func="ci" tem="ben">
              <prep>
                <s lem="a" pos="sps00" postype="preposition" wd="a"/>
              </prep>
              <sn>
                <spec gen="m" num="s">
                  <d gen="c" lem="cualquiera" num="s" pos="di0cs0" postype="indefinite" wd="cualquier"/>
                </spec>
                <grup.nom gen="m" num="s">
                  <n gen="m" lem="sistema" num="s" pos="ncms000" postype="common" sense="16:06239374" wd="sistema"/>
                  <s.a gen="m" num="s">
                    <grup.a gen="m" num="s">
                      <a gen="m" lem="rítmico" num="s" pos="aq0ms0" postype="qualificative" wd="rítmico"/>
                    </grup.a>
                  </s.a>
                  <S clausetype="participle" impersonal="yes">
                    <participi>
                      <a gen="m" lem="afectado" lss="B22.unaccusative-passive-transitive" num="s" pos="aq0msp" posfunction="participle" postype="qualificative" wd="afectado"/>
                    </participi>
                    <sp arg="arg0" func="cag" tem="agt">
                      <prep>
                        <s lem="por" pos="sps00" postype="preposition" wd="por"/>
                      </prep>
                      <sn>
                        <spec gen="m" num="s">
                          <d gen="m" lem="uno" num="s" pos="di0ms0" postype="indefinite" wd="un"/>
                        </spec>
                        <grup.nom gen="m" num="s">
                          <n gen="m" lem="campo" num="s" pos="ncms000" postype="common" sense="16:07798336" wd="campo"/>
                          <s.a gen="m" num="s">
                            <grup.a gen="m" num="s">
                              <a gen="m" lem="gravitatorio" num="s" pos="aq0ms0" postype="qualificative" wd="gravitatorio"/>
                            </grup.a>
                          </s.a>
                        </grup.nom>
                      </sn>
                    </sp>
                  </S>
                </grup.nom>
              </sn>
            </sp>
          </S>
        </grup.nom>
      </sn>
    </S>
    <f lem="." pos="fp" punct="period" wd="."/>
  </sentence>
  <sentence>
    <sn arg="arg1" func="suj" tem="pat">
      <spec gen="f" num="s">
        <d gen="f" lem="el" num="s" pos="da0fs0" postype="article" wd="La"/>
      </spec>
      <grup.nom gen="f" num="s">
        <n gen="f" lem="luz" num="s" pos="ncfs000" postype="common" sense="16:07811448" wd="luz"/>
      </grup.nom>
    </sn>
    <grup.verb>
      <v lem="poder" mood="indicative" num="s" person="3" pos="vmic3s0" postype="main" tense="conditional" wd="podría"/>
      <infinitiu>
        <v lem="haber" mood="infinitive" pos="van0000" postype="auxiliary" wd="haber"/>
        <v gen="m" lem="ser" lss="C21.state-attributive" mood="participle" num="s" pos="vsp00sm" postype="semiauxiliary" wd="sido"/>
        <v gen="f" lem="sustituir" lss="B22.unaccusative-passive-transitive" mood="participle" num="s" pos="vmp00sf" postype="main" wd="sustituida"/>
      </infinitiu>
    </grup.verb>
    <sp arg="arg2" func="creg" tem="tem">
      <prep>
        <s lem="por" pos="sps00" postype="preposition" wd="por"/>
      </prep>
      <sn>
        <grup.nom gen="f" num="p">
          <n gen="f" lem="onda" num="p" pos="ncfp000" postype="common" sense="16:05473259" wd="ondas"/>
          <sp coord="yes">
            <sp>
              <prep>
                <s lem="de" pos="sps00" postype="preposition" wd="de"/>
              </prep>
              <sn>
                <grup.nom gen="f" num="s">
                  <n gen="f" lem="radio" num="s" pos="ncfs000" postype="common" sense="16:03202746" wd="radio"/>
                </grup.nom>
              </sn>
            </sp>
            <f lem="," pos="fc" punct="comma" wd=","/>
            <sp>
              <prep>
                <s lem="de" pos="sps00" postype="preposition" wd="de"/>
              </prep>
              <sn>
                <grup.nom gen="m" num="s">
                  <n gen="m" lem="sonido" lexicalid="noun.sonido.2.default" num="s" origin="deverbal" pos="ncms000" postype="common" sense="16:03892643" wd="sonido"/>
                </grup.nom>
              </sn>
              <f lem="," pos="fc" punct="comma" wd=","/>
            </sp>
            <conj conjunctiontype="coordinating">
              <c lem="o" pos="cc" postype="coordinating" wd="o"/>
            </conj>
            <sp>
              <prep>
                <s lem="de" pos="sps00" postype="preposition" wd="de"/>
              </prep>
              <sn>
                <grup.nom gen="m" num="p">
                  <n gen="m" lem="rayo_x" num="p" pos="ncmp000" postype="common" sense="16:cs1" wd="rayos_X"/>
                </grup.nom>
              </sn>
            </sp>
          </sp>
        </grup.nom>
      </sn>
    </sp>
    <f lem="." pos="fp" punct="period" wd="."/>
  </sentence>
  <sentence>
    <sn arg="arg1" func="suj" tem="tem">
      <spec gen="f" num="s">
        <d gen="f" lem="el" num="s" pos="da0fs0" postype="article" wd="La"/>
      </spec>
      <grup.nom gen="f" num="s">
        <n gen="f" lem="señal" num="s" pos="ncfs000" postype="common" sense="16:05085885" wd="señal"/>
        <sp>
          <f lem="," pos="fc" punct="comma" wd=","/>
          <prep>
            <s lem="en_vez_de" pos="sps00" postype="preposition" wd="en_vez_de"/>
          </prep>
          <s.a gen="f" num="s">
            <grup.a gen="f" num="s">
              <a gen="f" lem="continuo" num="s" pos="aq0fs0" postype="qualificative" wd="continua"/>
            </grup.a>
          </s.a>
          <f lem="," pos="fc" punct="comma" wd=","/>
        </sp>
      </grup.nom>
    </sn>
    <grup.verb>
      <v lem="poder" mood="indicative" num="s" person="3" pos="vmic3s0" postype="main" tense="conditional" wd="podría"/>
      <infinitiu>
        <v lem="haber" mood="infinitive" pos="van0000" postype="auxiliary" wd="haber"/>
        <v gen="m" lem="provenir" lss="B11.unaccusative-motion" mood="participle" num="s" pos="vmp00sm" postype="main" wd="provenido"/>
      </infinitiu>
    </grup.verb>
    <sp arg="arg3" func="creg" tem="ori">
      <prep>
        <s lem="de" pos="sps00" postype="preposition" wd="de"/>
      </prep>
      <sn>
        <spec gen="m" num="s">
          <d gen="m" lem="uno" num="s" pos="di0ms0" postype="indefinite" wd="un"/>
        </spec>
        <grup.nom gen="m" num="s">
          <n gen="m" lem="estroboscopio" num="s" pos="ncms000" postype="common" sense="16:03430790" wd="estroboscopio"/>
          <S clausetype="relative">
            <relatiu arg="arg0" func="suj" tem="agt">
              <p gen="c" lem="que" num="c" pos="pr0cn000" postype="relative" wd="que"/>
            </relatiu>
            <grup.verb>
              <v lem="emitir" lss="A21.transitive-agentive-patient" mood="subjunctive" num="s" person="3" pos="vmsi3s0" postype="main" tense="imperfect" wd="emitiera"/>
            </grup.verb>
            <sn arg="arg1" func="cd" tem="pat">
              <spec gen="m" num="s">
                <d gen="m" lem="uno" num="s" pos="di0ms0" postype="indefinite" wd="un"/>
              </spec>
              <grup.nom gen="m" num="s">
                <n gen="m" lem="relámpago" num="s" pos="ncms000" postype="common" sense="16:05517298" wd="relámpago"/>
              </grup.nom>
            </sn>
            <sn arg="argM" func="cc" tem="tmp">
              <spec gen="m" num="s">
                <d gen="c" lem="cada" num="s" pos="di0cs0" postype="indefinite" wd="cada"/>
              </spec>
              <grup.nom gen="m" num="s">
                <n gen="m" lem="segundo" num="s" pos="ncms000" postype="common" sense="16:10944012" wd="segundo"/>
              </grup.nom>
            </sn>
          </S>
        </grup.nom>
      </sn>
    </sp>
    <f lem="." pos="fp" punct="period" wd="."/>
  </sentence>
  <sentence>
    <sp arg="argM" func="cc" tem="adv">
      <prep>
        <s lem="en" pos="sps00" postype="preposition" wd="En"/>
      </prep>
      <sn>
        <spec gen="m" num="p">
          <d gen="m" lem="todo" num="p" pos="di0mp0" postype="indefinite" wd="todos"/>
          <d gen="m" lem="el" num="p" pos="da0mp0" postype="article" wd="los"/>
        </spec>
        <grup.nom gen="m" num="p">
          <n gen="m" lem="caso" num="p" pos="ncmp000" postype="common" sense="16:10047274" wd="casos"/>
        </grup.nom>
      </sn>
    </sp>
    <morfema.verbal func="pass">
      <p gen="c" lem="se" num="c" pos="p0000000" wd="se"/>
    </morfema.verbal>
    <grup.verb>
      <v lem="haber" mood="indicative" num="s" person="3" pos="vaic3s0" postype="auxiliary" tense="conditional" wd="habría"/>
      <v gen="m" lem="medir" lss="B22.unaccusative-passive-transitive" mood="participle" num="s" pos="vmp00sm" postype="main" wd="medido"/>
    </grup.verb>
    <sn arg="arg1" func="suj" tem="pat">
      <spec gen="m" num="s">
        <d gen="m" lem="uno" num="s" pos="di0ms0" postype="indefinite" wd="un"/>
      </spec>
      <grup.nom gen="m" num="s">
        <n gen="m" lem="desplazamiento" lexicalid="noun.desplazamiento.1.default" num="s" origin="deverbal" pos="ncms000" postype="common" sense="16:00180278" wd="desplazamiento"/>
        <sp arg="arg0" func="cn" tem="agt">
          <prep>
            <s lem="de" pos="sps00" postype="preposition" wd="de"/>
          </prep>
          <sn>
            <spec gen="f" num="p">
              <d gen="f" lem="el" num="p" pos="da0fp0" postype="article" wd="las"/>
            </spec>
            <grup.nom gen="f" num="p">
              <n gen="f" lem="frecuencia" num="p" pos="ncfp000" postype="common" sense="16:10975635" wd="frecuencias"/>
            </grup.nom>
          </sn>
        </sp>
      </grup.nom>
    </sn>
    <f lem="." pos="fp" punct="period" wd="."/>
  </sentence>
  <sentence>
    <sp arg="argM" func="cc" tem="adv">
      <prep>
        <s contracted="yes" gen="m" lem="del" num="s" pos="spcms" postype="preposition" wd="Del"/>
      </prep>
      <sn>
        <spec gen="m" num="s">
          <d gen="m" lem="mismo" num="s" pos="di0ms0" postype="indefinite" wd="mismo"/>
        </spec>
        <grup.nom gen="m" num="s">
          <n gen="m" lem="modo" num="s" pos="ncms000" postype="common" sense="16:00111872" wd="modo"/>
        </grup.nom>
      </sn>
      <f lem="," pos="fc" punct="comma" wd=","/>
    </sp>
    <S clausesubtype="conditional" clausetype="adverbial" coord="yes" func="ao">
      <conj conjunctiontype="subordinating">
        <c lem="si" pos="cs" postype="subordinating" wd="si"/>
      </conj>
      <S clausesubtype="conditional" clausetype="adverbial">
        <sn arg="arg0" elliptic="yes" func="suj" tem="agt"/>
        <grup.verb>
          <v lem="haber" mood="subjunctive" num="p" person="1" pos="vasi1p0" postype="auxiliary" tense="imperfect" wd="hubiéramos"/>
          <v gen="m" lem="colocar" lss="A31.ditransitive-patient-locative" mood="participle" num="s" pos="vmp00sm" postype="main" wd="colocado"/>
        </grup.verb>
        <sn arg="arg1" func="cd" tem="pat">
          <spec gen="m" num="s">
            <d gen="m" lem="uno" num="s" pos="di0ms0" postype="indefinite" wd="un"/>
          </spec>
          <grup.nom gen="m" num="s">
            <n gen="m" lem="reloj" num="s" pos="ncms000" postype="common" sense="16:03506835" wd="reloj"/>
          </grup.nom>
        </sn>
        <sp arg="argM" func="cc" tem="loc">
          <prep>
            <s lem="en" pos="sps00" postype="preposition" wd="en"/>
          </prep>
          <sn>
            <spec gen="m" num="s">
              <d gen="c" lem="el" num="s" pos="da0ns0" postype="article" wd="lo"/>
            </spec>
            <grup.nom gen="m" num="s">
              <s.a gen="m" num="s">
                <grup.a gen="m" num="s">
                  <a gen="m" lem="alto" num="s" pos="aq0ms0" postype="qualificative" wd="alto"/>
                </grup.a>
              </s.a>
              <sp>
                <prep>
                  <s lem="de" pos="sps00" postype="preposition" wd="de"/>
                </prep>
                <sn>
                  <spec gen="f" num="s">
                    <d gen="f" lem="el" num="s" pos="da0fs0" postype="article" wd="la"/>
                  </spec>
                  <grup.nom gen="f" num="s">
                    <n gen="f" lem="torre" num="s" pos="ncfs000" postype="common" sense="16:03523510" wd="torre"/>
                  </grup.nom>
                </sn>
              </sp>
            </grup.nom>
          </sn>
        </sp>
        <sn>
          <f lem="-" pos="fg" punct="hyphen" wd="-"/>
          <f lem="-" pos="fg" punct="hyphen" wd="-"/>
          <conj conjunctiontype="coordinating">
            <c lem="es_decir" pos="cc" postype="coordinating" wd="es_decir"/>
            <f lem="," pos="fc" punct="comma" wd=","/>
          </conj>
          <spec gen="m" num="s">
            <d gen="m" lem="uno" num="s" pos="di0ms0" postype="indefinite" wd="un"/>
          </spec>
          <grup.nom gen="m" num="s">
            <n gen="m" lem="dispositivo" num="s" pos="ncms000" postype="common" sense="16:02560468" wd="dispositivo"/>
            <s.a gen="m" num="s">
              <grup.a gen="m" num="s">
                <a gen="m" lem="generador" num="s" pos="aq0ms0" postype="qualificative" wd="generador"/>
                <sp>
                  <prep>
                    <s lem="de" pos="sps00" postype="preposition" wd="de"/>
                  </prep>
                  <sn>
                    <spec gen="m" num="s">
                      <d gen="m" lem="uno" num="s" pos="di0ms0" postype="indefinite" wd="un"/>
                    </spec>
                    <grup.nom gen="m" num="s">
                      <n gen="m" lem="ritmo" num="s" pos="ncms000" postype="common" sense="16:10980504" wd="ritmo"/>
                      <s.a coord="yes" gen="m" num="s">
                        <S clausetype="participle" impersonal="yes">
                          <participi>
                            <a gen="m" lem="definido" num="s" pos="aq0msp" posfunction="participle" postype="qualificative" wd="definido"/>
                          </participi>
                        </S>
                        <conj conjunctiontype="coordinating">
                          <c lem="y" pos="cc" postype="coordinating" wd="y"/>
                        </conj>
                        <s.a gen="m" num="s">
                          <grup.a gen="m" num="s">
                            <a gen="c" lem="constante" num="s" pos="aq0cs0" postype="qualificative" wd="constante"/>
                          </grup.a>
                        </s.a>
                      </s.a>
                    </grup.nom>
                  </sn>
                </sp>
              </grup.a>
            </s.a>
          </grup.nom>
          <f lem="-" pos="fg" punct="hyphen" wd="-"/>
          <f lem="-" pos="fg" punct="hyphen" wd="-"/>
        </sn>
      </S>
      <conj conjunctiontype="coordinating">
        <c lem="y" pos="cc" postype="coordinating" wd="y"/>
      </conj>
      <S clausesubtype="conditional" clausetype="adverbial" verbless="yes">
        <sn>
          <grup.nom gen="m" num="s">
            <p gen="m" lem="otro" num="s" pos="pi0ms000" postype="indefinite" wd="otro"/>
            <s.a gen="m" num="s">
              <grup.a gen="m" num="s">
                <a gen="c" lem="igual" num="s" pos="aq0cs0" postype="qualificative" wd="igual"/>
              </grup.a>
            </s.a>
          </grup.nom>
        </sn>
        <sp>
          <prep>
            <s lem="en" pos="sps00" postype="preposition" wd="en"/>
          </prep>
          <sn>
            <spec gen="f" num="s">
              <d gen="f" lem="el" num="s" pos="da0fs0" postype="article" wd="la"/>
            </spec>
            <grup.nom gen="f" num="s">
              <n gen="f" lem="base" num="s" pos="ncfs000" postype="common" sense="16:02255918" wd="base"/>
            </grup.nom>
          </sn>
        </sp>
      </S>
      <f lem="," pos="fc" punct="comma" wd=","/>
    </S>
    <sn arg="arg0" elliptic="yes" func="suj" tem="agt"/>
    <grup.verb>
      <v lem="observar" lss="A21.transitive-agentive-patient" mood="indicative" num="p" person="1" pos="vmic1p0" postype="main" tense="conditional" wd="observaríamos"/>
    </grup.verb>
    <S arg="arg1" clausetype="completive" func="cd" tem="pat">
      <conj conjunctiontype="subordinating">
        <c lem="que" pos="cs" postype="subordinating" wd="que"/>
      </conj>
      <sn arg="arg1" func="suj" tem="tem">
        <spec gen="m" num="s">
          <d gen="m" lem="el" num="s" pos="da0ms0" postype="article" wd="el"/>
        </spec>
        <grup.nom gen="m" num="s">
          <sp>
            <prep>
              <s lem="de" pos="sps00" postype="preposition" wd="de"/>
            </prep>
            <sadv>
              <grup.adv>
                <r lem="arriba" pos="rg" wd="arriba"/>
              </grup.adv>
            </sadv>
          </sp>
        </grup.nom>
      </sn>
      <grup.verb>
        <v lem="correr" lss="B11.unaccusative-motion" mood="indicative" num="s" person="3" pos="vmip3s0" postype="main" tense="present" wd="corre"/>
      </grup.verb>
      <sadv arg="argM" func="cc" tem="mnr">
        <sadv>
          <spec>
            <r lem="más" pos="rg" wd="más"/>
          </spec>
          <grup.adv>
            <r lem="deprisa" pos="rg" wd="deprisa"/>
          </grup.adv>
        </sadv>
        <S adjunct="yes" clausesubtype="comparative" clausetype="adverbial" verbless="yes">
          <conj conjunctiontype="subordinating">
            <c lem="que" pos="cs" postype="subordinating" wd="que"/>
          </conj>
          <sn>
            <spec gen="m" num="s">
              <d gen="m" lem="el" num="s" pos="da0ms0" postype="article" wd="el"/>
            </spec>
            <grup.nom gen="m" num="s">
              <sp>
                <prep>
                  <s lem="de" pos="sps00" postype="preposition" wd="de"/>
                </prep>
                <sadv>
                  <grup.adv>
                    <r lem="abajo" pos="rg" wd="abajo"/>
                  </grup.adv>
                </sadv>
              </sp>
            </grup.nom>
          </sn>
        </S>
      </sadv>
    </S>
    <f lem="." pos="fp" punct="period" wd="."/>
  </sentence>
</article>
