<?xml version="1.0" encoding="UTF-8" standalone="no"?>
<!-- 

  ancora-2.0
       
			Copyright (C) 2007, 2008, 2009, 2010, 2011 UB - CLiC
			Centre de Llenguatge i Computació - Universitat de Barcelona
 
  This file is part of ancora-2.0.
 
  ancora-2.0 is free software and data: you can redistribute it and/or modify
  it under the terms of the GNU General Public License as published
  by the Free Software Foundation, either version 3 of the License,
  or (at your option) any later version.

  ancora-2.0 is distributed in the hope that it will be useful,
  but WITHOUT ANY WARRANTY; without even the implied warranty of
  MERCHANTABILITY or FITNESS FOR A PARTICULAR PURPOSE.  See the
  GNU General Public License for more details.
 
  You should have received a copy of the GNU General Public License
  along with ancora-2.0.  If not, see &lt;http://www.gnu.org/licenses/&gt;.
 
  Check a text in catalan explaining the terms of the license at http://www.softcatala.cat/wiki/GPL3.
  In spanish at http://www.viti.es/gnu/licenses/gpl.html
 

  The following paper must be cited when using this corpus:

 * Taulé, M., M.A. Martí, M. Recasens (2008) 'Ancora: Multilevel Annotated Corpora for Catalan and Spanish',
   Proceedings of 6th International Conference on Language Resources and Evaluation. Marrakesh (Morocco).

  In addition, the following paper must be cited if coreference information (attributes entity, coreftype,
  corefsubtype, homophoricDD or entityref) is used:

 * Recasens, Marta, M. Antònia Martí (2010) ‘AnCora-CO: Coreferentially annotated corpora for Spanish and
   Catalan’. Language Resources and Evaluation, Springer Science.

  Additionally, the following paper must be cited when argumental attributes in "sn" or "grup.nom"
  (attributes func, arg, tem or lexicalid) are used:

 * Peris, Aina, Mariona Taulé, Horacio Rodríguez (2010) ‘Semantic Annotation of Deverbal Nominalizations in the
   Spanish AnCora corpus’. Treebanks and Linguistic Theories (TLT-2010), Estonia.
-->
<article lng="es">
  <sentence>
    <sp arg="argM" func="cc" tem="fin">
      <prep>
        <s lem="para" pos="sps00" postype="preposition" wd="Para"/>
      </prep>
      <S clausetype="completive" impersonal="yes">
        <infinitiu>
          <v lem="atrapar" lss="A21.transitive-agentive-patient" mood="infinitive" pos="vmn0000" postype="main" wd="atraparlas"/>
        </infinitiu>
      </S>
      <f lem="," pos="fc" punct="comma" wd=","/>
    </sp>
    <sn arg="arg0" entityref="ne" func="suj" ne="person" tem="agt">
      <spec gen="m" num="s">
        <d gen="m" lem="el" num="s" pos="da0ms0" postype="article" wd="el"/>
      </spec>
      <grup.nom gen="m" num="s">
        <n gen="m" lem="equipo" num="s" pos="ncms000" postype="common" sense="16:06093198" wd="equipo"/>
        <sp>
          <prep>
            <s lem="de" pos="sps00" postype="preposition" wd="de"/>
          </prep>
          <sn entityref="ne" ne="person">
            <grup.nom gen="m" num="s">
              <n lem="Sutter" ne="person" pos="np0000p" postype="proper" sense="16:cs1" wd="Sutter"/>
            </grup.nom>
          </sn>
        </sp>
      </grup.nom>
    </sn>
    <grup.verb>
      <v lem="colocar" lss="A31.ditransitive-patient-locative" mood="indicative" num="s" person="3" pos="vmis3s0" postype="main" tense="past" wd="colocó"/>
    </grup.verb>
    <sp arg="arg2" func="cc" tem="loc">
      <prep>
        <s lem="bajo" pos="sps00" postype="preposition" wd="bajo"/>
      </prep>
      <sn>
        <spec gen="m" num="s">
          <d gen="m" lem="el" num="s" pos="da0ms0" postype="article" wd="el"/>
        </spec>
        <grup.nom gen="m" num="s">
          <n gen="m" lem="cuero" num="s" pos="ncms000" postype="common" sense="16:10580693" wd="cuero"/>
          <s.a gen="m" num="s">
            <grup.a gen="m" num="s">
              <a gen="m" lem="cabelludo" num="s" pos="aq0ms0" postype="qualificative" wd="cabelludo"/>
            </grup.a>
          </s.a>
          <sp>
            <prep>
              <s contracted="yes" gen="m" lem="del" num="s" pos="spcms" postype="preposition" wd="del"/>
            </prep>
            <sn entityref="ne" ne="person">
              <grup.nom gen="m" num="s">
                <n gen="m" lem="doctor" num="s" pos="ncms000" postype="common" sense="16:07220720" wd="doctor"/>
                <sn entityref="ne" ne="person">
                  <grup.nom gen="m" num="s">
                    <n lem="Meagher" ne="person" pos="np0000p" postype="proper" sense="16:cs1" wd="Meagher"/>
                  </grup.nom>
                </sn>
              </grup.nom>
            </sn>
          </sp>
        </grup.nom>
      </sn>
    </sp>
    <sn arg="arg1" func="cd" tem="pat">
      <spec gen="m" num="p">
        <d gen="c" lem="cuatro" num="p" pos="dn0cp0" postype="numeral" wd="cuatro"/>
      </spec>
      <grup.nom gen="m" num="p">
        <s.a gen="m" num="p">
          <grup.a gen="m" num="p">
            <a gen="m" lem="fino" num="p" pos="aq0mp0" postype="qualificative" wd="finos"/>
          </grup.a>
        </s.a>
        <n gen="m" lem="electrodo" num="p" pos="ncmp000" postype="common" sense="16:02630022" wd="electrodos"/>
        <s.a gen="f" num="p">
          <grup.a gen="f" num="p">
            <f lem="," pos="fc" punct="comma" wd=","/>
            <a gen="c" lem="similar" num="p" pos="aq0cp0" postype="qualificative" wd="similares"/>
            <sp>
              <prep>
                <s lem="a" pos="sps00" postype="preposition" wd="a"/>
              </prep>
              <sn>
                <spec gen="m" num="p">
                  <d gen="m" lem="el" num="p" pos="da0mp0" postype="article" wd="los"/>
                </spec>
                <grup.nom gen="m" num="p">
                  <S clausetype="relative">
                    <relatiu arg="arg1" func="suj" tem="pat">
                      <p gen="c" lem="que" num="c" pos="pr0cn000" postype="relative" wd="que"/>
                    </relatiu>
                    <morfema.verbal func="pass">
                      <p gen="c" lem="se" num="c" pos="p0000000" wd="se"/>
                    </morfema.verbal>
                    <grup.verb>
                      <v lem="usar" lss="B22.unaccusative-passive-transitive" mood="indicative" num="p" person="3" pos="vmip3p0" postype="main" tense="present" wd="usan"/>
                    </grup.verb>
                    <sp arg="argM" func="cc" tem="loc">
                      <prep>
                        <s lem="en" pos="sps00" postype="preposition" wd="en"/>
                      </prep>
                      <sn>
                        <spec gen="f" num="p">
                          <d gen="f" lem="el" num="p" pos="da0fp0" postype="article" wd="las"/>
                        </spec>
                        <grup.nom gen="f" num="p">
                          <n gen="f" lem="electroencefalografía" num="p" pos="ncfp000" postype="common" sense="16:cs1" wd="electroencefalografías"/>
                        </grup.nom>
                      </sn>
                    </sp>
                  </S>
                </grup.nom>
              </sn>
            </sp>
          </grup.a>
        </s.a>
      </grup.nom>
    </sn>
    <f lem="." pos="fp" punct="period" wd="."/>
  </sentence>
  <sentence>
    <sn arg="arg1" func="suj" tem="pat">
      <grup.nom gen="m" num="s">
        <p gen="m" lem="uno" num="s" pos="pi0ms000" postype="indefinite" wd="Uno"/>
        <sp>
          <prep>
            <s lem="de" pos="sps00" postype="preposition" wd="de"/>
          </prep>
          <sn>
            <grup.nom gen="m" num="p">
              <p gen="m" lem="él" num="p" person="3" pos="pp3mp000" postype="personal" wd="ellos"/>
            </grup.nom>
          </sn>
        </sp>
      </grup.nom>
    </sn>
    <sn arg="arg2" func="ci" tem="ben">
      <grup.nom num="s">
        <p case="dative" gen="c" lem="él" num="s" person="3" pos="pp3csd00" postype="personal" wd="le"/>
      </grup.nom>
    </sn>
    <grup.verb>
      <v lem="ser" mood="indicative" num="s" person="3" pos="vsis3s0" postype="semiauxiliary" tense="past" wd="fue"/>
      <v gen="m" lem="incrustar" lss="B22.unaccusative-passive-transitive" mood="participle" num="s" pos="vmp00sm" postype="main" wd="incrustado"/>
    </grup.verb>
    <sadv arg="argM" func="cc" tem="mnr">
      <grup.adv>
        <r lem="estratégicamente" pos="rg" wd="estratégicamente"/>
      </grup.adv>
    </sadv>
    <sp arg="arg2" func="cc" tem="loc">
      <prep>
        <s lem="en" pos="sps00" postype="preposition" wd="en"/>
      </prep>
      <sn>
        <spec gen="m" num="s">
          <d gen="m" lem="uno" num="s" pos="di0ms0" postype="indefinite" wd="un"/>
        </spec>
        <grup.nom gen="m" num="s">
          <n gen="m" lem="punto" num="s" pos="ncms000" postype="common" sense="16:06351684" wd="punto"/>
          <sp>
            <prep>
              <s lem="bajo" pos="sps00" postype="preposition" wd="bajo"/>
            </prep>
            <sn>
              <spec gen="m" num="s">
                <d gen="m" lem="el" num="s" pos="da0ms0" postype="article" wd="el"/>
              </spec>
              <grup.nom gen="m" num="s">
                <n gen="m" lem="cráneo" num="s" pos="ncms000" postype="common" sense="16:04291831" wd="cráneo"/>
              </grup.nom>
            </sn>
          </sp>
        </grup.nom>
      </sn>
    </sp>
    <f lem="." pos="fp" punct="period" wd="."/>
  </sentence>
  <sentence verbless="yes">
    <sp>
      <sadv>
        <grup.adv>
          <r lem="concretamente" pos="rg" wd="Concretamente"/>
        </grup.adv>
      </sadv>
      <sp>
        <prep>
          <s lem="en" pos="sps00" postype="preposition" wd="en"/>
        </prep>
        <sn>
          <spec gen="f" num="s">
            <d gen="f" lem="el" num="s" pos="da0fs0" postype="article" wd="la"/>
          </spec>
          <grup.nom gen="f" num="s">
            <n gen="f" lem="nuca" num="s" pos="ncfs000" postype="common" sense="16:04296848" wd="nuca"/>
          </grup.nom>
        </sn>
      </sp>
      <f lem="," pos="fc" punct="comma" wd=","/>
    </sp>
    <sp>
      <prep>
        <s lem="en" pos="sps00" postype="preposition" wd="en"/>
      </prep>
      <sn>
        <spec gen="m" num="s">
          <d gen="m" lem="el" num="s" pos="da0ms0" postype="article" wd="el"/>
        </spec>
        <grup.nom gen="f" num="s">
          <n gen="f" lem="área" num="s" pos="ncfs000" postype="common" sense="16:02207321" wd="área"/>
          <sp>
            <prep>
              <s contracted="yes" gen="m" lem="del" num="s" pos="spcms" postype="preposition" wd="del"/>
            </prep>
            <sn>
              <grup.nom gen="m" num="s">
                <n gen="m" lem="cerebro" num="s" pos="ncms000" postype="common" sense="16:04249425" wd="cerebro"/>
              </grup.nom>
            </sn>
          </sp>
          <S clausetype="relative">
            <relatiu arg="argM" func="cc" tem="loc">
              <p gen="c" lem="donde" num="c" pos="pr000000" postype="relative" wd="donde"/>
            </relatiu>
            <morfema.verbal func="pass">
              <p gen="c" lem="se" num="c" pos="p0000000" wd="se"/>
            </morfema.verbal>
            <grup.verb>
              <v lem="procesar" lss="B22.unaccusative-passive-transitive" mood="indicative" num="p" person="3" pos="vmip3p0" postype="main" tense="present" wd="procesan"/>
            </grup.verb>
            <sn arg="arg1" func="suj" tem="pat">
              <spec gen="f" num="p">
                <d gen="f" lem="el" num="p" pos="da0fp0" postype="article" wd="las"/>
              </spec>
              <grup.nom gen="f" num="p">
                <n gen="f" lem="señal" num="p" pos="ncfp000" postype="common" sense="16:04490016" wd="señales"/>
                <s.a gen="f" num="p">
                  <grup.a gen="f" num="p">
                    <a gen="c" lem="visual" num="p" pos="aq0cp0" postype="qualificative" wd="visuales"/>
                  </grup.a>
                </s.a>
                <S clausetype="relative">
                  <relatiu arg="arg1" func="suj" tem="tem">
                    <p gen="c" lem="que" num="c" pos="pr0cn000" postype="relative" wd="que"/>
                  </relatiu>
                  <grup.verb>
                    <v lem="llegar" lss="B11.unaccusative-motion" mood="indicative" num="p" person="3" pos="vmip3p0" postype="main" tense="present" wd="llegan"/>
                  </grup.verb>
                  <sp arg="arg3" func="cc" tem="ori">
                    <prep>
                      <s lem="de" pos="sps00" postype="preposition" wd="de"/>
                    </prep>
                    <sn>
                      <spec gen="m" num="p">
                        <d gen="m" lem="el" num="p" pos="da0mp0" postype="article" wd="los"/>
                      </spec>
                      <grup.nom gen="m" num="p">
                        <n gen="m" lem="ojo" num="p" pos="ncmp000" postype="common" sense="16:04122028" wd="ojos"/>
                      </grup.nom>
                    </sn>
                  </sp>
                </S>
              </grup.nom>
            </sn>
          </S>
          <sn>
            <f lem="," pos="fc" punct="comma" wd=","/>
            <spec gen="m" num="s">
              <d gen="m" lem="el" num="s" pos="da0ms0" postype="article" wd="el"/>
            </spec>
            <grup.nom gen="m" num="s">
              <n gen="m" lem="córtex" num="c" pos="ncmn000" postype="common" sense="16:cs1" wd="córtex"/>
              <s.a gen="m" num="s">
                <grup.a gen="m" num="s">
                  <a gen="c" lem="visual" num="s" pos="aq0cs0" postype="qualificative" wd="visual"/>
                </grup.a>
              </s.a>
            </grup.nom>
          </sn>
        </grup.nom>
      </sn>
    </sp>
    <f lem="." pos="fp" punct="period" wd="."/>
  </sentence>
  <sentence>
    <S arg="argM" clausetype="adverbial" func="cc" tem="tmp">
      <conj conjunctiontype="subordinating">
        <c lem="cuando" pos="cs" postype="subordinating" wd="Cuando"/>
      </conj>
      <sn arg="arg2" func="suj" tem="loc">
        <spec gen="f" num="p">
          <d gen="f" lem="el" num="p" pos="da0fp0" postype="article" wd="las"/>
        </spec>
        <grup.nom gen="f" num="p">
          <n gen="f" lem="célula" num="p" pos="ncfp000" postype="common" sense="16:02410439" wd="células"/>
          <s.a gen="f" num="p">
            <grup.a gen="f" num="p">
              <a gen="f" lem="fotorreceptor" num="p" pos="aq0fp0" postype="qualificative" wd="fotorreceptoras"/>
            </grup.a>
          </s.a>
          <S clausetype="relative">
            <relatiu arg="arg0" func="suj" tem="agt">
              <p gen="c" lem="que" num="c" pos="pr0cn000" postype="relative" wd="que"/>
            </relatiu>
            <grup.verb>
              <v lem="poblar" lss="A21.transitive-agentive-patient" mood="indicative" num="p" person="3" pos="vmip3p0" postype="main" tense="present" wd="pueblan"/>
            </grup.verb>
            <sn arg="arg1" func="cd" tem="pat">
              <spec gen="f" num="s">
                <d gen="f" lem="el" num="s" pos="da0fs0" postype="article" wd="la"/>
              </spec>
              <grup.nom gen="f" num="s">
                <n gen="f" lem="retina" num="s" pos="ncfs000" postype="common" sense="16:04127985" wd="retina"/>
              </grup.nom>
            </sn>
          </S>
        </grup.nom>
      </sn>
      <grup.verb>
        <v lem="registrar" lss="A31.ditransitive-patient-locative" mood="indicative" num="p" person="3" pos="vmip3p0" postype="main" tense="present" wd="registran"/>
      </grup.verb>
      <sn arg="arg1" func="cd" tem="pat">
        <spec gen="m" num="s">
          <d gen="m" lem="uno" num="s" pos="di0ms0" postype="indefinite" wd="un"/>
        </spec>
        <grup.nom gen="m" num="s">
          <n gen="m" lem="estímulo" lexicalid="noun.estímulo.1.default" num="s" origin="deverbal" pos="ncms000" postype="common" sense="16:04488721" wd="estímulo"/>
          <S clausetype="participle" func="cn" impersonal="yes">
            <participi>
              <a gen="m" lem="determinado" num="s" pos="aq0msp" posfunction="participle" postype="qualificative" wd="determinado"/>
            </participi>
          </S>
          <sp arg="argM" func="cn" tem="adv">
            <f lem="," pos="fc" punct="comma" wd=","/>
            <prep>
              <c lem="como" pos="cs" postype="subordinating" wd="como"/>
            </prep>
            <sn coord="yes">
              <sn>
                <spec gen="m" num="s">
                  <d gen="m" lem="uno" num="s" pos="di0ms0" postype="indefinite" wd="un"/>
                </spec>
                <grup.nom gen="m" num="s">
                  <n gen="m" lem="destello" lexicalid="noun.destello.1.default" num="s" origin="deverbal" pos="ncms000" postype="common" sense="16:05516944" wd="destello"/>
                  <s.a func="cn" gen="m" num="s">
                    <grup.a gen="m" num="s">
                      <a gen="m" lem="luminoso" num="s" pos="aq0ms0" postype="qualificative" wd="luminoso"/>
                    </grup.a>
                  </s.a>
                </grup.nom>
              </sn>
              <conj conjunctiontype="coordinating">
                <c lem="o" pos="cc" postype="coordinating" wd="o"/>
              </conj>
              <sn>
                <spec gen="f" num="p">
                  <d gen="f" lem="el" num="p" pos="da0fp0" postype="article" wd="las"/>
                </spec>
                <grup.nom gen="f" num="p">
                  <n gen="f" lem="letra" num="p" pos="ncfp000" postype="common" sense="16:05115901" wd="letras"/>
                  <sp>
                    <prep>
                      <s lem="de" pos="sps00" postype="preposition" wd="de"/>
                    </prep>
                    <sn>
                      <spec gen="m" num="s">
                        <d gen="m" lem="este" num="s" pos="dd0ms0" postype="demonstrative" wd="este"/>
                      </spec>
                      <grup.nom gen="m" num="s">
                        <n gen="m" lem="artículo" num="s" pos="ncms000" postype="common" sense="16:04739220" wd="artículo"/>
                      </grup.nom>
                    </sn>
                  </sp>
                </grup.nom>
              </sn>
            </sn>
          </sp>
        </grup.nom>
      </sn>
      <f lem="," pos="fc" punct="comma" wd=","/>
    </S>
    <sn arg="arg1" func="suj" tem="pat">
      <grup.nom gen="m" num="s">
        <p gen="m" lem="este" num="s" pos="pd0ms000" postype="demonstrative" wd="este"/>
      </grup.nom>
    </sn>
    <grup.verb>
      <v lem="ser" mood="indicative" num="s" person="3" pos="vsip3s0" postype="semiauxiliary" tense="present" wd="es"/>
      <v gen="m" lem="codificar" lss="B22.unaccusative-passive-transitive" mood="participle" num="s" pos="vmp00sm" postype="main" wd="codificado"/>
    </grup.verb>
    <sp arg="argM" func="cc" tem="adv">
      <prep>
        <s lem="en" pos="sps00" postype="preposition" wd="en"/>
      </prep>
      <sn>
        <grup.nom gen="f" num="p">
          <n gen="f" lem="señal" num="p" pos="ncfp000" postype="common" sense="16:04490016" wd="señales"/>
          <s.a gen="f" num="p">
            <grup.a gen="f" num="p">
              <a gen="f" lem="eléctrico" num="p" pos="aq0fp0" postype="qualificative" wd="eléctricas"/>
            </grup.a>
          </s.a>
          <S clausetype="relative">
            <relatiu arg="arg0" func="suj" tem="agt">
              <p gen="c" lem="que" num="c" pos="pr0cn000" postype="relative" wd="que"/>
            </relatiu>
            <grup.verb>
              <v lem="viajar" lss="D11.inergative-agentive" mood="indicative" num="p" person="3" pos="vmip3p0" postype="main" tense="present" wd="viajan"/>
            </grup.verb>
            <sp arg="argM" func="cc" tem="mnr">
              <prep>
                <s lem="a" pos="sps00" postype="preposition" wd="a"/>
              </prep>
              <sn>
                <spec gen="f" num="s">
                  <d gen="f" lem="el" num="s" pos="da0fs0" postype="article" wd="la"/>
                </spec>
                <grup.nom gen="f" num="s">
                  <n gen="f" lem="velocidad" num="s" pos="ncfs000" postype="common" sense="16:10980504" wd="velocidad"/>
                  <sp>
                    <prep>
                      <s lem="de" pos="sps00" postype="preposition" wd="de"/>
                    </prep>
                    <sn entityref="ne" ne="other">
                      <spec gen="m" num="s">
                        <d gen="m" lem="uno" num="s" pos="di0ms0" postype="indefinite" wd="un"/>
                      </spec>
                      <grup.nom gen="m" num="s">
                        <n lem="Porsche" ne="person" pos="np0000p" postype="proper" sense="16:cs1" wd="Porsche"/>
                      </grup.nom>
                    </sn>
                  </sp>
                </grup.nom>
              </sn>
            </sp>
            <sp arg="arg2" func="cc" tem="loc">
              <prep>
                <s lem="por" pos="sps00" postype="preposition" wd="por"/>
              </prep>
              <sn>
                <spec gen="m" num="s">
                  <d gen="m" lem="el" num="s" pos="da0ms0" postype="article" wd="el"/>
                </spec>
                <grup.nom gen="m" num="s">
                  <n gen="m" lem="nervio" num="s" pos="ncms000" postype="common" sense="16:04244555" wd="nervio"/>
                  <s.a gen="m" num="s">
                    <grup.a gen="m" num="s">
                      <a gen="m" lem="óptico" num="s" pos="aq0ms0" postype="qualificative" wd="óptico"/>
                    </grup.a>
                  </s.a>
                  <sn>
                    <f lem="-" pos="fg" punct="hyphen" wd="-"/>
                    <f lem="-" pos="fg" punct="hyphen" wd="-"/>
                    <spec gen="m" num="s">
                      <d gen="m" lem="uno" num="s" pos="di0ms0" postype="indefinite" wd="un"/>
                    </spec>
                    <grup.nom gen="m" num="s">
                      <s.a gen="m" num="s">
                        <grup.a gen="m" num="s">
                          <a gen="m" lem="fino" num="s" pos="aq0ms0" postype="qualificative" wd="fino"/>
                        </grup.a>
                      </s.a>
                      <n gen="m" lem="cable" num="s" pos="ncms000" postype="common" sense="16:03625791" wd="cable"/>
                      <S clausetype="participle" impersonal="yes">
                        <participi>
                          <a gen="m" lem="fabricado" lss="B22.unaccusative-passive-transitive" num="s" pos="aq0msp" posfunction="participle" postype="qualificative" wd="fabricado"/>
                        </participi>
                        <sp arg="argM" func="cc" tem="mnr">
                          <prep>
                            <s lem="a_base_de" pos="sps00" postype="preposition" wd="a_base_de"/>
                          </prep>
                          <sn>
                            <grup.nom gen="f" num="p">
                              <n gen="f" lem="neurona" num="p" pos="ncfp000" postype="common" sense="16:04238699" wd="neuronas"/>
                            </grup.nom>
                          </sn>
                        </sp>
                      </S>
                    </grup.nom>
                    <f lem="-" pos="fg" punct="hyphen" wd="-"/>
                    <f lem="-" pos="fg" punct="hyphen" wd="-"/>
                  </sn>
                </grup.nom>
              </sn>
            </sp>
            <sp arg="arg4" func="cc" tem="des">
              <prep>
                <s lem="hasta" pos="sps00" postype="preposition" wd="hasta"/>
              </prep>
              <sn>
                <spec gen="f" num="s">
                  <d gen="f" lem="el" num="s" pos="da0fs0" postype="article" wd="la"/>
                </spec>
                <grup.nom gen="f" num="s">
                  <n gen="f" lem="región" num="s" pos="ncfs000" postype="common" sense="16:04059885" wd="región"/>
                  <sp>
                    <prep>
                      <s contracted="yes" gen="m" lem="del" num="s" pos="spcms" postype="preposition" wd="del"/>
                    </prep>
                    <sn>
                      <grup.nom gen="m" num="s">
                        <n gen="m" lem="córtex" num="c" pos="ncmn000" postype="common" sense="16:cs1" wd="córtex"/>
                        <s.a gen="m" num="s">
                          <grup.a gen="m" num="s">
                            <a gen="c" lem="visual" num="s" pos="aq0cs0" postype="qualificative" wd="visual"/>
                          </grup.a>
                        </s.a>
                      </grup.nom>
                    </sn>
                  </sp>
                </grup.nom>
              </sn>
            </sp>
          </S>
        </grup.nom>
      </sn>
    </sp>
    <f lem="." pos="fp" punct="period" wd="."/>
  </sentence>
  <sentence>
    <sadv arg="argM" func="cc" tem="loc">
      <grup.adv>
        <r lem="aquí" pos="rg" wd="Aquí"/>
      </grup.adv>
      <f lem="," pos="fc" punct="comma" wd=","/>
    </sadv>
    <sn arg="arg1" func="suj" tem="pat">
      <spec gen="f" num="s">
        <d gen="f" lem="el" num="s" pos="da0fs0" postype="article" wd="la"/>
      </spec>
      <grup.nom gen="f" num="s">
        <n gen="f" lem="señal" num="s" pos="ncfs000" postype="common" sense="16:04490016" wd="señal"/>
      </grup.nom>
    </sn>
    <grup.verb>
      <v lem="ser" mood="indicative" num="s" person="3" pos="vsip3s0" postype="semiauxiliary" tense="present" wd="es"/>
      <v gen="f" lem="procesar" lss="B22.unaccusative-passive-transitive" mood="participle" num="s" pos="vmp00sf" postype="main" wd="procesada"/>
    </grup.verb>
    <f lem="." pos="fp" punct="period" wd="."/>
  </sentence>
  <sentence>
    <sn arg="arg0" func="suj" tem="agt">
      <spec gen="m" num="p">
        <d gen="m" lem="el" num="p" pos="da0mp0" postype="article" wd="Los"/>
        <d gen="m" lem="distinto" num="p" pos="di0mp0" postype="indefinite" wd="distintos"/>
      </spec>
      <grup.nom gen="m" num="p">
        <n gen="m" lem="estímulo" lexicalid="noun.estímulo.1.default" num="p" origin="deverbal" pos="ncmp000" postype="common" sense="16:04488721" wd="estímulos"/>
        <s.a func="cn" gen="m" num="p">
          <grup.a gen="m" num="p">
            <a gen="c" lem="visual" num="p" pos="aq0cp0" postype="qualificative" wd="visuales"/>
          </grup.a>
        </s.a>
      </grup.nom>
    </sn>
    <grup.verb>
      <v lem="ir" mood="indicative" num="p" person="3" pos="vmip3p0" postype="main" tense="present" wd="van"/>
      <s lem="a" pos="sps00" postype="preposition" wd="a"/>
      <infinitiu>
        <v lem="generar" lss="A21.transitive-agentive-patient" mood="infinitive" pos="vmn0000" postype="main" wd="generar"/>
      </infinitiu>
    </grup.verb>
    <sn arg="arg1" func="cd" tem="pat">
      <spec gen="f" num="p">
        <d gen="c" lem="diferente" num="p" pos="di0cp0" postype="indefinite" wd="diferentes"/>
      </spec>
      <grup.nom gen="f" num="p">
        <n gen="f" lem="onda" num="p" pos="ncfp000" postype="common" sense="16:05473259" wd="ondas"/>
        <s.a gen="f" num="p">
          <grup.a gen="f" num="p">
            <a gen="c" lem="cerebral" num="p" pos="aq0cp0" postype="qualificative" wd="cerebrales"/>
          </grup.a>
        </s.a>
        <S clausetype="relative">
          <f lem="," pos="fc" punct="comma" wd=","/>
          <relatiu arg="arg1" func="suj" tem="pat">
            <p gen="c" lem="que" num="c" pos="pr0cn000" postype="relative" wd="que"/>
          </relatiu>
          <grup.verb>
            <v lem="poder" mood="indicative" num="p" person="3" pos="vmip3p0" postype="main" tense="present" wd="pueden"/>
            <infinitiu>
              <v lem="ser" mood="infinitive" pos="vsn0000" postype="semiauxiliary" wd="ser"/>
              <v gen="f" lem="atrapar" lss="B22.unaccusative-passive-transitive" mood="participle" num="p" pos="vmp00pf" postype="main" wd="atrapadas"/>
            </infinitiu>
          </grup.verb>
          <sp arg="arg0" func="cag" tem="agt">
            <prep>
              <s lem="por" pos="sps00" postype="preposition" wd="por"/>
            </prep>
            <sn>
              <spec gen="m" num="s">
                <d gen="m" lem="el" num="s" pos="da0ms0" postype="article" wd="el"/>
              </spec>
              <grup.nom gen="m" num="s">
                <n gen="m" lem="electrodo" num="s" pos="ncms000" postype="common" sense="16:02630022" wd="electrodo"/>
                <S clausetype="participle" impersonal="yes">
                  <participi>
                    <a gen="m" lem="colocado" lss="B22.unaccusative-passive-transitive" num="s" pos="aq0msp" posfunction="participle" postype="qualificative" wd="colocado"/>
                  </participi>
                  <sp arg="arg2" func="cc" tem="loc">
                    <prep>
                      <s lem="en" pos="sps00" postype="preposition" wd="en"/>
                    </prep>
                    <sn>
                      <spec gen="f" num="s">
                        <d gen="f" lem="el" num="s" pos="da0fs0" postype="article" wd="la"/>
                      </spec>
                      <grup.nom gen="f" num="s">
                        <n gen="f" lem="nuca" num="s" pos="ncfs000" postype="common" sense="16:04296848" wd="nuca"/>
                      </grup.nom>
                    </sn>
                  </sp>
                </S>
              </grup.nom>
            </sn>
          </sp>
        </S>
      </grup.nom>
    </sn>
    <f lem="." pos="fp" punct="period" wd="."/>
  </sentence>
  <sentence>
    <sn arg="arg0" func="suj" tem="cau">
      <grup.nom gen="m" num="s">
        <n lem="Sutter" pos="np00000" postype="proper" sense="16:cs1" wd="Sutter"/>
      </grup.nom>
    </sn>
    <grup.verb>
      <v lem="dividir" lss="A11.transitive-causative" mood="indicative" num="s" person="3" pos="vmis3s0" postype="main" tense="past" wd="dividió"/>
    </grup.verb>
    <sadv arg="argM" func="cc" tem="mnr">
      <grup.adv>
        <r lem="electrónicamente" pos="rg" wd="electrónicamente"/>
      </grup.adv>
    </sadv>
    <sn arg="arg1" func="cd" tem="tem">
      <spec gen="f" num="s">
        <d gen="f" lem="el" num="s" pos="da0fs0" postype="article" wd="la"/>
      </spec>
      <grup.nom gen="f" num="s">
        <n gen="f" lem="pantalla" num="s" pos="ncfs000" postype="common" sense="16:02580665" wd="pantalla"/>
        <sp>
          <prep>
            <s lem="de" pos="sps00" postype="preposition" wd="de"/>
          </prep>
          <sn>
            <spec gen="m" num="s">
              <d gen="m" lem="uno" num="s" pos="di0ms0" postype="indefinite" wd="un"/>
            </spec>
            <grup.nom gen="m" num="s">
              <n gen="m" lem="ordenador" num="s" pos="ncms000" postype="common" sense="16:02481557" wd="ordenador"/>
            </grup.nom>
          </sn>
        </sp>
      </grup.nom>
    </sn>
    <sp arg="argM" func="cc" tem="mnr">
      <prep>
        <s lem="en" pos="sps00" postype="preposition" wd="en"/>
      </prep>
      <sn>
        <spec gen="m" num="p">
          <z lem="64" ne="number" wd="64"/>
        </spec>
        <grup.nom gen="m" num="p">
          <n gen="m" lem="recuadro" num="p" pos="ncmp000" postype="common" sense="16:cs1" wd="recuadros"/>
        </grup.nom>
      </sn>
    </sp>
    <sp arg="argM" func="cc" tem="adv">
      <f lem="," pos="fc" punct="comma" wd=","/>
      <prep>
        <c lem="como" pos="cs" postype="subordinating" wd="como"/>
      </prep>
      <S clausetype="completive">
        <conj conjunctiontype="subordinating">
          <c lem="si" pos="cs" postype="subordinating" wd="si"/>
        </conj>
        <morfema.verbal func="impers">
          <p gen="c" lem="se" num="c" pos="p0000000" wd="se"/>
        </morfema.verbal>
        <grup.verb>
          <v lem="tratar" lss="C21.state-attributive" mood="subjunctive" num="s" person="3" pos="vmsi3s0" postype="main" tense="imperfect" wd="tratara"/>
        </grup.verb>
        <sp arg="arg2" func="creg" tem="atr">
          <prep>
            <s lem="de" pos="sps00" postype="preposition" wd="de"/>
          </prep>
          <sn>
            <spec gen="m" num="s">
              <d gen="m" lem="uno" num="s" pos="di0ms0" postype="indefinite" wd="un"/>
            </spec>
            <grup.nom gen="m" num="s">
              <n gen="m" lem="teclado" num="s" pos="ncms000" postype="common" sense="16:02887166" wd="teclado"/>
              <s.a gen="m" num="s">
                <grup.a gen="m" num="s">
                  <a gen="m" lem="luminoso" num="s" pos="aq0ms0" postype="qualificative" wd="luminoso"/>
                </grup.a>
              </s.a>
            </grup.nom>
          </sn>
        </sp>
      </S>
    </sp>
    <f lem="." pos="fp" punct="period" wd="."/>
  </sentence>
  <sentence>
    <sn arg="arg0" func="suj" tem="agt">
      <spec gen="f" num="s">
        <d gen="c" lem="cada" num="s" pos="di0cs0" postype="indefinite" wd="Cada"/>
      </spec>
      <grup.nom gen="f" num="s">
        <n gen="f" lem="tecla" num="s" pos="ncfs000" postype="common" sense="16:02886812" wd="tecla"/>
      </grup.nom>
    </sn>
    <grup.verb>
      <v lem="emitir" lss="A21.transitive-agentive-patient" mood="indicative" num="s" person="3" pos="vmip3s0" postype="main" tense="present" wd="emite"/>
    </grup.verb>
    <sn arg="arg1" func="cd" tem="pat">
      <spec gen="f" num="s">
        <d gen="f" lem="uno" num="s" pos="di0fs0" postype="indefinite" wd="una"/>
      </spec>
      <grup.nom gen="f" num="s">
        <n gen="f" lem="señal" num="s" pos="ncfs000" postype="common" sense="16:04490016" wd="señal"/>
        <s.a gen="f" num="s">
          <grup.a gen="f" num="s">
            <a gen="f" lem="luminoso" num="s" pos="aq0fs0" postype="qualificative" wd="luminosa"/>
          </grup.a>
        </s.a>
        <s.a gen="f" num="s">
          <grup.a gen="f" num="s">
            <a gen="f" lem="propio" num="s" pos="aq0fs0" postype="qualificative" wd="propia"/>
          </grup.a>
        </s.a>
        <S clausetype="relative">
          <f lem="," pos="fc" punct="comma" wd=","/>
          <relatiu arg="arg1" func="suj" tem="tem">
            <p gen="c" lem="que" num="c" pos="pr0cn000" postype="relative" wd="que"/>
          </relatiu>
          <morfema.pronominal>
            <p gen="c" lem="él" num="c" person="3" pos="p0300000" wd="se"/>
          </morfema.pronominal>
          <grup.verb>
            <v lem="corresponder" lss="C21.state-attributive" mood="indicative" num="s" person="3" pos="vmip3s0" postype="main" tense="present" wd="corresponde"/>
          </grup.verb>
          <sp arg="arg2" func="creg" tem="atr">
            <prep>
              <s lem="con" pos="sps00" postype="preposition" wd="con"/>
            </prep>
            <sn coord="yes">
              <sn coord="yes">
                <sn>
                  <spec gen="f" num="s">
                    <d gen="f" lem="uno" num="s" pos="di0fs0" postype="indefinite" wd="una"/>
                  </spec>
                  <grup.nom gen="f" num="s">
                    <n gen="f" lem="función" lexicalid="noun.función.1.default" num="s" origin="deverbal" pos="ncfs000" postype="common" sense="16:00462318" wd="función"/>
                  </grup.nom>
                </sn>
                <conj conjunctiontype="coordinating">
                  <c lem="o" pos="cc" postype="coordinating" wd="o"/>
                </conj>
                <sn>
                  <grup.nom gen="f" num="s">
                    <n gen="f" lem="actividad" num="s" pos="ncfs000" postype="common" sense="16:00261466" wd="actividad"/>
                    <s.a gen="f" num="s">
                      <grup.a gen="f" num="s">
                        <a gen="f" lem="concreto" num="s" pos="aq0fs0" postype="qualificative" wd="concreta"/>
                      </grup.a>
                    </s.a>
                  </grup.nom>
                </sn>
              </sn>
              <S clausetype="completive" coord="yes" impersonal="yes">
                <f lem="(" pos="fpa" punct="bracket" punctenclose="open" wd="("/>
                <S clausetype="completive" impersonal="yes">
                  <infinitiu>
                    <v lem="apagar" lss="A11.transitive-causative" mood="infinitive" pos="vmn0000" postype="main" wd="apagar"/>
                  </infinitiu>
                </S>
                <f lem="," pos="fc" punct="comma" wd=","/>
                <S clausetype="completive" impersonal="yes">
                  <infinitiu>
                    <v lem="encender" lss="A11.transitive-causative" mood="infinitive" pos="vmn0000" postype="main" wd="encender"/>
                  </infinitiu>
                </S>
                <f lem="," pos="fc" punct="comma" wd=","/>
                <S clausetype="completive" impersonal="yes">
                  <infinitiu>
                    <v lem="hablar" lss="A21.transitive-agentive-patient" mood="infinitive" pos="vmn0000" postype="main" wd="hablar"/>
                  </infinitiu>
                </S>
                <f lem="," pos="fc" punct="comma" wd=","/>
                <S clausetype="completive" impersonal="yes">
                  <infinitiu>
                    <v lem="escribir" lss="A21.transitive-agentive-patient" mood="infinitive" pos="vmn0000" postype="main" wd="escribir"/>
                  </infinitiu>
                </S>
                <f lem="," pos="fc" punct="comma" wd=","/>
                <S clausetype="completive" impersonal="yes">
                  <infinitiu>
                    <v lem="imprimir" lss="A21.transitive-agentive-patient" mood="infinitive" pos="vmn0000" postype="main" wd="imprimir"/>
                  </infinitiu>
                </S>
                <f lem="..." pos="fs" punct="etc" wd="..."/>
                <f lem=")" pos="fpt" punct="bracket" punctenclose="close" wd=")"/>
              </S>
            </sn>
          </sp>
        </S>
      </grup.nom>
    </sn>
    <f lem="." pos="fp" punct="period" wd="."/>
  </sentence>
  <sentence coord="yes">
    <S>
      <sn arg="arg1" func="suj" tem="tem">
        <spec gen="f" num="s">
          <d gen="f" lem="el" num="s" pos="da0fs0" postype="article" wd="La"/>
        </spec>
        <grup.nom gen="f" num="s">
          <n gen="f" lem="intensidad" num="s" pos="ncfs000" postype="common" sense="16:03978095" wd="intensidad"/>
          <sp>
            <prep>
              <s lem="de" pos="sps00" postype="preposition" wd="de"/>
            </prep>
            <sn>
              <spec gen="f" num="s">
                <d gen="f" lem="el" num="s" pos="da0fs0" postype="article" wd="la"/>
              </spec>
              <grup.nom gen="f" num="s">
                <n gen="f" lem="señal" num="s" pos="ncfs000" postype="common" sense="16:04490016" wd="señal"/>
                <s.a gen="f" num="s">
                  <grup.a gen="f" num="s">
                    <a gen="f" lem="luminoso" num="s" pos="aq0fs0" postype="qualificative" wd="luminosa"/>
                  </grup.a>
                </s.a>
              </grup.nom>
            </sn>
          </sp>
        </grup.nom>
      </sn>
      <grup.verb>
        <v lem="ser" lss="C21.state-attributive" mood="indicative" num="s" person="3" pos="vsip3s0" postype="semiauxiliary" tense="present" wd="es"/>
      </grup.verb>
      <sa arg="arg2" func="atr" tem="atr">
        <grup.a>
          <a gen="f" lem="idéntico" num="s" pos="aq0fs0" postype="qualificative" wd="idéntica"/>
          <sp>
            <prep>
              <s lem="en" pos="sps00" postype="preposition" wd="en"/>
            </prep>
            <sn>
              <spec gen="m" num="s">
                <d gen="c" lem="cada" num="s" pos="di0cs0" postype="indefinite" wd="cada"/>
              </spec>
              <grup.nom gen="m" num="s">
                <p gen="m" lem="uno" num="s" pos="pi0ms000" postype="indefinite" wd="uno"/>
                <sp>
                  <prep>
                    <s lem="de" pos="sps00" postype="preposition" wd="de"/>
                  </prep>
                  <sn>
                    <spec gen="m" num="p">
                      <d gen="m" lem="el" num="p" pos="da0mp0" postype="article" wd="los"/>
                      <z lem="64" ne="number" wd="64"/>
                    </spec>
                    <grup.nom gen="m" num="p">
                      <n gen="m" lem="recuadro" num="p" pos="ncmp000" postype="common" sense="16:cs1" wd="recuadros"/>
                    </grup.nom>
                  </sn>
                </sp>
              </grup.nom>
            </sn>
          </sp>
        </grup.a>
      </sa>
      <f lem="," pos="fc" punct="comma" wd=","/>
    </S>
    <conj conjunctiontype="coordinating">
      <c lem="pero" pos="cc" postype="coordinating" wd="pero"/>
    </conj>
    <S verbless="yes">
      <neg>
        <r lem="no" pos="rn" postype="negative" wd="no"/>
      </neg>
      <sn coord="yes">
        <sn>
          <spec gen="f" num="s">
            <d gen="f" lem="el" num="s" pos="da0fs0" postype="article" wd="la"/>
          </spec>
          <grup.nom gen="f" num="s">
            <n gen="f" lem="frecuencia" num="s" pos="ncfs000" postype="common" sense="16:10975635" wd="frecuencia"/>
          </grup.nom>
        </sn>
        <conj conjunctiontype="coordinating">
          <c lem="o" pos="cc" postype="coordinating" wd="o"/>
        </conj>
        <sn>
          <spec gen="m" num="s">
            <d gen="m" lem="el" num="s" pos="da0ms0" postype="article" wd="el"/>
          </spec>
          <grup.nom gen="m" num="s">
            <n gen="m" lem="ritmo" num="s" pos="ncms000" postype="common" sense="16:10980504" wd="ritmo"/>
            <S clausetype="relative">
              <sp arg="argM" func="cc" tem="mnr">
                <prep>
                  <s contracted="yes" gen="m" lem="al" num="s" pos="spcms" postype="preposition" wd="al"/>
                </prep>
                <sn>
                  <relatiu>
                    <p gen="c" lem="que" num="c" pos="pr0cn000" postype="relative" wd="que"/>
                  </relatiu>
                </sn>
              </sp>
              <sn arg="arg0" elliptic="yes" func="suj" tem="agt"/>
              <grup.verb>
                <v lem="parpadear" lss="D11.inergative-agentive" mood="indicative" num="s" person="3" pos="vmip3s0" postype="main" tense="present" wd="parpadea"/>
              </grup.verb>
            </S>
          </grup.nom>
        </sn>
      </sn>
    </S>
    <f lem="." pos="fp" punct="period" wd="."/>
  </sentence>
  <sentence>
    <sn arg="arg1" func="suj" tem="tem">
      <spec gen="m" num="s">
        <d gen="m" lem="el" num="s" pos="da0ms0" postype="article" wd="El"/>
      </spec>
      <grup.nom gen="m" num="s">
        <n gen="m" lem="ojo" num="s" pos="ncms000" postype="common" sense="16:04122028" wd="ojo"/>
      </grup.nom>
    </sn>
    <grup.verb>
      <v lem="ser" lss="C21.state-attributive" mood="indicative" num="s" person="3" pos="vsip3s0" postype="semiauxiliary" tense="present" wd="es"/>
    </grup.verb>
    <sa arg="arg2" func="atr" tem="atr">
      <sa>
        <spec>
          <r lem="tanto" pos="rg" wd="tan"/>
          <r lem="terriblemente" pos="rg" wd="terriblemente"/>
        </spec>
        <grup.a>
          <a gen="m" lem="selectivo" num="s" pos="aq0ms0" postype="qualificative" wd="selectivo"/>
        </grup.a>
      </sa>
      <S adjunct="yes" clausesubtype="consecutive" clausetype="adverbial" coord="yes">
        <conj conjunctiontype="subordinating">
          <c lem="que" pos="cs" postype="subordinating" wd="que"/>
        </conj>
        <S clausesubtype="consecutive" clausetype="adverbial">
          <sp arg="argM" func="cc" tem="adv">
            <prep>
              <s lem="de" pos="sps00" postype="preposition" wd="de"/>
            </prep>
            <sn>
              <spec gen="f" num="s">
                <d gen="f" lem="el" num="s" pos="da0fs0" postype="article" wd="la"/>
              </spec>
              <grup.nom gen="f" num="s">
                <n gen="f" lem="sopa" num="s" pos="ncfs000" postype="common" sense="16:05638174" wd="sopa"/>
                <sp>
                  <prep>
                    <s lem="de" pos="sps00" postype="preposition" wd="de"/>
                  </prep>
                  <sn>
                    <grup.nom gen="f" num="p">
                      <n gen="f" lem="luz" num="p" pos="ncfp000" postype="common" sense="16:07811448" wd="luces"/>
                    </grup.nom>
                  </sn>
                </sp>
                <sp>
                  <prep>
                    <s lem="de" pos="sps00" postype="preposition" wd="de"/>
                  </prep>
                  <sn>
                    <spec gen="f" num="s">
                      <d gen="f" lem="el" num="s" pos="da0fs0" postype="article" wd="la"/>
                    </spec>
                    <grup.nom gen="f" num="s">
                      <n gen="f" lem="pantalla" num="s" pos="ncfs000" postype="common" sense="16:02580665" wd="pantalla"/>
                    </grup.nom>
                  </sn>
                </sp>
              </grup.nom>
            </sn>
          </sp>
          <sn arg="arg1" elliptic="yes" func="suj" tem="tem"/>
          <morfema.pronominal>
            <p gen="c" lem="él" num="c" person="3" pos="p0300000" wd="se"/>
          </morfema.pronominal>
          <grup.verb>
            <v lem="quedar" lss="C21.state-attributive" mood="indicative" num="s" person="3" pos="vmip3s0" postype="main" tense="present" wd="queda"/>
          </grup.verb>
          <sp arg="arg2" func="creg" tem="atr">
            <sadv>
              <grup.adv>
                <r lem="sólo" pos="rg" wd="sólo"/>
              </grup.adv>
            </sadv>
            <sp>
              <prep>
                <s lem="con" pos="sps00" postype="preposition" wd="con"/>
              </prep>
              <sn>
                <spec gen="f" num="s">
                  <d gen="f" lem="el" num="s" pos="da0fs0" postype="article" wd="la"/>
                </spec>
                <grup.nom gen="f" num="s">
                  <n gen="f" lem="tecla" num="s" pos="ncfs000" postype="common" sense="16:02886812" wd="tecla"/>
                  <S clausetype="participle" impersonal="yes">
                    <participi>
                      <a gen="f" lem="elegido" num="s" pos="aq0fsp" posfunction="participle" postype="qualificative" wd="elegida"/>
                    </participi>
                  </S>
                </grup.nom>
              </sn>
            </sp>
          </sp>
          <f lem="," pos="fc" punct="comma" wd=","/>
        </S>
        <conj conjunctiontype="coordinating">
          <c lem="y" pos="cc" postype="coordinating" wd="y"/>
        </conj>
        <S clausesubtype="consecutive" clausetype="adverbial">
          <sn arg="arg1" func="suj" tem="tem">
            <spec gen="m" num="s">
              <d gen="m" lem="nuestro" num="s" person="1" pos="dp1msp" possessornum="p" postype="possessive" wd="nuestro"/>
            </spec>
            <grup.nom gen="m" num="s">
              <s.a gen="m" num="s">
                <grup.a gen="m" num="s">
                  <a gen="m" lem="exquisito" num="s" pos="aq0ms0" postype="qualificative" wd="exquisito"/>
                </grup.a>
              </s.a>
              <n gen="m" lem="cerebro" num="s" pos="ncms000" postype="common" sense="16:04249425" wd="cerebro"/>
            </grup.nom>
          </sn>
          <grup.verb>
            <v lem="ser" lss="C21.state-attributive" mood="indicative" num="s" person="3" pos="vsip3s0" postype="semiauxiliary" tense="present" wd="es"/>
          </grup.verb>
          <sa arg="arg2" func="atr" tem="atr">
            <grup.a>
              <a gen="c" lem="capaz" num="s" pos="aq0cs0" postype="qualificative" wd="capaz"/>
              <sp>
                <prep>
                  <s lem="de" pos="sps00" postype="preposition" wd="de"/>
                </prep>
                <S clausetype="completive" coord="yes" impersonal="yes">
                  <S clausetype="completive" impersonal="yes">
                    <infinitiu>
                      <v lem="identificar" lss="A21.transitive-agentive-patient" mood="infinitive" pos="vmn0000" postype="main" wd="identificar"/>
                    </infinitiu>
                    <sn arg="arg1" func="cd" tem="pat">
                      <spec gen="m" num="s">
                        <d gen="c" lem="cada" num="s" pos="di0cs0" postype="indefinite" wd="cada"/>
                      </spec>
                      <grup.nom gen="m" num="s">
                        <p gen="m" lem="uno" num="s" pos="pi0ms000" postype="indefinite" wd="uno"/>
                        <sp>
                          <prep>
                            <s lem="de" pos="sps00" postype="preposition" wd="de"/>
                          </prep>
                          <sn>
                            <spec gen="m" num="p">
                              <d gen="m" lem="el" num="p" pos="da0mp0" postype="article" wd="los"/>
                              <z lem="64" ne="number" wd="64"/>
                            </spec>
                            <grup.nom gen="m" num="p">
                              <n gen="m" lem="destello" lexicalid="noun.destello.1.default" num="p" origin="deverbal" pos="ncmp000" postype="common" sense="16:05516944" wd="destellos"/>
                              <s.a func="cn" gen="m" num="p">
                                <grup.a gen="m" num="p">
                                  <a gen="m" lem="luminoso" num="p" pos="aq0mp0" postype="qualificative" wd="luminosos"/>
                                </grup.a>
                              </s.a>
                            </grup.nom>
                          </sn>
                        </sp>
                      </grup.nom>
                    </sn>
                  </S>
                  <conj conjunctiontype="coordinating">
                    <c lem="y" pos="cc" postype="coordinating" wd="y"/>
                  </conj>
                  <S clausetype="completive" impersonal="yes">
                    <infinitiu>
                      <v lem="responder" lss="A32.ditransitive-patient-benefactive" mood="infinitive" pos="vmn0000" postype="main" wd="responder"/>
                    </infinitiu>
                    <sp arg="argM" func="cc" tem="adv">
                      <prep>
                        <s lem="con" pos="sps00" postype="preposition" wd="con"/>
                      </prep>
                      <sn>
                        <spec gen="f" num="s">
                          <d gen="f" lem="uno" num="s" pos="di0fs0" postype="indefinite" wd="una"/>
                        </spec>
                        <grup.nom gen="f" num="s">
                          <n gen="f" lem="onda" num="s" pos="ncfs000" postype="common" sense="16:05473259" wd="onda"/>
                          <s.a gen="f" num="s">
                            <grup.a gen="f" num="s">
                              <a gen="f" lem="concreto" num="s" pos="aq0fs0" postype="qualificative" wd="concreta"/>
                            </grup.a>
                          </s.a>
                        </grup.nom>
                      </sn>
                    </sp>
                  </S>
                </S>
              </sp>
            </grup.a>
          </sa>
        </S>
      </S>
    </sa>
    <f lem="." pos="fp" punct="period" wd="."/>
  </sentence>
</article>
