<?xml version="1.0" encoding="UTF-8"?>
<!-- 

  ancora-2.0
       
			Copyright (C) 2007, 2008, 2009, 2010, 2011 UB - CLiC
			Centre de Llenguatge i Computació - Universitat de Barcelona
 
  This file is part of ancora-2.0.
 
  ancora-2.0 is free software and data: you can redistribute it and/or modify
  it under the terms of the GNU General Public License as published
  by the Free Software Foundation, either version 3 of the License,
  or (at your option) any later version.

  ancora-2.0 is distributed in the hope that it will be useful,
  but WITHOUT ANY WARRANTY; without even the implied warranty of
  MERCHANTABILITY or FITNESS FOR A PARTICULAR PURPOSE.  See the
  GNU General Public License for more details.
 
  You should have received a copy of the GNU General Public License
  along with ancora-2.0.  If not, see &lt;http://www.gnu.org/licenses/&gt;.
 
  Check a text in catalan explaining the terms of the license at http://www.softcatala.cat/wiki/GPL3.
  In spanish at http://www.viti.es/gnu/licenses/gpl.html
 

  The following paper must be cited when using this corpus:

 * Taulé, M., M.A. Martí, M. Recasens (2008) 'Ancora: Multilevel Annotated Corpora for Catalan and Spanish',
   Proceedings of 6th International Conference on Language Resources and Evaluation. Marrakesh (Morocco).

  In addition, the following paper must be cited if coreference information (attributes entity, coreftype,
  corefsubtype, homophoricDD or entityref) is used:

 * Recasens, Marta, M. Antònia Martí (2010) ‘AnCora-CO: Coreferentially annotated corpora for Spanish and
   Catalan’. Language Resources and Evaluation, Springer Science.

  Additionally, the following paper must be cited when argumental attributes in "sn" or "grup.nom"
  (attributes func, arg, tem or lexicalid) are used:

 * Peris, Aina, Mariona Taulé, Horacio Rodríguez (2010) ‘Semantic Annotation of Deverbal Nominalizations in the
   Spanish AnCora corpus’. Treebanks and Linguistic Theories (TLT-2010), Estonia.
-->
<article lng="es">
  <sentence>
    <sp arg="argM" func="cc" tem="tmp">
      <prep>
        <s lem="en" pos="sps00" postype="preposition" wd="En"/>
      </prep>
      <sn>
        <spec gen="m" num="p">
          <d gen="c" lem="su" num="p" person="3" pos="dp3cp0" postype="possessive" wd="sus"/>
        </spec>
        <grup.nom gen="m" num="p">
          <n gen="m" lem="amanecer" num="p" pos="ncmp000" postype="common" sense="16:05459836" wd="amaneceres"/>
          <sp>
            <prep>
              <s lem="de" pos="sps00" postype="preposition" wd="de"/>
            </prep>
            <sn>
              <grup.nom gen="m" num="s">
                <n gen="m" lem="cazador" num="s" pos="ncms000" postype="common" sense="16:07330925" wd="cazador"/>
                <s.a gen="m" num="s">
                  <grup.a gen="m" num="s">
                    <a gen="m" lem="furtivo" num="s" pos="aq0ms0" postype="qualificative" wd="furtivo"/>
                  </grup.a>
                </s.a>
              </grup.nom>
            </sn>
          </sp>
        </grup.nom>
      </sn>
      <f lem="," pos="fc" punct="comma" wd=","/>
    </sp>
    <sn arg="arg0" entityref="ne" func="suj" ne="person" tem="agt">
      <grup.nom gen="m" num="s">
        <n lem="Florentino_Ariza" ne="person" pos="np0000p" postype="proper" sense="16:cs1" wd="Florentino_Ariza"/>
      </grup.nom>
    </sn>
    <sn arg="arg1" func="cd" tem="pat">
      <grup.nom gen="f" num="p">
        <p case="accusative" gen="f" lem="él" num="p" person="3" pos="pp3fpa00" postype="personal" wd="las"/>
      </grup.nom>
    </sn>
    <grup.verb>
      <v lem="encontrar" lss="A21.transitive-agentive-patient" mood="indicative" num="s" person="3" pos="vmii3s0" postype="main" tense="imperfect" wd="encontraba"/>
    </grup.verb>
    <sp arg="argM" func="cc" tem="tmp">
      <prep>
        <s lem="a" pos="sps00" postype="preposition" wd="a"/>
      </prep>
      <sn>
        <spec gen="f" num="s">
          <d gen="f" lem="el" num="s" pos="da0fs0" postype="article" wd="la"/>
        </spec>
        <grup.nom gen="f" num="s">
          <n gen="f" lem="salida" lexicalid="noun.salida.3.default" num="s" origin="deverbal" pos="ncfs000" postype="common" sense="16:00032499" wd="salida"/>
          <sp arg="arg3" func="cn" tem="ori">
            <prep>
              <s lem="de" pos="sps00" postype="preposition" wd="de"/>
            </prep>
            <sn>
              <spec gen="f" num="s">
                <d gen="f" lem="el" num="s" pos="da0fs0" postype="article" wd="la"/>
              </spec>
              <grup.nom gen="f" num="s">
                <n gen="f" lem="misa" num="s" pos="ncfs000" postype="common" sense="16:05274220" wd="misa"/>
                <sp>
                  <prep>
                    <s lem="de" pos="sps00" postype="preposition" wd="de"/>
                  </prep>
                  <sn>
                    <grup.nom gen="f" num="s">
                      <w lem="[??:??/??/??:17.00]" ne="date" wd="cinco"/>
                    </grup.nom>
                  </sn>
                </sp>
              </grup.nom>
            </sn>
          </sp>
        </grup.nom>
      </sn>
    </sp>
    <S arg="arg2" clausetype="participle" coord="yes" func="cpred" impersonal="yes" predicate="cd" tem="atr">
      <f lem="," pos="fc" punct="comma" wd=","/>
      <S clausetype="participle" impersonal="yes">
        <participi>
          <a gen="f" lem="amortajado" lss="B22.unaccusative-passive-transitive" num="p" pos="aq0fpp" posfunction="participle" postype="qualificative" wd="amortajadas"/>
        </participi>
        <sp arg="argM" func="cc" tem="mnr">
          <prep>
            <s lem="de" pos="sps00" postype="preposition" wd="de"/>
          </prep>
          <sn>
            <grup.nom gen="m" num="s">
              <n gen="m" lem="negro" num="s" pos="ncms000" postype="common" sense="16:03877202" wd="negro"/>
            </grup.nom>
          </sn>
        </sp>
      </S>
      <conj conjunctiontype="coordinating">
        <c lem="y" pos="cc" postype="coordinating" wd="y"/>
      </conj>
      <sp>
        <prep>
          <s lem="con" pos="sps00" postype="preposition" wd="con"/>
        </prep>
        <sn>
          <spec gen="m" num="s">
            <d gen="m" lem="el" num="s" pos="da0ms0" postype="article" wd="el"/>
          </spec>
          <grup.nom gen="m" num="s">
            <n gen="m" lem="cuervo" num="s" pos="ncms000" postype="common" sense="16:01101739" wd="cuervo"/>
            <sp>
              <prep>
                <s contracted="yes" gen="m" lem="del" num="s" pos="spcms" postype="preposition" wd="del"/>
              </prep>
              <sn>
                <grup.nom gen="m" num="s">
                  <n gen="m" lem="destino" lexicalid="noun.destino.1.default" num="s" origin="deverbal" pos="ncms000" postype="common" sense="16:10381983" wd="destino"/>
                </grup.nom>
              </sn>
            </sp>
            <sp>
              <prep>
                <s lem="en" pos="sps00" postype="preposition" wd="en"/>
              </prep>
              <sn>
                <spec gen="m" num="s">
                  <d gen="m" lem="el" num="s" pos="da0ms0" postype="article" wd="el"/>
                </spec>
                <grup.nom gen="m" num="s">
                  <n gen="m" lem="hombro" num="s" pos="ncms000" postype="common" sense="16:04297840" wd="hombro"/>
                </grup.nom>
              </sn>
            </sp>
          </grup.nom>
        </sn>
      </sp>
    </S>
    <f lem="." pos="fp" punct="period" wd="."/>
  </sentence>
  <sentence coord="yes">
    <sp arg="argM" func="cc" tem="tmp">
      <prep>
        <s lem="desde" pos="sps00" postype="preposition" wd="Desde"/>
      </prep>
      <S clausetype="completive">
        <conj conjunctiontype="subordinating">
          <c lem="que" pos="cs" postype="subordinating" wd="que"/>
        </conj>
        <sn arg="arg0" elliptic="yes" func="suj" tem="agt"/>
        <sn arg="arg1" func="cd" tem="pat">
          <grup.nom gen="m" num="s">
            <p case="accusative" gen="m" lem="él" num="s" person="3" pos="pp3msa00" postype="personal" wd="lo"/>
          </grup.nom>
        </sn>
        <grup.verb>
          <v lem="vislumbrar" lss="A21.transitive-agentive-patient" mood="indicative" num="p" person="3" pos="vmii3p0" postype="main" tense="imperfect" wd="vislumbraban"/>
        </grup.verb>
        <sp arg="argM" func="cc" tem="adv">
          <prep>
            <s lem="en" pos="sps00" postype="preposition" wd="en"/>
          </prep>
          <sn>
            <spec gen="f" num="s">
              <d gen="f" lem="el" num="s" pos="da0fs0" postype="article" wd="la"/>
            </spec>
            <grup.nom gen="f" num="s">
              <n gen="f" lem="claridad" num="s" pos="ncfs000" postype="common" sense="16:03872297" wd="claridad"/>
              <sp>
                <prep>
                  <s contracted="yes" gen="m" lem="del" num="s" pos="spcms" postype="preposition" wd="del"/>
                </prep>
                <sn>
                  <grup.nom gen="f" num="s">
                    <n gen="f" lem="alba" num="s" pos="ncfs000" postype="common" sense="16:10887506" wd="alba"/>
                  </grup.nom>
                </sn>
              </sp>
            </grup.nom>
          </sn>
        </sp>
      </S>
    </sp>
    <S coord="yes">
      <S>
        <sn arg="arg0" elliptic="yes" func="suj" tem="agt"/>
        <grup.verb>
          <v lem="atravesar" lss="A21.transitive-agentive-patient" mood="indicative" num="p" person="3" pos="vmii3p0" postype="main" tense="imperfect" wd="atravesaban"/>
        </grup.verb>
        <sn arg="arg1" func="cd" tem="pat">
          <spec gen="f" num="s">
            <d gen="f" lem="el" num="s" pos="da0fs0" postype="article" wd="la"/>
          </spec>
          <grup.nom gen="f" num="s">
            <n gen="f" lem="calle" num="s" pos="ncfs000" postype="common" sense="16:03426236" wd="calle"/>
          </grup.nom>
        </sn>
      </S>
      <conj conjunctiontype="coordinating">
        <c lem="y" pos="cc" postype="coordinating" wd="y"/>
      </conj>
      <S>
        <sn arg="arg0" elliptic="yes" func="suj" tem="agt"/>
        <grup.verb>
          <v lem="cambiar" lss="A22.transitive-agentive-theme" mood="indicative" num="p" person="3" pos="vmii3p0" postype="main" tense="imperfect" wd="cambiaban"/>
        </grup.verb>
        <sp arg="arg1" func="creg" tem="tem">
          <prep>
            <s lem="de" pos="sps00" postype="preposition" wd="de"/>
          </prep>
          <sn>
            <grup.nom gen="f" num="s">
              <n gen="f" lem="acera" num="s" pos="ncfs000" postype="common" sense="16:03335176" wd="acera"/>
            </grup.nom>
          </sn>
        </sp>
      </S>
    </S>
    <sp arg="argM" func="cc" tem="mnr">
      <prep>
        <s lem="con" pos="sps00" postype="preposition" wd="con"/>
      </prep>
      <sn>
        <grup.nom gen="m" num="p">
          <n gen="m" lem="paso" lexicalid="noun.paso.2.default" num="p" origin="deverbal" pos="ncmp000" postype="common" sense="16:00185003" wd="pasos"/>
          <s.a coord="yes" func="cn" gen="m" num="p">
            <s.a gen="m" num="p">
              <grup.a gen="m" num="p">
                <a gen="m" lem="menudo" num="p" pos="aq0mp0" postype="qualificative" wd="menudos"/>
              </grup.a>
            </s.a>
            <conj conjunctiontype="coordinating">
              <c lem="y" pos="cc" postype="coordinating" wd="y"/>
            </conj>
            <S clausetype="participle" impersonal="yes">
              <participi>
                <a gen="m" lem="entrecortado" num="p" pos="aq0mpp" posfunction="participle" postype="qualificative" wd="entrecortados"/>
              </participi>
            </S>
          </s.a>
          <sn func="cn">
            <f lem="," pos="fc" punct="comma" wd=","/>
            <grup.nom gen="m" num="p">
              <n gen="m" lem="paso" lexicalid="noun.paso.2.default" num="p" origin="deverbal" pos="ncmp000" postype="common" sense="16:00185003" wd="pasos"/>
              <sp arg="arg0" func="cn" tem="agt">
                <prep>
                  <s lem="de" pos="sps00" postype="preposition" wd="de"/>
                </prep>
                <sn>
                  <grup.nom gen="m" num="s">
                    <n gen="m" lem="pajarito" num="s" pos="ncms000" postype="common" sense="16:01027518" wd="pajarito"/>
                  </grup.nom>
                </sn>
              </sp>
            </grup.nom>
            <f lem="," pos="fc" punct="comma" wd=","/>
          </sn>
        </grup.nom>
      </sn>
    </sp>
    <S arg="argM" clausetype="adverbial" func="cc" tem="cau">
      <conj conjunctiontype="subordinating">
        <c lem="pues" pos="cs" postype="subordinating" wd="pues"/>
      </conj>
      <sn arg="arg0" func="suj" tem="agt">
        <spec gen="m" num="s">
          <d gen="m" lem="el" num="s" pos="da0ms0" postype="article" wd="el"/>
        </spec>
        <grup.nom gen="m" num="s">
          <s.a gen="m" num="s">
            <grup.a gen="m" num="s">
              <a gen="m" lem="solo" num="s" pos="aq0ms0" postype="qualificative" wd="solo"/>
            </grup.a>
          </s.a>
          <S clausetype="completive" impersonal="yes">
            <infinitiu>
              <v lem="pasar" lss="D11.inergative-agentive" mood="infinitive" pos="vmn0000" postype="main" wd="pasar"/>
            </infinitiu>
            <sadv arg="argM" func="cc" tem="loc">
              <grup.adv>
                <r lem="cerca" pos="rg" wd="cerca"/>
                <sp>
                  <prep>
                    <s lem="de" pos="sps00" postype="preposition" wd="de"/>
                  </prep>
                  <sn>
                    <spec gen="m" num="s">
                      <d gen="m" lem="uno" num="s" pos="di0ms0" postype="indefinite" wd="un"/>
                    </spec>
                    <grup.nom gen="m" num="s">
                      <n gen="m" lem="hombre" num="s" pos="ncms000" postype="common" sense="16:07391044" wd="hombre"/>
                    </grup.nom>
                  </sn>
                </sp>
              </grup.adv>
            </sadv>
          </S>
        </grup.nom>
      </sn>
      <grup.verb>
        <v lem="poder" mood="indicative" num="s" person="3" pos="vmii3s0" postype="main" tense="imperfect" wd="podía"/>
        <infinitiu>
          <v lem="mancillar" lss="A21.transitive-agentive-patient" mood="infinitive" pos="vmn0000" postype="main" wd="mancillarles"/>
        </infinitiu>
      </grup.verb>
      <sn arg="arg1" func="cd" tem="pat">
        <spec gen="f" num="s">
          <d gen="f" lem="el" num="s" pos="da0fs0" postype="article" wd="la"/>
        </spec>
        <grup.nom gen="f" num="s">
          <n gen="f" lem="honra" num="s" pos="ncfs000" postype="common" sense="16:cs1" wd="honra"/>
        </grup.nom>
      </sn>
    </S>
    <f lem="." pos="fp" punct="period" wd="."/>
  </sentence>
  <sentence>
    <conj conjunctiontype="coordinating" func="et">
      <c lem="sin_embargo" pos="cc" postype="coordinating" wd="Sin_embargo"/>
      <f lem="," pos="fc" punct="comma" wd=","/>
    </conj>
    <sn arg="arg1" func="suj" tem="tem">
      <grup.nom gen="m" num="s">
        <p gen="m" lem="él" num="s" person="3" pos="pp3ms000" postype="personal" wd="él"/>
      </grup.nom>
    </sn>
    <grup.verb>
      <v lem="estar" lss="C21.state-attributive" mood="indicative" num="s" person="3" pos="vmii3s0" postype="main" tense="imperfect" wd="estaba"/>
    </grup.verb>
    <S arg="arg2" clausetype="participle" func="atr" impersonal="yes" tem="atr">
      <participi>
        <a gen="m" lem="convencido" lss="B22.unaccusative-passive-transitive" num="s" pos="aq0msp" posfunction="participle" postype="qualificative" wd="convencido"/>
      </participi>
      <sp arg="arg2" func="creg" tem="tem">
        <prep>
          <s lem="de" pos="sps00" postype="preposition" wd="de"/>
        </prep>
        <S clausetype="completive">
          <conj conjunctiontype="subordinating">
            <c lem="que" pos="cs" postype="subordinating" wd="que"/>
          </conj>
          <sn arg="arg0" func="suj" tem="agt">
            <spec gen="f" num="s">
              <d gen="f" lem="uno" num="s" pos="di0fs0" postype="indefinite" wd="una"/>
            </spec>
            <grup.nom gen="f" num="s">
              <n gen="f" lem="viuda" num="s" pos="ncfs000" postype="common" sense="16:07680892" wd="viuda"/>
              <S clausetype="participle" impersonal="yes">
                <participi>
                  <a gen="f" lem="desconsolado" num="s" pos="aq0fsp" posfunction="participle" postype="qualificative" wd="desconsolada"/>
                </participi>
              </S>
            </grup.nom>
          </sn>
          <sadv arg="argM" func="cc" tem="adv">
            <f lem="," pos="fc" punct="comma" wd=","/>
            <sadv>
              <grup.adv>
                <r lem="más" pos="rg" wd="más"/>
              </grup.adv>
            </sadv>
            <S adjunct="yes" clausesubtype="comparative" clausetype="adverbial" verbless="yes">
              <conj conjunctiontype="subordinating">
                <c lem="que" pos="cs" postype="subordinating" wd="que"/>
              </conj>
              <sn>
                <spec gen="f" num="s">
                  <d gen="c" lem="cualquiera" num="s" pos="di0cs0" postype="indefinite" wd="cualquier"/>
                  <d gen="f" lem="otro" num="s" pos="di0fs0" postype="indefinite" wd="otra"/>
                </spec>
                <grup.nom gen="f" num="s">
                  <n gen="f" lem="mujer" num="s" pos="ncfs000" postype="common" sense="16:07684780" wd="mujer"/>
                </grup.nom>
              </sn>
            </S>
            <f lem="," pos="fc" punct="comma" wd=","/>
          </sadv>
          <grup.verb>
            <v lem="poder" mood="indicative" num="s" person="3" pos="vmii3s0" postype="main" tense="imperfect" wd="podía"/>
            <infinitiu>
              <v lem="llevar" lss="A21.transitive-agentive-patient" mood="infinitive" pos="vmn0000" postype="main" wd="llevar"/>
            </infinitiu>
          </grup.verb>
          <sadv arg="argM" func="cc" tem="adv">
            <grup.adv>
              <r lem="adentro" pos="rg" wd="adentro"/>
            </grup.adv>
          </sadv>
          <sn arg="arg1" func="cd" tem="pat">
            <spec gen="f" num="s">
              <d gen="f" lem="el" num="s" pos="da0fs0" postype="article" wd="la"/>
            </spec>
            <grup.nom gen="f" num="s">
              <n gen="f" lem="semilla" num="s" pos="ncfs000" postype="common" sense="16:09424502" wd="semilla"/>
              <sp>
                <prep>
                  <s lem="de" pos="sps00" postype="preposition" wd="de"/>
                </prep>
                <sn>
                  <spec gen="f" num="s">
                    <d gen="f" lem="el" num="s" pos="da0fs0" postype="article" wd="la"/>
                  </spec>
                  <grup.nom gen="f" num="s">
                    <n gen="f" lem="felicidad" num="s" pos="ncfs000" postype="common" sense="16:10076479" wd="felicidad"/>
                  </grup.nom>
                </sn>
              </sp>
            </grup.nom>
          </sn>
        </S>
      </sp>
    </S>
    <f lem="." pos="fp" punct="period" wd="."/>
  </sentence>
  <sentence>
    <sn arg="arg0" func="suj" tem="agt">
      <spec gen="f" num="p">
        <d gen="f" lem="tanto" num="p" pos="di0fp0" postype="indefinite" wd="Tantas"/>
      </spec>
      <grup.nom gen="f" num="p">
        <n gen="f" lem="viuda" num="p" pos="ncfp000" postype="common" sense="16:07680892" wd="viudas"/>
        <sp>
          <prep>
            <s lem="de" pos="sps00" postype="preposition" wd="de"/>
          </prep>
          <sn>
            <spec gen="f" num="s">
              <d gen="c" lem="su" num="s" person="3" pos="dp3cs0" postype="possessive" wd="su"/>
            </spec>
            <grup.nom gen="f" num="s">
              <n gen="f" lem="vida" num="s" pos="ncfs000" postype="common" sense="16:10865688" wd="vida"/>
            </grup.nom>
          </sn>
        </sp>
        <sp>
          <f lem="," pos="fc" punct="comma" wd=","/>
          <prep>
            <s lem="desde" pos="sps00" postype="preposition" wd="desde"/>
          </prep>
          <sn entityref="ne" ne="person">
            <spec gen="f" num="s">
              <d gen="f" lem="el" num="s" pos="da0fs0" postype="article" wd="la"/>
            </spec>
            <grup.nom gen="f" num="s">
              <n gen="f" lem="viuda" num="s" pos="ncfs000" postype="common" sense="16:07680892" wd="viuda"/>
              <sp>
                <prep>
                  <s lem="de" pos="sps00" postype="preposition" wd="de"/>
                </prep>
                <sn entityref="ne" ne="location">
                  <grup.nom>
                    <n lem="Nazaret" ne="location" pos="np0000l" postype="proper" sense="16:cs1" wd="Nazaret"/>
                  </grup.nom>
                </sn>
              </sp>
            </grup.nom>
          </sn>
        </sp>
      </grup.nom>
    </sn>
    <grup.verb>
      <v lem="haber" mood="indicative" num="p" person="3" pos="vaii3p0" postype="auxiliary" tense="imperfect" wd="habían"/>
      <v gen="m" lem="hacer" lss="A21.transitive-agentive-patient" mood="participle" num="s" pos="vmp00sm" postype="main" wd="hecho"/>
    </grup.verb>
    <sa arg="arg2" func="cpred" predicate="cd" tem="atr">
      <grup.a>
        <a gen="c" lem="posible" num="s" pos="aq0cs0" postype="qualificative" wd="posible"/>
      </grup.a>
    </sa>
    <S arg="arg1" clausetype="completive" func="cd" tem="pat">
      <conj conjunctiontype="subordinating">
        <c lem="que" pos="cs" postype="subordinating" wd="que"/>
      </conj>
      <sn arg="arg0" func="suj" tem="agt">
        <grup.nom gen="m" num="s">
          <p gen="m" lem="él" num="s" person="3" pos="pp3ms000" postype="personal" wd="él"/>
        </grup.nom>
      </sn>
      <grup.verb>
        <v lem="vislumbrar" lss="A21.transitive-agentive-patient" mood="subjunctive" num="s" person="3" pos="vmsi3s0" postype="main" tense="imperfect" wd="vislumbrara"/>
      </grup.verb>
      <S arg="arg1" clausetype="completive" func="cd" tem="pat">
        <sadv arg="arg2" func="atr" tem="atr">
          <grup.adv>
            <p lem="cómo" pos="pt000000" postype="interrogative" wd="cómo"/>
          </grup.adv>
        </sadv>
        <grup.verb>
          <v lem="ser" lss="C21.state-attributive" mood="indicative" num="p" person="3" pos="vsii3p0" postype="semiauxiliary" tense="imperfect" wd="eran"/>
        </grup.verb>
        <sn arg="arg1" func="suj" tem="tem">
          <spec gen="f" num="p">
            <d gen="f" lem="el" num="p" pos="da0fp0" postype="article" wd="las"/>
          </spec>
          <grup.nom gen="f" num="p">
            <n gen="f" lem="casada" num="p" pos="ncfp000" postype="common" sense="16:07681186" wd="casadas"/>
            <s.a gen="f" num="p">
              <grup.a gen="f" num="p">
                <a gen="c" lem="feliz" num="p" pos="aq0cp0" postype="qualificative" wd="felices"/>
              </grup.a>
            </s.a>
          </grup.nom>
        </sn>
        <sadv arg="argM" func="cc" tem="tmp">
          <grup.adv>
            <r lem="después" pos="rg" wd="después"/>
            <sp>
              <prep>
                <s lem="de" pos="sps00" postype="preposition" wd="de"/>
              </prep>
              <sn>
                <spec gen="f" num="s">
                  <d gen="f" lem="el" num="s" pos="da0fs0" postype="article" wd="la"/>
                </spec>
                <grup.nom gen="f" num="s">
                  <n gen="f" lem="muerte" lexicalid="noun.muerte.2.default" num="s" origin="deverbal" pos="ncfs000" postype="common" sense="16:05479076" wd="muerte"/>
                  <sp arg="arg1" func="cn" tem="tem">
                    <prep>
                      <s lem="de" pos="sps00" postype="preposition" wd="de"/>
                    </prep>
                    <sn>
                      <spec gen="m" num="p">
                        <d gen="c" lem="su" num="p" person="3" pos="dp3cp0" postype="possessive" wd="sus"/>
                      </spec>
                      <grup.nom gen="m" num="p">
                        <n gen="m" lem="marido" num="p" pos="ncmp000" postype="common" sense="16:07331418" wd="maridos"/>
                      </grup.nom>
                    </sn>
                  </sp>
                </grup.nom>
              </sn>
            </sp>
          </grup.adv>
        </sadv>
      </S>
    </S>
    <f lem="." pos="fp" punct="period" wd="."/>
  </sentence>
  <sentence>
    <sn arg="arg1" func="suj" tem="tem">
      <spec gen="m" num="s">
        <d gen="c" lem="el" num="s" pos="da0ns0" postype="article" wd="Lo"/>
      </spec>
      <grup.nom gen="m" num="s">
        <S clausetype="relative">
          <relatiu arg="arg1" func="suj" tem="tem">
            <p gen="c" lem="que" num="c" pos="pr0cn000" postype="relative" wd="que"/>
          </relatiu>
          <sp arg="argM" func="cc" tem="tmp">
            <prep>
              <s lem="hasta" pos="sps00" postype="preposition" wd="hasta"/>
            </prep>
            <sadv>
              <grup.adv>
                <r lem="entonces" pos="rg" wd="entonces"/>
              </grup.adv>
            </sadv>
          </sp>
          <grup.verb>
            <v lem="haber" mood="indicative" num="s" person="3" pos="vaii3s0" postype="auxiliary" tense="imperfect" wd="había"/>
            <v gen="m" lem="ser" lss="C21.state-attributive" mood="participle" num="s" pos="vsp00sm" postype="semiauxiliary" wd="sido"/>
          </grup.verb>
          <sp arg="argM" func="cc" tem="adv">
            <prep>
              <s lem="para" pos="sps00" postype="preposition" wd="para"/>
            </prep>
            <sn>
              <grup.nom gen="m" num="s">
                <p gen="m" lem="él" num="s" person="3" pos="pp3ms000" postype="personal" wd="él"/>
              </grup.nom>
            </sn>
          </sp>
          <sn arg="arg2" func="atr" tem="atr">
            <spec gen="f" num="s">
              <d gen="f" lem="uno" num="s" pos="di0fs0" postype="indefinite" wd="una"/>
            </spec>
            <grup.nom gen="f" num="s">
              <s.a func="cn" gen="f" num="s">
                <grup.a gen="f" num="s">
                  <a gen="f" lem="mero" num="s" pos="aq0fs0" postype="qualificative" wd="mera"/>
                </grup.a>
              </s.a>
              <n gen="f" lem="ilusión" lexicalid="noun.ilusión.1.default" num="s" origin="deverbal" pos="ncfs000" postype="common" sense="16:04531761" wd="ilusión"/>
            </grup.nom>
          </sn>
        </S>
      </grup.nom>
    </sn>
    <morfema.pronominal>
      <p gen="c" lem="él" num="c" person="3" pos="p0300000" wd="se"/>
    </morfema.pronominal>
    <grup.verb>
      <v lem="convertir" lss="B21.unaccusative-state" mood="indicative" num="s" person="3" pos="vmis3s0" postype="main" tense="past" wd="convirtió"/>
    </grup.verb>
    <sp arg="argM" func="cc" tem="cau">
      <prep>
        <s lem="gracias_a" pos="sps00" postype="preposition" wd="gracias_a"/>
      </prep>
      <sn>
        <grup.nom gen="f" num="p">
          <p gen="f" lem="él" num="p" person="3" pos="pp3fp000" postype="personal" wd="ellas"/>
        </grup.nom>
      </sn>
    </sp>
    <sp arg="arg2" func="creg" tem="efi">
      <prep>
        <s lem="en" pos="sps00" postype="preposition" wd="en"/>
      </prep>
      <sn>
        <spec gen="f" num="s">
          <d gen="f" lem="uno" num="s" pos="di0fs0" postype="indefinite" wd="una"/>
        </spec>
        <grup.nom gen="f" num="s">
          <n gen="f" lem="posibilidad" num="s" pos="ncfs000" postype="common" sense="16:10388744" wd="posibilidad"/>
          <S clausetype="relative">
            <relatiu arg="arg1" func="suj" tem="pat">
              <p gen="c" lem="que" num="c" pos="pr0cn000" postype="relative" wd="que"/>
            </relatiu>
            <morfema.verbal func="pass">
              <p gen="c" lem="se" num="c" pos="p0000000" wd="se"/>
            </morfema.verbal>
            <grup.verb>
              <v lem="poder" mood="indicative" num="s" person="3" pos="vmii3s0" postype="main" tense="imperfect" wd="podía"/>
              <infinitiu>
                <v lem="coger" lss="B22.unaccusative-passive-transitive" mood="infinitive" pos="vmn0000" postype="main" wd="coger"/>
              </infinitiu>
            </grup.verb>
            <sp arg="argM" func="cc" tem="adv">
              <prep>
                <s lem="con" pos="sps00" postype="preposition" wd="con"/>
              </prep>
              <sn>
                <spec gen="f" num="p">
                  <d gen="f" lem="el" num="p" pos="da0fp0" postype="article" wd="las"/>
                </spec>
                <grup.nom gen="f" num="p">
                  <n gen="f" lem="mano" num="p" pos="ncfp000" postype="common" sense="16:04311223" wd="manos"/>
                </grup.nom>
              </sn>
            </sp>
          </S>
        </grup.nom>
      </sn>
    </sp>
    <f lem="." pos="fp" punct="period" wd="."/>
  </sentence>
  <sentence>
    <sn arg="arg0" elliptic="yes" func="suj" tem="agt"/>
    <neg func="mod">
      <r lem="no" pos="rn" postype="negative" wd="No"/>
    </neg>
    <grup.verb>
      <v lem="encontrar" lss="A21.transitive-agentive-patient" mood="indicative" num="s" person="3" pos="vmii3s0" postype="main" tense="imperfect" wd="encontraba"/>
    </grup.verb>
    <sn arg="arg1" func="cd" tem="pat">
      <grup.nom gen="f" num="p">
        <n gen="f" lem="razón" num="p" pos="ncfp000" postype="common" sense="16:06659860" wd="razones"/>
      </grup.nom>
    </sn>
    <sp arg="argM" func="cc" tem="fin">
      <prep>
        <s lem="para" pos="sps00" postype="preposition" wd="para"/>
      </prep>
      <S clausetype="completive">
        <conj conjunctiontype="subordinating">
          <c lem="que" pos="cs" postype="subordinating" wd="que"/>
        </conj>
        <sn arg="arg1" entityref="ne" func="suj" ne="person" tem="tem">
          <grup.nom gen="f" num="s">
            <n lem="Fermina_Daza" ne="person" pos="np0000p" postype="proper" sense="16:cs1" wd="Fermina_Daza"/>
          </grup.nom>
        </sn>
        <neg func="mod">
          <r lem="no" pos="rn" postype="negative" wd="no"/>
        </neg>
        <grup.verb>
          <v lem="ser" lss="C21.state-attributive" mood="subjunctive" num="s" person="3" pos="vssi3s0" postype="semiauxiliary" tense="imperfect" wd="fuera"/>
        </grup.verb>
        <sn arg="arg2" func="atr" tem="atr">
          <spec gen="f" num="s">
            <d gen="f" lem="uno" num="s" pos="di0fs0" postype="indefinite" wd="una"/>
          </spec>
          <grup.nom gen="f" num="s">
            <n gen="f" lem="viuda" num="s" pos="ncfs000" postype="common" sense="16:07680892" wd="viuda"/>
            <s.a gen="f" num="s">
              <grup.a gen="f" num="s">
                <a gen="c" lem="igual" num="s" pos="aq0cs0" postype="qualificative" wd="igual"/>
              </grup.a>
            </s.a>
            <S clausetype="participle" coord="yes" impersonal="yes">
              <S clausetype="participle" impersonal="yes">
                <f lem="," pos="fc" punct="comma" wd=","/>
                <participi>
                  <a gen="f" lem="preparado" lss="B22.unaccusative-passive-transitive" num="s" pos="aq0fsp" posfunction="participle" postype="qualificative" wd="preparada"/>
                </participi>
                <sp arg="arg0" func="cag" tem="agt">
                  <prep>
                    <s lem="por" pos="sps00" postype="preposition" wd="por"/>
                  </prep>
                  <sn>
                    <spec gen="f" num="s">
                      <d gen="f" lem="el" num="s" pos="da0fs0" postype="article" wd="la"/>
                    </spec>
                    <grup.nom gen="f" num="s">
                      <n gen="f" lem="vida" num="s" pos="ncfs000" postype="common" sense="16:10865688" wd="vida"/>
                    </grup.nom>
                  </sn>
                </sp>
                <sp arg="argM" func="cc" tem="fin">
                  <prep>
                    <s lem="para" pos="sps00" postype="preposition" wd="para"/>
                  </prep>
                  <S clausetype="completive" impersonal="yes">
                    <infinitiu>
                      <v lem="aceptar" lss="A21.transitive-agentive-patient" mood="infinitive" pos="vmn0000" postype="main" wd="aceptarlo"/>
                    </infinitiu>
                    <sp arg="arg1" func="cd" tem="pat">
                      <prep>
                        <s lem="a" pos="sps00" postype="preposition" wd="a"/>
                      </prep>
                      <sn>
                        <grup.nom gen="m" num="s">
                          <p gen="m" lem="él" num="s" person="3" pos="pp3ms000" postype="personal" wd="él"/>
                        </grup.nom>
                      </sn>
                    </sp>
                    <S arg="argM" clausetype="adverbial" coord="yes" func="cc" tem="mnr">
                      <S clausetype="adverbial">
                        <conj conjunctiontype="subordinating">
                          <c lem="tal_como" pos="cs" postype="subordinating" wd="tal_como"/>
                        </conj>
                        <sn arg="arg1" elliptic="yes" func="suj" tem="tem"/>
                        <grup.verb>
                          <v lem="ser" lss="C21.state-attributive" mood="indicative" num="s" person="3" pos="vsii3s0" postype="semiauxiliary" tense="imperfect" wd="era"/>
                        </grup.verb>
                      </S>
                      <f lem="," pos="fc" punct="comma" wd=","/>
                      <sp>
                        <prep>
                          <s lem="sin" pos="sps00" postype="preposition" wd="sin"/>
                        </prep>
                        <sn>
                          <grup.nom gen="f" num="p">
                            <n gen="f" lem="fantasía" num="p" pos="ncfp000" postype="common" sense="16:04356866" wd="fantasías"/>
                            <sp>
                              <prep>
                                <s lem="de" pos="sps00" postype="preposition" wd="de"/>
                              </prep>
                              <sn>
                                <grup.nom gen="f" num="s">
                                  <n gen="f" lem="culpa" num="s" pos="ncfs000" postype="common" sense="16:10078983" wd="culpa"/>
                                  <sp>
                                    <prep>
                                      <s lem="por" pos="sps00" postype="preposition" wd="por"/>
                                    </prep>
                                    <sn>
                                      <spec gen="m" num="s">
                                        <d gen="m" lem="el" num="s" pos="da0ms0" postype="article" wd="el"/>
                                      </spec>
                                      <grup.nom gen="m" num="s">
                                        <n gen="m" lem="marido" num="s" pos="ncms000" postype="common" sense="16:07331418" wd="marido"/>
                                        <S clausetype="participle" impersonal="yes">
                                          <participi>
                                            <a gen="m" lem="muerto" num="s" pos="aq0msp" posfunction="participle" postype="qualificative" wd="muerto"/>
                                          </participi>
                                        </S>
                                      </grup.nom>
                                    </sn>
                                  </sp>
                                </grup.nom>
                              </sn>
                            </sp>
                          </grup.nom>
                        </sn>
                      </sp>
                    </S>
                  </S>
                </sp>
              </S>
              <f lem="," pos="fc" punct="comma" wd=","/>
              <S clausetype="participle" impersonal="yes">
                <participi>
                  <a gen="f" lem="resuelto" lss="B22.unaccusative-passive-transitive" num="s" pos="aq0fsp" posfunction="participle" postype="qualificative" wd="resuelta"/>
                </participi>
                <sp arg="argM" func="cc" tem="adv">
                  <prep>
                    <s lem="a" pos="sps00" postype="preposition" wd="a"/>
                  </prep>
                  <S clausetype="completive" impersonal="yes">
                    <infinitiu>
                      <v lem="descubrir" lss="A21.transitive-agentive-patient" mood="infinitive" pos="vmn0000" postype="main" wd="descubrir"/>
                    </infinitiu>
                    <sp arg="argM" func="cc" tem="adv">
                      <prep>
                        <s lem="con" pos="sps00" postype="preposition" wd="con"/>
                      </prep>
                      <sn>
                        <grup.nom gen="m" num="s">
                          <p gen="m" lem="él" num="s" person="3" pos="pp3ms000" postype="personal" wd="él"/>
                        </grup.nom>
                      </sn>
                    </sp>
                    <sn arg="arg1" func="cd" tem="pat">
                      <spec gen="f" num="s">
                        <d gen="f" lem="el" num="s" pos="da0fs0" postype="article" wd="la"/>
                        <d gen="f" lem="otro" num="s" pos="di0fs0" postype="indefinite" wd="otra"/>
                      </spec>
                      <grup.nom gen="f" num="s">
                        <n gen="f" lem="felicidad" num="s" pos="ncfs000" postype="common" sense="16:10076479" wd="felicidad"/>
                        <sp>
                          <prep>
                            <s lem="de" pos="sps00" postype="preposition" wd="de"/>
                          </prep>
                          <S clausetype="completive" impersonal="yes">
                            <infinitiu>
                              <v lem="ser" lss="C21.state-attributive" mood="infinitive" pos="vsn0000" postype="semiauxiliary" wd="ser"/>
                            </infinitiu>
                            <sa arg="arg2" func="atr" tem="atr">
                              <grup.a>
                                <a gen="c" lem="feliz" num="s" pos="aq0cs0" postype="qualificative" wd="feliz"/>
                              </grup.a>
                            </sa>
                            <sn arg="argM" func="cc" tem="adv">
                              <spec gen="f" num="p">
                                <d gen="c" lem="dos" num="p" pos="dn0cp0" postype="numeral" wd="dos"/>
                              </spec>
                              <grup.nom gen="f" num="p">
                                <n gen="f" lem="vez" num="p" pos="ncfp000" postype="common" sense="16:05449233" wd="veces"/>
                              </grup.nom>
                            </sn>
                            <sp arg="argM" coord="yes" func="cc" tem="adv">
                              <f lem="," pos="fc" punct="comma" wd=","/>
                              <sp>
                                <prep>
                                  <s lem="con" pos="sps00" postype="preposition" wd="con"/>
                                </prep>
                                <sn>
                                  <spec gen="m" num="s">
                                    <d gen="m" lem="uno" num="s" pos="di0ms0" postype="indefinite" wd="un"/>
                                  </spec>
                                  <grup.nom gen="m" num="s">
                                    <n gen="m" lem="amor" num="s" pos="ncms000" postype="common" sense="16:03650658" wd="amor"/>
                                    <sp>
                                      <prep>
                                        <s lem="de" pos="sps00" postype="preposition" wd="de"/>
                                      </prep>
                                      <sn>
                                        <grup.nom gen="m" num="s">
                                          <n gen="m" lem="uso" lexicalid="noun.uso.3.default" num="s" origin="deverbal" pos="ncms000" postype="common" sense="16:00605730" wd="uso"/>
                                          <s.a func="cn" gen="m" num="s">
                                            <grup.a gen="m" num="s">
                                              <a gen="m" lem="cotidiano" num="s" pos="aq0ms0" postype="qualificative" wd="cotidiano"/>
                                            </grup.a>
                                          </s.a>
                                        </grup.nom>
                                      </sn>
                                    </sp>
                                    <S clausetype="relative">
                                      <relatiu arg="arg0" func="suj" tem="cau">
                                        <p gen="c" lem="que" num="c" pos="pr0cn000" postype="relative" wd="que"/>
                                      </relatiu>
                                      <grup.verb>
                                        <v lem="convertir" lss="A12.ditransitive-causative-state" mood="subjunctive" num="s" person="3" pos="vmsi3s0" postype="main" tense="imperfect" wd="convirtiera"/>
                                      </grup.verb>
                                      <sn arg="arg1" func="cd" tem="tem">
                                        <spec gen="m" num="s">
                                          <d gen="c" lem="cada" num="s" pos="di0cs0" postype="indefinite" wd="cada"/>
                                        </spec>
                                        <grup.nom gen="m" num="s">
                                          <n gen="m" lem="instante" num="s" pos="ncms000" postype="common" sense="16:10952736" wd="instante"/>
                                        </grup.nom>
                                      </sn>
                                      <sp arg="arg2" func="creg" tem="efi">
                                        <prep>
                                          <s lem="en" pos="sps00" postype="preposition" wd="en"/>
                                        </prep>
                                        <sn>
                                          <spec gen="m" num="s">
                                            <d gen="m" lem="uno" num="s" pos="di0ms0" postype="indefinite" wd="un"/>
                                          </spec>
                                          <grup.nom gen="m" num="s">
                                            <n gen="m" lem="milagro" num="s" pos="ncms000" postype="common" sense="16:05436886" wd="milagro"/>
                                            <sp>
                                              <prep>
                                                <s lem="de" pos="sps00" postype="preposition" wd="de"/>
                                              </prep>
                                              <S clausetype="completive" impersonal="yes">
                                                <infinitiu>
                                                  <v lem="vivir" lss="D21.inergative-experiencer" mood="infinitive" pos="vmn0000" postype="main" wd="vivir"/>
                                                </infinitiu>
                                              </S>
                                            </sp>
                                          </grup.nom>
                                        </sn>
                                      </sp>
                                    </S>
                                  </grup.nom>
                                </sn>
                                <f lem="," pos="fc" punct="comma" wd=","/>
                              </sp>
                              <conj conjunctiontype="coordinating">
                                <c lem="y" pos="cc" postype="coordinating" wd="y"/>
                              </conj>
                              <sp>
                                <prep>
                                  <s lem="con" pos="sps00" postype="preposition" wd="con"/>
                                </prep>
                                <sn>
                                  <spec gen="m" num="s">
                                    <d gen="m" lem="otro" num="s" pos="di0ms0" postype="indefinite" wd="otro"/>
                                  </spec>
                                  <grup.nom gen="m" num="s">
                                    <n gen="m" lem="amor" num="s" pos="ncms000" postype="common" sense="16:05607724" wd="amor"/>
                                    <sp>
                                      <prep>
                                        <s lem="de" pos="sps00" postype="preposition" wd="de"/>
                                      </prep>
                                      <sn>
                                        <grup.nom gen="f" num="s">
                                          <p gen="f" lem="él" num="s" person="3" pos="pp3fs000" postype="personal" wd="ella"/>
                                          <s.a gen="f" num="s">
                                            <grup.a gen="f" num="s">
                                              <a gen="f" lem="solo" num="s" pos="aq0fs0" postype="qualificative" wd="sola"/>
                                            </grup.a>
                                          </s.a>
                                        </grup.nom>
                                      </sn>
                                    </sp>
                                    <S clausetype="participle" impersonal="yes">
                                      <participi>
                                        <a gen="m" lem="preservado" lss="B22.unaccusative-passive-transitive" num="s" pos="aq0msp" posfunction="participle" postype="qualificative" wd="preservado"/>
                                      </participi>
                                      <sp arg="arg2" func="creg" tem="tem">
                                        <prep>
                                          <s lem="de" pos="sps00" postype="preposition" wd="de"/>
                                        </prep>
                                        <sn>
                                          <spec gen="m" num="s">
                                            <d gen="m" lem="todo" num="s" pos="di0ms0" postype="indefinite" wd="todo"/>
                                          </spec>
                                          <grup.nom gen="m" num="s">
                                            <n gen="m" lem="contagio" lexicalid="noun.contagio.1.default" num="s" origin="deverbal" pos="ncms000" postype="common" sense="16:05482154" wd="contagio"/>
                                          </grup.nom>
                                        </sn>
                                      </sp>
                                      <sp arg="arg0" func="cag" tem="agt">
                                        <prep>
                                          <s lem="por" pos="sps00" postype="preposition" wd="por"/>
                                        </prep>
                                        <sn>
                                          <spec gen="f" num="s">
                                            <d gen="f" lem="el" num="s" pos="da0fs0" postype="article" wd="la"/>
                                          </spec>
                                          <grup.nom gen="f" num="s">
                                            <n gen="f" lem="inmunidad" num="s" pos="ncfs000" postype="common" sense="16:03930302" wd="inmunidad"/>
                                            <sp>
                                              <prep>
                                                <s lem="de" pos="sps00" postype="preposition" wd="de"/>
                                              </prep>
                                              <sn>
                                                <spec gen="f" num="s">
                                                  <d gen="f" lem="el" num="s" pos="da0fs0" postype="article" wd="la"/>
                                                </spec>
                                                <grup.nom gen="f" num="s">
                                                  <n gen="f" lem="muerte" lexicalid="noun.muerte.1.default" num="s" origin="deverbal" pos="ncfs000" postype="common" sense="16:05479076" wd="muerte"/>
                                                </grup.nom>
                                              </sn>
                                            </sp>
                                          </grup.nom>
                                        </sn>
                                      </sp>
                                    </S>
                                  </grup.nom>
                                </sn>
                              </sp>
                            </sp>
                          </S>
                        </sp>
                      </grup.nom>
                    </sn>
                  </S>
                </sp>
              </S>
            </S>
          </grup.nom>
        </sn>
      </S>
    </sp>
    <f lem="." pos="fp" punct="period" wd="."/>
  </sentence>
  <sentence>
    <sn arg="arg1" elliptic="yes" func="suj" tem="tem"/>
    <sadv func="mod">
      <grup.adv>
        <r lem="tal_vez" pos="rg" wd="Tal_vez"/>
      </grup.adv>
    </sadv>
    <neg func="mod">
      <r lem="no" pos="rn" postype="negative" wd="no"/>
    </neg>
    <grup.verb>
      <v lem="haber" mood="indicative" num="s" person="3" pos="vaic3s0" postype="auxiliary" tense="conditional" wd="habría"/>
      <v gen="m" lem="ser" lss="C21.state-attributive" mood="participle" num="s" pos="vsp00sm" postype="semiauxiliary" wd="sido"/>
    </grup.verb>
    <sa arg="arg2" func="atr" tem="atr">
      <spec>
        <r lem="tanto" pos="rg" wd="tan"/>
      </spec>
      <grup.a>
        <a gen="c" lem="entusiasta" num="s" pos="aq0cs0" postype="qualificative" wd="entusiasta"/>
      </grup.a>
    </sa>
    <S clausesubtype="conditional" clausetype="adverbial" func="ao">
      <conj conjunctiontype="subordinating">
        <c lem="si" pos="cs" postype="subordinating" wd="si"/>
      </conj>
      <sn arg="arg0" elliptic="yes" func="suj" tem="agt"/>
      <grup.verb>
        <v lem="haber" mood="subjunctive" num="s" person="3" pos="vasi3s0" postype="auxiliary" tense="imperfect" wd="hubiera"/>
        <v gen="m" lem="sospechar" lss="A21.transitive-agentive-patient" mood="participle" num="s" pos="vmp00sm" postype="main" wd="sospechado"/>
      </grup.verb>
      <sadv func="mod">
        <grup.adv>
          <r lem="siquiera" pos="rg" wd="siquiera"/>
        </grup.adv>
      </sadv>
      <S arg="arg1" clausetype="completive" func="cd" tem="pat">
        <sadv arg="arg2" func="creg" tem="loc">
          <spec>
            <p gen="c" lem="qué" num="c" pos="pe000000" postype="exclamative" wd="qué"/>
          </spec>
          <grup.adv>
            <r lem="lejos" pos="rg" wd="lejos"/>
          </grup.adv>
        </sadv>
        <grup.verb>
          <v lem="estar" lss="C11.state-existential" mood="indicative" num="s" person="3" pos="vmii3s0" postype="main" tense="imperfect" wd="estaba"/>
        </grup.verb>
        <sn arg="arg1" entityref="ne" func="suj" ne="person" tem="tem">
          <grup.nom gen="f" num="s">
            <n lem="Fermina_Daza" ne="person" pos="np0000p" postype="proper" sense="16:cs1" wd="Fermina_Daza"/>
          </grup.nom>
        </sn>
        <sp arg="argM" func="cc" tem="adv">
          <prep>
            <s lem="de" pos="sps00" postype="preposition" wd="de"/>
          </prep>
          <sn>
            <spec gen="m" num="p">
              <d gen="m" lem="aquel" num="p" pos="dd0mp0" postype="demonstrative" wd="aquellos"/>
            </spec>
            <grup.nom gen="m" num="p">
              <n gen="m" lem="cálculo" lexicalid="noun.cálculo.1.default" num="p" origin="deverbal" pos="ncmp000" postype="common" sense="16:04470977" wd="cálculos"/>
              <s.a func="cn" gen="m" num="p">
                <grup.a gen="m" num="p">
                  <a gen="m" lem="ilusorio" num="p" pos="aq0mp0" postype="qualificative" wd="ilusorios"/>
                </grup.a>
              </s.a>
            </grup.nom>
          </sn>
        </sp>
      </S>
    </S>
    <S arg="argM" clausetype="adverbial" func="cc" tem="tmp">
      <f lem="," pos="fc" punct="comma" wd=","/>
      <conj conjunctiontype="subordinating">
        <c lem="cuando" pos="cs" postype="subordinating" wd="cuando"/>
      </conj>
      <sn arg="arg0" elliptic="yes" func="suj" tem="agt"/>
      <sadv func="mod">
        <grup.adv>
          <r lem="apenas" pos="rg" wd="apenas"/>
        </grup.adv>
      </sadv>
      <grup.verb>
        <v lem="empezar" mood="indicative" num="s" person="3" pos="vmii3s0" postype="main" tense="imperfect" wd="empezaba"/>
        <s lem="a" pos="sps00" postype="preposition" wd="a"/>
        <infinitiu>
          <v lem="vislumbrar" lss="A21.transitive-agentive-patient" mood="infinitive" pos="vmn0000" postype="main" wd="vislumbrar"/>
        </infinitiu>
      </grup.verb>
      <sn arg="arg1" func="cd" tem="pat">
        <spec gen="m" num="s">
          <d gen="m" lem="el" num="s" pos="da0ms0" postype="article" wd="el"/>
        </spec>
        <grup.nom gen="m" num="s">
          <n gen="m" lem="horizonte" num="s" pos="ncms000" postype="common" sense="16:06330606" wd="horizonte"/>
          <sp>
            <prep>
              <s lem="de" pos="sps00" postype="preposition" wd="de"/>
            </prep>
            <sn>
              <spec gen="m" num="s">
                <d gen="m" lem="uno" num="s" pos="di0ms0" postype="indefinite" wd="un"/>
              </spec>
              <grup.nom gen="m" num="s">
                <n gen="m" lem="mundo" num="s" pos="ncms000" postype="common" sense="16:04476879" wd="mundo"/>
                <S clausetype="relative">
                  <sp arg="argM" func="cc" tem="loc">
                    <prep>
                      <s lem="en" pos="sps00" postype="preposition" wd="en"/>
                    </prep>
                    <sn>
                      <spec gen="m" num="s">
                        <d gen="m" lem="el" num="s" pos="da0ms0" postype="article" wd="el"/>
                      </spec>
                      <relatiu>
                        <p gen="c" lem="que" num="c" pos="pr0cn000" postype="relative" wd="que"/>
                      </relatiu>
                    </sn>
                  </sp>
                  <sn arg="arg1" func="suj" tem="tem">
                    <grup.nom gen="m" num="s">
                      <p gen="m" lem="todo" num="s" pos="pi0ms000" postype="indefinite" wd="todo"/>
                    </grup.nom>
                  </sn>
                  <grup.verb>
                    <v lem="estar" lss="C21.state-attributive" mood="indicative" num="s" person="3" pos="vmii3s0" postype="main" tense="imperfect" wd="estaba"/>
                  </grup.verb>
                  <S arg="arg2" clausetype="participle" func="atr" impersonal="yes" tem="atr">
                    <participi>
                      <a gen="m" lem="previsto" num="s" pos="aq0msp" posfunction="participle" postype="qualificative" wd="previsto"/>
                    </participi>
                  </S>
                  <sp arg="argM" func="cc" tem="adv">
                    <f lem="," pos="fc" punct="comma" wd=","/>
                    <prep>
                      <s lem="menos" pos="sps00" postype="preposition" wd="menos"/>
                    </prep>
                    <sn>
                      <spec gen="f" num="s">
                        <d gen="f" lem="el" num="s" pos="da0fs0" postype="article" wd="la"/>
                      </spec>
                      <grup.nom gen="f" num="s">
                        <n gen="f" lem="adversidad" num="s" pos="ncfs000" postype="common" sense="16:10364349" wd="adversidad"/>
                      </grup.nom>
                    </sn>
                  </sp>
                </S>
              </grup.nom>
            </sn>
          </sp>
        </grup.nom>
      </sn>
    </S>
    <f lem="." pos="fp" punct="period" wd="."/>
  </sentence>
  <sentence coord="yes">
    <S>
      <S arg="arg1" clausetype="completive" func="suj" impersonal="yes" tem="tem">
        <infinitiu>
          <v lem="ser" lss="C21.state-attributive" mood="infinitive" pos="vsn0000" postype="semiauxiliary" wd="Ser"/>
        </infinitiu>
        <sa arg="arg2" func="atr" tem="atr">
          <grup.a>
            <a gen="m" lem="rico" num="s" pos="aq0ms0" postype="qualificative" wd="rico"/>
          </grup.a>
        </sa>
        <sp arg="argM" func="cc" tem="tmp">
          <prep>
            <s lem="en" pos="sps00" postype="preposition" wd="en"/>
          </prep>
          <sn>
            <spec gen="m" num="s">
              <d gen="m" lem="aquel" num="s" pos="dd0ms0" postype="demonstrative" wd="aquel"/>
            </spec>
            <grup.nom gen="m" num="s">
              <n gen="m" lem="tiempo" num="s" pos="ncms000" postype="common" sense="16:10850147" wd="tiempo"/>
            </grup.nom>
          </sn>
        </sp>
      </S>
      <grup.verb>
        <v lem="tener" lss="C21.state-attributive" mood="indicative" num="s" person="3" pos="vmii3s0" postype="main" tense="imperfect" wd="tenía"/>
      </grup.verb>
      <sn arg="arg2" coord="yes" func="cd" functype="quantitative" tem="atr">
        <sn>
          <spec gen="f" num="p">
            <d gen="f" lem="mucho" num="p" pos="di0fp0" postype="indefinite" wd="muchas"/>
          </spec>
          <grup.nom gen="f" num="p">
            <n gen="f" lem="ventaja" lexicalid="noun.ventaja.1.default" num="p" origin="deverbal" pos="ncfp000" postype="common" sense="16:03711689" wd="ventajas"/>
          </grup.nom>
          <f lem="," pos="fc" punct="comma" wd=","/>
        </sn>
        <conj conjunctiontype="coordinating">
          <c lem="y" pos="cc" postype="coordinating" wd="y"/>
        </conj>
        <sn>
          <sadv>
            <grup.adv>
              <r lem="también" pos="rg" wd="también"/>
            </grup.adv>
          </sadv>
          <sn>
            <spec gen="f" num="p">
              <d gen="f" lem="mucho" num="p" pos="di0fp0" postype="indefinite" wd="muchas"/>
            </spec>
            <grup.nom gen="f" num="p">
              <n gen="f" lem="desventaja" lexicalid="noun.desventaja.1.default" num="p" origin="deverbal" pos="ncfp000" postype="common" sense="16:04021143" wd="desventajas"/>
            </grup.nom>
          </sn>
          <sadv>
            <f lem="," pos="fc" punct="comma" wd=","/>
            <grup.adv>
              <r lem="por_supuesto" pos="rg" wd="por_supuesto"/>
            </grup.adv>
            <f lem="," pos="fc" punct="comma" wd=","/>
          </sadv>
        </sn>
      </sn>
    </S>
    <conj conjunctiontype="coordinating">
      <c lem="pero" pos="cc" postype="coordinating" wd="pero"/>
    </conj>
    <S>
      <sn arg="arg0" func="suj" tem="agt">
        <spec gen="m" num="s">
          <d gen="m" lem="medio" num="s" pos="dn0ms0" postype="numeral" wd="medio"/>
        </spec>
        <grup.nom gen="m" num="s">
          <n gen="m" lem="mundo" num="s" pos="ncms000" postype="common" sense="16:05957670" wd="mundo"/>
        </grup.nom>
      </sn>
      <sn arg="arg1" func="cd" tem="pat">
        <grup.nom gen="m" num="s">
          <p case="accusative" gen="m" lem="él" num="s" person="3" pos="pp3msa00" postype="personal" wd="lo"/>
        </grup.nom>
      </sn>
      <grup.verb>
        <v lem="anhelar" lss="A21.transitive-agentive-patient" mood="indicative" num="s" person="3" pos="vmii3s0" postype="main" tense="imperfect" wd="anhelaba"/>
      </grup.verb>
      <sp arg="argM" func="cc" tem="adv">
        <prep>
          <c lem="como" pos="cs" postype="subordinating" wd="como"/>
        </prep>
        <sn>
          <spec gen="f" num="s">
            <d gen="f" lem="el" num="s" pos="da0fs0" postype="article" wd="la"/>
          </spec>
          <grup.nom gen="f" num="s">
            <n gen="f" lem="posibilidad" num="s" pos="ncfs000" postype="common" sense="16:10388744" wd="posibilidad"/>
            <s.a gen="f" num="s">
              <spec>
                <r lem="más" pos="rg" wd="más"/>
              </spec>
              <grup.a gen="f" num="s">
                <a gen="c" lem="probable" num="s" pos="aq0cs0" postype="qualificative" wd="probable"/>
              </grup.a>
            </s.a>
            <sp>
              <prep>
                <s lem="de" pos="sps00" postype="preposition" wd="de"/>
              </prep>
              <S clausetype="completive" impersonal="yes">
                <infinitiu>
                  <v lem="ser" lss="C21.state-attributive" mood="infinitive" pos="vsn0000" postype="semiauxiliary" wd="ser"/>
                </infinitiu>
                <sa arg="arg2" func="atr" tem="atr">
                  <grup.a>
                    <a gen="m" lem="eterno" num="s" pos="aq0ms0" postype="qualificative" wd="eterno"/>
                  </grup.a>
                </sa>
              </S>
            </sp>
          </grup.nom>
        </sn>
      </sp>
    </S>
    <f lem="." pos="fp" punct="period" wd="."/>
  </sentence>
  <sentence>
    <sn arg="arg0" entityref="ne" func="suj" ne="person" tem="cau">
      <grup.nom gen="f" num="s">
        <n lem="Fermina_Daza" ne="person" pos="np0000p" postype="proper" sense="16:cs1" wd="Fermina_Daza"/>
      </grup.nom>
    </sn>
    <grup.verb>
      <v lem="haber" mood="indicative" num="s" person="3" pos="vaii3s0" postype="auxiliary" tense="imperfect" wd="había"/>
      <v gen="m" lem="rechazar" lss="A11.transitive-causative" mood="participle" num="s" pos="vmp00sm" postype="main" wd="rechazado"/>
    </grup.verb>
    <sp arg="arg1" func="cd" tem="tem">
      <prep>
        <s lem="a" pos="sps00" postype="preposition" wd="a"/>
      </prep>
      <sn entityref="ne" ne="person">
        <grup.nom gen="m" num="s">
          <n lem="Florentino_Ariza" ne="person" pos="np0000p" postype="proper" sense="16:cs1" wd="Florentino_Ariza"/>
        </grup.nom>
      </sn>
    </sp>
    <sp arg="argM" func="cc" tem="cau">
      <prep>
        <s lem="en" pos="sps00" postype="preposition" wd="en"/>
      </prep>
      <sn>
        <spec gen="m" num="s">
          <d gen="m" lem="uno" num="s" pos="di0ms0" postype="indefinite" wd="un"/>
        </spec>
        <grup.nom gen="m" num="s">
          <n gen="m" lem="destello" lexicalid="noun.destello.1.default" num="s" origin="deverbal" pos="ncms000" postype="common" sense="16:05516944" wd="destello"/>
          <sp arg="arg0" func="cn" tem="src">
            <prep>
              <s lem="de" pos="sps00" postype="preposition" wd="de"/>
            </prep>
            <sn>
              <grup.nom gen="f" num="s">
                <n gen="f" lem="madurez" num="s" pos="ncfs000" postype="common" sense="16:10874257" wd="madurez"/>
              </grup.nom>
            </sn>
          </sp>
          <S clausetype="relative" func="cn">
            <relatiu arg="arg1" func="cd" tem="pat">
              <p gen="c" lem="que" num="c" pos="pr0cn000" postype="relative" wd="que"/>
            </relatiu>
            <sn arg="arg0" elliptic="yes" func="suj" tem="agt"/>
            <grup.verb>
              <v lem="pagar" lss="A32.ditransitive-patient-benefactive" mood="indicative" num="s" person="3" pos="vmis3s0" postype="main" tense="past" wd="pagó"/>
            </grup.verb>
            <sadv arg="argM" func="cc" tem="tmp">
              <grup.adv>
                <r lem="de_inmediato" pos="rg" wd="de_inmediato"/>
              </grup.adv>
            </sadv>
            <sp arg="argM" func="cc" tem="adv">
              <prep>
                <s lem="con" pos="sps00" postype="preposition" wd="con"/>
              </prep>
              <sn>
                <grup.nom gen="f" num="s">
                  <p gen="f" lem="uno" num="s" pos="pi0fs000" postype="indefinite" wd="una"/>
                </grup.nom>
              </sn>
            </sp>
            <sp arg="argM" func="cc" tem="adv">
              <prep>
                <s lem="por" pos="sps00" postype="preposition" wd="por"/>
              </prep>
              <sn>
                <grup.nom gen="f" num="s">
                  <s.a gen="f" num="s">
                    <grup.a gen="f" num="s">
                      <a gen="f" lem="segundo" num="s" pos="ao0fs0" postype="ordinal" wd="segunda"/>
                    </grup.a>
                  </s.a>
                  <n gen="f" lem="vez" num="s" pos="ncfs000" postype="common" sense="16:05449233" wd="vez"/>
                </grup.nom>
              </sn>
            </sp>
            <sp arg="argM" func="cc" tem="fin">
              <prep>
                <s lem="para" pos="sps00" postype="preposition" wd="para"/>
              </prep>
              <sn>
                <spec gen="f" num="s">
                  <d gen="f" lem="uno" num="s" pos="di0fs0" postype="indefinite" wd="una"/>
                </spec>
                <grup.nom gen="f" num="s">
                  <n gen="f" lem="visita" lexicalid="noun.visita.1.default" num="s" origin="deverbal" pos="ncfs000" postype="common" sense="16:00266352" wd="visita"/>
                  <s.a arg="arg0" func="cn" gen="f" num="s" tem="agt">
                    <grup.a gen="f" num="s">
                      <a gen="f" lem="médico" num="s" pos="aq0fs0" postype="qualificative" wd="médica"/>
                    </grup.a>
                  </s.a>
                  <S clausetype="participle" func="cn" impersonal="yes">
                    <neg func="mod">
                      <r lem="no" pos="rn" postype="negative" wd="no"/>
                    </neg>
                    <participi>
                      <a gen="f" lem="solicitado" lss="B12.unaccusative-passive-ditransitive" num="s" pos="aq0fsp" posfunction="participle" postype="qualificative" wd="solicitada"/>
                    </participi>
                  </S>
                </grup.nom>
              </sn>
            </sp>
          </S>
        </grup.nom>
      </sn>
    </sp>
    <f lem="." pos="fp" punct="period" wd="."/>
  </sentence>
  <sentence>
    <sn arg="arg0" func="suj" tem="agt">
      <spec gen="f" num="p">
        <d gen="f" lem="el" num="p" pos="da0fp0" postype="article" wd="Las"/>
      </spec>
      <grup.nom gen="f" num="p">
        <n gen="f" lem="conversación" lexicalid="noun.conversación.1.default" num="p" origin="deverbal" pos="ncfp000" postype="common" sense="16:05339187" wd="conversaciones"/>
        <sp arg="arg1" func="cn" tem="tem">
          <prep>
            <s lem="con" pos="sps00" postype="preposition" wd="con"/>
          </prep>
          <sn entityref="ne" ne="person">
            <spec gen="f" num="s">
              <d gen="f" lem="el" num="s" pos="da0fs0" postype="article" wd="la"/>
            </spec>
            <grup.nom gen="f" num="s">
              <n gen="f" lem="prima" num="s" pos="ncfs000" postype="common" sense="16:cs1" wd="prima"/>
              <sn entityref="ne" ne="person">
                <grup.nom gen="f" num="s">
                  <n lem="Hildebranda" ne="person" pos="np0000p" postype="proper" sense="16:cs1" wd="Hildebranda"/>
                </grup.nom>
              </sn>
            </grup.nom>
          </sn>
        </sp>
      </grup.nom>
    </sn>
    <grup.verb>
      <v lem="acabar" mood="indicative" num="p" person="3" pos="vmis3p0" postype="main" tense="past" wd="acabaron"/>
      <s lem="de" pos="sps00" postype="preposition" wd="de"/>
      <infinitiu>
        <v lem="confundir" lss="A34.ditransitive-patient-theme" mood="infinitive" pos="vmn0000" postype="main" wd="confundirla"/>
      </infinitiu>
    </grup.verb>
    <f lem="." pos="fp" punct="period" wd="."/>
  </sentence>
</article>
